max wall time = 8640000
/home/csoriano/memoria/Tuning/ExampleParamILS_/All.params
2 parameters in total
0 parameters are conditional.
0 parameter combinations are forbidden.
num_params = 2, num_combos=20
seed: 2468
Run 2
Level 
========================================================
Starting ILS for level 1, i.e. a limit of N=2000, and cutoff time=1000000000.0.
Current CPU time = 0, this run goes until 100000000.0 
========================================================
New Incumbent: 0, 100000000 [0, 0]. With state pc=0.95, pm=0.1
getAlgoResultsForInstsAndParams.
  Trial 1 for calling: bash NSGA2.sh instance_param3.dat "" 1000000000.0000001 2147483647 76593332 -pc 0.95 -pm 0.1 > /tmp/tmp-2026-07-1221:39:27-0.6962723731994629
Executing cmd: bash NSGA2.sh instance_param3.dat "" 1000000000.0000001 2147483647 76593332 -pc 0.95 -pm 0.1 > /tmp/tmp-2026-07-1221:39:27-0.6962723731994629
Result: instance_param3.dat, 0, -705.56, 0, 76593332
 Same incumbent, new precision:
New Incumbent: 0.1, -705.0 [1, 1000000000.0]. With state pc=0.95, pm=0.1
now 2026-07-12 21:39:28 -0400; start 2026-07-12 21:39:27 -0400; time-start 0.091401299; maxWall 8640000.0
getAlgoResultsForInstsAndParams.
  Trial 1 for calling: bash NSGA2.sh instance_param3.dat "" 1000000000.0000001 2147483647 76593332 -pc 0.6 -pm 0.05 > /tmp/tmp-2026-07-1221:39:28-0.4898834228515625
Executing cmd: bash NSGA2.sh instance_param3.dat "" 1000000000.0000001 2147483647 76593332 -pc 0.6 -pm 0.05 > /tmp/tmp-2026-07-1221:39:28-0.4898834228515625
Result: instance_param3.dat, 0, -705.56, 0, 76593332
          -> Take improving step to random pc=0.6 pm=0.05 (-705.0 [based on 1 runs with cutoff 1000000000.0])

now 2026-07-12 21:39:28 -0400; start 2026-07-12 21:39:27 -0400; time-start 0.181813992; maxWall 8640000.0
getAlgoResultsForInstsAndParams.
  Trial 1 for calling: bash NSGA2.sh instance_param3.dat "" 1000000000.0000001 2147483647 76593332 -pc 0.95 -pm 0.5 > /tmp/tmp-2026-07-1221:39:28-0.7333946228027344
Executing cmd: bash NSGA2.sh instance_param3.dat "" 1000000000.0000001 2147483647 76593332 -pc 0.95 -pm 0.5 > /tmp/tmp-2026-07-1221:39:28-0.7333946228027344
Result: instance_param3.dat, 0, -705.56, 0, 76593332
          -> Take improving step to random pc=0.95 pm=0.5 (-705.0 [based on 1 runs with cutoff 1000000000.0])

now 2026-07-12 21:39:28 -0400; start 2026-07-12 21:39:27 -0400; time-start 0.271406726; maxWall 8640000.0
getAlgoResultsForInstsAndParams.
  Trial 1 for calling: bash NSGA2.sh instance_param3.dat "" 1000000000.0000001 2147483647 76593332 -pc 0.8 -pm 0.3 > /tmp/tmp-2026-07-1221:39:28-0.8510580062866211
Executing cmd: bash NSGA2.sh instance_param3.dat "" 1000000000.0000001 2147483647 76593332 -pc 0.8 -pm 0.3 > /tmp/tmp-2026-07-1221:39:28-0.8510580062866211
Result: instance_param3.dat, 0, -705.56, 0, 76593332
          -> Take improving step to random pc=0.8 pm=0.3 (-705.0 [based on 1 runs with cutoff 1000000000.0])

now 2026-07-12 21:39:28 -0400; start 2026-07-12 21:39:27 -0400; time-start 0.361172421; maxWall 8640000.0
getAlgoResultsForInstsAndParams.
  Trial 1 for calling: bash NSGA2.sh instance_param3.dat "" 1000000000.0000001 2147483647 76593332 -pc 0.95 -pm 0.05 > /tmp/tmp-2026-07-1221:39:28-0.024747371673583984
Executing cmd: bash NSGA2.sh instance_param3.dat "" 1000000000.0000001 2147483647 76593332 -pc 0.95 -pm 0.05 > /tmp/tmp-2026-07-1221:39:28-0.024747371673583984
Result: instance_param3.dat, 0, -705.56, 0, 76593332
          -> Take improving step to random pc=0.95 pm=0.05 (-705.0 [based on 1 runs with cutoff 1000000000.0])

now 2026-07-12 21:39:28 -0400; start 2026-07-12 21:39:27 -0400; time-start 0.451030108; maxWall 8640000.0
getAlgoResultsForInstsAndParams.
  Trial 1 for calling: bash NSGA2.sh instance_param3.dat "" 1000000000.0000001 2147483647 76593332 -pc 0.6 -pm 0.1 > /tmp/tmp-2026-07-1221:39:28-0.5604753494262695
Executing cmd: bash NSGA2.sh instance_param3.dat "" 1000000000.0000001 2147483647 76593332 -pc 0.6 -pm 0.1 > /tmp/tmp-2026-07-1221:39:28-0.5604753494262695
Result: instance_param3.dat, 0, -705.56, 0, 76593332
          -> Take improving step to random pc=0.6 pm=0.1 (-705.0 [based on 1 runs with cutoff 1000000000.0])

now 2026-07-12 21:39:28 -0400; start 2026-07-12 21:39:27 -0400; time-start 0.541036491; maxWall 8640000.0
getAlgoResultsForInstsAndParams.
  Trial 1 for calling: bash NSGA2.sh instance_param3.dat "" 1000000000.0000001 2147483647 76593332 -pc 0.25 -pm 0.05 > /tmp/tmp-2026-07-1221:39:28-0.032041072845458984
Executing cmd: bash NSGA2.sh instance_param3.dat "" 1000000000.0000001 2147483647 76593332 -pc 0.25 -pm 0.05 > /tmp/tmp-2026-07-1221:39:28-0.032041072845458984
Result: instance_param3.dat, 0, -705.56, 0, 76593332
          -> Take improving step to random pc=0.25 pm=0.05 (-705.0 [based on 1 runs with cutoff 1000000000.0])

now 2026-07-12 21:39:28 -0400; start 2026-07-12 21:39:27 -0400; time-start 0.630657045; maxWall 8640000.0
State wants more detail (1+1) than incumbent (1), doing incumbent first:
pc=0.25 pm=0.05 (-705.0 [based on 1 runs with cutoff 1000000000.0])
pc=0.95 pm=0.1 (-705.0 [based on 1 runs with cutoff 1000000000.0])
getAlgoResultsForInstsAndParams.
  Trial 1 for calling: bash NSGA2.sh instance_prob3.dat "" 1000000000.0000001 2147483647 2070231575 -pc 0.95 -pm 0.1 > /tmp/tmp-2026-07-1221:39:28-0.6064393520355225
Executing cmd: bash NSGA2.sh instance_prob3.dat "" 1000000000.0000001 2147483647 2070231575 -pc 0.95 -pm 0.1 > /tmp/tmp-2026-07-1221:39:28-0.6064393520355225
Result: instance_prob3.dat, 0, -577.71, 0, 2070231575
 Same incumbent, new precision:
New Incumbent: 0.7999999999999999, -641.0 [2, 1000000000.0]. With state pc=0.95, pm=0.1
getAlgoResultsForInstsAndParams.
  Trial 1 for calling: bash NSGA2.sh instance_prob3.dat "" 1000000000.0000001 2147483647 2070231575 -pc 0.25 -pm 0.05 > /tmp/tmp-2026-07-1221:44:57-0.5812911987304688
Executing cmd: bash NSGA2.sh instance_prob3.dat "" 1000000000.0000001 2147483647 2070231575 -pc 0.25 -pm 0.05 > /tmp/tmp-2026-07-1221:44:57-0.5812911987304688
Result: instance_prob3.dat, 0, -577.71, 0, 2070231575
getAlgoResultsForInstsAndParams.
  Trial 1 for calling: bash NSGA2.sh instance_prob3.dat "" 1000000000.0000001 2147483647 2070231575 -pc 0.95 -pm 0.05 > /tmp/tmp-2026-07-1221:49:22-0.15204334259033203
Executing cmd: bash NSGA2.sh instance_prob3.dat "" 1000000000.0000001 2147483647 2070231575 -pc 0.95 -pm 0.05 > /tmp/tmp-2026-07-1221:49:22-0.15204334259033203
Result: instance_prob3.dat, 0, -577.71, 0, 2070231575
          -> Take improving step to random pc=0.95 pm=0.05 (-641.0 [based on 2 runs with cutoff 1000000000.0])

now 2026-07-12 21:54:07 -0400; start 2026-07-12 21:39:27 -0400; time-start 879.295608411; maxWall 8640000.0
getAlgoResultsForInstsAndParams.
  Trial 1 for calling: bash NSGA2.sh instance_param3.dat "" 1000000000.0000001 2147483647 76593332 -pc 0.6 -pm 0.3 > /tmp/tmp-2026-07-1221:54:07-0.24219226837158203
Executing cmd: bash NSGA2.sh instance_param3.dat "" 1000000000.0000001 2147483647 76593332 -pc 0.6 -pm 0.3 > /tmp/tmp-2026-07-1221:54:07-0.24219226837158203
Result: instance_param3.dat, 0, -705.56, 0, 76593332
now 2026-07-12 21:54:07 -0400; start 2026-07-12 21:39:27 -0400; time-start 879.375712694; maxWall 8640000.0
getAlgoResultsForInstsAndParams.
  Trial 1 for calling: bash NSGA2.sh instance_prob3.dat "" 1000000000.0000001 2147483647 2070231575 -pc 0.6 -pm 0.3 > /tmp/tmp-2026-07-1221:54:07-0.723259449005127
Executing cmd: bash NSGA2.sh instance_prob3.dat "" 1000000000.0000001 2147483647 2070231575 -pc 0.6 -pm 0.3 > /tmp/tmp-2026-07-1221:54:07-0.723259449005127
Result: instance_prob3.dat, 0, -577.71, 0, 2070231575
          -> Take improving step to random pc=0.6 pm=0.3 (-641.0 [based on 2 runs with cutoff 1000000000.0])

now 2026-07-12 22:00:48 -0400; start 2026-07-12 21:39:27 -0400; time-start 1280.135507999; maxWall 8640000.0
getAlgoResultsForInstsAndParams.
  Trial 1 for calling: bash NSGA2.sh instance_param3.dat "" 1000000000.0000001 2147483647 76593332 -pc 0.8 -pm 0.1 > /tmp/tmp-2026-07-1222:00:48-0.20654678344726562
Executing cmd: bash NSGA2.sh instance_param3.dat "" 1000000000.0000001 2147483647 76593332 -pc 0.8 -pm 0.1 > /tmp/tmp-2026-07-1222:00:48-0.20654678344726562
Result: instance_param3.dat, 0, -705.56, 0, 76593332
now 2026-07-12 22:00:48 -0400; start 2026-07-12 21:39:27 -0400; time-start 1280.216843746; maxWall 8640000.0
getAlgoResultsForInstsAndParams.
  Trial 1 for calling: bash NSGA2.sh instance_prob3.dat "" 1000000000.0000001 2147483647 2070231575 -pc 0.8 -pm 0.1 > /tmp/tmp-2026-07-1222:00:48-0.2902984619140625
Executing cmd: bash NSGA2.sh instance_prob3.dat "" 1000000000.0000001 2147483647 2070231575 -pc 0.8 -pm 0.1 > /tmp/tmp-2026-07-1222:00:48-0.2902984619140625
Result: instance_prob3.dat, 0, -577.71, 0, 2070231575
          -> Take improving step to random pc=0.8 pm=0.1 (-641.0 [based on 2 runs with cutoff 1000000000.0])

now 2026-07-12 22:06:01 -0400; start 2026-07-12 21:39:27 -0400; time-start 1593.279488598; maxWall 8640000.0
getAlgoResultsForInstsAndParams.
  Trial 1 for calling: bash NSGA2.sh instance_param3.dat "" 1000000000.0000001 2147483647 76593332 -pc 0.6 -pm 0.5 > /tmp/tmp-2026-07-1222:06:01-0.7583761215209961
Executing cmd: bash NSGA2.sh instance_param3.dat "" 1000000000.0000001 2147483647 76593332 -pc 0.6 -pm 0.5 > /tmp/tmp-2026-07-1222:06:01-0.7583761215209961
Result: instance_param3.dat, 0, -705.56, 0, 76593332
now 2026-07-12 22:06:01 -0400; start 2026-07-12 21:39:27 -0400; time-start 1593.36209633; maxWall 8640000.0
getAlgoResultsForInstsAndParams.
  Trial 1 for calling: bash NSGA2.sh instance_prob3.dat "" 1000000000.0000001 2147483647 2070231575 -pc 0.6 -pm 0.5 > /tmp/tmp-2026-07-1222:06:01-0.2608003616333008
Executing cmd: bash NSGA2.sh instance_prob3.dat "" 1000000000.0000001 2147483647 2070231575 -pc 0.6 -pm 0.5 > /tmp/tmp-2026-07-1222:06:01-0.2608003616333008
Result: instance_prob3.dat, 0, -577.71, 0, 2070231575
          -> Take improving step to random pc=0.6 pm=0.5 (-641.0 [based on 2 runs with cutoff 1000000000.0])

   BLS in iteration 1, start with pc=0.6 pm=0.5 (-641.0 [based on 2 runs with cutoff 1000000000.0])
now 2026-07-12 22:17:42 -0400; start 2026-07-12 21:39:27 -0400; time-start 2294.498743472; maxWall 8640000.0
now 2026-07-12 22:17:42 -0400; start 2026-07-12 21:39:27 -0400; time-start 2294.498829601; maxWall 8640000.0
    Changing ["pc: 0.6->0.5"], evaluating ...
getAlgoResultsForInstsAndParams.
  Trial 1 for calling: bash NSGA2.sh instance_param3.dat "" 1000000000.0000001 2147483647 76593332 -pc 0.5 -pm 0.5 > /tmp/tmp-2026-07-1222:17:42-0.896949291229248
Executing cmd: bash NSGA2.sh instance_param3.dat "" 1000000000.0000001 2147483647 76593332 -pc 0.5 -pm 0.5 > /tmp/tmp-2026-07-1222:17:42-0.896949291229248
Result: instance_param3.dat, 0, -705.56, 0, 76593332
now 2026-07-12 22:17:42 -0400; start 2026-07-12 21:39:27 -0400; time-start 2294.580963783; maxWall 8640000.0
getAlgoResultsForInstsAndParams.
  Trial 1 for calling: bash NSGA2.sh instance_prob3.dat "" 1000000000.0000001 2147483647 2070231575 -pc 0.5 -pm 0.5 > /tmp/tmp-2026-07-1222:17:42-0.09529542922973633
Executing cmd: bash NSGA2.sh instance_prob3.dat "" 1000000000.0000001 2147483647 2070231575 -pc 0.5 -pm 0.5 > /tmp/tmp-2026-07-1222:17:42-0.09529542922973633
Result: instance_prob3.dat, 0, -577.71, 0, 2070231575
          -> Take improving step to neighbour pc=0.5 pm=0.5 (-641.0 [based on 2 runs with cutoff 1000000000.0]) with flip 1

          
============= Performing 1 bonus runs of state: pc=0.5 pm=0.5 (-641.0 [based on 2 runs with cutoff 1000000000.0]) ============ 

now 2026-07-12 22:28:00 -0400; start 2026-07-12 21:39:27 -0400; time-start 2912.778731678; maxWall 8640000.0
State wants more detail (2+1) than incumbent (2), doing incumbent first:
pc=0.5 pm=0.5 (-641.0 [based on 2 runs with cutoff 1000000000.0])
pc=0.95 pm=0.1 (-641.0 [based on 2 runs with cutoff 1000000000.0])
getAlgoResultsForInstsAndParams.
  Trial 1 for calling: bash NSGA2.sh instance_prob2.dat "" 1000000000.0000001 2147483647 678174566 -pc 0.95 -pm 0.1 > /tmp/tmp-2026-07-1222:28:00-0.07217121124267578
Executing cmd: bash NSGA2.sh instance_prob2.dat "" 1000000000.0000001 2147483647 678174566 -pc 0.95 -pm 0.1 > /tmp/tmp-2026-07-1222:28:00-0.07217121124267578
Result: instance_prob2.dat, 0, -695.75, 0, 678174566
 Same incumbent, new precision:
New Incumbent: 1.9000000000000006, -659.0 [3, 1000000000.0]. With state pc=0.95, pm=0.1
getAlgoResultsForInstsAndParams.
  Trial 1 for calling: bash NSGA2.sh instance_prob2.dat "" 1000000000.0000001 2147483647 678174566 -pc 0.5 -pm 0.5 > /tmp/tmp-2026-07-1222:32:19-0.9920954704284668
Executing cmd: bash NSGA2.sh instance_prob2.dat "" 1000000000.0000001 2147483647 678174566 -pc 0.5 -pm 0.5 > /tmp/tmp-2026-07-1222:32:19-0.9920954704284668
Result: instance_prob2.dat, 0, -695.75, 0, 678174566
          -> After 1 bonus runs: pc=0.5 pm=0.5 (-659.0 [based on 3 runs with cutoff 1000000000.0])

now 2026-07-12 22:42:49 -0400; start 2026-07-12 21:39:27 -0400; time-start 3802.011748964; maxWall 8640000.0
now 2026-07-12 22:42:49 -0400; start 2026-07-12 21:39:27 -0400; time-start 3802.011822048; maxWall 8640000.0
    Changing ["pm: 0.5->0.3"], evaluating ...
getAlgoResultsForInstsAndParams.
  Trial 1 for calling: bash NSGA2.sh instance_param3.dat "" 1000000000.0000001 2147483647 76593332 -pc 0.5 -pm 0.3 > /tmp/tmp-2026-07-1222:42:49-0.14246463775634766
Executing cmd: bash NSGA2.sh instance_param3.dat "" 1000000000.0000001 2147483647 76593332 -pc 0.5 -pm 0.3 > /tmp/tmp-2026-07-1222:42:49-0.14246463775634766
Result: instance_param3.dat, 0, -705.56, 0, 76593332
now 2026-07-12 22:42:50 -0400; start 2026-07-12 21:39:27 -0400; time-start 3802.096733892; maxWall 8640000.0
getAlgoResultsForInstsAndParams.
  Trial 1 for calling: bash NSGA2.sh instance_prob3.dat "" 1000000000.0000001 2147483647 2070231575 -pc 0.5 -pm 0.3 > /tmp/tmp-2026-07-1222:42:50-0.4040374755859375
Executing cmd: bash NSGA2.sh instance_prob3.dat "" 1000000000.0000001 2147483647 2070231575 -pc 0.5 -pm 0.3 > /tmp/tmp-2026-07-1222:42:50-0.4040374755859375
Result: instance_prob3.dat, 0, -577.71, 0, 2070231575
now 2026-07-12 22:51:44 -0400; start 2026-07-12 21:39:27 -0400; time-start 4336.606141898; maxWall 8640000.0
getAlgoResultsForInstsAndParams.
  Trial 1 for calling: bash NSGA2.sh instance_prob2.dat "" 1000000000.0000001 2147483647 678174566 -pc 0.5 -pm 0.3 > /tmp/tmp-2026-07-1222:51:44-0.29902219772338867
Executing cmd: bash NSGA2.sh instance_prob2.dat "" 1000000000.0000001 2147483647 678174566 -pc 0.5 -pm 0.3 > /tmp/tmp-2026-07-1222:51:44-0.29902219772338867
Result: instance_prob2.dat, 0, -695.75, 0, 678174566
          -> Take improving step to neighbour pc=0.5 pm=0.3 (-659.0 [based on 3 runs with cutoff 1000000000.0]) with flip 2

          
============= Performing 1 bonus runs of state: pc=0.5 pm=0.3 (-659.0 [based on 3 runs with cutoff 1000000000.0]) ============ 

now 2026-07-12 22:58:33 -0400; start 2026-07-12 21:39:27 -0400; time-start 4746.064333489; maxWall 8640000.0
State wants more detail (3+1) than incumbent (3), doing incumbent first:
pc=0.5 pm=0.3 (-659.0 [based on 3 runs with cutoff 1000000000.0])
pc=0.95 pm=0.1 (-659.0 [based on 3 runs with cutoff 1000000000.0])
getAlgoResultsForInstsAndParams.
  Trial 1 for calling: bash NSGA2.sh instance_param1.dat "" 1000000000.0000001 2147483647 1180947612 -pc 0.95 -pm 0.1 > /tmp/tmp-2026-07-1222:58:33-0.4990948438644409
Executing cmd: bash NSGA2.sh instance_param1.dat "" 1000000000.0000001 2147483647 1180947612 -pc 0.95 -pm 0.1 > /tmp/tmp-2026-07-1222:58:33-0.4990948438644409
Result: instance_param1.dat, 0, -920.07, 0, 1180947612
 Same incumbent, new precision:
New Incumbent: 2.400000000000001, -724.25 [4, 1000000000.0]. With state pc=0.95, pm=0.1
getAlgoResultsForInstsAndParams.
  Trial 1 for calling: bash NSGA2.sh instance_param1.dat "" 1000000000.0000001 2147483647 1180947612 -pc 0.5 -pm 0.3 > /tmp/tmp-2026-07-1222:58:34-0.2525920867919922
Executing cmd: bash NSGA2.sh instance_param1.dat "" 1000000000.0000001 2147483647 1180947612 -pc 0.5 -pm 0.3 > /tmp/tmp-2026-07-1222:58:34-0.2525920867919922
Result: instance_param1.dat, 0, -920.07, 0, 1180947612
          -> After 1 bonus runs: pc=0.5 pm=0.3 (-724.25 [based on 4 runs with cutoff 1000000000.0])

now 2026-07-12 22:58:34 -0400; start 2026-07-12 21:39:27 -0400; time-start 4746.235847313; maxWall 8640000.0
now 2026-07-12 22:58:34 -0400; start 2026-07-12 21:39:27 -0400; time-start 4746.235920615; maxWall 8640000.0
    Changing ["pm: 0.3->0.05"], evaluating ...
getAlgoResultsForInstsAndParams.
  Trial 1 for calling: bash NSGA2.sh instance_param3.dat "" 1000000000.0000001 2147483647 76593332 -pc 0.5 -pm 0.05 > /tmp/tmp-2026-07-1222:58:34-0.5807981491088867
Executing cmd: bash NSGA2.sh instance_param3.dat "" 1000000000.0000001 2147483647 76593332 -pc 0.5 -pm 0.05 > /tmp/tmp-2026-07-1222:58:34-0.5807981491088867
Result: instance_param3.dat, 0, -705.56, 0, 76593332
now 2026-07-12 22:58:34 -0400; start 2026-07-12 21:39:27 -0400; time-start 4746.322020394; maxWall 8640000.0
getAlgoResultsForInstsAndParams.
  Trial 1 for calling: bash NSGA2.sh instance_prob3.dat "" 1000000000.0000001 2147483647 2070231575 -pc 0.5 -pm 0.05 > /tmp/tmp-2026-07-1222:58:34-0.8770217895507812
Executing cmd: bash NSGA2.sh instance_prob3.dat "" 1000000000.0000001 2147483647 2070231575 -pc 0.5 -pm 0.05 > /tmp/tmp-2026-07-1222:58:34-0.8770217895507812
Result: instance_prob3.dat, 0, -577.71, 0, 2070231575
now 2026-07-12 23:03:19 -0400; start 2026-07-12 21:39:27 -0400; time-start 5031.320323375; maxWall 8640000.0
getAlgoResultsForInstsAndParams.
  Trial 1 for calling: bash NSGA2.sh instance_prob2.dat "" 1000000000.0000001 2147483647 678174566 -pc 0.5 -pm 0.05 > /tmp/tmp-2026-07-1223:03:19-0.7823896408081055
Executing cmd: bash NSGA2.sh instance_prob2.dat "" 1000000000.0000001 2147483647 678174566 -pc 0.5 -pm 0.05 > /tmp/tmp-2026-07-1223:03:19-0.7823896408081055
Result: instance_prob2.dat, 0, -695.75, 0, 678174566
now 2026-07-12 23:06:33 -0400; start 2026-07-12 21:39:27 -0400; time-start 5225.763427664; maxWall 8640000.0
getAlgoResultsForInstsAndParams.
  Trial 1 for calling: bash NSGA2.sh instance_param1.dat "" 1000000000.0000001 2147483647 1180947612 -pc 0.5 -pm 0.05 > /tmp/tmp-2026-07-1223:06:33-0.7202091217041016
Executing cmd: bash NSGA2.sh instance_param1.dat "" 1000000000.0000001 2147483647 1180947612 -pc 0.5 -pm 0.05 > /tmp/tmp-2026-07-1223:06:33-0.7202091217041016
Result: instance_param1.dat, 0, -920.07, 0, 1180947612
          -> Take improving step to neighbour pc=0.5 pm=0.05 (-724.25 [based on 4 runs with cutoff 1000000000.0]) with flip 3

          
============= Performing 1 bonus runs of state: pc=0.5 pm=0.05 (-724.25 [based on 4 runs with cutoff 1000000000.0]) ============ 

now 2026-07-12 23:06:33 -0400; start 2026-07-12 21:39:27 -0400; time-start 5225.84481749; maxWall 8640000.0
State wants more detail (4+1) than incumbent (4), doing incumbent first:
pc=0.5 pm=0.05 (-724.25 [based on 4 runs with cutoff 1000000000.0])
pc=0.95 pm=0.1 (-724.25 [based on 4 runs with cutoff 1000000000.0])
getAlgoResultsForInstsAndParams.
  Trial 1 for calling: bash NSGA2.sh instance_prob4.dat "" 1000000000.0000001 2147483647 1841889657 -pc 0.95 -pm 0.1 > /tmp/tmp-2026-07-1223:06:33-0.8498516082763672
Executing cmd: bash NSGA2.sh instance_prob4.dat "" 1000000000.0000001 2147483647 1841889657 -pc 0.95 -pm 0.1 > /tmp/tmp-2026-07-1223:06:33-0.8498516082763672
Result: instance_prob4.dat, 0, -591.79, 0, 1841889657
 Same incumbent, new precision:
New Incumbent: 3.0000000000000013, -697.6 [5, 1000000000.0]. With state pc=0.95, pm=0.1
getAlgoResultsForInstsAndParams.
  Trial 1 for calling: bash NSGA2.sh instance_prob4.dat "" 1000000000.0000001 2147483647 1841889657 -pc 0.5 -pm 0.05 > /tmp/tmp-2026-07-1223:11:48-0.9106316566467285
Executing cmd: bash NSGA2.sh instance_prob4.dat "" 1000000000.0000001 2147483647 1841889657 -pc 0.5 -pm 0.05 > /tmp/tmp-2026-07-1223:11:48-0.9106316566467285
Result: instance_prob4.dat, 0, -591.79, 0, 1841889657
          -> After 1 bonus runs: pc=0.5 pm=0.05 (-697.6 [based on 5 runs with cutoff 1000000000.0])

now 2026-07-12 23:16:15 -0400; start 2026-07-12 21:39:27 -0400; time-start 5807.971914042; maxWall 8640000.0
now 2026-07-12 23:16:15 -0400; start 2026-07-12 21:39:27 -0400; time-start 5807.971983923; maxWall 8640000.0
now 2026-07-12 23:16:15 -0400; start 2026-07-12 21:39:27 -0400; time-start 5807.972044015; maxWall 8640000.0
    Changing ["pm: 0.05->0.1"], evaluating ...
getAlgoResultsForInstsAndParams.
  Trial 1 for calling: bash NSGA2.sh instance_param3.dat "" 1000000000.0000001 2147483647 76593332 -pc 0.5 -pm 0.1 > /tmp/tmp-2026-07-1223:16:15-0.4684274196624756
Executing cmd: bash NSGA2.sh instance_param3.dat "" 1000000000.0000001 2147483647 76593332 -pc 0.5 -pm 0.1 > /tmp/tmp-2026-07-1223:16:15-0.4684274196624756
Result: instance_param3.dat, 0, -705.56, 0, 76593332
now 2026-07-12 23:16:15 -0400; start 2026-07-12 21:39:27 -0400; time-start 5808.055952804; maxWall 8640000.0
getAlgoResultsForInstsAndParams.
  Trial 1 for calling: bash NSGA2.sh instance_prob3.dat "" 1000000000.0000001 2147483647 2070231575 -pc 0.5 -pm 0.1 > /tmp/tmp-2026-07-1223:16:15-0.7550652027130127
Executing cmd: bash NSGA2.sh instance_prob3.dat "" 1000000000.0000001 2147483647 2070231575 -pc 0.5 -pm 0.1 > /tmp/tmp-2026-07-1223:16:15-0.7550652027130127
Result: instance_prob3.dat, 0, -577.71, 0, 2070231575
now 2026-07-12 23:21:25 -0400; start 2026-07-12 21:39:27 -0400; time-start 6117.752158481; maxWall 8640000.0
getAlgoResultsForInstsAndParams.
  Trial 1 for calling: bash NSGA2.sh instance_prob2.dat "" 1000000000.0000001 2147483647 678174566 -pc 0.5 -pm 0.1 > /tmp/tmp-2026-07-1223:21:25-0.5683379173278809
Executing cmd: bash NSGA2.sh instance_prob2.dat "" 1000000000.0000001 2147483647 678174566 -pc 0.5 -pm 0.1 > /tmp/tmp-2026-07-1223:21:25-0.5683379173278809
Result: instance_prob2.dat, 0, -695.75, 0, 678174566
now 2026-07-12 23:25:33 -0400; start 2026-07-12 21:39:27 -0400; time-start 6365.220077139; maxWall 8640000.0
getAlgoResultsForInstsAndParams.
  Trial 1 for calling: bash NSGA2.sh instance_param1.dat "" 1000000000.0000001 2147483647 1180947612 -pc 0.5 -pm 0.1 > /tmp/tmp-2026-07-1223:25:33-0.2516641616821289
Executing cmd: bash NSGA2.sh instance_param1.dat "" 1000000000.0000001 2147483647 1180947612 -pc 0.5 -pm 0.1 > /tmp/tmp-2026-07-1223:25:33-0.2516641616821289
Result: instance_param1.dat, 0, -920.07, 0, 1180947612
now 2026-07-12 23:25:33 -0400; start 2026-07-12 21:39:27 -0400; time-start 6365.297852685; maxWall 8640000.0
getAlgoResultsForInstsAndParams.
  Trial 1 for calling: bash NSGA2.sh instance_prob4.dat "" 1000000000.0000001 2147483647 1841889657 -pc 0.5 -pm 0.1 > /tmp/tmp-2026-07-1223:25:33-0.12529373168945312
Executing cmd: bash NSGA2.sh instance_prob4.dat "" 1000000000.0000001 2147483647 1841889657 -pc 0.5 -pm 0.1 > /tmp/tmp-2026-07-1223:25:33-0.12529373168945312
Result: instance_prob4.dat, 0, -591.79, 0, 1841889657
          -> Take improving step to neighbour pc=0.5 pm=0.1 (-697.6 [based on 5 runs with cutoff 1000000000.0]) with flip 4

          
============= Performing 1 bonus runs of state: pc=0.5 pm=0.1 (-697.6 [based on 5 runs with cutoff 1000000000.0]) ============ 

now 2026-07-12 23:30:36 -0400; start 2026-07-12 21:39:27 -0400; time-start 6668.912244257; maxWall 8640000.0
State wants more detail (5+1) than incumbent (5), doing incumbent first:
pc=0.5 pm=0.1 (-697.6 [based on 5 runs with cutoff 1000000000.0])
pc=0.95 pm=0.1 (-697.6 [based on 5 runs with cutoff 1000000000.0])
getAlgoResultsForInstsAndParams.
  Trial 1 for calling: bash NSGA2.sh instance_param2.dat "" 1000000000.0000001 2147483647 1561765848 -pc 0.95 -pm 0.1 > /tmp/tmp-2026-07-1223:30:36-0.3771181106567383
Executing cmd: bash NSGA2.sh instance_param2.dat "" 1000000000.0000001 2147483647 1561765848 -pc 0.95 -pm 0.1 > /tmp/tmp-2026-07-1223:30:36-0.3771181106567383
Result: instance_param2.dat, 0, -717.59, 0, 1561765848
 Same incumbent, new precision:
New Incumbent: 3.700000000000002, -700.8333333333334 [6, 1000000000.0]. With state pc=0.95, pm=0.1
getAlgoResultsForInstsAndParams.
  Trial 1 for calling: bash NSGA2.sh instance_param2.dat "" 1000000000.0000001 2147483647 1561765848 -pc 0.5 -pm 0.1 > /tmp/tmp-2026-07-1223:30:36-0.3258284330368042
Executing cmd: bash NSGA2.sh instance_param2.dat "" 1000000000.0000001 2147483647 1561765848 -pc 0.5 -pm 0.1 > /tmp/tmp-2026-07-1223:30:36-0.3258284330368042
Result: instance_param2.dat, 0, -717.59, 0, 1561765848
          -> After 1 bonus runs: pc=0.5 pm=0.1 (-700.8333333333334 [based on 6 runs with cutoff 1000000000.0])

now 2026-07-12 23:30:36 -0400; start 2026-07-12 21:39:27 -0400; time-start 6669.079342706; maxWall 8640000.0
now 2026-07-12 23:30:36 -0400; start 2026-07-12 21:39:27 -0400; time-start 6669.079413362; maxWall 8640000.0
now 2026-07-12 23:30:36 -0400; start 2026-07-12 21:39:27 -0400; time-start 6669.079478787; maxWall 8640000.0
now 2026-07-12 23:30:36 -0400; start 2026-07-12 21:39:27 -0400; time-start 6669.079516919; maxWall 8640000.0
now 2026-07-12 23:30:36 -0400; start 2026-07-12 21:39:27 -0400; time-start 6669.07954547; maxWall 8640000.0
    Changing ["pc: 0.5->0.25"], evaluating ...
getAlgoResultsForInstsAndParams.
  Trial 1 for calling: bash NSGA2.sh instance_param3.dat "" 1000000000.0000001 2147483647 76593332 -pc 0.25 -pm 0.1 > /tmp/tmp-2026-07-1223:30:36-0.3973308801651001
Executing cmd: bash NSGA2.sh instance_param3.dat "" 1000000000.0000001 2147483647 76593332 -pc 0.25 -pm 0.1 > /tmp/tmp-2026-07-1223:30:36-0.3973308801651001
Result: instance_param3.dat, 0, -705.56, 0, 76593332
now 2026-07-12 23:30:37 -0400; start 2026-07-12 21:39:27 -0400; time-start 6669.16664547; maxWall 8640000.0
getAlgoResultsForInstsAndParams.
  Trial 1 for calling: bash NSGA2.sh instance_prob3.dat "" 1000000000.0000001 2147483647 2070231575 -pc 0.25 -pm 0.1 > /tmp/tmp-2026-07-1223:30:37-0.3739643096923828
Executing cmd: bash NSGA2.sh instance_prob3.dat "" 1000000000.0000001 2147483647 2070231575 -pc 0.25 -pm 0.1 > /tmp/tmp-2026-07-1223:30:37-0.3739643096923828
Result: instance_prob3.dat, 0, -577.71, 0, 2070231575
now 2026-07-12 23:35:39 -0400; start 2026-07-12 21:39:27 -0400; time-start 6971.35000255; maxWall 8640000.0
getAlgoResultsForInstsAndParams.
  Trial 1 for calling: bash NSGA2.sh instance_prob2.dat "" 1000000000.0000001 2147483647 678174566 -pc 0.25 -pm 0.1 > /tmp/tmp-2026-07-1223:35:39-0.3898305892944336
Executing cmd: bash NSGA2.sh instance_prob2.dat "" 1000000000.0000001 2147483647 678174566 -pc 0.25 -pm 0.1 > /tmp/tmp-2026-07-1223:35:39-0.3898305892944336
Result: instance_prob2.dat, 0, -695.75, 0, 678174566
now 2026-07-12 23:39:36 -0400; start 2026-07-12 21:39:27 -0400; time-start 7208.791476726; maxWall 8640000.0
getAlgoResultsForInstsAndParams.
  Trial 1 for calling: bash NSGA2.sh instance_param1.dat "" 1000000000.0000001 2147483647 1180947612 -pc 0.25 -pm 0.1 > /tmp/tmp-2026-07-1223:39:36-0.9840536117553711
Executing cmd: bash NSGA2.sh instance_param1.dat "" 1000000000.0000001 2147483647 1180947612 -pc 0.25 -pm 0.1 > /tmp/tmp-2026-07-1223:39:36-0.9840536117553711
Result: instance_param1.dat, 0, -920.07, 0, 1180947612
now 2026-07-12 23:39:36 -0400; start 2026-07-12 21:39:27 -0400; time-start 7208.875021695; maxWall 8640000.0
getAlgoResultsForInstsAndParams.
  Trial 1 for calling: bash NSGA2.sh instance_prob4.dat "" 1000000000.0000001 2147483647 1841889657 -pc 0.25 -pm 0.1 > /tmp/tmp-2026-07-1223:39:36-0.29302215576171875
Executing cmd: bash NSGA2.sh instance_prob4.dat "" 1000000000.0000001 2147483647 1841889657 -pc 0.25 -pm 0.1 > /tmp/tmp-2026-07-1223:39:36-0.29302215576171875
Result: instance_prob4.dat, 0, -591.79, 0, 1841889657
now 2026-07-12 23:44:28 -0400; start 2026-07-12 21:39:27 -0400; time-start 7501.074477955; maxWall 8640000.0
getAlgoResultsForInstsAndParams.
  Trial 1 for calling: bash NSGA2.sh instance_param2.dat "" 1000000000.0000001 2147483647 1561765848 -pc 0.25 -pm 0.1 > /tmp/tmp-2026-07-1223:44:28-0.6075063943862915
Executing cmd: bash NSGA2.sh instance_param2.dat "" 1000000000.0000001 2147483647 1561765848 -pc 0.25 -pm 0.1 > /tmp/tmp-2026-07-1223:44:28-0.6075063943862915
Result: instance_param2.dat, 0, -717.59, 0, 1561765848
          -> Take improving step to neighbour pc=0.25 pm=0.1 (-700.8333333333334 [based on 6 runs with cutoff 1000000000.0]) with flip 5

          
============= Performing 1 bonus runs of state: pc=0.25 pm=0.1 (-700.8333333333334 [based on 6 runs with cutoff 1000000000.0]) ============ 

now 2026-07-12 23:44:29 -0400; start 2026-07-12 21:39:27 -0400; time-start 7501.154462428; maxWall 8640000.0
State wants more detail (6+1) than incumbent (6), doing incumbent first:
pc=0.25 pm=0.1 (-700.8333333333334 [based on 6 runs with cutoff 1000000000.0])
pc=0.95 pm=0.1 (-700.8333333333334 [based on 6 runs with cutoff 1000000000.0])
getAlgoResultsForInstsAndParams.
  Trial 1 for calling: bash NSGA2.sh instance_prob1.dat "" 1000000000.0000001 2147483647 331991908 -pc 0.95 -pm 0.1 > /tmp/tmp-2026-07-1223:44:29-0.9057865142822266
Executing cmd: bash NSGA2.sh instance_prob1.dat "" 1000000000.0000001 2147483647 331991908 -pc 0.95 -pm 0.1 > /tmp/tmp-2026-07-1223:44:29-0.9057865142822266
Result: instance_prob1.dat, 0, -650.27, 0, 331991908
 Same incumbent, new precision:
New Incumbent: 4.5, -693.5714285714286 [7, 1000000000.0]. With state pc=0.95, pm=0.1
getAlgoResultsForInstsAndParams.
  Trial 1 for calling: bash NSGA2.sh instance_prob1.dat "" 1000000000.0000001 2147483647 331991908 -pc 0.25 -pm 0.1 > /tmp/tmp-2026-07-1223:47:39-0.9420347213745117
Executing cmd: bash NSGA2.sh instance_prob1.dat "" 1000000000.0000001 2147483647 331991908 -pc 0.25 -pm 0.1 > /tmp/tmp-2026-07-1223:47:39-0.9420347213745117
Result: instance_prob1.dat, 0, -650.27, 0, 331991908
          -> After 1 bonus runs: pc=0.25 pm=0.1 (-693.5714285714286 [based on 7 runs with cutoff 1000000000.0])

now 2026-07-12 23:50:52 -0400; start 2026-07-12 21:39:27 -0400; time-start 7884.192818835; maxWall 8640000.0
now 2026-07-12 23:50:52 -0400; start 2026-07-12 21:39:27 -0400; time-start 7884.192889774; maxWall 8640000.0
    Changing ["pc: 0.25->0.6"], evaluating ...
getAlgoResultsForInstsAndParams.
  Trial 1 for calling: bash NSGA2.sh instance_prob3.dat "" 1000000000.0000001 2147483647 2070231575 -pc 0.6 -pm 0.1 > /tmp/tmp-2026-07-1223:50:52-0.4570131301879883
Executing cmd: bash NSGA2.sh instance_prob3.dat "" 1000000000.0000001 2147483647 2070231575 -pc 0.6 -pm 0.1 > /tmp/tmp-2026-07-1223:50:52-0.4570131301879883
Result: instance_prob3.dat, 0, -577.71, 0, 2070231575
now 2026-07-12 23:56:08 -0400; start 2026-07-12 21:39:27 -0400; time-start 8200.923682491; maxWall 8640000.0
getAlgoResultsForInstsAndParams.
  Trial 1 for calling: bash NSGA2.sh instance_prob2.dat "" 1000000000.0000001 2147483647 678174566 -pc 0.6 -pm 0.1 > /tmp/tmp-2026-07-1223:56:08-0.4494762420654297
Executing cmd: bash NSGA2.sh instance_prob2.dat "" 1000000000.0000001 2147483647 678174566 -pc 0.6 -pm 0.1 > /tmp/tmp-2026-07-1223:56:08-0.4494762420654297
Result: instance_prob2.dat, 0, -695.75, 0, 678174566
now 2026-07-13 00:00:17 -0400; start 2026-07-12 21:39:27 -0400; time-start 8449.726391246; maxWall 8640000.0
getAlgoResultsForInstsAndParams.
  Trial 1 for calling: bash NSGA2.sh instance_param1.dat "" 1000000000.0000001 2147483647 1180947612 -pc 0.6 -pm 0.1 > /tmp/tmp-2026-07-1300:00:17-0.35766148567199707
Executing cmd: bash NSGA2.sh instance_param1.dat "" 1000000000.0000001 2147483647 1180947612 -pc 0.6 -pm 0.1 > /tmp/tmp-2026-07-1300:00:17-0.35766148567199707
Result: instance_param1.dat, 0, -920.07, 0, 1180947612
now 2026-07-13 00:00:17 -0400; start 2026-07-12 21:39:27 -0400; time-start 8449.808265271; maxWall 8640000.0
getAlgoResultsForInstsAndParams.
  Trial 1 for calling: bash NSGA2.sh instance_prob4.dat "" 1000000000.0000001 2147483647 1841889657 -pc 0.6 -pm 0.1 > /tmp/tmp-2026-07-1300:00:17-0.9783182144165039
Executing cmd: bash NSGA2.sh instance_prob4.dat "" 1000000000.0000001 2147483647 1841889657 -pc 0.6 -pm 0.1 > /tmp/tmp-2026-07-1300:00:17-0.9783182144165039
Result: instance_prob4.dat, 0, -591.79, 0, 1841889657
now 2026-07-13 00:05:16 -0400; start 2026-07-12 21:39:27 -0400; time-start 8748.671924874; maxWall 8640000.0
getAlgoResultsForInstsAndParams.
  Trial 1 for calling: bash NSGA2.sh instance_param2.dat "" 1000000000.0000001 2147483647 1561765848 -pc 0.6 -pm 0.1 > /tmp/tmp-2026-07-1300:05:16-0.48267555236816406
Executing cmd: bash NSGA2.sh instance_param2.dat "" 1000000000.0000001 2147483647 1561765848 -pc 0.6 -pm 0.1 > /tmp/tmp-2026-07-1300:05:16-0.48267555236816406
Result: instance_param2.dat, 0, -717.59, 0, 1561765848
now 2026-07-13 00:05:16 -0400; start 2026-07-12 21:39:27 -0400; time-start 8748.753215538; maxWall 8640000.0
getAlgoResultsForInstsAndParams.
  Trial 1 for calling: bash NSGA2.sh instance_prob1.dat "" 1000000000.0000001 2147483647 331991908 -pc 0.6 -pm 0.1 > /tmp/tmp-2026-07-1300:05:16-0.08551025390625
Executing cmd: bash NSGA2.sh instance_prob1.dat "" 1000000000.0000001 2147483647 331991908 -pc 0.6 -pm 0.1 > /tmp/tmp-2026-07-1300:05:16-0.08551025390625
Result: instance_prob1.dat, 0, -650.27, 0, 331991908
          -> Take improving step to neighbour pc=0.6 pm=0.1 (-693.5714285714286 [based on 7 runs with cutoff 1000000000.0]) with flip 6

          
============= Performing 1 bonus runs of state: pc=0.6 pm=0.1 (-693.5714285714286 [based on 7 runs with cutoff 1000000000.0]) ============ 

now 2026-07-13 00:08:29 -0400; start 2026-07-12 21:39:27 -0400; time-start 8941.342993252; maxWall 8640000.0
State wants more detail (7+1) than incumbent (7), doing incumbent first:
pc=0.6 pm=0.1 (-693.5714285714286 [based on 7 runs with cutoff 1000000000.0])
pc=0.95 pm=0.1 (-693.5714285714286 [based on 7 runs with cutoff 1000000000.0])
getAlgoResultsForInstsAndParams.
  Trial 1 for calling: bash NSGA2.sh instance_param1.dat "" 1000000000.0000001 2147483647 1367662510 -pc 0.95 -pm 0.1 > /tmp/tmp-2026-07-1300:08:29-0.9277091026306152
Executing cmd: bash NSGA2.sh instance_param1.dat "" 1000000000.0000001 2147483647 1367662510 -pc 0.95 -pm 0.1 > /tmp/tmp-2026-07-1300:08:29-0.9277091026306152
Result: instance_param1.dat, 0, -920.07, 0, 1367662510
 Same incumbent, new precision:
New Incumbent: 5.299999999999997, -721.875 [8, 1000000000.0]. With state pc=0.95, pm=0.1
getAlgoResultsForInstsAndParams.
  Trial 1 for calling: bash NSGA2.sh instance_param1.dat "" 1000000000.0000001 2147483647 1367662510 -pc 0.6 -pm 0.1 > /tmp/tmp-2026-07-1300:08:29-0.6446781158447266
Executing cmd: bash NSGA2.sh instance_param1.dat "" 1000000000.0000001 2147483647 1367662510 -pc 0.6 -pm 0.1 > /tmp/tmp-2026-07-1300:08:29-0.6446781158447266
Result: instance_param1.dat, 0, -920.07, 0, 1367662510
          -> After 1 bonus runs: pc=0.6 pm=0.1 (-721.875 [based on 8 runs with cutoff 1000000000.0])

now 2026-07-13 00:08:29 -0400; start 2026-07-12 21:39:27 -0400; time-start 8941.523423621; maxWall 8640000.0
now 2026-07-13 00:08:29 -0400; start 2026-07-12 21:39:27 -0400; time-start 8941.5234961; maxWall 8640000.0
now 2026-07-13 00:08:29 -0400; start 2026-07-12 21:39:27 -0400; time-start 8941.523566827; maxWall 8640000.0
    Changing ["pm: 0.1->0.05"], evaluating ...
getAlgoResultsForInstsAndParams.
  Trial 1 for calling: bash NSGA2.sh instance_prob3.dat "" 1000000000.0000001 2147483647 2070231575 -pc 0.6 -pm 0.05 > /tmp/tmp-2026-07-1300:08:29-0.9483950138092041
Executing cmd: bash NSGA2.sh instance_prob3.dat "" 1000000000.0000001 2147483647 2070231575 -pc 0.6 -pm 0.05 > /tmp/tmp-2026-07-1300:08:29-0.9483950138092041
Result: instance_prob3.dat, 0, -577.71, 0, 2070231575
now 2026-07-13 00:13:03 -0400; start 2026-07-12 21:39:27 -0400; time-start 9215.126271963; maxWall 8640000.0
getAlgoResultsForInstsAndParams.
  Trial 1 for calling: bash NSGA2.sh instance_prob2.dat "" 1000000000.0000001 2147483647 678174566 -pc 0.6 -pm 0.05 > /tmp/tmp-2026-07-1300:13:03-0.4830741882324219
Executing cmd: bash NSGA2.sh instance_prob2.dat "" 1000000000.0000001 2147483647 678174566 -pc 0.6 -pm 0.05 > /tmp/tmp-2026-07-1300:13:03-0.4830741882324219
Result: instance_prob2.dat, 0, -695.75, 0, 678174566
now 2026-07-13 00:16:17 -0400; start 2026-07-12 21:39:27 -0400; time-start 9409.816244194; maxWall 8640000.0
getAlgoResultsForInstsAndParams.
  Trial 1 for calling: bash NSGA2.sh instance_param1.dat "" 1000000000.0000001 2147483647 1180947612 -pc 0.6 -pm 0.05 > /tmp/tmp-2026-07-1300:16:17-0.1808009147644043
Executing cmd: bash NSGA2.sh instance_param1.dat "" 1000000000.0000001 2147483647 1180947612 -pc 0.6 -pm 0.05 > /tmp/tmp-2026-07-1300:16:17-0.1808009147644043
Result: instance_param1.dat, 0, -920.07, 0, 1180947612
now 2026-07-13 00:16:17 -0400; start 2026-07-12 21:39:27 -0400; time-start 9409.894738153; maxWall 8640000.0
getAlgoResultsForInstsAndParams.
  Trial 1 for calling: bash NSGA2.sh instance_prob4.dat "" 1000000000.0000001 2147483647 1841889657 -pc 0.6 -pm 0.05 > /tmp/tmp-2026-07-1300:16:17-0.9029030799865723
Executing cmd: bash NSGA2.sh instance_prob4.dat "" 1000000000.0000001 2147483647 1841889657 -pc 0.6 -pm 0.05 > /tmp/tmp-2026-07-1300:16:17-0.9029030799865723
Result: instance_prob4.dat, 0, -591.79, 0, 1841889657
now 2026-07-13 00:20:49 -0400; start 2026-07-12 21:39:27 -0400; time-start 9681.869251429; maxWall 8640000.0
getAlgoResultsForInstsAndParams.
  Trial 1 for calling: bash NSGA2.sh instance_param2.dat "" 1000000000.0000001 2147483647 1561765848 -pc 0.6 -pm 0.05 > /tmp/tmp-2026-07-1300:20:49-0.94411301612854
Executing cmd: bash NSGA2.sh instance_param2.dat "" 1000000000.0000001 2147483647 1561765848 -pc 0.6 -pm 0.05 > /tmp/tmp-2026-07-1300:20:49-0.94411301612854
Result: instance_param2.dat, 0, -717.59, 0, 1561765848
now 2026-07-13 00:20:49 -0400; start 2026-07-12 21:39:27 -0400; time-start 9681.949858719; maxWall 8640000.0
getAlgoResultsForInstsAndParams.
  Trial 1 for calling: bash NSGA2.sh instance_prob1.dat "" 1000000000.0000001 2147483647 331991908 -pc 0.6 -pm 0.05 > /tmp/tmp-2026-07-1300:20:49-0.42238426208496094
Executing cmd: bash NSGA2.sh instance_prob1.dat "" 1000000000.0000001 2147483647 331991908 -pc 0.6 -pm 0.05 > /tmp/tmp-2026-07-1300:20:49-0.42238426208496094
Result: instance_prob1.dat, 0, -650.27, 0, 331991908
now 2026-07-13 00:23:38 -0400; start 2026-07-12 21:39:27 -0400; time-start 9851.013824123; maxWall 8640000.0
getAlgoResultsForInstsAndParams.
  Trial 1 for calling: bash NSGA2.sh instance_param1.dat "" 1000000000.0000001 2147483647 1367662510 -pc 0.6 -pm 0.05 > /tmp/tmp-2026-07-1300:23:38-0.3780909776687622
Executing cmd: bash NSGA2.sh instance_param1.dat "" 1000000000.0000001 2147483647 1367662510 -pc 0.6 -pm 0.05 > /tmp/tmp-2026-07-1300:23:38-0.3780909776687622
Result: instance_param1.dat, 0, -920.07, 0, 1367662510
          -> Take improving step to neighbour pc=0.6 pm=0.05 (-721.875 [based on 8 runs with cutoff 1000000000.0]) with flip 7

          
============= Performing 1 bonus runs of state: pc=0.6 pm=0.05 (-721.875 [based on 8 runs with cutoff 1000000000.0]) ============ 

now 2026-07-13 00:23:39 -0400; start 2026-07-12 21:39:27 -0400; time-start 9851.094790713; maxWall 8640000.0
State wants more detail (8+1) than incumbent (8), doing incumbent first:
pc=0.6 pm=0.05 (-721.875 [based on 8 runs with cutoff 1000000000.0])
pc=0.95 pm=0.1 (-721.875 [based on 8 runs with cutoff 1000000000.0])
getAlgoResultsForInstsAndParams.
  Trial 1 for calling: bash NSGA2.sh instance_prob1.dat "" 1000000000.0000001 2147483647 1970933906 -pc 0.95 -pm 0.1 > /tmp/tmp-2026-07-1300:23:39-0.5269317626953125
Executing cmd: bash NSGA2.sh instance_prob1.dat "" 1000000000.0000001 2147483647 1970933906 -pc 0.95 -pm 0.1 > /tmp/tmp-2026-07-1300:23:39-0.5269317626953125
Result: instance_prob1.dat, 0, -650.27, 0, 1970933906
 Same incumbent, new precision:
New Incumbent: 6.199999999999994, -713.8888888888889 [9, 1000000000.0]. With state pc=0.95, pm=0.1
getAlgoResultsForInstsAndParams.
  Trial 1 for calling: bash NSGA2.sh instance_prob1.dat "" 1000000000.0000001 2147483647 1970933906 -pc 0.6 -pm 0.05 > /tmp/tmp-2026-07-1300:26:51-0.1176595687866211
Executing cmd: bash NSGA2.sh instance_prob1.dat "" 1000000000.0000001 2147483647 1970933906 -pc 0.6 -pm 0.05 > /tmp/tmp-2026-07-1300:26:51-0.1176595687866211
Result: instance_prob1.dat, 0, -650.27, 0, 1970933906
          -> After 1 bonus runs: pc=0.6 pm=0.05 (-713.8888888888889 [based on 9 runs with cutoff 1000000000.0])

now 2026-07-13 00:29:50 -0400; start 2026-07-12 21:39:27 -0400; time-start 10222.352292051; maxWall 8640000.0
now 2026-07-13 00:29:50 -0400; start 2026-07-12 21:39:27 -0400; time-start 10222.352363553; maxWall 8640000.0
    Changing ["pm: 0.05->0.3"], evaluating ...
getAlgoResultsForInstsAndParams.
  Trial 1 for calling: bash NSGA2.sh instance_prob2.dat "" 1000000000.0000001 2147483647 678174566 -pc 0.6 -pm 0.3 > /tmp/tmp-2026-07-1300:29:50-0.7906026840209961
Executing cmd: bash NSGA2.sh instance_prob2.dat "" 1000000000.0000001 2147483647 678174566 -pc 0.6 -pm 0.3 > /tmp/tmp-2026-07-1300:29:50-0.7906026840209961
Result: instance_prob2.dat, 0, -695.75, 0, 678174566
now 2026-07-13 00:37:15 -0400; start 2026-07-12 21:39:27 -0400; time-start 10667.545455663; maxWall 8640000.0
getAlgoResultsForInstsAndParams.
  Trial 1 for calling: bash NSGA2.sh instance_param1.dat "" 1000000000.0000001 2147483647 1180947612 -pc 0.6 -pm 0.3 > /tmp/tmp-2026-07-1300:37:15-0.6162197589874268
Executing cmd: bash NSGA2.sh instance_param1.dat "" 1000000000.0000001 2147483647 1180947612 -pc 0.6 -pm 0.3 > /tmp/tmp-2026-07-1300:37:15-0.6162197589874268
Result: instance_param1.dat, 0, -920.07, 0, 1180947612
now 2026-07-13 00:37:15 -0400; start 2026-07-12 21:39:27 -0400; time-start 10667.631141416; maxWall 8640000.0
getAlgoResultsForInstsAndParams.
  Trial 1 for calling: bash NSGA2.sh instance_prob4.dat "" 1000000000.0000001 2147483647 1841889657 -pc 0.6 -pm 0.3 > /tmp/tmp-2026-07-1300:37:15-0.7976589202880859
Executing cmd: bash NSGA2.sh instance_prob4.dat "" 1000000000.0000001 2147483647 1841889657 -pc 0.6 -pm 0.3 > /tmp/tmp-2026-07-1300:37:15-0.7976589202880859
Result: instance_prob4.dat, 0, -591.79, 0, 1841889657
now 2026-07-13 00:44:39 -0400; start 2026-07-12 21:39:27 -0400; time-start 11111.994345063; maxWall 8640000.0
getAlgoResultsForInstsAndParams.
  Trial 1 for calling: bash NSGA2.sh instance_param2.dat "" 1000000000.0000001 2147483647 1561765848 -pc 0.6 -pm 0.3 > /tmp/tmp-2026-07-1300:44:39-0.5466762781143188
Executing cmd: bash NSGA2.sh instance_param2.dat "" 1000000000.0000001 2147483647 1561765848 -pc 0.6 -pm 0.3 > /tmp/tmp-2026-07-1300:44:39-0.5466762781143188
Result: instance_param2.dat, 0, -717.59, 0, 1561765848
now 2026-07-13 00:44:39 -0400; start 2026-07-12 21:39:27 -0400; time-start 11112.080885063; maxWall 8640000.0
getAlgoResultsForInstsAndParams.
  Trial 1 for calling: bash NSGA2.sh instance_prob1.dat "" 1000000000.0000001 2147483647 331991908 -pc 0.6 -pm 0.3 > /tmp/tmp-2026-07-1300:44:39-0.7826462984085083
Executing cmd: bash NSGA2.sh instance_prob1.dat "" 1000000000.0000001 2147483647 331991908 -pc 0.6 -pm 0.3 > /tmp/tmp-2026-07-1300:44:39-0.7826462984085083
Result: instance_prob1.dat, 0, -650.27, 0, 331991908
now 2026-07-13 00:49:37 -0400; start 2026-07-12 21:39:27 -0400; time-start 11409.940971858; maxWall 8640000.0
getAlgoResultsForInstsAndParams.
  Trial 1 for calling: bash NSGA2.sh instance_param1.dat "" 1000000000.0000001 2147483647 1367662510 -pc 0.6 -pm 0.3 > /tmp/tmp-2026-07-1300:49:37-0.5673335790634155
Executing cmd: bash NSGA2.sh instance_param1.dat "" 1000000000.0000001 2147483647 1367662510 -pc 0.6 -pm 0.3 > /tmp/tmp-2026-07-1300:49:37-0.5673335790634155
Result: instance_param1.dat, 0, -920.07, 0, 1367662510
now 2026-07-13 00:49:37 -0400; start 2026-07-12 21:39:27 -0400; time-start 11410.02096488; maxWall 8640000.0
getAlgoResultsForInstsAndParams.
  Trial 1 for calling: bash NSGA2.sh instance_prob1.dat "" 1000000000.0000001 2147483647 1970933906 -pc 0.6 -pm 0.3 > /tmp/tmp-2026-07-1300:49:37-0.23042559623718262
Executing cmd: bash NSGA2.sh instance_prob1.dat "" 1000000000.0000001 2147483647 1970933906 -pc 0.6 -pm 0.3 > /tmp/tmp-2026-07-1300:49:37-0.23042559623718262
Result: instance_prob1.dat, 0, -650.27, 0, 1970933906
          -> Take improving step to neighbour pc=0.6 pm=0.3 (-713.8888888888889 [based on 9 runs with cutoff 1000000000.0]) with flip 8

          
============= Performing 1 bonus runs of state: pc=0.6 pm=0.3 (-713.8888888888889 [based on 9 runs with cutoff 1000000000.0]) ============ 

now 2026-07-13 00:54:20 -0400; start 2026-07-12 21:39:27 -0400; time-start 11692.157799752; maxWall 8640000.0
State wants more detail (9+1) than incumbent (9), doing incumbent first:
pc=0.6 pm=0.3 (-713.8888888888889 [based on 9 runs with cutoff 1000000000.0])
pc=0.95 pm=0.1 (-713.8888888888889 [based on 9 runs with cutoff 1000000000.0])
getAlgoResultsForInstsAndParams.
  Trial 1 for calling: bash NSGA2.sh instance_prob3.dat "" 1000000000.0000001 2147483647 184242589 -pc 0.95 -pm 0.1 > /tmp/tmp-2026-07-1300:54:20-0.45920372009277344
Executing cmd: bash NSGA2.sh instance_prob3.dat "" 1000000000.0000001 2147483647 184242589 -pc 0.95 -pm 0.1 > /tmp/tmp-2026-07-1300:54:20-0.45920372009277344
Result: instance_prob3.dat, 0, -577.71, 0, 184242589
 Same incumbent, new precision:
New Incumbent: 7.099999999999991, -700.2 [10, 1000000000.0]. With state pc=0.95, pm=0.1
getAlgoResultsForInstsAndParams.
  Trial 1 for calling: bash NSGA2.sh instance_prob3.dat "" 1000000000.0000001 2147483647 184242589 -pc 0.6 -pm 0.3 > /tmp/tmp-2026-07-1300:59:58-0.5563361644744873
Executing cmd: bash NSGA2.sh instance_prob3.dat "" 1000000000.0000001 2147483647 184242589 -pc 0.6 -pm 0.3 > /tmp/tmp-2026-07-1300:59:58-0.5563361644744873
Result: instance_prob3.dat, 0, -577.71, 0, 184242589
          -> After 1 bonus runs: pc=0.6 pm=0.3 (-700.2 [based on 10 runs with cutoff 1000000000.0])

now 2026-07-13 01:08:26 -0400; start 2026-07-12 21:39:27 -0400; time-start 12539.034569465; maxWall 8640000.0
now 2026-07-13 01:08:26 -0400; start 2026-07-12 21:39:27 -0400; time-start 12539.034641917; maxWall 8640000.0
    Changing ["pc: 0.6->0.8"], evaluating ...
getAlgoResultsForInstsAndParams.
  Trial 1 for calling: bash NSGA2.sh instance_prob3.dat "" 1000000000.0000001 2147483647 2070231575 -pc 0.8 -pm 0.3 > /tmp/tmp-2026-07-1301:08:26-0.16115212440490723
Executing cmd: bash NSGA2.sh instance_prob3.dat "" 1000000000.0000001 2147483647 2070231575 -pc 0.8 -pm 0.3 > /tmp/tmp-2026-07-1301:08:26-0.16115212440490723
Result: instance_prob3.dat, 0, -577.71, 0, 2070231575
now 2026-07-13 01:18:10 -0400; start 2026-07-12 21:39:27 -0400; time-start 13122.105627446; maxWall 8640000.0
getAlgoResultsForInstsAndParams.
  Trial 1 for calling: bash NSGA2.sh instance_prob2.dat "" 1000000000.0000001 2147483647 678174566 -pc 0.8 -pm 0.3 > /tmp/tmp-2026-07-1301:18:10-0.313629150390625
Executing cmd: bash NSGA2.sh instance_prob2.dat "" 1000000000.0000001 2147483647 678174566 -pc 0.8 -pm 0.3 > /tmp/tmp-2026-07-1301:18:10-0.313629150390625
Result: instance_prob2.dat, 0, -695.75, 0, 678174566
now 2026-07-13 01:24:48 -0400; start 2026-07-12 21:39:27 -0400; time-start 13520.594796337; maxWall 8640000.0
getAlgoResultsForInstsAndParams.
  Trial 1 for calling: bash NSGA2.sh instance_param1.dat "" 1000000000.0000001 2147483647 1180947612 -pc 0.8 -pm 0.3 > /tmp/tmp-2026-07-1301:24:48-0.7166407108306885
Executing cmd: bash NSGA2.sh instance_param1.dat "" 1000000000.0000001 2147483647 1180947612 -pc 0.8 -pm 0.3 > /tmp/tmp-2026-07-1301:24:48-0.7166407108306885
Result: instance_param1.dat, 0, -920.07, 0, 1180947612
now 2026-07-13 01:24:48 -0400; start 2026-07-12 21:39:27 -0400; time-start 13520.6776486; maxWall 8640000.0
getAlgoResultsForInstsAndParams.
  Trial 1 for calling: bash NSGA2.sh instance_prob4.dat "" 1000000000.0000001 2147483647 1841889657 -pc 0.8 -pm 0.3 > /tmp/tmp-2026-07-1301:24:48-0.1515641212463379
Executing cmd: bash NSGA2.sh instance_prob4.dat "" 1000000000.0000001 2147483647 1841889657 -pc 0.8 -pm 0.3 > /tmp/tmp-2026-07-1301:24:48-0.1515641212463379
Result: instance_prob4.dat, 0, -591.79, 0, 1841889657
now 2026-07-13 01:32:32 -0400; start 2026-07-12 21:39:27 -0400; time-start 13984.21342654; maxWall 8640000.0
getAlgoResultsForInstsAndParams.
  Trial 1 for calling: bash NSGA2.sh instance_param2.dat "" 1000000000.0000001 2147483647 1561765848 -pc 0.8 -pm 0.3 > /tmp/tmp-2026-07-1301:32:32-0.5374908447265625
Executing cmd: bash NSGA2.sh instance_param2.dat "" 1000000000.0000001 2147483647 1561765848 -pc 0.8 -pm 0.3 > /tmp/tmp-2026-07-1301:32:32-0.5374908447265625
Result: instance_param2.dat, 0, -717.59, 0, 1561765848
now 2026-07-13 01:32:32 -0400; start 2026-07-12 21:39:27 -0400; time-start 13984.295558595; maxWall 8640000.0
getAlgoResultsForInstsAndParams.
  Trial 1 for calling: bash NSGA2.sh instance_prob1.dat "" 1000000000.0000001 2147483647 331991908 -pc 0.8 -pm 0.3 > /tmp/tmp-2026-07-1301:32:32-0.8166561126708984
Executing cmd: bash NSGA2.sh instance_prob1.dat "" 1000000000.0000001 2147483647 331991908 -pc 0.8 -pm 0.3 > /tmp/tmp-2026-07-1301:32:32-0.8166561126708984
Result: instance_prob1.dat, 0, -650.27, 0, 331991908
now 2026-07-13 01:37:42 -0400; start 2026-07-12 21:39:27 -0400; time-start 14294.963956827; maxWall 8640000.0
getAlgoResultsForInstsAndParams.
  Trial 1 for calling: bash NSGA2.sh instance_param1.dat "" 1000000000.0000001 2147483647 1367662510 -pc 0.8 -pm 0.3 > /tmp/tmp-2026-07-1301:37:42-0.10556197166442871
Executing cmd: bash NSGA2.sh instance_param1.dat "" 1000000000.0000001 2147483647 1367662510 -pc 0.8 -pm 0.3 > /tmp/tmp-2026-07-1301:37:42-0.10556197166442871
Result: instance_param1.dat, 0, -920.07, 0, 1367662510
now 2026-07-13 01:37:42 -0400; start 2026-07-12 21:39:27 -0400; time-start 14295.043473571; maxWall 8640000.0
getAlgoResultsForInstsAndParams.
  Trial 1 for calling: bash NSGA2.sh instance_prob1.dat "" 1000000000.0000001 2147483647 1970933906 -pc 0.8 -pm 0.3 > /tmp/tmp-2026-07-1301:37:42-0.9967813491821289
Executing cmd: bash NSGA2.sh instance_prob1.dat "" 1000000000.0000001 2147483647 1970933906 -pc 0.8 -pm 0.3 > /tmp/tmp-2026-07-1301:37:42-0.9967813491821289
Result: instance_prob1.dat, 0, -650.27, 0, 1970933906
now 2026-07-13 01:42:03 -0400; start 2026-07-12 21:39:27 -0400; time-start 14555.467782235; maxWall 8640000.0
getAlgoResultsForInstsAndParams.
  Trial 1 for calling: bash NSGA2.sh instance_prob3.dat "" 1000000000.0000001 2147483647 184242589 -pc 0.8 -pm 0.3 > /tmp/tmp-2026-07-1301:42:03-0.21435070037841797
Executing cmd: bash NSGA2.sh instance_prob3.dat "" 1000000000.0000001 2147483647 184242589 -pc 0.8 -pm 0.3 > /tmp/tmp-2026-07-1301:42:03-0.21435070037841797
Result: instance_prob3.dat, 0, -577.71, 0, 184242589
          -> Take improving step to neighbour pc=0.8 pm=0.3 (-700.2 [based on 10 runs with cutoff 1000000000.0]) with flip 9

          
============= Performing 1 bonus runs of state: pc=0.8 pm=0.3 (-700.2 [based on 10 runs with cutoff 1000000000.0]) ============ 

now 2026-07-13 01:50:53 -0400; start 2026-07-12 21:39:27 -0400; time-start 15086.014147629; maxWall 8640000.0
State wants more detail (10+1) than incumbent (10), doing incumbent first:
pc=0.8 pm=0.3 (-700.2 [based on 10 runs with cutoff 1000000000.0])
pc=0.95 pm=0.1 (-700.2 [based on 10 runs with cutoff 1000000000.0])
getAlgoResultsForInstsAndParams.
  Trial 1 for calling: bash NSGA2.sh instance_prob2.dat "" 1000000000.0000001 2147483647 936818155 -pc 0.95 -pm 0.1 > /tmp/tmp-2026-07-1301:50:53-0.6495229005813599
Executing cmd: bash NSGA2.sh instance_prob2.dat "" 1000000000.0000001 2147483647 936818155 -pc 0.95 -pm 0.1 > /tmp/tmp-2026-07-1301:50:53-0.6495229005813599
Result: instance_prob2.dat, 0, -695.75, 0, 936818155
 Same incumbent, new precision:
New Incumbent: 8.199999999999987, -699.7272727272727 [11, 1000000000.0]. With state pc=0.95, pm=0.1
getAlgoResultsForInstsAndParams.
  Trial 1 for calling: bash NSGA2.sh instance_prob2.dat "" 1000000000.0000001 2147483647 936818155 -pc 0.8 -pm 0.3 > /tmp/tmp-2026-07-1301:54:34-0.8541610240936279
Executing cmd: bash NSGA2.sh instance_prob2.dat "" 1000000000.0000001 2147483647 936818155 -pc 0.8 -pm 0.3 > /tmp/tmp-2026-07-1301:54:34-0.8541610240936279
Result: instance_prob2.dat, 0, -695.75, 0, 936818155
          -> After 1 bonus runs: pc=0.8 pm=0.3 (-699.7272727272727 [based on 11 runs with cutoff 1000000000.0])

now 2026-07-13 02:01:31 -0400; start 2026-07-12 21:39:27 -0400; time-start 15723.608519388; maxWall 8640000.0
now 2026-07-13 02:01:31 -0400; start 2026-07-12 21:39:27 -0400; time-start 15723.608594644; maxWall 8640000.0
    Changing ["pc: 0.8->0.95"], evaluating ...
getAlgoResultsForInstsAndParams.
  Trial 1 for calling: bash NSGA2.sh instance_param3.dat "" 1000000000.0000001 2147483647 76593332 -pc 0.95 -pm 0.3 > /tmp/tmp-2026-07-1302:01:31-0.8958268165588379
Executing cmd: bash NSGA2.sh instance_param3.dat "" 1000000000.0000001 2147483647 76593332 -pc 0.95 -pm 0.3 > /tmp/tmp-2026-07-1302:01:31-0.8958268165588379
Result: instance_param3.dat, 0, -705.56, 0, 76593332
now 2026-07-13 02:01:31 -0400; start 2026-07-12 21:39:27 -0400; time-start 15723.691324773; maxWall 8640000.0
getAlgoResultsForInstsAndParams.
  Trial 1 for calling: bash NSGA2.sh instance_prob3.dat "" 1000000000.0000001 2147483647 2070231575 -pc 0.95 -pm 0.3 > /tmp/tmp-2026-07-1302:01:31-0.1986560821533203
Executing cmd: bash NSGA2.sh instance_prob3.dat "" 1000000000.0000001 2147483647 2070231575 -pc 0.95 -pm 0.3 > /tmp/tmp-2026-07-1302:01:31-0.1986560821533203
Result: instance_prob3.dat, 0, -577.71, 0, 2070231575
now 2026-07-13 02:09:28 -0400; start 2026-07-12 21:39:27 -0400; time-start 16200.270411209; maxWall 8640000.0
getAlgoResultsForInstsAndParams.
  Trial 1 for calling: bash NSGA2.sh instance_prob2.dat "" 1000000000.0000001 2147483647 678174566 -pc 0.95 -pm 0.3 > /tmp/tmp-2026-07-1302:09:28-0.07050704956054688
Executing cmd: bash NSGA2.sh instance_prob2.dat "" 1000000000.0000001 2147483647 678174566 -pc 0.95 -pm 0.3 > /tmp/tmp-2026-07-1302:09:28-0.07050704956054688
Result: instance_prob2.dat, 0, -695.75, 0, 678174566
now 2026-07-13 02:16:45 -0400; start 2026-07-12 21:39:27 -0400; time-start 16637.110410212; maxWall 8640000.0
getAlgoResultsForInstsAndParams.
  Trial 1 for calling: bash NSGA2.sh instance_param1.dat "" 1000000000.0000001 2147483647 1180947612 -pc 0.95 -pm 0.3 > /tmp/tmp-2026-07-1302:16:45-0.09375762939453125
Executing cmd: bash NSGA2.sh instance_param1.dat "" 1000000000.0000001 2147483647 1180947612 -pc 0.95 -pm 0.3 > /tmp/tmp-2026-07-1302:16:45-0.09375762939453125
Result: instance_param1.dat, 0, -920.07, 0, 1180947612
now 2026-07-13 02:16:45 -0400; start 2026-07-12 21:39:27 -0400; time-start 16637.193257578; maxWall 8640000.0
getAlgoResultsForInstsAndParams.
  Trial 1 for calling: bash NSGA2.sh instance_prob4.dat "" 1000000000.0000001 2147483647 1841889657 -pc 0.95 -pm 0.3 > /tmp/tmp-2026-07-1302:16:45-0.9242820739746094
Executing cmd: bash NSGA2.sh instance_prob4.dat "" 1000000000.0000001 2147483647 1841889657 -pc 0.95 -pm 0.3 > /tmp/tmp-2026-07-1302:16:45-0.9242820739746094
Result: instance_prob4.dat, 0, -591.79, 0, 1841889657
now 2026-07-13 02:24:22 -0400; start 2026-07-12 21:39:27 -0400; time-start 17094.774828029; maxWall 8640000.0
getAlgoResultsForInstsAndParams.
  Trial 1 for calling: bash NSGA2.sh instance_param2.dat "" 1000000000.0000001 2147483647 1561765848 -pc 0.95 -pm 0.3 > /tmp/tmp-2026-07-1302:24:22-0.7448830604553223
Executing cmd: bash NSGA2.sh instance_param2.dat "" 1000000000.0000001 2147483647 1561765848 -pc 0.95 -pm 0.3 > /tmp/tmp-2026-07-1302:24:22-0.7448830604553223
Result: instance_param2.dat, 0, -717.59, 0, 1561765848
now 2026-07-13 02:24:22 -0400; start 2026-07-12 21:39:27 -0400; time-start 17094.855139893; maxWall 8640000.0
getAlgoResultsForInstsAndParams.
  Trial 1 for calling: bash NSGA2.sh instance_prob1.dat "" 1000000000.0000001 2147483647 331991908 -pc 0.95 -pm 0.3 > /tmp/tmp-2026-07-1302:24:22-0.3163876533508301
Executing cmd: bash NSGA2.sh instance_prob1.dat "" 1000000000.0000001 2147483647 331991908 -pc 0.95 -pm 0.3 > /tmp/tmp-2026-07-1302:24:22-0.3163876533508301
Result: instance_prob1.dat, 0, -650.27, 0, 331991908
now 2026-07-13 02:29:28 -0400; start 2026-07-12 21:39:27 -0400; time-start 17400.116379988; maxWall 8640000.0
getAlgoResultsForInstsAndParams.
  Trial 1 for calling: bash NSGA2.sh instance_param1.dat "" 1000000000.0000001 2147483647 1367662510 -pc 0.95 -pm 0.3 > /tmp/tmp-2026-07-1302:29:28-0.49033355712890625
Executing cmd: bash NSGA2.sh instance_param1.dat "" 1000000000.0000001 2147483647 1367662510 -pc 0.95 -pm 0.3 > /tmp/tmp-2026-07-1302:29:28-0.49033355712890625
Result: instance_param1.dat, 0, -920.07, 0, 1367662510
now 2026-07-13 02:29:28 -0400; start 2026-07-12 21:39:27 -0400; time-start 17400.194053363; maxWall 8640000.0
getAlgoResultsForInstsAndParams.
  Trial 1 for calling: bash NSGA2.sh instance_prob1.dat "" 1000000000.0000001 2147483647 1970933906 -pc 0.95 -pm 0.3 > /tmp/tmp-2026-07-1302:29:28-0.671539306640625
Executing cmd: bash NSGA2.sh instance_prob1.dat "" 1000000000.0000001 2147483647 1970933906 -pc 0.95 -pm 0.3 > /tmp/tmp-2026-07-1302:29:28-0.671539306640625
Result: instance_prob1.dat, 0, -650.27, 0, 1970933906
now 2026-07-13 02:33:55 -0400; start 2026-07-12 21:39:27 -0400; time-start 17667.563328647; maxWall 8640000.0
getAlgoResultsForInstsAndParams.
  Trial 1 for calling: bash NSGA2.sh instance_prob3.dat "" 1000000000.0000001 2147483647 184242589 -pc 0.95 -pm 0.3 > /tmp/tmp-2026-07-1302:33:55-0.0817115306854248
Executing cmd: bash NSGA2.sh instance_prob3.dat "" 1000000000.0000001 2147483647 184242589 -pc 0.95 -pm 0.3 > /tmp/tmp-2026-07-1302:33:55-0.0817115306854248
Result: instance_prob3.dat, 0, -577.71, 0, 184242589
now 2026-07-13 02:41:21 -0400; start 2026-07-12 21:39:27 -0400; time-start 18113.600030369; maxWall 8640000.0
getAlgoResultsForInstsAndParams.
  Trial 1 for calling: bash NSGA2.sh instance_prob2.dat "" 1000000000.0000001 2147483647 936818155 -pc 0.95 -pm 0.3 > /tmp/tmp-2026-07-1302:41:21-0.2390294075012207
Executing cmd: bash NSGA2.sh instance_prob2.dat "" 1000000000.0000001 2147483647 936818155 -pc 0.95 -pm 0.3 > /tmp/tmp-2026-07-1302:41:21-0.2390294075012207
Result: instance_prob2.dat, 0, -695.75, 0, 936818155
          -> Take improving step to neighbour pc=0.95 pm=0.3 (-699.7272727272727 [based on 11 runs with cutoff 1000000000.0]) with flip 10

          
============= Performing 1 bonus runs of state: pc=0.95 pm=0.3 (-699.7272727272727 [based on 11 runs with cutoff 1000000000.0]) ============ 

now 2026-07-13 02:49:21 -0400; start 2026-07-12 21:39:27 -0400; time-start 18593.26763832; maxWall 8640000.0
State wants more detail (11+1) than incumbent (11), doing incumbent first:
pc=0.95 pm=0.3 (-699.7272727272727 [based on 11 runs with cutoff 1000000000.0])
pc=0.95 pm=0.1 (-699.7272727272727 [based on 11 runs with cutoff 1000000000.0])
getAlgoResultsForInstsAndParams.
  Trial 1 for calling: bash NSGA2.sh instance_param3.dat "" 1000000000.0000001 2147483647 579399830 -pc 0.95 -pm 0.1 > /tmp/tmp-2026-07-1302:49:21-0.19010162353515625
Executing cmd: bash NSGA2.sh instance_param3.dat "" 1000000000.0000001 2147483647 579399830 -pc 0.95 -pm 0.1 > /tmp/tmp-2026-07-1302:49:21-0.19010162353515625
Result: instance_param3.dat, 0, -705.56, 0, 579399830
 Same incumbent, new precision:
New Incumbent: 9.499999999999982, -700.1666666666666 [12, 1000000000.0]. With state pc=0.95, pm=0.1
getAlgoResultsForInstsAndParams.
  Trial 1 for calling: bash NSGA2.sh instance_param3.dat "" 1000000000.0000001 2147483647 579399830 -pc 0.95 -pm 0.3 > /tmp/tmp-2026-07-1302:49:21-0.6494231224060059
Executing cmd: bash NSGA2.sh instance_param3.dat "" 1000000000.0000001 2147483647 579399830 -pc 0.95 -pm 0.3 > /tmp/tmp-2026-07-1302:49:21-0.6494231224060059
Result: instance_param3.dat, 0, -705.56, 0, 579399830
          -> After 1 bonus runs: pc=0.95 pm=0.3 (-700.1666666666666 [based on 12 runs with cutoff 1000000000.0])

now 2026-07-13 02:49:21 -0400; start 2026-07-12 21:39:27 -0400; time-start 18593.441316246; maxWall 8640000.0
now 2026-07-13 02:49:21 -0400; start 2026-07-12 21:39:27 -0400; time-start 18593.4413882; maxWall 8640000.0
now 2026-07-13 02:49:21 -0400; start 2026-07-12 21:39:27 -0400; time-start 18593.441452222; maxWall 8640000.0
    Changing ["pc: 0.95->0.25"], evaluating ...
getAlgoResultsForInstsAndParams.
  Trial 1 for calling: bash NSGA2.sh instance_param3.dat "" 1000000000.0000001 2147483647 76593332 -pc 0.25 -pm 0.3 > /tmp/tmp-2026-07-1302:49:21-0.3352336883544922
Executing cmd: bash NSGA2.sh instance_param3.dat "" 1000000000.0000001 2147483647 76593332 -pc 0.25 -pm 0.3 > /tmp/tmp-2026-07-1302:49:21-0.3352336883544922
Result: instance_param3.dat, 0, -705.56, 0, 76593332
now 2026-07-13 02:49:21 -0400; start 2026-07-12 21:39:27 -0400; time-start 18593.526015807; maxWall 8640000.0
getAlgoResultsForInstsAndParams.
  Trial 1 for calling: bash NSGA2.sh instance_prob3.dat "" 1000000000.0000001 2147483647 2070231575 -pc 0.25 -pm 0.3 > /tmp/tmp-2026-07-1302:49:21-0.8051679134368896
Executing cmd: bash NSGA2.sh instance_prob3.dat "" 1000000000.0000001 2147483647 2070231575 -pc 0.25 -pm 0.3 > /tmp/tmp-2026-07-1302:49:21-0.8051679134368896
Result: instance_prob3.dat, 0, -577.71, 0, 2070231575
now 2026-07-13 02:56:37 -0400; start 2026-07-12 21:39:27 -0400; time-start 19029.453384037; maxWall 8640000.0
getAlgoResultsForInstsAndParams.
  Trial 1 for calling: bash NSGA2.sh instance_prob2.dat "" 1000000000.0000001 2147483647 678174566 -pc 0.25 -pm 0.3 > /tmp/tmp-2026-07-1302:56:37-0.8814315795898438
Executing cmd: bash NSGA2.sh instance_prob2.dat "" 1000000000.0000001 2147483647 678174566 -pc 0.25 -pm 0.3 > /tmp/tmp-2026-07-1302:56:37-0.8814315795898438
Result: instance_prob2.dat, 0, -695.75, 0, 678174566
now 2026-07-13 03:03:17 -0400; start 2026-07-12 21:39:27 -0400; time-start 19429.323453001; maxWall 8640000.0
getAlgoResultsForInstsAndParams.
  Trial 1 for calling: bash NSGA2.sh instance_param1.dat "" 1000000000.0000001 2147483647 1180947612 -pc 0.25 -pm 0.3 > /tmp/tmp-2026-07-1303:03:17-0.9835443496704102
Executing cmd: bash NSGA2.sh instance_param1.dat "" 1000000000.0000001 2147483647 1180947612 -pc 0.25 -pm 0.3 > /tmp/tmp-2026-07-1303:03:17-0.9835443496704102
Result: instance_param1.dat, 0, -920.07, 0, 1180947612
now 2026-07-13 03:03:17 -0400; start 2026-07-12 21:39:27 -0400; time-start 19429.40770377; maxWall 8640000.0
getAlgoResultsForInstsAndParams.
  Trial 1 for calling: bash NSGA2.sh instance_prob4.dat "" 1000000000.0000001 2147483647 1841889657 -pc 0.25 -pm 0.3 > /tmp/tmp-2026-07-1303:03:17-0.5408182144165039
Executing cmd: bash NSGA2.sh instance_prob4.dat "" 1000000000.0000001 2147483647 1841889657 -pc 0.25 -pm 0.3 > /tmp/tmp-2026-07-1303:03:17-0.5408182144165039
Result: instance_prob4.dat, 0, -591.79, 0, 1841889657
101/100000, 10.09999999999998/100000000.0
now 2026-07-13 03:11:09 -0400; start 2026-07-12 21:39:27 -0400; time-start 19901.496071548; maxWall 8640000.0
getAlgoResultsForInstsAndParams.
  Trial 1 for calling: bash NSGA2.sh instance_param2.dat "" 1000000000.0000001 2147483647 1561765848 -pc 0.25 -pm 0.3 > /tmp/tmp-2026-07-1303:11:09-0.9972801208496094
Executing cmd: bash NSGA2.sh instance_param2.dat "" 1000000000.0000001 2147483647 1561765848 -pc 0.25 -pm 0.3 > /tmp/tmp-2026-07-1303:11:09-0.9972801208496094
Result: instance_param2.dat, 0, -717.59, 0, 1561765848
now 2026-07-13 03:11:09 -0400; start 2026-07-12 21:39:27 -0400; time-start 19901.575468816; maxWall 8640000.0
getAlgoResultsForInstsAndParams.
  Trial 1 for calling: bash NSGA2.sh instance_prob1.dat "" 1000000000.0000001 2147483647 331991908 -pc 0.25 -pm 0.3 > /tmp/tmp-2026-07-1303:11:09-0.13333702087402344
Executing cmd: bash NSGA2.sh instance_prob1.dat "" 1000000000.0000001 2147483647 331991908 -pc 0.25 -pm 0.3 > /tmp/tmp-2026-07-1303:11:09-0.13333702087402344
Result: instance_prob1.dat, 0, -650.27, 0, 331991908
now 2026-07-13 03:15:56 -0400; start 2026-07-12 21:39:27 -0400; time-start 20188.280405317; maxWall 8640000.0
getAlgoResultsForInstsAndParams.
  Trial 1 for calling: bash NSGA2.sh instance_param1.dat "" 1000000000.0000001 2147483647 1367662510 -pc 0.25 -pm 0.3 > /tmp/tmp-2026-07-1303:15:56-0.9707794189453125
Executing cmd: bash NSGA2.sh instance_param1.dat "" 1000000000.0000001 2147483647 1367662510 -pc 0.25 -pm 0.3 > /tmp/tmp-2026-07-1303:15:56-0.9707794189453125
Result: instance_param1.dat, 0, -920.07, 0, 1367662510
now 2026-07-13 03:15:56 -0400; start 2026-07-12 21:39:27 -0400; time-start 20188.361731939; maxWall 8640000.0
getAlgoResultsForInstsAndParams.
  Trial 1 for calling: bash NSGA2.sh instance_prob1.dat "" 1000000000.0000001 2147483647 1970933906 -pc 0.25 -pm 0.3 > /tmp/tmp-2026-07-1303:15:56-0.6973552703857422
Executing cmd: bash NSGA2.sh instance_prob1.dat "" 1000000000.0000001 2147483647 1970933906 -pc 0.25 -pm 0.3 > /tmp/tmp-2026-07-1303:15:56-0.6973552703857422
Result: instance_prob1.dat, 0, -650.27, 0, 1970933906
now 2026-07-13 03:21:18 -0400; start 2026-07-12 21:39:27 -0400; time-start 20510.515734049; maxWall 8640000.0
getAlgoResultsForInstsAndParams.
  Trial 1 for calling: bash NSGA2.sh instance_prob3.dat "" 1000000000.0000001 2147483647 184242589 -pc 0.25 -pm 0.3 > /tmp/tmp-2026-07-1303:21:18-0.49718666076660156
Executing cmd: bash NSGA2.sh instance_prob3.dat "" 1000000000.0000001 2147483647 184242589 -pc 0.25 -pm 0.3 > /tmp/tmp-2026-07-1303:21:18-0.49718666076660156
Result: instance_prob3.dat, 0, -577.71, 0, 184242589
now 2026-07-13 03:29:09 -0400; start 2026-07-12 21:39:27 -0400; time-start 20981.950828655; maxWall 8640000.0
getAlgoResultsForInstsAndParams.
  Trial 1 for calling: bash NSGA2.sh instance_prob2.dat "" 1000000000.0000001 2147483647 936818155 -pc 0.25 -pm 0.3 > /tmp/tmp-2026-07-1303:29:09-0.32526659965515137
Executing cmd: bash NSGA2.sh instance_prob2.dat "" 1000000000.0000001 2147483647 936818155 -pc 0.25 -pm 0.3 > /tmp/tmp-2026-07-1303:29:09-0.32526659965515137
Result: instance_prob2.dat, 0, -695.75, 0, 936818155
now 2026-07-13 03:35:21 -0400; start 2026-07-12 21:39:27 -0400; time-start 21353.089180373; maxWall 8640000.0
getAlgoResultsForInstsAndParams.
  Trial 1 for calling: bash NSGA2.sh instance_param3.dat "" 1000000000.0000001 2147483647 579399830 -pc 0.25 -pm 0.3 > /tmp/tmp-2026-07-1303:35:21-0.9053955078125
Executing cmd: bash NSGA2.sh instance_param3.dat "" 1000000000.0000001 2147483647 579399830 -pc 0.25 -pm 0.3 > /tmp/tmp-2026-07-1303:35:21-0.9053955078125
Result: instance_param3.dat, 0, -705.56, 0, 579399830
          -> Take improving step to neighbour pc=0.25 pm=0.3 (-700.1666666666666 [based on 12 runs with cutoff 1000000000.0]) with flip 11

          
============= Performing 1 bonus runs of state: pc=0.25 pm=0.3 (-700.1666666666666 [based on 12 runs with cutoff 1000000000.0]) ============ 

now 2026-07-13 03:35:21 -0400; start 2026-07-12 21:39:27 -0400; time-start 21353.170430873; maxWall 8640000.0
State wants more detail (12+1) than incumbent (12), doing incumbent first:
pc=0.25 pm=0.3 (-700.1666666666666 [based on 12 runs with cutoff 1000000000.0])
pc=0.95 pm=0.1 (-700.1666666666666 [based on 12 runs with cutoff 1000000000.0])
getAlgoResultsForInstsAndParams.
  Trial 1 for calling: bash NSGA2.sh instance_param2.dat "" 1000000000.0000001 2147483647 371836214 -pc 0.95 -pm 0.1 > /tmp/tmp-2026-07-1303:35:21-0.8898162841796875
Executing cmd: bash NSGA2.sh instance_param2.dat "" 1000000000.0000001 2147483647 371836214 -pc 0.95 -pm 0.1 > /tmp/tmp-2026-07-1303:35:21-0.8898162841796875
Result: instance_param2.dat, 0, -717.59, 0, 371836214
 Same incumbent, new precision:
New Incumbent: 10.899999999999977, -701.4615384615385 [13, 1000000000.0]. With state pc=0.95, pm=0.1
getAlgoResultsForInstsAndParams.
  Trial 1 for calling: bash NSGA2.sh instance_param2.dat "" 1000000000.0000001 2147483647 371836214 -pc 0.25 -pm 0.3 > /tmp/tmp-2026-07-1303:35:21-0.27828502655029297
Executing cmd: bash NSGA2.sh instance_param2.dat "" 1000000000.0000001 2147483647 371836214 -pc 0.25 -pm 0.3 > /tmp/tmp-2026-07-1303:35:21-0.27828502655029297
Result: instance_param2.dat, 0, -717.59, 0, 371836214
          -> After 1 bonus runs: pc=0.25 pm=0.3 (-701.4615384615385 [based on 13 runs with cutoff 1000000000.0])

now 2026-07-13 03:35:21 -0400; start 2026-07-12 21:39:27 -0400; time-start 21353.344840346; maxWall 8640000.0
now 2026-07-13 03:35:21 -0400; start 2026-07-12 21:39:27 -0400; time-start 21353.344911991; maxWall 8640000.0
now 2026-07-13 03:35:21 -0400; start 2026-07-12 21:39:27 -0400; time-start 21353.344977463; maxWall 8640000.0
now 2026-07-13 03:35:21 -0400; start 2026-07-12 21:39:27 -0400; time-start 21353.345010833; maxWall 8640000.0
now 2026-07-13 03:35:21 -0400; start 2026-07-12 21:39:27 -0400; time-start 21353.345043378; maxWall 8640000.0
now 2026-07-13 03:35:21 -0400; start 2026-07-12 21:39:27 -0400; time-start 21353.345077333; maxWall 8640000.0
now 2026-07-13 03:35:21 -0400; start 2026-07-12 21:39:27 -0400; time-start 21353.345121784; maxWall 8640000.0
    Changing ["pm: 0.3->0.05"], evaluating ...
getAlgoResultsForInstsAndParams.
  Trial 1 for calling: bash NSGA2.sh instance_prob2.dat "" 1000000000.0000001 2147483647 678174566 -pc 0.25 -pm 0.05 > /tmp/tmp-2026-07-1303:35:21-0.35902833938598633
Executing cmd: bash NSGA2.sh instance_prob2.dat "" 1000000000.0000001 2147483647 678174566 -pc 0.25 -pm 0.05 > /tmp/tmp-2026-07-1303:35:21-0.35902833938598633
Result: instance_prob2.dat, 0, -695.75, 0, 678174566
now 2026-07-13 03:38:56 -0400; start 2026-07-12 21:39:27 -0400; time-start 21568.301857596; maxWall 8640000.0
getAlgoResultsForInstsAndParams.
  Trial 1 for calling: bash NSGA2.sh instance_param1.dat "" 1000000000.0000001 2147483647 1180947612 -pc 0.25 -pm 0.05 > /tmp/tmp-2026-07-1303:38:56-0.9237837791442871
Executing cmd: bash NSGA2.sh instance_param1.dat "" 1000000000.0000001 2147483647 1180947612 -pc 0.25 -pm 0.05 > /tmp/tmp-2026-07-1303:38:56-0.9237837791442871
Result: instance_param1.dat, 0, -920.07, 0, 1180947612
now 2026-07-13 03:38:56 -0400; start 2026-07-12 21:39:27 -0400; time-start 21568.382939924; maxWall 8640000.0
getAlgoResultsForInstsAndParams.
  Trial 1 for calling: bash NSGA2.sh instance_prob4.dat "" 1000000000.0000001 2147483647 1841889657 -pc 0.25 -pm 0.05 > /tmp/tmp-2026-07-1303:38:56-0.7036314010620117
Executing cmd: bash NSGA2.sh instance_prob4.dat "" 1000000000.0000001 2147483647 1841889657 -pc 0.25 -pm 0.05 > /tmp/tmp-2026-07-1303:38:56-0.7036314010620117
Result: instance_prob4.dat, 0, -591.79, 0, 1841889657
now 2026-07-13 03:43:21 -0400; start 2026-07-12 21:39:27 -0400; time-start 21833.228593887; maxWall 8640000.0
getAlgoResultsForInstsAndParams.
  Trial 1 for calling: bash NSGA2.sh instance_param2.dat "" 1000000000.0000001 2147483647 1561765848 -pc 0.25 -pm 0.05 > /tmp/tmp-2026-07-1303:43:21-0.22301769256591797
Executing cmd: bash NSGA2.sh instance_param2.dat "" 1000000000.0000001 2147483647 1561765848 -pc 0.25 -pm 0.05 > /tmp/tmp-2026-07-1303:43:21-0.22301769256591797
Result: instance_param2.dat, 0, -717.59, 0, 1561765848
now 2026-07-13 03:43:21 -0400; start 2026-07-12 21:39:27 -0400; time-start 21833.310557868; maxWall 8640000.0
getAlgoResultsForInstsAndParams.
  Trial 1 for calling: bash NSGA2.sh instance_prob1.dat "" 1000000000.0000001 2147483647 331991908 -pc 0.25 -pm 0.05 > /tmp/tmp-2026-07-1303:43:21-0.860295295715332
Executing cmd: bash NSGA2.sh instance_prob1.dat "" 1000000000.0000001 2147483647 331991908 -pc 0.25 -pm 0.05 > /tmp/tmp-2026-07-1303:43:21-0.860295295715332
Result: instance_prob1.dat, 0, -650.27, 0, 331991908
now 2026-07-13 03:46:06 -0400; start 2026-07-12 21:39:27 -0400; time-start 21999.04671678; maxWall 8640000.0
getAlgoResultsForInstsAndParams.
  Trial 1 for calling: bash NSGA2.sh instance_param1.dat "" 1000000000.0000001 2147483647 1367662510 -pc 0.25 -pm 0.05 > /tmp/tmp-2026-07-1303:46:06-0.31740736961364746
Executing cmd: bash NSGA2.sh instance_param1.dat "" 1000000000.0000001 2147483647 1367662510 -pc 0.25 -pm 0.05 > /tmp/tmp-2026-07-1303:46:06-0.31740736961364746
Result: instance_param1.dat, 0, -920.07, 0, 1367662510
now 2026-07-13 03:46:07 -0400; start 2026-07-12 21:39:27 -0400; time-start 21999.126138017; maxWall 8640000.0
getAlgoResultsForInstsAndParams.
  Trial 1 for calling: bash NSGA2.sh instance_prob1.dat "" 1000000000.0000001 2147483647 1970933906 -pc 0.25 -pm 0.05 > /tmp/tmp-2026-07-1303:46:07-0.08306884765625
Executing cmd: bash NSGA2.sh instance_prob1.dat "" 1000000000.0000001 2147483647 1970933906 -pc 0.25 -pm 0.05 > /tmp/tmp-2026-07-1303:46:07-0.08306884765625
Result: instance_prob1.dat, 0, -650.27, 0, 1970933906
now 2026-07-13 03:48:52 -0400; start 2026-07-12 21:39:27 -0400; time-start 22164.491595656; maxWall 8640000.0
getAlgoResultsForInstsAndParams.
  Trial 1 for calling: bash NSGA2.sh instance_prob3.dat "" 1000000000.0000001 2147483647 184242589 -pc 0.25 -pm 0.05 > /tmp/tmp-2026-07-1303:48:52-0.2574462890625
Executing cmd: bash NSGA2.sh instance_prob3.dat "" 1000000000.0000001 2147483647 184242589 -pc 0.25 -pm 0.05 > /tmp/tmp-2026-07-1303:48:52-0.2574462890625
Result: instance_prob3.dat, 0, -577.71, 0, 184242589
now 2026-07-13 03:53:24 -0400; start 2026-07-12 21:39:27 -0400; time-start 22436.726033949; maxWall 8640000.0
getAlgoResultsForInstsAndParams.
  Trial 1 for calling: bash NSGA2.sh instance_prob2.dat "" 1000000000.0000001 2147483647 936818155 -pc 0.25 -pm 0.05 > /tmp/tmp-2026-07-1303:53:24-0.48043036460876465
Executing cmd: bash NSGA2.sh instance_prob2.dat "" 1000000000.0000001 2147483647 936818155 -pc 0.25 -pm 0.05 > /tmp/tmp-2026-07-1303:53:24-0.48043036460876465
Result: instance_prob2.dat, 0, -695.75, 0, 936818155
now 2026-07-13 03:56:47 -0400; start 2026-07-12 21:39:27 -0400; time-start 22639.626006483; maxWall 8640000.0
getAlgoResultsForInstsAndParams.
  Trial 1 for calling: bash NSGA2.sh instance_param3.dat "" 1000000000.0000001 2147483647 579399830 -pc 0.25 -pm 0.05 > /tmp/tmp-2026-07-1303:56:47-0.9559555053710938
Executing cmd: bash NSGA2.sh instance_param3.dat "" 1000000000.0000001 2147483647 579399830 -pc 0.25 -pm 0.05 > /tmp/tmp-2026-07-1303:56:47-0.9559555053710938
Result: instance_param3.dat, 0, -705.56, 0, 579399830
now 2026-07-13 03:56:47 -0400; start 2026-07-12 21:39:27 -0400; time-start 22639.709086907; maxWall 8640000.0
getAlgoResultsForInstsAndParams.
  Trial 1 for calling: bash NSGA2.sh instance_param2.dat "" 1000000000.0000001 2147483647 371836214 -pc 0.25 -pm 0.05 > /tmp/tmp-2026-07-1303:56:47-0.573660135269165
Executing cmd: bash NSGA2.sh instance_param2.dat "" 1000000000.0000001 2147483647 371836214 -pc 0.25 -pm 0.05 > /tmp/tmp-2026-07-1303:56:47-0.573660135269165
Result: instance_param2.dat, 0, -717.59, 0, 371836214
          -> Take improving step to neighbour pc=0.25 pm=0.05 (-701.4615384615385 [based on 13 runs with cutoff 1000000000.0]) with flip 12

          
============= Performing 1 bonus runs of state: pc=0.25 pm=0.05 (-701.4615384615385 [based on 13 runs with cutoff 1000000000.0]) ============ 

now 2026-07-13 03:56:47 -0400; start 2026-07-12 21:39:27 -0400; time-start 22639.795756812; maxWall 8640000.0
State wants more detail (13+1) than incumbent (13), doing incumbent first:
pc=0.25 pm=0.05 (-701.4615384615385 [based on 13 runs with cutoff 1000000000.0])
pc=0.95 pm=0.1 (-701.4615384615385 [based on 13 runs with cutoff 1000000000.0])
getAlgoResultsForInstsAndParams.
  Trial 1 for calling: bash NSGA2.sh instance_prob4.dat "" 1000000000.0000001 2147483647 284264236 -pc 0.95 -pm 0.1 > /tmp/tmp-2026-07-1303:56:47-0.6618838310241699
Executing cmd: bash NSGA2.sh instance_prob4.dat "" 1000000000.0000001 2147483647 284264236 -pc 0.95 -pm 0.1 > /tmp/tmp-2026-07-1303:56:47-0.6618838310241699
Result: instance_prob4.dat, 0, -591.79, 0, 284264236
 Same incumbent, new precision:
New Incumbent: 12.199999999999973, -693.5714285714286 [14, 1000000000.0]. With state pc=0.95, pm=0.1
getAlgoResultsForInstsAndParams.
  Trial 1 for calling: bash NSGA2.sh instance_prob4.dat "" 1000000000.0000001 2147483647 284264236 -pc 0.25 -pm 0.05 > /tmp/tmp-2026-07-1304:01:58-0.771270751953125
Executing cmd: bash NSGA2.sh instance_prob4.dat "" 1000000000.0000001 2147483647 284264236 -pc 0.25 -pm 0.05 > /tmp/tmp-2026-07-1304:01:58-0.771270751953125
Result: instance_prob4.dat, 0, -591.79, 0, 284264236
          -> After 1 bonus runs: pc=0.25 pm=0.05 (-693.5714285714286 [based on 14 runs with cutoff 1000000000.0])

now 2026-07-13 04:06:41 -0400; start 2026-07-12 21:39:27 -0400; time-start 23233.448292451; maxWall 8640000.0
now 2026-07-13 04:06:41 -0400; start 2026-07-12 21:39:27 -0400; time-start 23233.448365132; maxWall 8640000.0
now 2026-07-13 04:06:41 -0400; start 2026-07-12 21:39:27 -0400; time-start 23233.448427846; maxWall 8640000.0
now 2026-07-13 04:06:41 -0400; start 2026-07-12 21:39:27 -0400; time-start 23233.448462262; maxWall 8640000.0
    Changing ["pc: 0.25->0.95"], evaluating ...
getAlgoResultsForInstsAndParams.
  Trial 1 for calling: bash NSGA2.sh instance_prob2.dat "" 1000000000.0000001 2147483647 678174566 -pc 0.95 -pm 0.05 > /tmp/tmp-2026-07-1304:06:41-0.9241199493408203
Executing cmd: bash NSGA2.sh instance_prob2.dat "" 1000000000.0000001 2147483647 678174566 -pc 0.95 -pm 0.05 > /tmp/tmp-2026-07-1304:06:41-0.9241199493408203
Result: instance_prob2.dat, 0, -695.75, 0, 678174566
now 2026-07-13 04:10:07 -0400; start 2026-07-12 21:39:27 -0400; time-start 23439.519771411; maxWall 8640000.0
getAlgoResultsForInstsAndParams.
  Trial 1 for calling: bash NSGA2.sh instance_param1.dat "" 1000000000.0000001 2147483647 1180947612 -pc 0.95 -pm 0.05 > /tmp/tmp-2026-07-1304:10:07-0.12486076354980469
Executing cmd: bash NSGA2.sh instance_param1.dat "" 1000000000.0000001 2147483647 1180947612 -pc 0.95 -pm 0.05 > /tmp/tmp-2026-07-1304:10:07-0.12486076354980469
Result: instance_param1.dat, 0, -920.07, 0, 1180947612
now 2026-07-13 04:10:07 -0400; start 2026-07-12 21:39:27 -0400; time-start 23439.60041457; maxWall 8640000.0
getAlgoResultsForInstsAndParams.
  Trial 1 for calling: bash NSGA2.sh instance_prob4.dat "" 1000000000.0000001 2147483647 1841889657 -pc 0.95 -pm 0.05 > /tmp/tmp-2026-07-1304:10:07-0.5926027297973633
Executing cmd: bash NSGA2.sh instance_prob4.dat "" 1000000000.0000001 2147483647 1841889657 -pc 0.95 -pm 0.05 > /tmp/tmp-2026-07-1304:10:07-0.5926027297973633
Result: instance_prob4.dat, 0, -591.79, 0, 1841889657
now 2026-07-13 04:14:48 -0400; start 2026-07-12 21:39:27 -0400; time-start 23720.660728291; maxWall 8640000.0
getAlgoResultsForInstsAndParams.
  Trial 1 for calling: bash NSGA2.sh instance_param2.dat "" 1000000000.0000001 2147483647 1561765848 -pc 0.95 -pm 0.05 > /tmp/tmp-2026-07-1304:14:48-0.44141149520874023
Executing cmd: bash NSGA2.sh instance_param2.dat "" 1000000000.0000001 2147483647 1561765848 -pc 0.95 -pm 0.05 > /tmp/tmp-2026-07-1304:14:48-0.44141149520874023
Result: instance_param2.dat, 0, -717.59, 0, 1561765848
now 2026-07-13 04:14:48 -0400; start 2026-07-12 21:39:27 -0400; time-start 23720.740565899; maxWall 8640000.0
getAlgoResultsForInstsAndParams.
  Trial 1 for calling: bash NSGA2.sh instance_prob1.dat "" 1000000000.0000001 2147483647 331991908 -pc 0.95 -pm 0.05 > /tmp/tmp-2026-07-1304:14:48-0.1926403045654297
Executing cmd: bash NSGA2.sh instance_prob1.dat "" 1000000000.0000001 2147483647 331991908 -pc 0.95 -pm 0.05 > /tmp/tmp-2026-07-1304:14:48-0.1926403045654297
Result: instance_prob1.dat, 0, -650.27, 0, 331991908
now 2026-07-13 04:17:54 -0400; start 2026-07-12 21:39:27 -0400; time-start 23906.437821532; maxWall 8640000.0
getAlgoResultsForInstsAndParams.
  Trial 1 for calling: bash NSGA2.sh instance_param1.dat "" 1000000000.0000001 2147483647 1367662510 -pc 0.95 -pm 0.05 > /tmp/tmp-2026-07-1304:17:54-0.18517112731933594
Executing cmd: bash NSGA2.sh instance_param1.dat "" 1000000000.0000001 2147483647 1367662510 -pc 0.95 -pm 0.05 > /tmp/tmp-2026-07-1304:17:54-0.18517112731933594
Result: instance_param1.dat, 0, -920.07, 0, 1367662510
now 2026-07-13 04:17:54 -0400; start 2026-07-12 21:39:27 -0400; time-start 23906.519963182; maxWall 8640000.0
getAlgoResultsForInstsAndParams.
  Trial 1 for calling: bash NSGA2.sh instance_prob1.dat "" 1000000000.0000001 2147483647 1970933906 -pc 0.95 -pm 0.05 > /tmp/tmp-2026-07-1304:17:54-0.8844864368438721
Executing cmd: bash NSGA2.sh instance_prob1.dat "" 1000000000.0000001 2147483647 1970933906 -pc 0.95 -pm 0.05 > /tmp/tmp-2026-07-1304:17:54-0.8844864368438721
Result: instance_prob1.dat, 0, -650.27, 0, 1970933906
now 2026-07-13 04:20:48 -0400; start 2026-07-12 21:39:27 -0400; time-start 24080.145039021; maxWall 8640000.0
getAlgoResultsForInstsAndParams.
  Trial 1 for calling: bash NSGA2.sh instance_prob3.dat "" 1000000000.0000001 2147483647 184242589 -pc 0.95 -pm 0.05 > /tmp/tmp-2026-07-1304:20:48-0.6975669860839844
Executing cmd: bash NSGA2.sh instance_prob3.dat "" 1000000000.0000001 2147483647 184242589 -pc 0.95 -pm 0.05 > /tmp/tmp-2026-07-1304:20:48-0.6975669860839844
Result: instance_prob3.dat, 0, -577.71, 0, 184242589
now 2026-07-13 04:25:33 -0400; start 2026-07-12 21:39:27 -0400; time-start 24366.010221729; maxWall 8640000.0
getAlgoResultsForInstsAndParams.
  Trial 1 for calling: bash NSGA2.sh instance_prob2.dat "" 1000000000.0000001 2147483647 936818155 -pc 0.95 -pm 0.05 > /tmp/tmp-2026-07-1304:25:33-0.46758317947387695
Executing cmd: bash NSGA2.sh instance_prob2.dat "" 1000000000.0000001 2147483647 936818155 -pc 0.95 -pm 0.05 > /tmp/tmp-2026-07-1304:25:33-0.46758317947387695
Result: instance_prob2.dat, 0, -695.75, 0, 936818155
now 2026-07-13 04:28:53 -0400; start 2026-07-12 21:39:27 -0400; time-start 24565.91828737; maxWall 8640000.0
getAlgoResultsForInstsAndParams.
  Trial 1 for calling: bash NSGA2.sh instance_param3.dat "" 1000000000.0000001 2147483647 579399830 -pc 0.95 -pm 0.05 > /tmp/tmp-2026-07-1304:28:53-0.9173035621643066
Executing cmd: bash NSGA2.sh instance_param3.dat "" 1000000000.0000001 2147483647 579399830 -pc 0.95 -pm 0.05 > /tmp/tmp-2026-07-1304:28:53-0.9173035621643066
Result: instance_param3.dat, 0, -705.56, 0, 579399830
now 2026-07-13 04:28:53 -0400; start 2026-07-12 21:39:27 -0400; time-start 24565.998819097; maxWall 8640000.0
getAlgoResultsForInstsAndParams.
  Trial 1 for calling: bash NSGA2.sh instance_param2.dat "" 1000000000.0000001 2147483647 371836214 -pc 0.95 -pm 0.05 > /tmp/tmp-2026-07-1304:28:53-0.3396569490432739
Executing cmd: bash NSGA2.sh instance_param2.dat "" 1000000000.0000001 2147483647 371836214 -pc 0.95 -pm 0.05 > /tmp/tmp-2026-07-1304:28:53-0.3396569490432739
Result: instance_param2.dat, 0, -717.59, 0, 371836214
now 2026-07-13 04:28:54 -0400; start 2026-07-12 21:39:27 -0400; time-start 24566.086859102; maxWall 8640000.0
getAlgoResultsForInstsAndParams.
  Trial 1 for calling: bash NSGA2.sh instance_prob4.dat "" 1000000000.0000001 2147483647 284264236 -pc 0.95 -pm 0.05 > /tmp/tmp-2026-07-1304:28:54-0.4010009765625
Executing cmd: bash NSGA2.sh instance_prob4.dat "" 1000000000.0000001 2147483647 284264236 -pc 0.95 -pm 0.05 > /tmp/tmp-2026-07-1304:28:54-0.4010009765625
Result: instance_prob4.dat, 0, -591.79, 0, 284264236
          -> Take improving step to neighbour pc=0.95 pm=0.05 (-693.5714285714286 [based on 14 runs with cutoff 1000000000.0]) with flip 13

          
============= Performing 1 bonus runs of state: pc=0.95 pm=0.05 (-693.5714285714286 [based on 14 runs with cutoff 1000000000.0]) ============ 

now 2026-07-13 04:33:40 -0400; start 2026-07-12 21:39:27 -0400; time-start 24852.949454341; maxWall 8640000.0
State wants more detail (14+1) than incumbent (14), doing incumbent first:
pc=0.95 pm=0.05 (-693.5714285714286 [based on 14 runs with cutoff 1000000000.0])
pc=0.95 pm=0.1 (-693.5714285714286 [based on 14 runs with cutoff 1000000000.0])
getAlgoResultsForInstsAndParams.
  Trial 1 for calling: bash NSGA2.sh instance_prob2.dat "" 1000000000.0000001 2147483647 45849524 -pc 0.95 -pm 0.1 > /tmp/tmp-2026-07-1304:33:40-0.012506604194641113
Executing cmd: bash NSGA2.sh instance_prob2.dat "" 1000000000.0000001 2147483647 45849524 -pc 0.95 -pm 0.1 > /tmp/tmp-2026-07-1304:33:40-0.012506604194641113
Result: instance_prob2.dat, 0, -695.75, 0, 45849524
 Same incumbent, new precision:
New Incumbent: 13.599999999999968, -693.6666666666666 [15, 1000000000.0]. With state pc=0.95, pm=0.1
getAlgoResultsForInstsAndParams.
  Trial 1 for calling: bash NSGA2.sh instance_prob2.dat "" 1000000000.0000001 2147483647 45849524 -pc 0.95 -pm 0.05 > /tmp/tmp-2026-07-1304:37:38-0.6490044593811035
Executing cmd: bash NSGA2.sh instance_prob2.dat "" 1000000000.0000001 2147483647 45849524 -pc 0.95 -pm 0.05 > /tmp/tmp-2026-07-1304:37:38-0.6490044593811035
Result: instance_prob2.dat, 0, -695.75, 0, 45849524
          -> After 1 bonus runs: pc=0.95 pm=0.05 (-693.6666666666666 [based on 15 runs with cutoff 1000000000.0])

now 2026-07-13 04:41:01 -0400; start 2026-07-12 21:39:27 -0400; time-start 25294.073256795; maxWall 8640000.0
now 2026-07-13 04:41:01 -0400; start 2026-07-12 21:39:27 -0400; time-start 25294.073332; maxWall 8640000.0
now 2026-07-13 04:41:01 -0400; start 2026-07-12 21:39:27 -0400; time-start 25294.07339512; maxWall 8640000.0
now 2026-07-13 04:41:01 -0400; start 2026-07-12 21:39:27 -0400; time-start 25294.073431937; maxWall 8640000.0
now 2026-07-13 04:41:01 -0400; start 2026-07-12 21:39:27 -0400; time-start 25294.073465497; maxWall 8640000.0
    Changing ["pm: 0.05->0.5"], evaluating ...
getAlgoResultsForInstsAndParams.
  Trial 1 for calling: bash NSGA2.sh instance_prob3.dat "" 1000000000.0000001 2147483647 2070231575 -pc 0.95 -pm 0.5 > /tmp/tmp-2026-07-1304:41:01-0.677701473236084
Executing cmd: bash NSGA2.sh instance_prob3.dat "" 1000000000.0000001 2147483647 2070231575 -pc 0.95 -pm 0.5 > /tmp/tmp-2026-07-1304:41:01-0.677701473236084
Result: instance_prob3.dat, 0, -577.71, 0, 2070231575
now 2026-07-13 04:55:19 -0400; start 2026-07-12 21:39:27 -0400; time-start 26151.145888713; maxWall 8640000.0
getAlgoResultsForInstsAndParams.
  Trial 1 for calling: bash NSGA2.sh instance_prob2.dat "" 1000000000.0000001 2147483647 678174566 -pc 0.95 -pm 0.5 > /tmp/tmp-2026-07-1304:55:19-0.5324611663818359
Executing cmd: bash NSGA2.sh instance_prob2.dat "" 1000000000.0000001 2147483647 678174566 -pc 0.95 -pm 0.5 > /tmp/tmp-2026-07-1304:55:19-0.5324611663818359
Result: instance_prob2.dat, 0, -695.75, 0, 678174566
now 2026-07-13 05:04:17 -0400; start 2026-07-12 21:39:27 -0400; time-start 26689.562399655; maxWall 8640000.0
getAlgoResultsForInstsAndParams.
  Trial 1 for calling: bash NSGA2.sh instance_param1.dat "" 1000000000.0000001 2147483647 1180947612 -pc 0.95 -pm 0.5 > /tmp/tmp-2026-07-1305:04:17-0.824498176574707
Executing cmd: bash NSGA2.sh instance_param1.dat "" 1000000000.0000001 2147483647 1180947612 -pc 0.95 -pm 0.5 > /tmp/tmp-2026-07-1305:04:17-0.824498176574707
Result: instance_param1.dat, 0, -920.07, 0, 1180947612
now 2026-07-13 05:04:17 -0400; start 2026-07-12 21:39:27 -0400; time-start 26689.646311008; maxWall 8640000.0
getAlgoResultsForInstsAndParams.
  Trial 1 for calling: bash NSGA2.sh instance_prob4.dat "" 1000000000.0000001 2147483647 1841889657 -pc 0.95 -pm 0.5 > /tmp/tmp-2026-07-1305:04:17-0.8517756462097168
Executing cmd: bash NSGA2.sh instance_prob4.dat "" 1000000000.0000001 2147483647 1841889657 -pc 0.95 -pm 0.5 > /tmp/tmp-2026-07-1305:04:17-0.8517756462097168
Result: instance_prob4.dat, 0, -591.79, 0, 1841889657
now 2026-07-13 05:15:02 -0400; start 2026-07-12 21:39:27 -0400; time-start 27334.846452898; maxWall 8640000.0
getAlgoResultsForInstsAndParams.
  Trial 1 for calling: bash NSGA2.sh instance_param2.dat "" 1000000000.0000001 2147483647 1561765848 -pc 0.95 -pm 0.5 > /tmp/tmp-2026-07-1305:15:02-0.4844691753387451
Executing cmd: bash NSGA2.sh instance_param2.dat "" 1000000000.0000001 2147483647 1561765848 -pc 0.95 -pm 0.5 > /tmp/tmp-2026-07-1305:15:02-0.4844691753387451
Result: instance_param2.dat, 0, -717.59, 0, 1561765848
now 2026-07-13 05:15:02 -0400; start 2026-07-12 21:39:27 -0400; time-start 27334.927352441; maxWall 8640000.0
getAlgoResultsForInstsAndParams.
  Trial 1 for calling: bash NSGA2.sh instance_prob1.dat "" 1000000000.0000001 2147483647 331991908 -pc 0.95 -pm 0.5 > /tmp/tmp-2026-07-1305:15:02-0.5390782356262207
Executing cmd: bash NSGA2.sh instance_prob1.dat "" 1000000000.0000001 2147483647 331991908 -pc 0.95 -pm 0.5 > /tmp/tmp-2026-07-1305:15:02-0.5390782356262207
Result: instance_prob1.dat, 0, -650.27, 0, 331991908
now 2026-07-13 05:20:22 -0400; start 2026-07-12 21:39:27 -0400; time-start 27654.957188879; maxWall 8640000.0
getAlgoResultsForInstsAndParams.
  Trial 1 for calling: bash NSGA2.sh instance_param1.dat "" 1000000000.0000001 2147483647 1367662510 -pc 0.95 -pm 0.5 > /tmp/tmp-2026-07-1305:20:22-0.7836036682128906
Executing cmd: bash NSGA2.sh instance_param1.dat "" 1000000000.0000001 2147483647 1367662510 -pc 0.95 -pm 0.5 > /tmp/tmp-2026-07-1305:20:22-0.7836036682128906
Result: instance_param1.dat, 0, -920.07, 0, 1367662510
now 2026-07-13 05:20:22 -0400; start 2026-07-12 21:39:27 -0400; time-start 27655.037203308; maxWall 8640000.0
getAlgoResultsForInstsAndParams.
  Trial 1 for calling: bash NSGA2.sh instance_prob1.dat "" 1000000000.0000001 2147483647 1970933906 -pc 0.95 -pm 0.5 > /tmp/tmp-2026-07-1305:20:22-0.885176420211792
Executing cmd: bash NSGA2.sh instance_prob1.dat "" 1000000000.0000001 2147483647 1970933906 -pc 0.95 -pm 0.5 > /tmp/tmp-2026-07-1305:20:22-0.885176420211792
Result: instance_prob1.dat, 0, -650.27, 0, 1970933906
now 2026-07-13 05:28:16 -0400; start 2026-07-12 21:39:27 -0400; time-start 28128.614223267; maxWall 8640000.0
getAlgoResultsForInstsAndParams.
  Trial 1 for calling: bash NSGA2.sh instance_prob3.dat "" 1000000000.0000001 2147483647 184242589 -pc 0.95 -pm 0.5 > /tmp/tmp-2026-07-1305:28:16-0.464552640914917
Executing cmd: bash NSGA2.sh instance_prob3.dat "" 1000000000.0000001 2147483647 184242589 -pc 0.95 -pm 0.5 > /tmp/tmp-2026-07-1305:28:16-0.464552640914917
Result: instance_prob3.dat, 0, -577.71, 0, 184242589
now 2026-07-13 05:38:26 -0400; start 2026-07-12 21:39:27 -0400; time-start 28738.435921437; maxWall 8640000.0
getAlgoResultsForInstsAndParams.
  Trial 1 for calling: bash NSGA2.sh instance_prob2.dat "" 1000000000.0000001 2147483647 936818155 -pc 0.95 -pm 0.5 > /tmp/tmp-2026-07-1305:38:26-0.7664122581481934
Executing cmd: bash NSGA2.sh instance_prob2.dat "" 1000000000.0000001 2147483647 936818155 -pc 0.95 -pm 0.5 > /tmp/tmp-2026-07-1305:38:26-0.7664122581481934
Result: instance_prob2.dat, 0, -695.75, 0, 936818155
now 2026-07-13 05:49:06 -0400; start 2026-07-12 21:39:27 -0400; time-start 29378.410181895; maxWall 8640000.0
getAlgoResultsForInstsAndParams.
  Trial 1 for calling: bash NSGA2.sh instance_param3.dat "" 1000000000.0000001 2147483647 579399830 -pc 0.95 -pm 0.5 > /tmp/tmp-2026-07-1305:49:06-0.33322715759277344
Executing cmd: bash NSGA2.sh instance_param3.dat "" 1000000000.0000001 2147483647 579399830 -pc 0.95 -pm 0.5 > /tmp/tmp-2026-07-1305:49:06-0.33322715759277344
Result: instance_param3.dat, 0, -705.56, 0, 579399830
now 2026-07-13 05:49:06 -0400; start 2026-07-12 21:39:27 -0400; time-start 29378.497611466; maxWall 8640000.0
getAlgoResultsForInstsAndParams.
  Trial 1 for calling: bash NSGA2.sh instance_param2.dat "" 1000000000.0000001 2147483647 371836214 -pc 0.95 -pm 0.5 > /tmp/tmp-2026-07-1305:49:06-0.26296186447143555
Executing cmd: bash NSGA2.sh instance_param2.dat "" 1000000000.0000001 2147483647 371836214 -pc 0.95 -pm 0.5 > /tmp/tmp-2026-07-1305:49:06-0.26296186447143555
Result: instance_param2.dat, 0, -717.59, 0, 371836214
now 2026-07-13 05:49:06 -0400; start 2026-07-12 21:39:27 -0400; time-start 29378.583554121; maxWall 8640000.0
getAlgoResultsForInstsAndParams.
  Trial 1 for calling: bash NSGA2.sh instance_prob4.dat "" 1000000000.0000001 2147483647 284264236 -pc 0.95 -pm 0.5 > /tmp/tmp-2026-07-1305:49:06-0.6879794597625732
Executing cmd: bash NSGA2.sh instance_prob4.dat "" 1000000000.0000001 2147483647 284264236 -pc 0.95 -pm 0.5 > /tmp/tmp-2026-07-1305:49:06-0.6879794597625732
Result: instance_prob4.dat, 0, -591.79, 0, 284264236
now 2026-07-13 06:00:02 -0400; start 2026-07-12 21:39:27 -0400; time-start 30034.452200041; maxWall 8640000.0
getAlgoResultsForInstsAndParams.
  Trial 1 for calling: bash NSGA2.sh instance_prob2.dat "" 1000000000.0000001 2147483647 45849524 -pc 0.95 -pm 0.5 > /tmp/tmp-2026-07-1306:00:02-0.18175649642944336
Executing cmd: bash NSGA2.sh instance_prob2.dat "" 1000000000.0000001 2147483647 45849524 -pc 0.95 -pm 0.5 > /tmp/tmp-2026-07-1306:00:02-0.18175649642944336
Result: instance_prob2.dat, 0, -695.75, 0, 45849524
          -> Take improving step to neighbour pc=0.95 pm=0.5 (-693.6666666666666 [based on 15 runs with cutoff 1000000000.0]) with flip 14

          
============= Performing 1 bonus runs of state: pc=0.95 pm=0.5 (-693.6666666666666 [based on 15 runs with cutoff 1000000000.0]) ============ 

now 2026-07-13 06:10:50 -0400; start 2026-07-12 21:39:27 -0400; time-start 30682.181643128; maxWall 8640000.0
State wants more detail (15+1) than incumbent (15), doing incumbent first:
pc=0.95 pm=0.5 (-693.6666666666666 [based on 15 runs with cutoff 1000000000.0])
pc=0.95 pm=0.1 (-693.6666666666666 [based on 15 runs with cutoff 1000000000.0])
getAlgoResultsForInstsAndParams.
  Trial 1 for calling: bash NSGA2.sh instance_prob3.dat "" 1000000000.0000001 2147483647 1729884984 -pc 0.95 -pm 0.1 > /tmp/tmp-2026-07-1306:10:50-0.21842002868652344
Executing cmd: bash NSGA2.sh instance_prob3.dat "" 1000000000.0000001 2147483647 1729884984 -pc 0.95 -pm 0.1 > /tmp/tmp-2026-07-1306:10:50-0.21842002868652344
Result: instance_prob3.dat, 0, -577.71, 0, 1729884984
 Same incumbent, new precision:
New Incumbent: 15.199999999999962, -686.375 [16, 1000000000.0]. With state pc=0.95, pm=0.1
getAlgoResultsForInstsAndParams.
  Trial 1 for calling: bash NSGA2.sh instance_prob3.dat "" 1000000000.0000001 2147483647 1729884984 -pc 0.95 -pm 0.5 > /tmp/tmp-2026-07-1306:16:24-0.9746031761169434
Executing cmd: bash NSGA2.sh instance_prob3.dat "" 1000000000.0000001 2147483647 1729884984 -pc 0.95 -pm 0.5 > /tmp/tmp-2026-07-1306:16:24-0.9746031761169434
Result: instance_prob3.dat, 0, -577.71, 0, 1729884984
          -> After 1 bonus runs: pc=0.95 pm=0.5 (-686.375 [based on 16 runs with cutoff 1000000000.0])

now 2026-07-13 06:33:22 -0400; start 2026-07-12 21:39:27 -0400; time-start 32034.111693773; maxWall 8640000.0
now 2026-07-13 06:33:22 -0400; start 2026-07-12 21:39:27 -0400; time-start 32034.111765358; maxWall 8640000.0
now 2026-07-13 06:33:22 -0400; start 2026-07-12 21:39:27 -0400; time-start 32034.111828993; maxWall 8640000.0
    Changing ["pc: 0.95->0.25"], evaluating ...
getAlgoResultsForInstsAndParams.
  Trial 1 for calling: bash NSGA2.sh instance_param3.dat "" 1000000000.0000001 2147483647 76593332 -pc 0.25 -pm 0.5 > /tmp/tmp-2026-07-1306:33:22-0.07736587524414062
Executing cmd: bash NSGA2.sh instance_param3.dat "" 1000000000.0000001 2147483647 76593332 -pc 0.25 -pm 0.5 > /tmp/tmp-2026-07-1306:33:22-0.07736587524414062
Result: instance_param3.dat, 0, -705.56, 0, 76593332
now 2026-07-13 06:33:22 -0400; start 2026-07-12 21:39:27 -0400; time-start 32034.195489471; maxWall 8640000.0
getAlgoResultsForInstsAndParams.
  Trial 1 for calling: bash NSGA2.sh instance_prob3.dat "" 1000000000.0000001 2147483647 2070231575 -pc 0.25 -pm 0.5 > /tmp/tmp-2026-07-1306:33:22-0.8351383209228516
Executing cmd: bash NSGA2.sh instance_prob3.dat "" 1000000000.0000001 2147483647 2070231575 -pc 0.25 -pm 0.5 > /tmp/tmp-2026-07-1306:33:22-0.8351383209228516
Result: instance_prob3.dat, 0, -577.71, 0, 2070231575
now 2026-07-13 06:44:27 -0400; start 2026-07-12 21:39:27 -0400; time-start 32699.400138371; maxWall 8640000.0
getAlgoResultsForInstsAndParams.
  Trial 1 for calling: bash NSGA2.sh instance_prob2.dat "" 1000000000.0000001 2147483647 678174566 -pc 0.25 -pm 0.5 > /tmp/tmp-2026-07-1306:44:27-0.6598567962646484
Executing cmd: bash NSGA2.sh instance_prob2.dat "" 1000000000.0000001 2147483647 678174566 -pc 0.25 -pm 0.5 > /tmp/tmp-2026-07-1306:44:27-0.6598567962646484
Result: instance_prob2.dat, 0, -695.75, 0, 678174566
now 2026-07-13 06:53:53 -0400; start 2026-07-12 21:39:27 -0400; time-start 33265.456435483; maxWall 8640000.0
getAlgoResultsForInstsAndParams.
  Trial 1 for calling: bash NSGA2.sh instance_param1.dat "" 1000000000.0000001 2147483647 1180947612 -pc 0.25 -pm 0.5 > /tmp/tmp-2026-07-1306:53:53-0.029938220977783203
Executing cmd: bash NSGA2.sh instance_param1.dat "" 1000000000.0000001 2147483647 1180947612 -pc 0.25 -pm 0.5 > /tmp/tmp-2026-07-1306:53:53-0.029938220977783203
Result: instance_param1.dat, 0, -920.07, 0, 1180947612
now 2026-07-13 06:53:53 -0400; start 2026-07-12 21:39:27 -0400; time-start 33265.539868825; maxWall 8640000.0
getAlgoResultsForInstsAndParams.
  Trial 1 for calling: bash NSGA2.sh instance_prob4.dat "" 1000000000.0000001 2147483647 1841889657 -pc 0.25 -pm 0.5 > /tmp/tmp-2026-07-1306:53:53-0.3880493640899658
Executing cmd: bash NSGA2.sh instance_prob4.dat "" 1000000000.0000001 2147483647 1841889657 -pc 0.25 -pm 0.5 > /tmp/tmp-2026-07-1306:53:53-0.3880493640899658
Result: instance_prob4.dat, 0, -591.79, 0, 1841889657
now 2026-07-13 07:04:28 -0400; start 2026-07-12 21:39:27 -0400; time-start 33900.606958384; maxWall 8640000.0
getAlgoResultsForInstsAndParams.
  Trial 1 for calling: bash NSGA2.sh instance_param2.dat "" 1000000000.0000001 2147483647 1561765848 -pc 0.25 -pm 0.5 > /tmp/tmp-2026-07-1307:04:28-0.9263477325439453
Executing cmd: bash NSGA2.sh instance_param2.dat "" 1000000000.0000001 2147483647 1561765848 -pc 0.25 -pm 0.5 > /tmp/tmp-2026-07-1307:04:28-0.9263477325439453
Result: instance_param2.dat, 0, -717.59, 0, 1561765848
now 2026-07-13 07:04:28 -0400; start 2026-07-12 21:39:27 -0400; time-start 33900.694883577; maxWall 8640000.0
getAlgoResultsForInstsAndParams.
  Trial 1 for calling: bash NSGA2.sh instance_prob1.dat "" 1000000000.0000001 2147483647 331991908 -pc 0.25 -pm 0.5 > /tmp/tmp-2026-07-1307:04:28-0.23023247718811035
Executing cmd: bash NSGA2.sh instance_prob1.dat "" 1000000000.0000001 2147483647 331991908 -pc 0.25 -pm 0.5 > /tmp/tmp-2026-07-1307:04:28-0.23023247718811035
Result: instance_prob1.dat, 0, -650.27, 0, 331991908
now 2026-07-13 07:11:10 -0400; start 2026-07-12 21:39:27 -0400; time-start 34302.738309629; maxWall 8640000.0
getAlgoResultsForInstsAndParams.
  Trial 1 for calling: bash NSGA2.sh instance_param1.dat "" 1000000000.0000001 2147483647 1367662510 -pc 0.25 -pm 0.5 > /tmp/tmp-2026-07-1307:11:10-0.6105704307556152
Executing cmd: bash NSGA2.sh instance_param1.dat "" 1000000000.0000001 2147483647 1367662510 -pc 0.25 -pm 0.5 > /tmp/tmp-2026-07-1307:11:10-0.6105704307556152
Result: instance_param1.dat, 0, -920.07, 0, 1367662510
now 2026-07-13 07:11:10 -0400; start 2026-07-12 21:39:27 -0400; time-start 34302.824828697; maxWall 8640000.0
getAlgoResultsForInstsAndParams.
  Trial 1 for calling: bash NSGA2.sh instance_prob1.dat "" 1000000000.0000001 2147483647 1970933906 -pc 0.25 -pm 0.5 > /tmp/tmp-2026-07-1307:11:10-0.8384904861450195
Executing cmd: bash NSGA2.sh instance_prob1.dat "" 1000000000.0000001 2147483647 1970933906 -pc 0.25 -pm 0.5 > /tmp/tmp-2026-07-1307:11:10-0.8384904861450195
Result: instance_prob1.dat, 0, -650.27, 0, 1970933906
now 2026-07-13 07:21:36 -0400; start 2026-07-12 21:39:27 -0400; time-start 34928.265926337; maxWall 8640000.0
getAlgoResultsForInstsAndParams.
  Trial 1 for calling: bash NSGA2.sh instance_prob3.dat "" 1000000000.0000001 2147483647 184242589 -pc 0.25 -pm 0.5 > /tmp/tmp-2026-07-1307:21:36-0.5416765213012695
Executing cmd: bash NSGA2.sh instance_prob3.dat "" 1000000000.0000001 2147483647 184242589 -pc 0.25 -pm 0.5 > /tmp/tmp-2026-07-1307:21:36-0.5416765213012695
Result: instance_prob3.dat, 0, -577.71, 0, 184242589
now 2026-07-13 07:30:47 -0400; start 2026-07-12 21:39:27 -0400; time-start 35479.554954418; maxWall 8640000.0
getAlgoResultsForInstsAndParams.
  Trial 1 for calling: bash NSGA2.sh instance_prob2.dat "" 1000000000.0000001 2147483647 936818155 -pc 0.25 -pm 0.5 > /tmp/tmp-2026-07-1307:30:47-0.3456900119781494
Executing cmd: bash NSGA2.sh instance_prob2.dat "" 1000000000.0000001 2147483647 936818155 -pc 0.25 -pm 0.5 > /tmp/tmp-2026-07-1307:30:47-0.3456900119781494
Result: instance_prob2.dat, 0, -695.75, 0, 936818155
now 2026-07-13 07:42:02 -0400; start 2026-07-12 21:39:27 -0400; time-start 36154.578659124; maxWall 8640000.0
getAlgoResultsForInstsAndParams.
  Trial 1 for calling: bash NSGA2.sh instance_param3.dat "" 1000000000.0000001 2147483647 579399830 -pc 0.25 -pm 0.5 > /tmp/tmp-2026-07-1307:42:02-0.07820630073547363
Executing cmd: bash NSGA2.sh instance_param3.dat "" 1000000000.0000001 2147483647 579399830 -pc 0.25 -pm 0.5 > /tmp/tmp-2026-07-1307:42:02-0.07820630073547363
Result: instance_param3.dat, 0, -705.56, 0, 579399830
now 2026-07-13 07:42:02 -0400; start 2026-07-12 21:39:27 -0400; time-start 36154.664483187; maxWall 8640000.0
getAlgoResultsForInstsAndParams.
  Trial 1 for calling: bash NSGA2.sh instance_param2.dat "" 1000000000.0000001 2147483647 371836214 -pc 0.25 -pm 0.5 > /tmp/tmp-2026-07-1307:42:02-0.4153439998626709
Executing cmd: bash NSGA2.sh instance_param2.dat "" 1000000000.0000001 2147483647 371836214 -pc 0.25 -pm 0.5 > /tmp/tmp-2026-07-1307:42:02-0.4153439998626709
Result: instance_param2.dat, 0, -717.59, 0, 371836214
now 2026-07-13 07:42:02 -0400; start 2026-07-12 21:39:27 -0400; time-start 36154.750119749; maxWall 8640000.0
getAlgoResultsForInstsAndParams.
  Trial 1 for calling: bash NSGA2.sh instance_prob4.dat "" 1000000000.0000001 2147483647 284264236 -pc 0.25 -pm 0.5 > /tmp/tmp-2026-07-1307:42:02-0.28243565559387207
Executing cmd: bash NSGA2.sh instance_prob4.dat "" 1000000000.0000001 2147483647 284264236 -pc 0.25 -pm 0.5 > /tmp/tmp-2026-07-1307:42:02-0.28243565559387207
Result: instance_prob4.dat, 0, -591.79, 0, 284264236
now 2026-07-13 07:51:47 -0400; start 2026-07-12 21:39:27 -0400; time-start 36739.509057076; maxWall 8640000.0
getAlgoResultsForInstsAndParams.
  Trial 1 for calling: bash NSGA2.sh instance_prob2.dat "" 1000000000.0000001 2147483647 45849524 -pc 0.25 -pm 0.5 > /tmp/tmp-2026-07-1307:51:47-0.2646017074584961
Executing cmd: bash NSGA2.sh instance_prob2.dat "" 1000000000.0000001 2147483647 45849524 -pc 0.25 -pm 0.5 > /tmp/tmp-2026-07-1307:51:47-0.2646017074584961
Result: instance_prob2.dat, 0, -695.75, 0, 45849524
now 2026-07-13 08:01:32 -0400; start 2026-07-12 21:39:27 -0400; time-start 37324.877480165; maxWall 8640000.0
getAlgoResultsForInstsAndParams.
  Trial 1 for calling: bash NSGA2.sh instance_prob3.dat "" 1000000000.0000001 2147483647 1729884984 -pc 0.25 -pm 0.5 > /tmp/tmp-2026-07-1308:01:32-0.8246517181396484
Executing cmd: bash NSGA2.sh instance_prob3.dat "" 1000000000.0000001 2147483647 1729884984 -pc 0.25 -pm 0.5 > /tmp/tmp-2026-07-1308:01:32-0.8246517181396484
Result: instance_prob3.dat, 0, -577.71, 0, 1729884984
          -> Take improving step to neighbour pc=0.25 pm=0.5 (-686.375 [based on 16 runs with cutoff 1000000000.0]) with flip 15

          
============= Performing 1 bonus runs of state: pc=0.25 pm=0.5 (-686.375 [based on 16 runs with cutoff 1000000000.0]) ============ 

now 2026-07-13 08:11:57 -0400; start 2026-07-12 21:39:27 -0400; time-start 37949.266999071; maxWall 8640000.0
State wants more detail (16+1) than incumbent (16), doing incumbent first:
pc=0.25 pm=0.5 (-686.375 [based on 16 runs with cutoff 1000000000.0])
pc=0.95 pm=0.1 (-686.375 [based on 16 runs with cutoff 1000000000.0])
getAlgoResultsForInstsAndParams.
  Trial 1 for calling: bash NSGA2.sh instance_param2.dat "" 1000000000.0000001 2147483647 1526896590 -pc 0.95 -pm 0.1 > /tmp/tmp-2026-07-1308:11:57-0.8919944763183594
Executing cmd: bash NSGA2.sh instance_param2.dat "" 1000000000.0000001 2147483647 1526896590 -pc 0.95 -pm 0.1 > /tmp/tmp-2026-07-1308:11:57-0.8919944763183594
Result: instance_param2.dat, 0, -717.59, 0, 1526896590
 Same incumbent, new precision:
New Incumbent: 16.99999999999997, -688.1764705882352 [17, 1000000000.0]. With state pc=0.95, pm=0.1
getAlgoResultsForInstsAndParams.
  Trial 1 for calling: bash NSGA2.sh instance_param2.dat "" 1000000000.0000001 2147483647 1526896590 -pc 0.25 -pm 0.5 > /tmp/tmp-2026-07-1308:11:57-0.512275218963623
Executing cmd: bash NSGA2.sh instance_param2.dat "" 1000000000.0000001 2147483647 1526896590 -pc 0.25 -pm 0.5 > /tmp/tmp-2026-07-1308:11:57-0.512275218963623
Result: instance_param2.dat, 0, -717.59, 0, 1526896590
          -> After 1 bonus runs: pc=0.25 pm=0.5 (-688.1764705882352 [based on 17 runs with cutoff 1000000000.0])

now 2026-07-13 08:11:57 -0400; start 2026-07-12 21:39:27 -0400; time-start 37949.438490079; maxWall 8640000.0
now 2026-07-13 08:11:57 -0400; start 2026-07-12 21:39:27 -0400; time-start 37949.4385627; maxWall 8640000.0
now 2026-07-13 08:11:57 -0400; start 2026-07-12 21:39:27 -0400; time-start 37949.438627274; maxWall 8640000.0
now 2026-07-13 08:11:57 -0400; start 2026-07-12 21:39:27 -0400; time-start 37949.43866212; maxWall 8640000.0
now 2026-07-13 08:11:57 -0400; start 2026-07-12 21:39:27 -0400; time-start 37949.43869303; maxWall 8640000.0
now 2026-07-13 08:11:57 -0400; start 2026-07-12 21:39:27 -0400; time-start 37949.43872488; maxWall 8640000.0
now 2026-07-13 08:11:57 -0400; start 2026-07-12 21:39:27 -0400; time-start 37949.438755776; maxWall 8640000.0
now 2026-07-13 08:11:57 -0400; start 2026-07-12 21:39:27 -0400; time-start 37949.438787346; maxWall 8640000.0
    Changing ["pc: 0.25->0.8"], evaluating ...
getAlgoResultsForInstsAndParams.
  Trial 1 for calling: bash NSGA2.sh instance_param3.dat "" 1000000000.0000001 2147483647 76593332 -pc 0.8 -pm 0.5 > /tmp/tmp-2026-07-1308:11:57-0.28666019439697266
Executing cmd: bash NSGA2.sh instance_param3.dat "" 1000000000.0000001 2147483647 76593332 -pc 0.8 -pm 0.5 > /tmp/tmp-2026-07-1308:11:57-0.28666019439697266
Result: instance_param3.dat, 0, -705.56, 0, 76593332
now 2026-07-13 08:11:57 -0400; start 2026-07-12 21:39:27 -0400; time-start 37949.526793597; maxWall 8640000.0
getAlgoResultsForInstsAndParams.
  Trial 1 for calling: bash NSGA2.sh instance_prob3.dat "" 1000000000.0000001 2147483647 2070231575 -pc 0.8 -pm 0.5 > /tmp/tmp-2026-07-1308:11:57-0.6438500881195068
Executing cmd: bash NSGA2.sh instance_prob3.dat "" 1000000000.0000001 2147483647 2070231575 -pc 0.8 -pm 0.5 > /tmp/tmp-2026-07-1308:11:57-0.6438500881195068
Result: instance_prob3.dat, 0, -577.71, 0, 2070231575
now 2026-07-13 08:22:12 -0400; start 2026-07-12 21:39:27 -0400; time-start 38564.487999535; maxWall 8640000.0
getAlgoResultsForInstsAndParams.
  Trial 1 for calling: bash NSGA2.sh instance_prob2.dat "" 1000000000.0000001 2147483647 678174566 -pc 0.8 -pm 0.5 > /tmp/tmp-2026-07-1308:22:12-0.8564572334289551
Executing cmd: bash NSGA2.sh instance_prob2.dat "" 1000000000.0000001 2147483647 678174566 -pc 0.8 -pm 0.5 > /tmp/tmp-2026-07-1308:22:12-0.8564572334289551
Result: instance_prob2.dat, 0, -695.75, 0, 678174566
now 2026-07-13 08:32:42 -0400; start 2026-07-12 21:39:27 -0400; time-start 39194.632413209; maxWall 8640000.0
getAlgoResultsForInstsAndParams.
  Trial 1 for calling: bash NSGA2.sh instance_param1.dat "" 1000000000.0000001 2147483647 1180947612 -pc 0.8 -pm 0.5 > /tmp/tmp-2026-07-1308:32:42-0.7247965335845947
Executing cmd: bash NSGA2.sh instance_param1.dat "" 1000000000.0000001 2147483647 1180947612 -pc 0.8 -pm 0.5 > /tmp/tmp-2026-07-1308:32:42-0.7247965335845947
Result: instance_param1.dat, 0, -920.07, 0, 1180947612
now 2026-07-13 08:32:42 -0400; start 2026-07-12 21:39:27 -0400; time-start 39194.717820775; maxWall 8640000.0
getAlgoResultsForInstsAndParams.
  Trial 1 for calling: bash NSGA2.sh instance_prob4.dat "" 1000000000.0000001 2147483647 1841889657 -pc 0.8 -pm 0.5 > /tmp/tmp-2026-07-1308:32:42-0.6237976551055908
Executing cmd: bash NSGA2.sh instance_prob4.dat "" 1000000000.0000001 2147483647 1841889657 -pc 0.8 -pm 0.5 > /tmp/tmp-2026-07-1308:32:42-0.6237976551055908
Result: instance_prob4.dat, 0, -591.79, 0, 1841889657
now 2026-07-13 08:42:00 -0400; start 2026-07-12 21:39:27 -0400; time-start 39752.169565636; maxWall 8640000.0
getAlgoResultsForInstsAndParams.
  Trial 1 for calling: bash NSGA2.sh instance_param2.dat "" 1000000000.0000001 2147483647 1561765848 -pc 0.8 -pm 0.5 > /tmp/tmp-2026-07-1308:42:00-0.5235958099365234
Executing cmd: bash NSGA2.sh instance_param2.dat "" 1000000000.0000001 2147483647 1561765848 -pc 0.8 -pm 0.5 > /tmp/tmp-2026-07-1308:42:00-0.5235958099365234
Result: instance_param2.dat, 0, -717.59, 0, 1561765848
now 2026-07-13 08:42:00 -0400; start 2026-07-12 21:39:27 -0400; time-start 39752.256403615; maxWall 8640000.0
getAlgoResultsForInstsAndParams.
  Trial 1 for calling: bash NSGA2.sh instance_prob1.dat "" 1000000000.0000001 2147483647 331991908 -pc 0.8 -pm 0.5 > /tmp/tmp-2026-07-1308:42:00-0.9222021102905273
Executing cmd: bash NSGA2.sh instance_prob1.dat "" 1000000000.0000001 2147483647 331991908 -pc 0.8 -pm 0.5 > /tmp/tmp-2026-07-1308:42:00-0.9222021102905273
Result: instance_prob1.dat, 0, -650.27, 0, 331991908
now 2026-07-13 08:47:22 -0400; start 2026-07-12 21:39:27 -0400; time-start 40074.59688157; maxWall 8640000.0
getAlgoResultsForInstsAndParams.
  Trial 1 for calling: bash NSGA2.sh instance_param1.dat "" 1000000000.0000001 2147483647 1367662510 -pc 0.8 -pm 0.5 > /tmp/tmp-2026-07-1308:47:22-0.6731970310211182
Executing cmd: bash NSGA2.sh instance_param1.dat "" 1000000000.0000001 2147483647 1367662510 -pc 0.8 -pm 0.5 > /tmp/tmp-2026-07-1308:47:22-0.6731970310211182
Result: instance_param1.dat, 0, -920.07, 0, 1367662510
now 2026-07-13 08:47:22 -0400; start 2026-07-12 21:39:27 -0400; time-start 40074.683180617; maxWall 8640000.0
getAlgoResultsForInstsAndParams.
  Trial 1 for calling: bash NSGA2.sh instance_prob1.dat "" 1000000000.0000001 2147483647 1970933906 -pc 0.8 -pm 0.5 > /tmp/tmp-2026-07-1308:47:22-0.8204371929168701
Executing cmd: bash NSGA2.sh instance_prob1.dat "" 1000000000.0000001 2147483647 1970933906 -pc 0.8 -pm 0.5 > /tmp/tmp-2026-07-1308:47:22-0.8204371929168701
Result: instance_prob1.dat, 0, -650.27, 0, 1970933906
now 2026-07-13 08:54:55 -0400; start 2026-07-12 21:39:27 -0400; time-start 40527.235247471; maxWall 8640000.0
getAlgoResultsForInstsAndParams.
  Trial 1 for calling: bash NSGA2.sh instance_prob3.dat "" 1000000000.0000001 2147483647 184242589 -pc 0.8 -pm 0.5 > /tmp/tmp-2026-07-1308:54:55-0.019865036010742188
Executing cmd: bash NSGA2.sh instance_prob3.dat "" 1000000000.0000001 2147483647 184242589 -pc 0.8 -pm 0.5 > /tmp/tmp-2026-07-1308:54:55-0.019865036010742188
Result: instance_prob3.dat, 0, -577.71, 0, 184242589
now 2026-07-13 09:08:30 -0400; start 2026-07-12 21:39:27 -0400; time-start 41342.809550265; maxWall 8640000.0
getAlgoResultsForInstsAndParams.
  Trial 1 for calling: bash NSGA2.sh instance_prob2.dat "" 1000000000.0000001 2147483647 936818155 -pc 0.8 -pm 0.5 > /tmp/tmp-2026-07-1309:08:30-0.5823216438293457
Executing cmd: bash NSGA2.sh instance_prob2.dat "" 1000000000.0000001 2147483647 936818155 -pc 0.8 -pm 0.5 > /tmp/tmp-2026-07-1309:08:30-0.5823216438293457
Result: instance_prob2.dat, 0, -695.75, 0, 936818155
now 2026-07-13 09:18:08 -0400; start 2026-07-12 21:39:27 -0400; time-start 41921.024023172; maxWall 8640000.0
getAlgoResultsForInstsAndParams.
  Trial 1 for calling: bash NSGA2.sh instance_param3.dat "" 1000000000.0000001 2147483647 579399830 -pc 0.8 -pm 0.5 > /tmp/tmp-2026-07-1309:18:08-0.26505422592163086
Executing cmd: bash NSGA2.sh instance_param3.dat "" 1000000000.0000001 2147483647 579399830 -pc 0.8 -pm 0.5 > /tmp/tmp-2026-07-1309:18:08-0.26505422592163086
Result: instance_param3.dat, 0, -705.56, 0, 579399830
now 2026-07-13 09:18:09 -0400; start 2026-07-12 21:39:27 -0400; time-start 41921.110670695; maxWall 8640000.0
getAlgoResultsForInstsAndParams.
  Trial 1 for calling: bash NSGA2.sh instance_param2.dat "" 1000000000.0000001 2147483647 371836214 -pc 0.8 -pm 0.5 > /tmp/tmp-2026-07-1309:18:09-0.16706085205078125
Executing cmd: bash NSGA2.sh instance_param2.dat "" 1000000000.0000001 2147483647 371836214 -pc 0.8 -pm 0.5 > /tmp/tmp-2026-07-1309:18:09-0.16706085205078125
Result: instance_param2.dat, 0, -717.59, 0, 371836214
now 2026-07-13 09:18:09 -0400; start 2026-07-12 21:39:27 -0400; time-start 41921.196775987; maxWall 8640000.0
getAlgoResultsForInstsAndParams.
  Trial 1 for calling: bash NSGA2.sh instance_prob4.dat "" 1000000000.0000001 2147483647 284264236 -pc 0.8 -pm 0.5 > /tmp/tmp-2026-07-1309:18:09-0.7570972442626953
Executing cmd: bash NSGA2.sh instance_prob4.dat "" 1000000000.0000001 2147483647 284264236 -pc 0.8 -pm 0.5 > /tmp/tmp-2026-07-1309:18:09-0.7570972442626953
Result: instance_prob4.dat, 0, -591.79, 0, 284264236
now 2026-07-13 09:28:24 -0400; start 2026-07-12 21:39:27 -0400; time-start 42536.486892324; maxWall 8640000.0
getAlgoResultsForInstsAndParams.
  Trial 1 for calling: bash NSGA2.sh instance_prob2.dat "" 1000000000.0000001 2147483647 45849524 -pc 0.8 -pm 0.5 > /tmp/tmp-2026-07-1309:28:24-0.7859768867492676
Executing cmd: bash NSGA2.sh instance_prob2.dat "" 1000000000.0000001 2147483647 45849524 -pc 0.8 -pm 0.5 > /tmp/tmp-2026-07-1309:28:24-0.7859768867492676
Result: instance_prob2.dat, 0, -695.75, 0, 45849524
now 2026-07-13 09:38:57 -0400; start 2026-07-12 21:39:27 -0400; time-start 43170.000738851; maxWall 8640000.0
getAlgoResultsForInstsAndParams.
  Trial 1 for calling: bash NSGA2.sh instance_prob3.dat "" 1000000000.0000001 2147483647 1729884984 -pc 0.8 -pm 0.5 > /tmp/tmp-2026-07-1309:38:57-0.370908260345459
Executing cmd: bash NSGA2.sh instance_prob3.dat "" 1000000000.0000001 2147483647 1729884984 -pc 0.8 -pm 0.5 > /tmp/tmp-2026-07-1309:38:57-0.370908260345459
Result: instance_prob3.dat, 0, -577.71, 0, 1729884984
now 2026-07-13 09:48:35 -0400; start 2026-07-12 21:39:27 -0400; time-start 43747.820193411; maxWall 8640000.0
getAlgoResultsForInstsAndParams.
  Trial 1 for calling: bash NSGA2.sh instance_param2.dat "" 1000000000.0000001 2147483647 1526896590 -pc 0.8 -pm 0.5 > /tmp/tmp-2026-07-1309:48:35-0.8714466094970703
Executing cmd: bash NSGA2.sh instance_param2.dat "" 1000000000.0000001 2147483647 1526896590 -pc 0.8 -pm 0.5 > /tmp/tmp-2026-07-1309:48:35-0.8714466094970703
Result: instance_param2.dat, 0, -717.59, 0, 1526896590
          -> Take improving step to neighbour pc=0.8 pm=0.5 (-688.1764705882352 [based on 17 runs with cutoff 1000000000.0]) with flip 16

          
============= Performing 1 bonus runs of state: pc=0.8 pm=0.5 (-688.1764705882352 [based on 17 runs with cutoff 1000000000.0]) ============ 

now 2026-07-13 09:48:35 -0400; start 2026-07-12 21:39:27 -0400; time-start 43747.901646284; maxWall 8640000.0
State wants more detail (17+1) than incumbent (17), doing incumbent first:
pc=0.8 pm=0.5 (-688.1764705882352 [based on 17 runs with cutoff 1000000000.0])
pc=0.95 pm=0.1 (-688.1764705882352 [based on 17 runs with cutoff 1000000000.0])
getAlgoResultsForInstsAndParams.
  Trial 1 for calling: bash NSGA2.sh instance_prob1.dat "" 1000000000.0000001 2147483647 1374493268 -pc 0.95 -pm 0.1 > /tmp/tmp-2026-07-1309:48:35-0.8232100009918213
Executing cmd: bash NSGA2.sh instance_prob1.dat "" 1000000000.0000001 2147483647 1374493268 -pc 0.95 -pm 0.1 > /tmp/tmp-2026-07-1309:48:35-0.8232100009918213
Result: instance_prob1.dat, 0, -650.27, 0, 1374493268
 Same incumbent, new precision:
New Incumbent: 18.9, -686.0555555555555 [18, 1000000000.0]. With state pc=0.95, pm=0.1
getAlgoResultsForInstsAndParams.
  Trial 1 for calling: bash NSGA2.sh instance_prob1.dat "" 1000000000.0000001 2147483647 1374493268 -pc 0.8 -pm 0.5 > /tmp/tmp-2026-07-1309:51:44-0.7518961429595947
Executing cmd: bash NSGA2.sh instance_prob1.dat "" 1000000000.0000001 2147483647 1374493268 -pc 0.8 -pm 0.5 > /tmp/tmp-2026-07-1309:51:44-0.7518961429595947
Result: instance_prob1.dat, 0, -650.27, 0, 1374493268
          -> After 1 bonus runs: pc=0.8 pm=0.5 (-686.0555555555555 [based on 18 runs with cutoff 1000000000.0])

now 2026-07-13 09:58:00 -0400; start 2026-07-12 21:39:27 -0400; time-start 44313.008712206; maxWall 8640000.0
now 2026-07-13 09:58:00 -0400; start 2026-07-12 21:39:27 -0400; time-start 44313.008785791; maxWall 8640000.0
    Changing ["pm: 0.5->0.1"], evaluating ...
getAlgoResultsForInstsAndParams.
  Trial 1 for calling: bash NSGA2.sh instance_prob2.dat "" 1000000000.0000001 2147483647 678174566 -pc 0.8 -pm 0.1 > /tmp/tmp-2026-07-1309:58:00-0.017942070960998535
Executing cmd: bash NSGA2.sh instance_prob2.dat "" 1000000000.0000001 2147483647 678174566 -pc 0.8 -pm 0.1 > /tmp/tmp-2026-07-1309:58:00-0.017942070960998535
Result: instance_prob2.dat, 0, -695.75, 0, 678174566
now 2026-07-13 10:02:10 -0400; start 2026-07-12 21:39:27 -0400; time-start 44562.302873467; maxWall 8640000.0
getAlgoResultsForInstsAndParams.
  Trial 1 for calling: bash NSGA2.sh instance_param1.dat "" 1000000000.0000001 2147483647 1180947612 -pc 0.8 -pm 0.1 > /tmp/tmp-2026-07-1310:02:10-0.21589231491088867
Executing cmd: bash NSGA2.sh instance_param1.dat "" 1000000000.0000001 2147483647 1180947612 -pc 0.8 -pm 0.1 > /tmp/tmp-2026-07-1310:02:10-0.21589231491088867
Result: instance_param1.dat, 0, -920.07, 0, 1180947612
now 2026-07-13 10:02:10 -0400; start 2026-07-12 21:39:27 -0400; time-start 44562.382070279; maxWall 8640000.0
getAlgoResultsForInstsAndParams.
  Trial 1 for calling: bash NSGA2.sh instance_prob4.dat "" 1000000000.0000001 2147483647 1841889657 -pc 0.8 -pm 0.1 > /tmp/tmp-2026-07-1310:02:10-0.9092392921447754
Executing cmd: bash NSGA2.sh instance_prob4.dat "" 1000000000.0000001 2147483647 1841889657 -pc 0.8 -pm 0.1 > /tmp/tmp-2026-07-1310:02:10-0.9092392921447754
Result: instance_prob4.dat, 0, -591.79, 0, 1841889657
now 2026-07-13 10:07:24 -0400; start 2026-07-12 21:39:27 -0400; time-start 44876.530917352; maxWall 8640000.0
getAlgoResultsForInstsAndParams.
  Trial 1 for calling: bash NSGA2.sh instance_param2.dat "" 1000000000.0000001 2147483647 1561765848 -pc 0.8 -pm 0.1 > /tmp/tmp-2026-07-1310:07:24-0.5143179893493652
Executing cmd: bash NSGA2.sh instance_param2.dat "" 1000000000.0000001 2147483647 1561765848 -pc 0.8 -pm 0.1 > /tmp/tmp-2026-07-1310:07:24-0.5143179893493652
Result: instance_param2.dat, 0, -717.59, 0, 1561765848
now 2026-07-13 10:07:24 -0400; start 2026-07-12 21:39:27 -0400; time-start 44876.6108079; maxWall 8640000.0
getAlgoResultsForInstsAndParams.
  Trial 1 for calling: bash NSGA2.sh instance_prob1.dat "" 1000000000.0000001 2147483647 331991908 -pc 0.8 -pm 0.1 > /tmp/tmp-2026-07-1310:07:24-0.512516975402832
Executing cmd: bash NSGA2.sh instance_prob1.dat "" 1000000000.0000001 2147483647 331991908 -pc 0.8 -pm 0.1 > /tmp/tmp-2026-07-1310:07:24-0.512516975402832
Result: instance_prob1.dat, 0, -650.27, 0, 331991908
now 2026-07-13 10:10:56 -0400; start 2026-07-12 21:39:27 -0400; time-start 45088.590504821; maxWall 8640000.0
getAlgoResultsForInstsAndParams.
  Trial 1 for calling: bash NSGA2.sh instance_param1.dat "" 1000000000.0000001 2147483647 1367662510 -pc 0.8 -pm 0.1 > /tmp/tmp-2026-07-1310:10:56-0.842043399810791
Executing cmd: bash NSGA2.sh instance_param1.dat "" 1000000000.0000001 2147483647 1367662510 -pc 0.8 -pm 0.1 > /tmp/tmp-2026-07-1310:10:56-0.842043399810791
Result: instance_param1.dat, 0, -920.07, 0, 1367662510
now 2026-07-13 10:10:56 -0400; start 2026-07-12 21:39:27 -0400; time-start 45088.673545566; maxWall 8640000.0
getAlgoResultsForInstsAndParams.
  Trial 1 for calling: bash NSGA2.sh instance_prob1.dat "" 1000000000.0000001 2147483647 1970933906 -pc 0.8 -pm 0.1 > /tmp/tmp-2026-07-1310:10:56-0.3088819980621338
Executing cmd: bash NSGA2.sh instance_prob1.dat "" 1000000000.0000001 2147483647 1970933906 -pc 0.8 -pm 0.1 > /tmp/tmp-2026-07-1310:10:56-0.3088819980621338
Result: instance_prob1.dat, 0, -650.27, 0, 1970933906
now 2026-07-13 10:14:14 -0400; start 2026-07-12 21:39:27 -0400; time-start 45286.344518821; maxWall 8640000.0
getAlgoResultsForInstsAndParams.
  Trial 1 for calling: bash NSGA2.sh instance_prob3.dat "" 1000000000.0000001 2147483647 184242589 -pc 0.8 -pm 0.1 > /tmp/tmp-2026-07-1310:14:14-0.5000820159912109
Executing cmd: bash NSGA2.sh instance_prob3.dat "" 1000000000.0000001 2147483647 184242589 -pc 0.8 -pm 0.1 > /tmp/tmp-2026-07-1310:14:14-0.5000820159912109
Result: instance_prob3.dat, 0, -577.71, 0, 184242589
now 2026-07-13 10:19:33 -0400; start 2026-07-12 21:39:27 -0400; time-start 45605.703550679; maxWall 8640000.0
getAlgoResultsForInstsAndParams.
  Trial 1 for calling: bash NSGA2.sh instance_prob2.dat "" 1000000000.0000001 2147483647 936818155 -pc 0.8 -pm 0.1 > /tmp/tmp-2026-07-1310:19:33-0.5453767776489258
Executing cmd: bash NSGA2.sh instance_prob2.dat "" 1000000000.0000001 2147483647 936818155 -pc 0.8 -pm 0.1 > /tmp/tmp-2026-07-1310:19:33-0.5453767776489258
Result: instance_prob2.dat, 0, -695.75, 0, 936818155
now 2026-07-13 10:23:44 -0400; start 2026-07-12 21:39:27 -0400; time-start 45856.30905202; maxWall 8640000.0
getAlgoResultsForInstsAndParams.
  Trial 1 for calling: bash NSGA2.sh instance_param3.dat "" 1000000000.0000001 2147483647 579399830 -pc 0.8 -pm 0.1 > /tmp/tmp-2026-07-1310:23:44-0.6117949485778809
Executing cmd: bash NSGA2.sh instance_param3.dat "" 1000000000.0000001 2147483647 579399830 -pc 0.8 -pm 0.1 > /tmp/tmp-2026-07-1310:23:44-0.6117949485778809
Result: instance_param3.dat, 0, -705.56, 0, 579399830
now 2026-07-13 10:23:44 -0400; start 2026-07-12 21:39:27 -0400; time-start 45856.391337569; maxWall 8640000.0
getAlgoResultsForInstsAndParams.
  Trial 1 for calling: bash NSGA2.sh instance_param2.dat "" 1000000000.0000001 2147483647 371836214 -pc 0.8 -pm 0.1 > /tmp/tmp-2026-07-1310:23:44-0.8090238571166992
Executing cmd: bash NSGA2.sh instance_param2.dat "" 1000000000.0000001 2147483647 371836214 -pc 0.8 -pm 0.1 > /tmp/tmp-2026-07-1310:23:44-0.8090238571166992
Result: instance_param2.dat, 0, -717.59, 0, 371836214
201/100000, 20.100000000000016/100000000.0
now 2026-07-13 10:23:44 -0400; start 2026-07-12 21:39:27 -0400; time-start 45856.476733686; maxWall 8640000.0
getAlgoResultsForInstsAndParams.
  Trial 1 for calling: bash NSGA2.sh instance_prob4.dat "" 1000000000.0000001 2147483647 284264236 -pc 0.8 -pm 0.1 > /tmp/tmp-2026-07-1310:23:44-0.3521413803100586
Executing cmd: bash NSGA2.sh instance_prob4.dat "" 1000000000.0000001 2147483647 284264236 -pc 0.8 -pm 0.1 > /tmp/tmp-2026-07-1310:23:44-0.3521413803100586
Result: instance_prob4.dat, 0, -591.79, 0, 284264236
now 2026-07-13 10:28:56 -0400; start 2026-07-12 21:39:27 -0400; time-start 46168.976876874; maxWall 8640000.0
getAlgoResultsForInstsAndParams.
  Trial 1 for calling: bash NSGA2.sh instance_prob2.dat "" 1000000000.0000001 2147483647 45849524 -pc 0.8 -pm 0.1 > /tmp/tmp-2026-07-1310:28:56-0.2827486991882324
Executing cmd: bash NSGA2.sh instance_prob2.dat "" 1000000000.0000001 2147483647 45849524 -pc 0.8 -pm 0.1 > /tmp/tmp-2026-07-1310:28:56-0.2827486991882324
Result: instance_prob2.dat, 0, -695.75, 0, 45849524
now 2026-07-13 10:33:06 -0400; start 2026-07-12 21:39:27 -0400; time-start 46418.858843704; maxWall 8640000.0
getAlgoResultsForInstsAndParams.
  Trial 1 for calling: bash NSGA2.sh instance_prob3.dat "" 1000000000.0000001 2147483647 1729884984 -pc 0.8 -pm 0.1 > /tmp/tmp-2026-07-1310:33:06-0.7618138790130615
Executing cmd: bash NSGA2.sh instance_prob3.dat "" 1000000000.0000001 2147483647 1729884984 -pc 0.8 -pm 0.1 > /tmp/tmp-2026-07-1310:33:06-0.7618138790130615
Result: instance_prob3.dat, 0, -577.71, 0, 1729884984
now 2026-07-13 10:38:41 -0400; start 2026-07-12 21:39:27 -0400; time-start 46753.177056423; maxWall 8640000.0
getAlgoResultsForInstsAndParams.
  Trial 1 for calling: bash NSGA2.sh instance_param2.dat "" 1000000000.0000001 2147483647 1526896590 -pc 0.8 -pm 0.1 > /tmp/tmp-2026-07-1310:38:41-0.5403003692626953
Executing cmd: bash NSGA2.sh instance_param2.dat "" 1000000000.0000001 2147483647 1526896590 -pc 0.8 -pm 0.1 > /tmp/tmp-2026-07-1310:38:41-0.5403003692626953
Result: instance_param2.dat, 0, -717.59, 0, 1526896590
now 2026-07-13 10:38:41 -0400; start 2026-07-12 21:39:27 -0400; time-start 46753.253127199; maxWall 8640000.0
getAlgoResultsForInstsAndParams.
  Trial 1 for calling: bash NSGA2.sh instance_prob1.dat "" 1000000000.0000001 2147483647 1374493268 -pc 0.8 -pm 0.1 > /tmp/tmp-2026-07-1310:38:41-0.2656288146972656
Executing cmd: bash NSGA2.sh instance_prob1.dat "" 1000000000.0000001 2147483647 1374493268 -pc 0.8 -pm 0.1 > /tmp/tmp-2026-07-1310:38:41-0.2656288146972656
Result: instance_prob1.dat, 0, -650.27, 0, 1374493268
          -> Take improving step to neighbour pc=0.8 pm=0.1 (-686.0555555555555 [based on 18 runs with cutoff 1000000000.0]) with flip 17

          
============= Performing 1 bonus runs of state: pc=0.8 pm=0.1 (-686.0555555555555 [based on 18 runs with cutoff 1000000000.0]) ============ 

now 2026-07-13 10:41:49 -0400; start 2026-07-12 21:39:27 -0400; time-start 46941.897208435; maxWall 8640000.0
State wants more detail (18+1) than incumbent (18), doing incumbent first:
pc=0.8 pm=0.1 (-686.0555555555555 [based on 18 runs with cutoff 1000000000.0])
pc=0.95 pm=0.1 (-686.0555555555555 [based on 18 runs with cutoff 1000000000.0])
getAlgoResultsForInstsAndParams.
  Trial 1 for calling: bash NSGA2.sh instance_param3.dat "" 1000000000.0000001 2147483647 1189509930 -pc 0.95 -pm 0.1 > /tmp/tmp-2026-07-1310:41:49-0.9778809547424316
Executing cmd: bash NSGA2.sh instance_param3.dat "" 1000000000.0000001 2147483647 1189509930 -pc 0.95 -pm 0.1 > /tmp/tmp-2026-07-1310:41:49-0.9778809547424316
Result: instance_param3.dat, 0, -705.56, 0, 1189509930
 Same incumbent, new precision:
New Incumbent: 20.700000000000024, -687.0526315789474 [19, 1000000000.0]. With state pc=0.95, pm=0.1
getAlgoResultsForInstsAndParams.
  Trial 1 for calling: bash NSGA2.sh instance_param3.dat "" 1000000000.0000001 2147483647 1189509930 -pc 0.8 -pm 0.1 > /tmp/tmp-2026-07-1310:41:49-0.8969815969467163
Executing cmd: bash NSGA2.sh instance_param3.dat "" 1000000000.0000001 2147483647 1189509930 -pc 0.8 -pm 0.1 > /tmp/tmp-2026-07-1310:41:49-0.8969815969467163
Result: instance_param3.dat, 0, -705.56, 0, 1189509930
          -> After 1 bonus runs: pc=0.8 pm=0.1 (-687.0526315789474 [based on 19 runs with cutoff 1000000000.0])

now 2026-07-13 10:41:49 -0400; start 2026-07-12 21:39:27 -0400; time-start 46942.064959438; maxWall 8640000.0
now 2026-07-13 10:41:49 -0400; start 2026-07-12 21:39:27 -0400; time-start 46942.065031155; maxWall 8640000.0
    Changing ["pm: 0.1->0.05"], evaluating ...
getAlgoResultsForInstsAndParams.
  Trial 1 for calling: bash NSGA2.sh instance_param3.dat "" 1000000000.0000001 2147483647 76593332 -pc 0.8 -pm 0.05 > /tmp/tmp-2026-07-1310:41:49-0.45063698291778564
Executing cmd: bash NSGA2.sh instance_param3.dat "" 1000000000.0000001 2147483647 76593332 -pc 0.8 -pm 0.05 > /tmp/tmp-2026-07-1310:41:49-0.45063698291778564
Result: instance_param3.dat, 0, -705.56, 0, 76593332
now 2026-07-13 10:41:50 -0400; start 2026-07-12 21:39:27 -0400; time-start 46942.148875449; maxWall 8640000.0
getAlgoResultsForInstsAndParams.
  Trial 1 for calling: bash NSGA2.sh instance_prob3.dat "" 1000000000.0000001 2147483647 2070231575 -pc 0.8 -pm 0.05 > /tmp/tmp-2026-07-1310:41:50-0.31777191162109375
Executing cmd: bash NSGA2.sh instance_prob3.dat "" 1000000000.0000001 2147483647 2070231575 -pc 0.8 -pm 0.05 > /tmp/tmp-2026-07-1310:41:50-0.31777191162109375
Result: instance_prob3.dat, 0, -577.71, 0, 2070231575
now 2026-07-13 10:46:37 -0400; start 2026-07-12 21:39:27 -0400; time-start 47229.243817057; maxWall 8640000.0
getAlgoResultsForInstsAndParams.
  Trial 1 for calling: bash NSGA2.sh instance_prob2.dat "" 1000000000.0000001 2147483647 678174566 -pc 0.8 -pm 0.05 > /tmp/tmp-2026-07-1310:46:37-0.0863790512084961
Executing cmd: bash NSGA2.sh instance_prob2.dat "" 1000000000.0000001 2147483647 678174566 -pc 0.8 -pm 0.05 > /tmp/tmp-2026-07-1310:46:37-0.0863790512084961
Result: instance_prob2.dat, 0, -695.75, 0, 678174566
now 2026-07-13 10:50:01 -0400; start 2026-07-12 21:39:27 -0400; time-start 47433.325293232; maxWall 8640000.0
getAlgoResultsForInstsAndParams.
  Trial 1 for calling: bash NSGA2.sh instance_param1.dat "" 1000000000.0000001 2147483647 1180947612 -pc 0.8 -pm 0.05 > /tmp/tmp-2026-07-1310:50:01-0.48386478424072266
Executing cmd: bash NSGA2.sh instance_param1.dat "" 1000000000.0000001 2147483647 1180947612 -pc 0.8 -pm 0.05 > /tmp/tmp-2026-07-1310:50:01-0.48386478424072266
Result: instance_param1.dat, 0, -920.07, 0, 1180947612
now 2026-07-13 10:50:01 -0400; start 2026-07-12 21:39:27 -0400; time-start 47433.40745409; maxWall 8640000.0
getAlgoResultsForInstsAndParams.
  Trial 1 for calling: bash NSGA2.sh instance_prob4.dat "" 1000000000.0000001 2147483647 1841889657 -pc 0.8 -pm 0.05 > /tmp/tmp-2026-07-1310:50:01-0.10269927978515625
Executing cmd: bash NSGA2.sh instance_prob4.dat "" 1000000000.0000001 2147483647 1841889657 -pc 0.8 -pm 0.05 > /tmp/tmp-2026-07-1310:50:01-0.10269927978515625
Result: instance_prob4.dat, 0, -591.79, 0, 1841889657
now 2026-07-13 10:54:52 -0400; start 2026-07-12 21:39:27 -0400; time-start 47724.730498293; maxWall 8640000.0
getAlgoResultsForInstsAndParams.
  Trial 1 for calling: bash NSGA2.sh instance_param2.dat "" 1000000000.0000001 2147483647 1561765848 -pc 0.8 -pm 0.05 > /tmp/tmp-2026-07-1310:54:52-0.8483054637908936
Executing cmd: bash NSGA2.sh instance_param2.dat "" 1000000000.0000001 2147483647 1561765848 -pc 0.8 -pm 0.05 > /tmp/tmp-2026-07-1310:54:52-0.8483054637908936
Result: instance_param2.dat, 0, -717.59, 0, 1561765848
now 2026-07-13 10:54:52 -0400; start 2026-07-12 21:39:27 -0400; time-start 47724.809439072; maxWall 8640000.0
getAlgoResultsForInstsAndParams.
  Trial 1 for calling: bash NSGA2.sh instance_prob1.dat "" 1000000000.0000001 2147483647 331991908 -pc 0.8 -pm 0.05 > /tmp/tmp-2026-07-1310:54:52-0.3518962860107422
Executing cmd: bash NSGA2.sh instance_prob1.dat "" 1000000000.0000001 2147483647 331991908 -pc 0.8 -pm 0.05 > /tmp/tmp-2026-07-1310:54:52-0.3518962860107422
Result: instance_prob1.dat, 0, -650.27, 0, 331991908
now 2026-07-13 10:57:54 -0400; start 2026-07-12 21:39:27 -0400; time-start 47906.416397435; maxWall 8640000.0
getAlgoResultsForInstsAndParams.
  Trial 1 for calling: bash NSGA2.sh instance_param1.dat "" 1000000000.0000001 2147483647 1367662510 -pc 0.8 -pm 0.05 > /tmp/tmp-2026-07-1310:57:54-0.1913013458251953
Executing cmd: bash NSGA2.sh instance_param1.dat "" 1000000000.0000001 2147483647 1367662510 -pc 0.8 -pm 0.05 > /tmp/tmp-2026-07-1310:57:54-0.1913013458251953
Result: instance_param1.dat, 0, -920.07, 0, 1367662510
now 2026-07-13 10:57:54 -0400; start 2026-07-12 21:39:27 -0400; time-start 47906.497794954; maxWall 8640000.0
getAlgoResultsForInstsAndParams.
  Trial 1 for calling: bash NSGA2.sh instance_prob1.dat "" 1000000000.0000001 2147483647 1970933906 -pc 0.8 -pm 0.05 > /tmp/tmp-2026-07-1310:57:54-0.9183645248413086
Executing cmd: bash NSGA2.sh instance_prob1.dat "" 1000000000.0000001 2147483647 1970933906 -pc 0.8 -pm 0.05 > /tmp/tmp-2026-07-1310:57:54-0.9183645248413086
Result: instance_prob1.dat, 0, -650.27, 0, 1970933906
now 2026-07-13 11:00:53 -0400; start 2026-07-12 21:39:27 -0400; time-start 48085.772579074; maxWall 8640000.0
getAlgoResultsForInstsAndParams.
  Trial 1 for calling: bash NSGA2.sh instance_prob3.dat "" 1000000000.0000001 2147483647 184242589 -pc 0.8 -pm 0.05 > /tmp/tmp-2026-07-1311:00:53-0.17020678520202637
Executing cmd: bash NSGA2.sh instance_prob3.dat "" 1000000000.0000001 2147483647 184242589 -pc 0.8 -pm 0.05 > /tmp/tmp-2026-07-1311:00:53-0.17020678520202637
Result: instance_prob3.dat, 0, -577.71, 0, 184242589
now 2026-07-13 11:05:36 -0400; start 2026-07-12 21:39:27 -0400; time-start 48368.577749603; maxWall 8640000.0
getAlgoResultsForInstsAndParams.
  Trial 1 for calling: bash NSGA2.sh instance_prob2.dat "" 1000000000.0000001 2147483647 936818155 -pc 0.8 -pm 0.05 > /tmp/tmp-2026-07-1311:05:36-0.6929779052734375
Executing cmd: bash NSGA2.sh instance_prob2.dat "" 1000000000.0000001 2147483647 936818155 -pc 0.8 -pm 0.05 > /tmp/tmp-2026-07-1311:05:36-0.6929779052734375
Result: instance_prob2.dat, 0, -695.75, 0, 936818155
now 2026-07-13 11:09:30 -0400; start 2026-07-12 21:39:27 -0400; time-start 48602.74136344; maxWall 8640000.0
getAlgoResultsForInstsAndParams.
  Trial 1 for calling: bash NSGA2.sh instance_param3.dat "" 1000000000.0000001 2147483647 579399830 -pc 0.8 -pm 0.05 > /tmp/tmp-2026-07-1311:09:30-0.9292981624603271
Executing cmd: bash NSGA2.sh instance_param3.dat "" 1000000000.0000001 2147483647 579399830 -pc 0.8 -pm 0.05 > /tmp/tmp-2026-07-1311:09:30-0.9292981624603271
Result: instance_param3.dat, 0, -705.56, 0, 579399830
now 2026-07-13 11:09:30 -0400; start 2026-07-12 21:39:27 -0400; time-start 48602.819780761; maxWall 8640000.0
getAlgoResultsForInstsAndParams.
  Trial 1 for calling: bash NSGA2.sh instance_param2.dat "" 1000000000.0000001 2147483647 371836214 -pc 0.8 -pm 0.05 > /tmp/tmp-2026-07-1311:09:30-0.008611440658569336
Executing cmd: bash NSGA2.sh instance_param2.dat "" 1000000000.0000001 2147483647 371836214 -pc 0.8 -pm 0.05 > /tmp/tmp-2026-07-1311:09:30-0.008611440658569336
Result: instance_param2.dat, 0, -717.59, 0, 371836214
now 2026-07-13 11:09:30 -0400; start 2026-07-12 21:39:27 -0400; time-start 48602.905116271; maxWall 8640000.0
getAlgoResultsForInstsAndParams.
  Trial 1 for calling: bash NSGA2.sh instance_prob4.dat "" 1000000000.0000001 2147483647 284264236 -pc 0.8 -pm 0.05 > /tmp/tmp-2026-07-1311:09:30-0.4838244915008545
Executing cmd: bash NSGA2.sh instance_prob4.dat "" 1000000000.0000001 2147483647 284264236 -pc 0.8 -pm 0.05 > /tmp/tmp-2026-07-1311:09:30-0.4838244915008545
Result: instance_prob4.dat, 0, -591.79, 0, 284264236
now 2026-07-13 11:14:00 -0400; start 2026-07-12 21:39:27 -0400; time-start 48873.060906086; maxWall 8640000.0
getAlgoResultsForInstsAndParams.
  Trial 1 for calling: bash NSGA2.sh instance_prob2.dat "" 1000000000.0000001 2147483647 45849524 -pc 0.8 -pm 0.05 > /tmp/tmp-2026-07-1311:14:00-0.9159564971923828
Executing cmd: bash NSGA2.sh instance_prob2.dat "" 1000000000.0000001 2147483647 45849524 -pc 0.8 -pm 0.05 > /tmp/tmp-2026-07-1311:14:00-0.9159564971923828
Result: instance_prob2.dat, 0, -695.75, 0, 45849524
now 2026-07-13 11:17:32 -0400; start 2026-07-12 21:39:27 -0400; time-start 49084.782034369; maxWall 8640000.0
getAlgoResultsForInstsAndParams.
  Trial 1 for calling: bash NSGA2.sh instance_prob3.dat "" 1000000000.0000001 2147483647 1729884984 -pc 0.8 -pm 0.05 > /tmp/tmp-2026-07-1311:17:32-0.9300808906555176
Executing cmd: bash NSGA2.sh instance_prob3.dat "" 1000000000.0000001 2147483647 1729884984 -pc 0.8 -pm 0.05 > /tmp/tmp-2026-07-1311:17:32-0.9300808906555176
Result: instance_prob3.dat, 0, -577.71, 0, 1729884984
now 2026-07-13 11:22:18 -0400; start 2026-07-12 21:39:27 -0400; time-start 49370.279030824; maxWall 8640000.0
getAlgoResultsForInstsAndParams.
  Trial 1 for calling: bash NSGA2.sh instance_param2.dat "" 1000000000.0000001 2147483647 1526896590 -pc 0.8 -pm 0.05 > /tmp/tmp-2026-07-1311:22:18-0.5283002853393555
Executing cmd: bash NSGA2.sh instance_param2.dat "" 1000000000.0000001 2147483647 1526896590 -pc 0.8 -pm 0.05 > /tmp/tmp-2026-07-1311:22:18-0.5283002853393555
Result: instance_param2.dat, 0, -717.59, 0, 1526896590
now 2026-07-13 11:22:18 -0400; start 2026-07-12 21:39:27 -0400; time-start 49370.359579846; maxWall 8640000.0
getAlgoResultsForInstsAndParams.
  Trial 1 for calling: bash NSGA2.sh instance_prob1.dat "" 1000000000.0000001 2147483647 1374493268 -pc 0.8 -pm 0.05 > /tmp/tmp-2026-07-1311:22:18-0.7150449752807617
Executing cmd: bash NSGA2.sh instance_prob1.dat "" 1000000000.0000001 2147483647 1374493268 -pc 0.8 -pm 0.05 > /tmp/tmp-2026-07-1311:22:18-0.7150449752807617
Result: instance_prob1.dat, 0, -650.27, 0, 1374493268
now 2026-07-13 11:25:13 -0400; start 2026-07-12 21:39:27 -0400; time-start 49545.561646475; maxWall 8640000.0
getAlgoResultsForInstsAndParams.
  Trial 1 for calling: bash NSGA2.sh instance_param3.dat "" 1000000000.0000001 2147483647 1189509930 -pc 0.8 -pm 0.05 > /tmp/tmp-2026-07-1311:25:13-0.1790316104888916
Executing cmd: bash NSGA2.sh instance_param3.dat "" 1000000000.0000001 2147483647 1189509930 -pc 0.8 -pm 0.05 > /tmp/tmp-2026-07-1311:25:13-0.1790316104888916
Result: instance_param3.dat, 0, -705.56, 0, 1189509930
          -> Take improving step to neighbour pc=0.8 pm=0.05 (-687.0526315789474 [based on 19 runs with cutoff 1000000000.0]) with flip 18

          
============= Performing 1 bonus runs of state: pc=0.8 pm=0.05 (-687.0526315789474 [based on 19 runs with cutoff 1000000000.0]) ============ 

now 2026-07-13 11:25:13 -0400; start 2026-07-12 21:39:27 -0400; time-start 49545.643365181; maxWall 8640000.0
State wants more detail (19+1) than incumbent (19), doing incumbent first:
pc=0.8 pm=0.05 (-687.0526315789474 [based on 19 runs with cutoff 1000000000.0])
pc=0.95 pm=0.1 (-687.0526315789474 [based on 19 runs with cutoff 1000000000.0])
getAlgoResultsForInstsAndParams.
  Trial 1 for calling: bash NSGA2.sh instance_prob4.dat "" 1000000000.0000001 2147483647 1289636003 -pc 0.95 -pm 0.1 > /tmp/tmp-2026-07-1311:25:13-0.04777717590332031
Executing cmd: bash NSGA2.sh instance_prob4.dat "" 1000000000.0000001 2147483647 1289636003 -pc 0.95 -pm 0.1 > /tmp/tmp-2026-07-1311:25:13-0.04777717590332031
Result: instance_prob4.dat, 0, -591.79, 0, 1289636003
 Same incumbent, new precision:
New Incumbent: 22.800000000000054, -682.25 [20, 1000000000.0]. With state pc=0.95, pm=0.1
getAlgoResultsForInstsAndParams.
  Trial 1 for calling: bash NSGA2.sh instance_prob4.dat "" 1000000000.0000001 2147483647 1289636003 -pc 0.8 -pm 0.05 > /tmp/tmp-2026-07-1311:30:27-0.21099090576171875
Executing cmd: bash NSGA2.sh instance_prob4.dat "" 1000000000.0000001 2147483647 1289636003 -pc 0.8 -pm 0.05 > /tmp/tmp-2026-07-1311:30:27-0.21099090576171875
Result: instance_prob4.dat, 0, -591.79, 0, 1289636003
          -> After 1 bonus runs: pc=0.8 pm=0.05 (-682.25 [based on 20 runs with cutoff 1000000000.0])

now 2026-07-13 11:35:04 -0400; start 2026-07-12 21:39:27 -0400; time-start 50136.780525797; maxWall 8640000.0
now 2026-07-13 11:35:04 -0400; start 2026-07-12 21:39:27 -0400; time-start 50136.780593487; maxWall 8640000.0
now 2026-07-13 11:35:04 -0400; start 2026-07-12 21:39:27 -0400; time-start 50136.780655707; maxWall 8640000.0
now 2026-07-13 11:35:04 -0400; start 2026-07-12 21:39:27 -0400; time-start 50136.780688322; maxWall 8640000.0
now 2026-07-13 11:35:04 -0400; start 2026-07-12 21:39:27 -0400; time-start 50136.780718772; maxWall 8640000.0
now 2026-07-13 11:35:04 -0400; start 2026-07-12 21:39:27 -0400; time-start 50136.780748813; maxWall 8640000.0
now 2026-07-13 11:35:04 -0400; start 2026-07-12 21:39:27 -0400; time-start 50136.780777549; maxWall 8640000.0
now 2026-07-13 11:35:04 -0400; start 2026-07-12 21:39:27 -0400; time-start 50136.780806733; maxWall 8640000.0
          
============= Performing 0 bonus runs of state: pc=0.8 pm=0.05 (-682.25 [based on 20 runs with cutoff 1000000000.0]) ============ 

          -> After 0 bonus runs for LM: pc=0.8 pm=0.05 (-682.25 [based on 20 runs with cutoff 1000000000.0])

   LM for iteration 1: pc=0.8 pm=0.05 (-682.25 [based on 20 runs with cutoff 1000000000.0])

========== DETAILED RESULTS (iteration 1): ==========
[["instance_param3.dat", 0.0, -705, 0.0, 76593332], ["instance_param3.dat", 0.0, -705, 0.0, 579399830], ["instance_param3.dat", 0.0, -705, 0.0, 1189509930]]
[["instance_prob3.dat", 0.0, -577, 0.0, 2070231575], ["instance_prob3.dat", 0.0, -577, 0.0, 184242589], ["instance_prob3.dat", 0.0, -577, 0.0, 1729884984]]
[["instance_prob2.dat", 0.0, -695, 0.0, 678174566], ["instance_prob2.dat", 0.0, -695, 0.0, 936818155], ["instance_prob2.dat", 0.0, -695, 0.0, 45849524]]
[["instance_param1.dat", 0.0, -920, 0.0, 1180947612], ["instance_param1.dat", 0.0, -920, 0.0, 1367662510]]
[["instance_prob4.dat", 0.0, -591, 0.0, 1841889657], ["instance_prob4.dat", 0.0, -591, 0.0, 284264236], ["instance_prob4.dat", 0.0, -591, 0.0, 1289636003]]
[["instance_param2.dat", 0.0, -717, 0.0, 1561765848], ["instance_param2.dat", 0.0, -717, 0.0, 371836214], ["instance_param2.dat", 0.0, -717, 0.0, 1526896590]]
[["instance_prob1.dat", 0.0, -650, 0.0, 331991908], ["instance_prob1.dat", 0.0, -650, 0.0, 1970933906], ["instance_prob1.dat", 0.0, -650, 0.0, 1374493268]]
instance_param3.dat: -705		[based on 3 runs]
instance_prob3.dat: -577		[based on 3 runs]
instance_prob2.dat: -695		[based on 3 runs]
instance_param1.dat: -920.0		[based on 2 runs]
instance_prob4.dat: -591		[based on 3 runs]
instance_param2.dat: -717		[based on 3 runs]
instance_prob1.dat: -650		[based on 3 runs]
================================================

==================================================================
Best parameter configuration found so far (end of iteration 1): pc=0.95, pm=0.1
==================================================================
Training quality of this incumbent parameter configuration: -682.25, based on 20 runs with cutoff 1000000000.0
==================================================================

Comparing LM against incumbent:
pc=0.8 pm=0.05 (-682.25 [based on 20 runs with cutoff 1000000000.0])
pc=0.95 pm=0.1 (-682.25 [based on 20 runs with cutoff 1000000000.0])
LM better, change incumbent
New Incumbent: 22.900000000000055, -682.25 [20, 1000000000.0]. With state pc=0.8, pm=0.05
now 2026-07-13 11:35:04 -0400; start 2026-07-12 21:39:27 -0400; time-start 50136.781570291; maxWall 8640000.0
229/100000, 22.900000000000055/100000000.0
iteration 2, flip 20, evaluation count 229
    perturb to ---> pc=0.8 pm=0.1 (-687.0526315789474 [based on 19 runs with cutoff 1000000000.0])
    perturb to ---> pc=0.8 pm=0.3 (-699.7272727272727 [based on 11 runs with cutoff 1000000000.0])
    perturb to ---> pc=0.25 pm=0.3 (-701.4615384615385 [based on 13 runs with cutoff 1000000000.0])
getAlgoResultsForInstsAndParams.
  Trial 1 for calling: bash NSGA2.sh instance_prob4.dat "" 1000000000.0000001 2147483647 284264236 -pc 0.25 -pm 0.3 > /tmp/tmp-2026-07-1311:35:04-0.12011480331420898
Executing cmd: bash NSGA2.sh instance_prob4.dat "" 1000000000.0000001 2147483647 284264236 -pc 0.25 -pm 0.3 > /tmp/tmp-2026-07-1311:35:04-0.12011480331420898
Result: instance_prob4.dat, 0, -591.79, 0, 284264236
   BLS in iteration 2, start with pc=0.25 pm=0.3 (-693.5714285714286 [based on 14 runs with cutoff 1000000000.0])
now 2026-07-13 11:42:10 -0400; start 2026-07-12 21:39:27 -0400; time-start 50563.02815886; maxWall 8640000.0
now 2026-07-13 11:42:10 -0400; start 2026-07-12 21:39:27 -0400; time-start 50563.028229544; maxWall 8640000.0
    Changing ["pc: 0.25->0.5"], evaluating ...
getAlgoResultsForInstsAndParams.
  Trial 1 for calling: bash NSGA2.sh instance_prob4.dat "" 1000000000.0000001 2147483647 1841889657 -pc 0.5 -pm 0.3 > /tmp/tmp-2026-07-1311:42:10-0.6404136419296265
Executing cmd: bash NSGA2.sh instance_prob4.dat "" 1000000000.0000001 2147483647 1841889657 -pc 0.5 -pm 0.3 > /tmp/tmp-2026-07-1311:42:10-0.6404136419296265
Result: instance_prob4.dat, 0, -591.79, 0, 1841889657
now 2026-07-13 11:49:51 -0400; start 2026-07-12 21:39:27 -0400; time-start 51023.954256905; maxWall 8640000.0
getAlgoResultsForInstsAndParams.
  Trial 1 for calling: bash NSGA2.sh instance_param2.dat "" 1000000000.0000001 2147483647 1561765848 -pc 0.5 -pm 0.3 > /tmp/tmp-2026-07-1311:49:51-0.23281192779541016
Executing cmd: bash NSGA2.sh instance_param2.dat "" 1000000000.0000001 2147483647 1561765848 -pc 0.5 -pm 0.3 > /tmp/tmp-2026-07-1311:49:51-0.23281192779541016
Result: instance_param2.dat, 0, -717.59, 0, 1561765848
now 2026-07-13 11:49:51 -0400; start 2026-07-12 21:39:27 -0400; time-start 51024.039711036; maxWall 8640000.0
getAlgoResultsForInstsAndParams.
  Trial 1 for calling: bash NSGA2.sh instance_prob1.dat "" 1000000000.0000001 2147483647 331991908 -pc 0.5 -pm 0.3 > /tmp/tmp-2026-07-1311:49:51-0.681759238243103
Executing cmd: bash NSGA2.sh instance_prob1.dat "" 1000000000.0000001 2147483647 331991908 -pc 0.5 -pm 0.3 > /tmp/tmp-2026-07-1311:49:51-0.681759238243103
Result: instance_prob1.dat, 0, -650.27, 0, 331991908
now 2026-07-13 11:55:24 -0400; start 2026-07-12 21:39:27 -0400; time-start 51356.755701717; maxWall 8640000.0
getAlgoResultsForInstsAndParams.
  Trial 1 for calling: bash NSGA2.sh instance_param1.dat "" 1000000000.0000001 2147483647 1367662510 -pc 0.5 -pm 0.3 > /tmp/tmp-2026-07-1311:55:24-0.36359357833862305
Executing cmd: bash NSGA2.sh instance_param1.dat "" 1000000000.0000001 2147483647 1367662510 -pc 0.5 -pm 0.3 > /tmp/tmp-2026-07-1311:55:24-0.36359357833862305
Result: instance_param1.dat, 0, -920.07, 0, 1367662510
now 2026-07-13 11:55:24 -0400; start 2026-07-12 21:39:27 -0400; time-start 51356.836465994; maxWall 8640000.0
getAlgoResultsForInstsAndParams.
  Trial 1 for calling: bash NSGA2.sh instance_prob1.dat "" 1000000000.0000001 2147483647 1970933906 -pc 0.5 -pm 0.3 > /tmp/tmp-2026-07-1311:55:24-0.37965893745422363
Executing cmd: bash NSGA2.sh instance_prob1.dat "" 1000000000.0000001 2147483647 1970933906 -pc 0.5 -pm 0.3 > /tmp/tmp-2026-07-1311:55:24-0.37965893745422363
Result: instance_prob1.dat, 0, -650.27, 0, 1970933906
now 2026-07-13 11:59:50 -0400; start 2026-07-12 21:39:27 -0400; time-start 51622.56168394; maxWall 8640000.0
getAlgoResultsForInstsAndParams.
  Trial 1 for calling: bash NSGA2.sh instance_prob3.dat "" 1000000000.0000001 2147483647 184242589 -pc 0.5 -pm 0.3 > /tmp/tmp-2026-07-1311:59:50-0.4437527656555176
Executing cmd: bash NSGA2.sh instance_prob3.dat "" 1000000000.0000001 2147483647 184242589 -pc 0.5 -pm 0.3 > /tmp/tmp-2026-07-1311:59:50-0.4437527656555176
Result: instance_prob3.dat, 0, -577.71, 0, 184242589
now 2026-07-13 12:07:12 -0400; start 2026-07-12 21:39:27 -0400; time-start 52064.086014555; maxWall 8640000.0
getAlgoResultsForInstsAndParams.
  Trial 1 for calling: bash NSGA2.sh instance_prob2.dat "" 1000000000.0000001 2147483647 936818155 -pc 0.5 -pm 0.3 > /tmp/tmp-2026-07-1312:07:12-0.527587890625
Executing cmd: bash NSGA2.sh instance_prob2.dat "" 1000000000.0000001 2147483647 936818155 -pc 0.5 -pm 0.3 > /tmp/tmp-2026-07-1312:07:12-0.527587890625
Result: instance_prob2.dat, 0, -695.75, 0, 936818155
now 2026-07-13 12:14:27 -0400; start 2026-07-12 21:39:27 -0400; time-start 52499.954650143; maxWall 8640000.0
getAlgoResultsForInstsAndParams.
  Trial 1 for calling: bash NSGA2.sh instance_param3.dat "" 1000000000.0000001 2147483647 579399830 -pc 0.5 -pm 0.3 > /tmp/tmp-2026-07-1312:14:27-0.7549400329589844
Executing cmd: bash NSGA2.sh instance_param3.dat "" 1000000000.0000001 2147483647 579399830 -pc 0.5 -pm 0.3 > /tmp/tmp-2026-07-1312:14:27-0.7549400329589844
Result: instance_param3.dat, 0, -705.56, 0, 579399830
now 2026-07-13 12:14:27 -0400; start 2026-07-12 21:39:27 -0400; time-start 52500.038420808; maxWall 8640000.0
getAlgoResultsForInstsAndParams.
  Trial 1 for calling: bash NSGA2.sh instance_param2.dat "" 1000000000.0000001 2147483647 371836214 -pc 0.5 -pm 0.3 > /tmp/tmp-2026-07-1312:14:27-0.20175421237945557
Executing cmd: bash NSGA2.sh instance_param2.dat "" 1000000000.0000001 2147483647 371836214 -pc 0.5 -pm 0.3 > /tmp/tmp-2026-07-1312:14:27-0.20175421237945557
Result: instance_param2.dat, 0, -717.59, 0, 371836214
now 2026-07-13 12:14:28 -0400; start 2026-07-12 21:39:27 -0400; time-start 52500.12724094; maxWall 8640000.0
getAlgoResultsForInstsAndParams.
  Trial 1 for calling: bash NSGA2.sh instance_prob4.dat "" 1000000000.0000001 2147483647 284264236 -pc 0.5 -pm 0.3 > /tmp/tmp-2026-07-1312:14:28-0.7317581176757812
Executing cmd: bash NSGA2.sh instance_prob4.dat "" 1000000000.0000001 2147483647 284264236 -pc 0.5 -pm 0.3 > /tmp/tmp-2026-07-1312:14:28-0.7317581176757812
Result: instance_prob4.dat, 0, -591.79, 0, 284264236
          -> Take improving step to neighbour pc=0.5 pm=0.3 (-693.5714285714286 [based on 14 runs with cutoff 1000000000.0]) with flip 20

          
============= Performing 1 bonus runs of state: pc=0.5 pm=0.3 (-693.5714285714286 [based on 14 runs with cutoff 1000000000.0]) ============ 

now 2026-07-13 12:21:39 -0400; start 2026-07-12 21:39:27 -0400; time-start 52931.178550268; maxWall 8640000.0
getAlgoResultsForInstsAndParams.
  Trial 1 for calling: bash NSGA2.sh instance_prob2.dat "" 1000000000.0000001 2147483647 45849524 -pc 0.5 -pm 0.3 > /tmp/tmp-2026-07-1312:21:39-0.015901565551757812
Executing cmd: bash NSGA2.sh instance_prob2.dat "" 1000000000.0000001 2147483647 45849524 -pc 0.5 -pm 0.3 > /tmp/tmp-2026-07-1312:21:39-0.015901565551757812
Result: instance_prob2.dat, 0, -695.75, 0, 45849524
          -> After 1 bonus runs: pc=0.5 pm=0.3 (-693.6666666666666 [based on 15 runs with cutoff 1000000000.0])

now 2026-07-13 12:27:52 -0400; start 2026-07-12 21:39:27 -0400; time-start 53304.469546817; maxWall 8640000.0
now 2026-07-13 12:27:52 -0400; start 2026-07-12 21:39:27 -0400; time-start 53304.469625903; maxWall 8640000.0
    Changing ["pm: 0.3->0.05"], evaluating ...
getAlgoResultsForInstsAndParams.
  Trial 1 for calling: bash NSGA2.sh instance_param2.dat "" 1000000000.0000001 2147483647 1561765848 -pc 0.5 -pm 0.05 > /tmp/tmp-2026-07-1312:27:52-0.9503955841064453
Executing cmd: bash NSGA2.sh instance_param2.dat "" 1000000000.0000001 2147483647 1561765848 -pc 0.5 -pm 0.05 > /tmp/tmp-2026-07-1312:27:52-0.9503955841064453
Result: instance_param2.dat, 0, -717.59, 0, 1561765848
now 2026-07-13 12:27:52 -0400; start 2026-07-12 21:39:27 -0400; time-start 53304.555067013; maxWall 8640000.0
getAlgoResultsForInstsAndParams.
  Trial 1 for calling: bash NSGA2.sh instance_prob1.dat "" 1000000000.0000001 2147483647 331991908 -pc 0.5 -pm 0.05 > /tmp/tmp-2026-07-1312:27:52-0.5800068378448486
Executing cmd: bash NSGA2.sh instance_prob1.dat "" 1000000000.0000001 2147483647 331991908 -pc 0.5 -pm 0.05 > /tmp/tmp-2026-07-1312:27:52-0.5800068378448486
Result: instance_prob1.dat, 0, -650.27, 0, 331991908
now 2026-07-13 12:30:45 -0400; start 2026-07-12 21:39:27 -0400; time-start 53477.796183549; maxWall 8640000.0
getAlgoResultsForInstsAndParams.
  Trial 1 for calling: bash NSGA2.sh instance_param1.dat "" 1000000000.0000001 2147483647 1367662510 -pc 0.5 -pm 0.05 > /tmp/tmp-2026-07-1312:30:45-0.6445207595825195
Executing cmd: bash NSGA2.sh instance_param1.dat "" 1000000000.0000001 2147483647 1367662510 -pc 0.5 -pm 0.05 > /tmp/tmp-2026-07-1312:30:45-0.6445207595825195
Result: instance_param1.dat, 0, -920.07, 0, 1367662510
now 2026-07-13 12:30:45 -0400; start 2026-07-12 21:39:27 -0400; time-start 53477.878651549; maxWall 8640000.0
getAlgoResultsForInstsAndParams.
  Trial 1 for calling: bash NSGA2.sh instance_prob1.dat "" 1000000000.0000001 2147483647 1970933906 -pc 0.5 -pm 0.05 > /tmp/tmp-2026-07-1312:30:45-0.31506824493408203
Executing cmd: bash NSGA2.sh instance_prob1.dat "" 1000000000.0000001 2147483647 1970933906 -pc 0.5 -pm 0.05 > /tmp/tmp-2026-07-1312:30:45-0.31506824493408203
Result: instance_prob1.dat, 0, -650.27, 0, 1970933906
now 2026-07-13 12:33:41 -0400; start 2026-07-12 21:39:27 -0400; time-start 53654.0114668; maxWall 8640000.0
getAlgoResultsForInstsAndParams.
  Trial 1 for calling: bash NSGA2.sh instance_prob3.dat "" 1000000000.0000001 2147483647 184242589 -pc 0.5 -pm 0.05 > /tmp/tmp-2026-07-1312:33:41-0.4781392812728882
Executing cmd: bash NSGA2.sh instance_prob3.dat "" 1000000000.0000001 2147483647 184242589 -pc 0.5 -pm 0.05 > /tmp/tmp-2026-07-1312:33:41-0.4781392812728882
Result: instance_prob3.dat, 0, -577.71, 0, 184242589
now 2026-07-13 12:38:12 -0400; start 2026-07-12 21:39:27 -0400; time-start 53924.10180356; maxWall 8640000.0
getAlgoResultsForInstsAndParams.
  Trial 1 for calling: bash NSGA2.sh instance_prob2.dat "" 1000000000.0000001 2147483647 936818155 -pc 0.5 -pm 0.05 > /tmp/tmp-2026-07-1312:38:12-0.7483444213867188
Executing cmd: bash NSGA2.sh instance_prob2.dat "" 1000000000.0000001 2147483647 936818155 -pc 0.5 -pm 0.05 > /tmp/tmp-2026-07-1312:38:12-0.7483444213867188
Result: instance_prob2.dat, 0, -695.75, 0, 936818155
now 2026-07-13 12:41:35 -0400; start 2026-07-12 21:39:27 -0400; time-start 54127.297582304; maxWall 8640000.0
getAlgoResultsForInstsAndParams.
  Trial 1 for calling: bash NSGA2.sh instance_param3.dat "" 1000000000.0000001 2147483647 579399830 -pc 0.5 -pm 0.05 > /tmp/tmp-2026-07-1312:41:35-0.5459074974060059
Executing cmd: bash NSGA2.sh instance_param3.dat "" 1000000000.0000001 2147483647 579399830 -pc 0.5 -pm 0.05 > /tmp/tmp-2026-07-1312:41:35-0.5459074974060059
Result: instance_param3.dat, 0, -705.56, 0, 579399830
now 2026-07-13 12:41:35 -0400; start 2026-07-12 21:39:27 -0400; time-start 54127.378970385; maxWall 8640000.0
getAlgoResultsForInstsAndParams.
  Trial 1 for calling: bash NSGA2.sh instance_param2.dat "" 1000000000.0000001 2147483647 371836214 -pc 0.5 -pm 0.05 > /tmp/tmp-2026-07-1312:41:35-0.5004396438598633
Executing cmd: bash NSGA2.sh instance_param2.dat "" 1000000000.0000001 2147483647 371836214 -pc 0.5 -pm 0.05 > /tmp/tmp-2026-07-1312:41:35-0.5004396438598633
Result: instance_param2.dat, 0, -717.59, 0, 371836214
now 2026-07-13 12:41:35 -0400; start 2026-07-12 21:39:27 -0400; time-start 54127.464783811; maxWall 8640000.0
getAlgoResultsForInstsAndParams.
  Trial 1 for calling: bash NSGA2.sh instance_prob4.dat "" 1000000000.0000001 2147483647 284264236 -pc 0.5 -pm 0.05 > /tmp/tmp-2026-07-1312:41:35-0.8805627822875977
Executing cmd: bash NSGA2.sh instance_prob4.dat "" 1000000000.0000001 2147483647 284264236 -pc 0.5 -pm 0.05 > /tmp/tmp-2026-07-1312:41:35-0.8805627822875977
Result: instance_prob4.dat, 0, -591.79, 0, 284264236
now 2026-07-13 12:46:06 -0400; start 2026-07-12 21:39:27 -0400; time-start 54398.920637721; maxWall 8640000.0
getAlgoResultsForInstsAndParams.
  Trial 1 for calling: bash NSGA2.sh instance_prob2.dat "" 1000000000.0000001 2147483647 45849524 -pc 0.5 -pm 0.05 > /tmp/tmp-2026-07-1312:46:06-0.39969897270202637
Executing cmd: bash NSGA2.sh instance_prob2.dat "" 1000000000.0000001 2147483647 45849524 -pc 0.5 -pm 0.05 > /tmp/tmp-2026-07-1312:46:06-0.39969897270202637
Result: instance_prob2.dat, 0, -695.75, 0, 45849524
          -> Take improving step to neighbour pc=0.5 pm=0.05 (-693.6666666666666 [based on 15 runs with cutoff 1000000000.0]) with flip 21

          
============= Performing 1 bonus runs of state: pc=0.5 pm=0.05 (-693.6666666666666 [based on 15 runs with cutoff 1000000000.0]) ============ 

now 2026-07-13 12:49:07 -0400; start 2026-07-12 21:39:27 -0400; time-start 54579.543983803; maxWall 8640000.0
getAlgoResultsForInstsAndParams.
  Trial 1 for calling: bash NSGA2.sh instance_prob3.dat "" 1000000000.0000001 2147483647 1729884984 -pc 0.5 -pm 0.05 > /tmp/tmp-2026-07-1312:49:07-0.029907941818237305
Executing cmd: bash NSGA2.sh instance_prob3.dat "" 1000000000.0000001 2147483647 1729884984 -pc 0.5 -pm 0.05 > /tmp/tmp-2026-07-1312:49:07-0.029907941818237305
Result: instance_prob3.dat, 0, -577.71, 0, 1729884984
          -> After 1 bonus runs: pc=0.5 pm=0.05 (-686.375 [based on 16 runs with cutoff 1000000000.0])

now 2026-07-13 12:53:43 -0400; start 2026-07-12 21:39:27 -0400; time-start 54855.850587135; maxWall 8640000.0
now 2026-07-13 12:53:43 -0400; start 2026-07-12 21:39:27 -0400; time-start 54855.850658842; maxWall 8640000.0
    Changing ["pc: 0.5->0.95"], evaluating ...
getAlgoResultsForInstsAndParams.
  Trial 1 for calling: bash NSGA2.sh instance_prob3.dat "" 1000000000.0000001 2147483647 1729884984 -pc 0.95 -pm 0.05 > /tmp/tmp-2026-07-1312:53:43-0.01585102081298828
Executing cmd: bash NSGA2.sh instance_prob3.dat "" 1000000000.0000001 2147483647 1729884984 -pc 0.95 -pm 0.05 > /tmp/tmp-2026-07-1312:53:43-0.01585102081298828
Result: instance_prob3.dat, 0, -577.71, 0, 1729884984
          -> Take improving step to neighbour pc=0.95 pm=0.05 (-686.375 [based on 16 runs with cutoff 1000000000.0]) with flip 22

          
============= Performing 1 bonus runs of state: pc=0.95 pm=0.05 (-686.375 [based on 16 runs with cutoff 1000000000.0]) ============ 

now 2026-07-13 12:58:38 -0400; start 2026-07-12 21:39:27 -0400; time-start 55150.334562056; maxWall 8640000.0
getAlgoResultsForInstsAndParams.
  Trial 1 for calling: bash NSGA2.sh instance_param2.dat "" 1000000000.0000001 2147483647 1526896590 -pc 0.95 -pm 0.05 > /tmp/tmp-2026-07-1312:58:38-0.47529125213623047
Executing cmd: bash NSGA2.sh instance_param2.dat "" 1000000000.0000001 2147483647 1526896590 -pc 0.95 -pm 0.05 > /tmp/tmp-2026-07-1312:58:38-0.47529125213623047
Result: instance_param2.dat, 0, -717.59, 0, 1526896590
          -> After 1 bonus runs: pc=0.95 pm=0.05 (-688.1764705882352 [based on 17 runs with cutoff 1000000000.0])

now 2026-07-13 12:58:38 -0400; start 2026-07-12 21:39:27 -0400; time-start 55150.41348072; maxWall 8640000.0
now 2026-07-13 12:58:38 -0400; start 2026-07-12 21:39:27 -0400; time-start 55150.413550499; maxWall 8640000.0
    Changing ["pm: 0.05->0.1"], evaluating ...
getAlgoResultsForInstsAndParams.
  Trial 1 for calling: bash NSGA2.sh instance_prob1.dat "" 1000000000.0000001 2147483647 1374493268 -pc 0.95 -pm 0.05 > /tmp/tmp-2026-07-1312:58:38-0.574033260345459
Executing cmd: bash NSGA2.sh instance_prob1.dat "" 1000000000.0000001 2147483647 1374493268 -pc 0.95 -pm 0.05 > /tmp/tmp-2026-07-1312:58:38-0.574033260345459
Result: instance_prob1.dat, 0, -650.27, 0, 1374493268
          -> Take improving step to neighbour pc=0.95 pm=0.1 (-682.25 [based on 20 runs with cutoff 1000000000.0]) with flip 23

          
============= Performing 1 bonus runs of state: pc=0.95 pm=0.1 (-682.25 [based on 20 runs with cutoff 1000000000.0]) ============ 

now 2026-07-13 13:01:47 -0400; start 2026-07-12 21:39:27 -0400; time-start 55339.509168152; maxWall 8640000.0
State wants more detail (20+1) than incumbent (20), doing incumbent first:
pc=0.95 pm=0.1 (-682.25 [based on 20 runs with cutoff 1000000000.0])
pc=0.8 pm=0.05 (-682.25 [based on 20 runs with cutoff 1000000000.0])
getAlgoResultsForInstsAndParams.
  Trial 1 for calling: bash NSGA2.sh instance_param1.dat "" 1000000000.0000001 2147483647 945548968 -pc 0.8 -pm 0.05 > /tmp/tmp-2026-07-1313:01:47-0.516718864440918
Executing cmd: bash NSGA2.sh instance_param1.dat "" 1000000000.0000001 2147483647 945548968 -pc 0.8 -pm 0.05 > /tmp/tmp-2026-07-1313:01:47-0.516718864440918
Result: instance_param1.dat, 0, -920.07, 0, 945548968
 Same incumbent, new precision:
New Incumbent: 25.600000000000094, -693.5714285714286 [21, 1000000000.0]. With state pc=0.8, pm=0.05
getAlgoResultsForInstsAndParams.
  Trial 1 for calling: bash NSGA2.sh instance_param1.dat "" 1000000000.0000001 2147483647 945548968 -pc 0.95 -pm 0.1 > /tmp/tmp-2026-07-1313:01:47-0.5948681831359863
Executing cmd: bash NSGA2.sh instance_param1.dat "" 1000000000.0000001 2147483647 945548968 -pc 0.95 -pm 0.1 > /tmp/tmp-2026-07-1313:01:47-0.5948681831359863
Result: instance_param1.dat, 0, -920.07, 0, 945548968
          -> After 1 bonus runs: pc=0.95 pm=0.1 (-693.5714285714286 [based on 21 runs with cutoff 1000000000.0])

now 2026-07-13 13:01:47 -0400; start 2026-07-12 21:39:27 -0400; time-start 55339.678945372; maxWall 8640000.0
now 2026-07-13 13:01:47 -0400; start 2026-07-12 21:39:27 -0400; time-start 55339.679019187; maxWall 8640000.0
    Changing ["pc: 0.95->0.5"], evaluating ...
getAlgoResultsForInstsAndParams.
  Trial 1 for calling: bash NSGA2.sh instance_prob1.dat "" 1000000000.0000001 2147483647 331991908 -pc 0.5 -pm 0.1 > /tmp/tmp-2026-07-1313:01:47-0.6329131126403809
Executing cmd: bash NSGA2.sh instance_prob1.dat "" 1000000000.0000001 2147483647 331991908 -pc 0.5 -pm 0.1 > /tmp/tmp-2026-07-1313:01:47-0.6329131126403809
Result: instance_prob1.dat, 0, -650.27, 0, 331991908
now 2026-07-13 13:04:58 -0400; start 2026-07-12 21:39:27 -0400; time-start 55530.883913571; maxWall 8640000.0
getAlgoResultsForInstsAndParams.
  Trial 1 for calling: bash NSGA2.sh instance_param1.dat "" 1000000000.0000001 2147483647 1367662510 -pc 0.5 -pm 0.1 > /tmp/tmp-2026-07-1313:04:58-0.7529072761535645
Executing cmd: bash NSGA2.sh instance_param1.dat "" 1000000000.0000001 2147483647 1367662510 -pc 0.5 -pm 0.1 > /tmp/tmp-2026-07-1313:04:58-0.7529072761535645
Result: instance_param1.dat, 0, -920.07, 0, 1367662510
now 2026-07-13 13:04:58 -0400; start 2026-07-12 21:39:27 -0400; time-start 55530.964817952; maxWall 8640000.0
getAlgoResultsForInstsAndParams.
  Trial 1 for calling: bash NSGA2.sh instance_prob1.dat "" 1000000000.0000001 2147483647 1970933906 -pc 0.5 -pm 0.1 > /tmp/tmp-2026-07-1313:04:58-0.44990861415863037
Executing cmd: bash NSGA2.sh instance_prob1.dat "" 1000000000.0000001 2147483647 1970933906 -pc 0.5 -pm 0.1 > /tmp/tmp-2026-07-1313:04:58-0.44990861415863037
Result: instance_prob1.dat, 0, -650.27, 0, 1970933906
now 2026-07-13 13:08:05 -0400; start 2026-07-12 21:39:27 -0400; time-start 55717.661016146; maxWall 8640000.0
getAlgoResultsForInstsAndParams.
  Trial 1 for calling: bash NSGA2.sh instance_prob3.dat "" 1000000000.0000001 2147483647 184242589 -pc 0.5 -pm 0.1 > /tmp/tmp-2026-07-1313:08:05-0.8389787673950195
Executing cmd: bash NSGA2.sh instance_prob3.dat "" 1000000000.0000001 2147483647 184242589 -pc 0.5 -pm 0.1 > /tmp/tmp-2026-07-1313:08:05-0.8389787673950195
Result: instance_prob3.dat, 0, -577.71, 0, 184242589
now 2026-07-13 13:13:48 -0400; start 2026-07-12 21:39:27 -0400; time-start 56060.260276724; maxWall 8640000.0
getAlgoResultsForInstsAndParams.
  Trial 1 for calling: bash NSGA2.sh instance_prob2.dat "" 1000000000.0000001 2147483647 936818155 -pc 0.5 -pm 0.1 > /tmp/tmp-2026-07-1313:13:48-0.805079460144043
Executing cmd: bash NSGA2.sh instance_prob2.dat "" 1000000000.0000001 2147483647 936818155 -pc 0.5 -pm 0.1 > /tmp/tmp-2026-07-1313:13:48-0.805079460144043
Result: instance_prob2.dat, 0, -695.75, 0, 936818155
now 2026-07-13 13:17:41 -0400; start 2026-07-12 21:39:27 -0400; time-start 56293.722213709; maxWall 8640000.0
getAlgoResultsForInstsAndParams.
  Trial 1 for calling: bash NSGA2.sh instance_param3.dat "" 1000000000.0000001 2147483647 579399830 -pc 0.5 -pm 0.1 > /tmp/tmp-2026-07-1313:17:41-0.7398831844329834
Executing cmd: bash NSGA2.sh instance_param3.dat "" 1000000000.0000001 2147483647 579399830 -pc 0.5 -pm 0.1 > /tmp/tmp-2026-07-1313:17:41-0.7398831844329834
Result: instance_param3.dat, 0, -705.56, 0, 579399830
now 2026-07-13 13:17:41 -0400; start 2026-07-12 21:39:27 -0400; time-start 56293.803266864; maxWall 8640000.0
getAlgoResultsForInstsAndParams.
  Trial 1 for calling: bash NSGA2.sh instance_param2.dat "" 1000000000.0000001 2147483647 371836214 -pc 0.5 -pm 0.1 > /tmp/tmp-2026-07-1313:17:41-0.9289491176605225
Executing cmd: bash NSGA2.sh instance_param2.dat "" 1000000000.0000001 2147483647 371836214 -pc 0.5 -pm 0.1 > /tmp/tmp-2026-07-1313:17:41-0.9289491176605225
Result: instance_param2.dat, 0, -717.59, 0, 371836214
now 2026-07-13 13:17:41 -0400; start 2026-07-12 21:39:27 -0400; time-start 56293.889767129; maxWall 8640000.0
getAlgoResultsForInstsAndParams.
  Trial 1 for calling: bash NSGA2.sh instance_prob4.dat "" 1000000000.0000001 2147483647 284264236 -pc 0.5 -pm 0.1 > /tmp/tmp-2026-07-1313:17:41-0.9324488639831543
Executing cmd: bash NSGA2.sh instance_prob4.dat "" 1000000000.0000001 2147483647 284264236 -pc 0.5 -pm 0.1 > /tmp/tmp-2026-07-1313:17:41-0.9324488639831543
Result: instance_prob4.dat, 0, -591.79, 0, 284264236
now 2026-07-13 13:22:27 -0400; start 2026-07-12 21:39:27 -0400; time-start 56579.538211198; maxWall 8640000.0
getAlgoResultsForInstsAndParams.
  Trial 1 for calling: bash NSGA2.sh instance_prob2.dat "" 1000000000.0000001 2147483647 45849524 -pc 0.5 -pm 0.1 > /tmp/tmp-2026-07-1313:22:27-0.9143631458282471
Executing cmd: bash NSGA2.sh instance_prob2.dat "" 1000000000.0000001 2147483647 45849524 -pc 0.5 -pm 0.1 > /tmp/tmp-2026-07-1313:22:27-0.9143631458282471
Result: instance_prob2.dat, 0, -695.75, 0, 45849524
now 2026-07-13 13:26:44 -0400; start 2026-07-12 21:39:27 -0400; time-start 56836.648513186; maxWall 8640000.0
getAlgoResultsForInstsAndParams.
  Trial 1 for calling: bash NSGA2.sh instance_prob3.dat "" 1000000000.0000001 2147483647 1729884984 -pc 0.5 -pm 0.1 > /tmp/tmp-2026-07-1313:26:44-0.9672613143920898
Executing cmd: bash NSGA2.sh instance_prob3.dat "" 1000000000.0000001 2147483647 1729884984 -pc 0.5 -pm 0.1 > /tmp/tmp-2026-07-1313:26:44-0.9672613143920898
Result: instance_prob3.dat, 0, -577.71, 0, 1729884984
now 2026-07-13 13:32:00 -0400; start 2026-07-12 21:39:27 -0400; time-start 57152.212503927; maxWall 8640000.0
getAlgoResultsForInstsAndParams.
  Trial 1 for calling: bash NSGA2.sh instance_param2.dat "" 1000000000.0000001 2147483647 1526896590 -pc 0.5 -pm 0.1 > /tmp/tmp-2026-07-1313:32:00-0.556361198425293
Executing cmd: bash NSGA2.sh instance_param2.dat "" 1000000000.0000001 2147483647 1526896590 -pc 0.5 -pm 0.1 > /tmp/tmp-2026-07-1313:32:00-0.556361198425293
Result: instance_param2.dat, 0, -717.59, 0, 1526896590
now 2026-07-13 13:32:00 -0400; start 2026-07-12 21:39:27 -0400; time-start 57152.293607158; maxWall 8640000.0
getAlgoResultsForInstsAndParams.
  Trial 1 for calling: bash NSGA2.sh instance_prob1.dat "" 1000000000.0000001 2147483647 1374493268 -pc 0.5 -pm 0.1 > /tmp/tmp-2026-07-1313:32:00-0.33176422119140625
Executing cmd: bash NSGA2.sh instance_prob1.dat "" 1000000000.0000001 2147483647 1374493268 -pc 0.5 -pm 0.1 > /tmp/tmp-2026-07-1313:32:00-0.33176422119140625
Result: instance_prob1.dat, 0, -650.27, 0, 1374493268
now 2026-07-13 13:35:24 -0400; start 2026-07-12 21:39:27 -0400; time-start 57356.528015232; maxWall 8640000.0
getAlgoResultsForInstsAndParams.
  Trial 1 for calling: bash NSGA2.sh instance_param3.dat "" 1000000000.0000001 2147483647 1189509930 -pc 0.5 -pm 0.1 > /tmp/tmp-2026-07-1313:35:24-0.8972492218017578
Executing cmd: bash NSGA2.sh instance_param3.dat "" 1000000000.0000001 2147483647 1189509930 -pc 0.5 -pm 0.1 > /tmp/tmp-2026-07-1313:35:24-0.8972492218017578
Result: instance_param3.dat, 0, -705.56, 0, 1189509930
now 2026-07-13 13:35:24 -0400; start 2026-07-12 21:39:27 -0400; time-start 57356.611601673; maxWall 8640000.0
getAlgoResultsForInstsAndParams.
  Trial 1 for calling: bash NSGA2.sh instance_prob4.dat "" 1000000000.0000001 2147483647 1289636003 -pc 0.5 -pm 0.1 > /tmp/tmp-2026-07-1313:35:24-0.8154721260070801
Executing cmd: bash NSGA2.sh instance_prob4.dat "" 1000000000.0000001 2147483647 1289636003 -pc 0.5 -pm 0.1 > /tmp/tmp-2026-07-1313:35:24-0.8154721260070801
Result: instance_prob4.dat, 0, -591.79, 0, 1289636003
now 2026-07-13 13:40:34 -0400; start 2026-07-12 21:39:27 -0400; time-start 57666.981384435; maxWall 8640000.0
getAlgoResultsForInstsAndParams.
  Trial 1 for calling: bash NSGA2.sh instance_param1.dat "" 1000000000.0000001 2147483647 945548968 -pc 0.5 -pm 0.1 > /tmp/tmp-2026-07-1313:40:34-0.29459047317504883
Executing cmd: bash NSGA2.sh instance_param1.dat "" 1000000000.0000001 2147483647 945548968 -pc 0.5 -pm 0.1 > /tmp/tmp-2026-07-1313:40:34-0.29459047317504883
Result: instance_param1.dat, 0, -920.07, 0, 945548968
          -> Take improving step to neighbour pc=0.5 pm=0.1 (-693.5714285714286 [based on 21 runs with cutoff 1000000000.0]) with flip 24

          
============= Performing 1 bonus runs of state: pc=0.5 pm=0.1 (-693.5714285714286 [based on 21 runs with cutoff 1000000000.0]) ============ 

now 2026-07-13 13:40:34 -0400; start 2026-07-12 21:39:27 -0400; time-start 57667.062721513; maxWall 8640000.0
State wants more detail (21+1) than incumbent (21), doing incumbent first:
pc=0.5 pm=0.1 (-693.5714285714286 [based on 21 runs with cutoff 1000000000.0])
pc=0.8 pm=0.05 (-693.5714285714286 [based on 21 runs with cutoff 1000000000.0])
getAlgoResultsForInstsAndParams.
  Trial 1 for calling: bash NSGA2.sh instance_param2.dat "" 1000000000.0000001 2147483647 1036556068 -pc 0.8 -pm 0.05 > /tmp/tmp-2026-07-1313:40:34-0.18121123313903809
Executing cmd: bash NSGA2.sh instance_param2.dat "" 1000000000.0000001 2147483647 1036556068 -pc 0.8 -pm 0.05 > /tmp/tmp-2026-07-1313:40:34-0.18121123313903809
Result: instance_param2.dat, 0, -717.59, 0, 1036556068
 Same incumbent, new precision:
New Incumbent: 27.300000000000118, -694.6363636363636 [22, 1000000000.0]. With state pc=0.8, pm=0.05
getAlgoResultsForInstsAndParams.
  Trial 1 for calling: bash NSGA2.sh instance_param2.dat "" 1000000000.0000001 2147483647 1036556068 -pc 0.5 -pm 0.1 > /tmp/tmp-2026-07-1313:40:35-0.8837013244628906
Executing cmd: bash NSGA2.sh instance_param2.dat "" 1000000000.0000001 2147483647 1036556068 -pc 0.5 -pm 0.1 > /tmp/tmp-2026-07-1313:40:35-0.8837013244628906
Result: instance_param2.dat, 0, -717.59, 0, 1036556068
          -> After 1 bonus runs: pc=0.5 pm=0.1 (-694.6363636363636 [based on 22 runs with cutoff 1000000000.0])

now 2026-07-13 13:40:35 -0400; start 2026-07-12 21:39:27 -0400; time-start 57667.233107101; maxWall 8640000.0
now 2026-07-13 13:40:35 -0400; start 2026-07-12 21:39:27 -0400; time-start 57667.233179432; maxWall 8640000.0
    Changing ["pc: 0.5->0.8"], evaluating ...
getAlgoResultsForInstsAndParams.
  Trial 1 for calling: bash NSGA2.sh instance_prob4.dat "" 1000000000.0000001 2147483647 1289636003 -pc 0.8 -pm 0.1 > /tmp/tmp-2026-07-1313:40:35-0.55535888671875
Executing cmd: bash NSGA2.sh instance_prob4.dat "" 1000000000.0000001 2147483647 1289636003 -pc 0.8 -pm 0.1 > /tmp/tmp-2026-07-1313:40:35-0.55535888671875
Result: instance_prob4.dat, 0, -591.79, 0, 1289636003
now 2026-07-13 13:45:52 -0400; start 2026-07-12 21:39:27 -0400; time-start 57984.417530965; maxWall 8640000.0
getAlgoResultsForInstsAndParams.
  Trial 1 for calling: bash NSGA2.sh instance_param1.dat "" 1000000000.0000001 2147483647 945548968 -pc 0.8 -pm 0.1 > /tmp/tmp-2026-07-1313:45:52-0.39745044708251953
Executing cmd: bash NSGA2.sh instance_param1.dat "" 1000000000.0000001 2147483647 945548968 -pc 0.8 -pm 0.1 > /tmp/tmp-2026-07-1313:45:52-0.39745044708251953
Result: instance_param1.dat, 0, -920.07, 0, 945548968
now 2026-07-13 13:45:52 -0400; start 2026-07-12 21:39:27 -0400; time-start 57984.498769603; maxWall 8640000.0
getAlgoResultsForInstsAndParams.
  Trial 1 for calling: bash NSGA2.sh instance_param2.dat "" 1000000000.0000001 2147483647 1036556068 -pc 0.8 -pm 0.1 > /tmp/tmp-2026-07-1313:45:52-0.4275336265563965
Executing cmd: bash NSGA2.sh instance_param2.dat "" 1000000000.0000001 2147483647 1036556068 -pc 0.8 -pm 0.1 > /tmp/tmp-2026-07-1313:45:52-0.4275336265563965
Result: instance_param2.dat, 0, -717.59, 0, 1036556068
          -> Take improving step to neighbour pc=0.8 pm=0.1 (-694.6363636363636 [based on 22 runs with cutoff 1000000000.0]) with flip 25

          
============= Performing 1 bonus runs of state: pc=0.8 pm=0.1 (-694.6363636363636 [based on 22 runs with cutoff 1000000000.0]) ============ 

now 2026-07-13 13:45:52 -0400; start 2026-07-12 21:39:27 -0400; time-start 57984.583613198; maxWall 8640000.0
State wants more detail (22+1) than incumbent (22), doing incumbent first:
pc=0.8 pm=0.1 (-694.6363636363636 [based on 22 runs with cutoff 1000000000.0])
pc=0.8 pm=0.05 (-694.6363636363636 [based on 22 runs with cutoff 1000000000.0])
getAlgoResultsForInstsAndParams.
  Trial 1 for calling: bash NSGA2.sh instance_param3.dat "" 1000000000.0000001 2147483647 82106444 -pc 0.8 -pm 0.05 > /tmp/tmp-2026-07-1313:45:52-0.917111873626709
Executing cmd: bash NSGA2.sh instance_param3.dat "" 1000000000.0000001 2147483647 82106444 -pc 0.8 -pm 0.05 > /tmp/tmp-2026-07-1313:45:52-0.917111873626709
Result: instance_param3.dat, 0, -705.56, 0, 82106444
 Same incumbent, new precision:
New Incumbent: 27.800000000000125, -695.0869565217391 [23, 1000000000.0]. With state pc=0.8, pm=0.05
getAlgoResultsForInstsAndParams.
  Trial 1 for calling: bash NSGA2.sh instance_param3.dat "" 1000000000.0000001 2147483647 82106444 -pc 0.8 -pm 0.1 > /tmp/tmp-2026-07-1313:45:52-0.4764382839202881
Executing cmd: bash NSGA2.sh instance_param3.dat "" 1000000000.0000001 2147483647 82106444 -pc 0.8 -pm 0.1 > /tmp/tmp-2026-07-1313:45:52-0.4764382839202881
Result: instance_param3.dat, 0, -705.56, 0, 82106444
          -> After 1 bonus runs: pc=0.8 pm=0.1 (-695.0869565217391 [based on 23 runs with cutoff 1000000000.0])

now 2026-07-13 13:45:52 -0400; start 2026-07-12 21:39:27 -0400; time-start 57984.757618167; maxWall 8640000.0
now 2026-07-13 13:45:52 -0400; start 2026-07-12 21:39:27 -0400; time-start 57984.757689862; maxWall 8640000.0
    Changing ["pc: 0.8->0.6"], evaluating ...
getAlgoResultsForInstsAndParams.
  Trial 1 for calling: bash NSGA2.sh instance_prob1.dat "" 1000000000.0000001 2147483647 1970933906 -pc 0.6 -pm 0.1 > /tmp/tmp-2026-07-1313:45:52-0.8808419704437256
Executing cmd: bash NSGA2.sh instance_prob1.dat "" 1000000000.0000001 2147483647 1970933906 -pc 0.6 -pm 0.1 > /tmp/tmp-2026-07-1313:45:52-0.8808419704437256
Result: instance_prob1.dat, 0, -650.27, 0, 1970933906
now 2026-07-13 13:49:08 -0400; start 2026-07-12 21:39:27 -0400; time-start 58180.160388304; maxWall 8640000.0
getAlgoResultsForInstsAndParams.
  Trial 1 for calling: bash NSGA2.sh instance_prob3.dat "" 1000000000.0000001 2147483647 184242589 -pc 0.6 -pm 0.1 > /tmp/tmp-2026-07-1313:49:08-0.5328693389892578
Executing cmd: bash NSGA2.sh instance_prob3.dat "" 1000000000.0000001 2147483647 184242589 -pc 0.6 -pm 0.1 > /tmp/tmp-2026-07-1313:49:08-0.5328693389892578
Result: instance_prob3.dat, 0, -577.71, 0, 184242589
now 2026-07-13 13:54:21 -0400; start 2026-07-12 21:39:27 -0400; time-start 58493.858175371; maxWall 8640000.0
getAlgoResultsForInstsAndParams.
  Trial 1 for calling: bash NSGA2.sh instance_prob2.dat "" 1000000000.0000001 2147483647 936818155 -pc 0.6 -pm 0.1 > /tmp/tmp-2026-07-1313:54:21-0.5454585552215576
Executing cmd: bash NSGA2.sh instance_prob2.dat "" 1000000000.0000001 2147483647 936818155 -pc 0.6 -pm 0.1 > /tmp/tmp-2026-07-1313:54:21-0.5454585552215576
Result: instance_prob2.dat, 0, -695.75, 0, 936818155
now 2026-07-13 13:59:45 -0400; start 2026-07-12 21:39:27 -0400; time-start 58817.600817897; maxWall 8640000.0
getAlgoResultsForInstsAndParams.
  Trial 1 for calling: bash NSGA2.sh instance_param3.dat "" 1000000000.0000001 2147483647 579399830 -pc 0.6 -pm 0.1 > /tmp/tmp-2026-07-1313:59:45-0.3547651767730713
Executing cmd: bash NSGA2.sh instance_param3.dat "" 1000000000.0000001 2147483647 579399830 -pc 0.6 -pm 0.1 > /tmp/tmp-2026-07-1313:59:45-0.3547651767730713
Result: instance_param3.dat, 0, -705.56, 0, 579399830
now 2026-07-13 13:59:45 -0400; start 2026-07-12 21:39:27 -0400; time-start 58817.681147923; maxWall 8640000.0
getAlgoResultsForInstsAndParams.
  Trial 1 for calling: bash NSGA2.sh instance_param2.dat "" 1000000000.0000001 2147483647 371836214 -pc 0.6 -pm 0.1 > /tmp/tmp-2026-07-1313:59:45-0.5534873008728027
Executing cmd: bash NSGA2.sh instance_param2.dat "" 1000000000.0000001 2147483647 371836214 -pc 0.6 -pm 0.1 > /tmp/tmp-2026-07-1313:59:45-0.5534873008728027
Result: instance_param2.dat, 0, -717.59, 0, 371836214
now 2026-07-13 13:59:45 -0400; start 2026-07-12 21:39:27 -0400; time-start 58817.766145428; maxWall 8640000.0
getAlgoResultsForInstsAndParams.
  Trial 1 for calling: bash NSGA2.sh instance_prob4.dat "" 1000000000.0000001 2147483647 284264236 -pc 0.6 -pm 0.1 > /tmp/tmp-2026-07-1313:59:45-0.13595914840698242
Executing cmd: bash NSGA2.sh instance_prob4.dat "" 1000000000.0000001 2147483647 284264236 -pc 0.6 -pm 0.1 > /tmp/tmp-2026-07-1313:59:45-0.13595914840698242
Result: instance_prob4.dat, 0, -591.79, 0, 284264236
now 2026-07-13 14:05:06 -0400; start 2026-07-12 21:39:27 -0400; time-start 59138.452713735; maxWall 8640000.0
getAlgoResultsForInstsAndParams.
  Trial 1 for calling: bash NSGA2.sh instance_prob2.dat "" 1000000000.0000001 2147483647 45849524 -pc 0.6 -pm 0.1 > /tmp/tmp-2026-07-1314:05:06-0.6965093612670898
Executing cmd: bash NSGA2.sh instance_prob2.dat "" 1000000000.0000001 2147483647 45849524 -pc 0.6 -pm 0.1 > /tmp/tmp-2026-07-1314:05:06-0.6965093612670898
Result: instance_prob2.dat, 0, -695.75, 0, 45849524
now 2026-07-13 14:09:23 -0400; start 2026-07-12 21:39:27 -0400; time-start 59395.432657787; maxWall 8640000.0
getAlgoResultsForInstsAndParams.
  Trial 1 for calling: bash NSGA2.sh instance_prob3.dat "" 1000000000.0000001 2147483647 1729884984 -pc 0.6 -pm 0.1 > /tmp/tmp-2026-07-1314:09:23-0.45035743713378906
Executing cmd: bash NSGA2.sh instance_prob3.dat "" 1000000000.0000001 2147483647 1729884984 -pc 0.6 -pm 0.1 > /tmp/tmp-2026-07-1314:09:23-0.45035743713378906
Result: instance_prob3.dat, 0, -577.71, 0, 1729884984
now 2026-07-13 14:15:47 -0400; start 2026-07-12 21:39:27 -0400; time-start 59780.02737819; maxWall 8640000.0
getAlgoResultsForInstsAndParams.
  Trial 1 for calling: bash NSGA2.sh instance_param2.dat "" 1000000000.0000001 2147483647 1526896590 -pc 0.6 -pm 0.1 > /tmp/tmp-2026-07-1314:15:47-0.906475305557251
Executing cmd: bash NSGA2.sh instance_param2.dat "" 1000000000.0000001 2147483647 1526896590 -pc 0.6 -pm 0.1 > /tmp/tmp-2026-07-1314:15:47-0.906475305557251
Result: instance_param2.dat, 0, -717.59, 0, 1526896590
now 2026-07-13 14:15:48 -0400; start 2026-07-12 21:39:27 -0400; time-start 59780.108152666; maxWall 8640000.0
getAlgoResultsForInstsAndParams.
  Trial 1 for calling: bash NSGA2.sh instance_prob1.dat "" 1000000000.0000001 2147483647 1374493268 -pc 0.6 -pm 0.1 > /tmp/tmp-2026-07-1314:15:48-0.623504638671875
Executing cmd: bash NSGA2.sh instance_prob1.dat "" 1000000000.0000001 2147483647 1374493268 -pc 0.6 -pm 0.1 > /tmp/tmp-2026-07-1314:15:48-0.623504638671875
Result: instance_prob1.dat, 0, -650.27, 0, 1374493268
now 2026-07-13 14:19:04 -0400; start 2026-07-12 21:39:27 -0400; time-start 59977.01863026; maxWall 8640000.0
getAlgoResultsForInstsAndParams.
  Trial 1 for calling: bash NSGA2.sh instance_param3.dat "" 1000000000.0000001 2147483647 1189509930 -pc 0.6 -pm 0.1 > /tmp/tmp-2026-07-1314:19:04-0.34642302989959717
Executing cmd: bash NSGA2.sh instance_param3.dat "" 1000000000.0000001 2147483647 1189509930 -pc 0.6 -pm 0.1 > /tmp/tmp-2026-07-1314:19:04-0.34642302989959717
Result: instance_param3.dat, 0, -705.56, 0, 1189509930
now 2026-07-13 14:19:05 -0400; start 2026-07-12 21:39:27 -0400; time-start 59977.101153803; maxWall 8640000.0
getAlgoResultsForInstsAndParams.
  Trial 1 for calling: bash NSGA2.sh instance_prob4.dat "" 1000000000.0000001 2147483647 1289636003 -pc 0.6 -pm 0.1 > /tmp/tmp-2026-07-1314:19:05-0.0319061279296875
Executing cmd: bash NSGA2.sh instance_prob4.dat "" 1000000000.0000001 2147483647 1289636003 -pc 0.6 -pm 0.1 > /tmp/tmp-2026-07-1314:19:05-0.0319061279296875
Result: instance_prob4.dat, 0, -591.79, 0, 1289636003
now 2026-07-13 14:24:12 -0400; start 2026-07-12 21:39:27 -0400; time-start 60284.483531064; maxWall 8640000.0
getAlgoResultsForInstsAndParams.
  Trial 1 for calling: bash NSGA2.sh instance_param1.dat "" 1000000000.0000001 2147483647 945548968 -pc 0.6 -pm 0.1 > /tmp/tmp-2026-07-1314:24:12-0.07325935363769531
Executing cmd: bash NSGA2.sh instance_param1.dat "" 1000000000.0000001 2147483647 945548968 -pc 0.6 -pm 0.1 > /tmp/tmp-2026-07-1314:24:12-0.07325935363769531
Result: instance_param1.dat, 0, -920.07, 0, 945548968
now 2026-07-13 14:24:12 -0400; start 2026-07-12 21:39:27 -0400; time-start 60284.565583858; maxWall 8640000.0
getAlgoResultsForInstsAndParams.
  Trial 1 for calling: bash NSGA2.sh instance_param2.dat "" 1000000000.0000001 2147483647 1036556068 -pc 0.6 -pm 0.1 > /tmp/tmp-2026-07-1314:24:12-0.7505648136138916
Executing cmd: bash NSGA2.sh instance_param2.dat "" 1000000000.0000001 2147483647 1036556068 -pc 0.6 -pm 0.1 > /tmp/tmp-2026-07-1314:24:12-0.7505648136138916
Result: instance_param2.dat, 0, -717.59, 0, 1036556068
now 2026-07-13 14:24:12 -0400; start 2026-07-12 21:39:27 -0400; time-start 60284.651939591; maxWall 8640000.0
getAlgoResultsForInstsAndParams.
  Trial 1 for calling: bash NSGA2.sh instance_param3.dat "" 1000000000.0000001 2147483647 82106444 -pc 0.6 -pm 0.1 > /tmp/tmp-2026-07-1314:24:12-0.5738351345062256
Executing cmd: bash NSGA2.sh instance_param3.dat "" 1000000000.0000001 2147483647 82106444 -pc 0.6 -pm 0.1 > /tmp/tmp-2026-07-1314:24:12-0.5738351345062256
Result: instance_param3.dat, 0, -705.56, 0, 82106444
          -> Take improving step to neighbour pc=0.6 pm=0.1 (-695.0869565217391 [based on 23 runs with cutoff 1000000000.0]) with flip 26

          
============= Performing 1 bonus runs of state: pc=0.6 pm=0.1 (-695.0869565217391 [based on 23 runs with cutoff 1000000000.0]) ============ 

now 2026-07-13 14:24:12 -0400; start 2026-07-12 21:39:27 -0400; time-start 60284.739815699; maxWall 8640000.0
State wants more detail (23+1) than incumbent (23), doing incumbent first:
pc=0.6 pm=0.1 (-695.0869565217391 [based on 23 runs with cutoff 1000000000.0])
pc=0.8 pm=0.05 (-695.0869565217391 [based on 23 runs with cutoff 1000000000.0])
getAlgoResultsForInstsAndParams.
  Trial 1 for calling: bash NSGA2.sh instance_prob4.dat "" 1000000000.0000001 2147483647 64315970 -pc 0.8 -pm 0.05 > /tmp/tmp-2026-07-1314:24:12-0.5276365280151367
Executing cmd: bash NSGA2.sh instance_prob4.dat "" 1000000000.0000001 2147483647 64315970 -pc 0.8 -pm 0.05 > /tmp/tmp-2026-07-1314:24:12-0.5276365280151367
Result: instance_prob4.dat, 0, -591.79, 0, 64315970
 Same incumbent, new precision:
New Incumbent: 29.50000000000015, -690.75 [24, 1000000000.0]. With state pc=0.8, pm=0.05
getAlgoResultsForInstsAndParams.
  Trial 1 for calling: bash NSGA2.sh instance_prob4.dat "" 1000000000.0000001 2147483647 64315970 -pc 0.6 -pm 0.1 > /tmp/tmp-2026-07-1314:28:50-0.9088757038116455
Executing cmd: bash NSGA2.sh instance_prob4.dat "" 1000000000.0000001 2147483647 64315970 -pc 0.6 -pm 0.1 > /tmp/tmp-2026-07-1314:28:50-0.9088757038116455
Result: instance_prob4.dat, 0, -591.79, 0, 64315970
          -> After 1 bonus runs: pc=0.6 pm=0.1 (-690.75 [based on 24 runs with cutoff 1000000000.0])

now 2026-07-13 14:33:57 -0400; start 2026-07-12 21:39:27 -0400; time-start 60869.568476275; maxWall 8640000.0
now 2026-07-13 14:33:57 -0400; start 2026-07-12 21:39:27 -0400; time-start 60869.568549101; maxWall 8640000.0
    Changing ["pm: 0.1->0.3"], evaluating ...
getAlgoResultsForInstsAndParams.
  Trial 1 for calling: bash NSGA2.sh instance_prob2.dat "" 1000000000.0000001 2147483647 936818155 -pc 0.6 -pm 0.3 > /tmp/tmp-2026-07-1314:33:57-0.0509793758392334
Executing cmd: bash NSGA2.sh instance_prob2.dat "" 1000000000.0000001 2147483647 936818155 -pc 0.6 -pm 0.3 > /tmp/tmp-2026-07-1314:33:57-0.0509793758392334
Result: instance_prob2.dat, 0, -695.75, 0, 936818155
now 2026-07-13 14:41:00 -0400; start 2026-07-12 21:39:27 -0400; time-start 61292.898389907; maxWall 8640000.0
getAlgoResultsForInstsAndParams.
  Trial 1 for calling: bash NSGA2.sh instance_param3.dat "" 1000000000.0000001 2147483647 579399830 -pc 0.6 -pm 0.3 > /tmp/tmp-2026-07-1314:41:00-0.1803295612335205
Executing cmd: bash NSGA2.sh instance_param3.dat "" 1000000000.0000001 2147483647 579399830 -pc 0.6 -pm 0.3 > /tmp/tmp-2026-07-1314:41:00-0.1803295612335205
Result: instance_param3.dat, 0, -705.56, 0, 579399830
now 2026-07-13 14:41:00 -0400; start 2026-07-12 21:39:27 -0400; time-start 61292.983142546; maxWall 8640000.0
getAlgoResultsForInstsAndParams.
  Trial 1 for calling: bash NSGA2.sh instance_param2.dat "" 1000000000.0000001 2147483647 371836214 -pc 0.6 -pm 0.3 > /tmp/tmp-2026-07-1314:41:00-0.4152268171310425
Executing cmd: bash NSGA2.sh instance_param2.dat "" 1000000000.0000001 2147483647 371836214 -pc 0.6 -pm 0.3 > /tmp/tmp-2026-07-1314:41:00-0.4152268171310425
Result: instance_param2.dat, 0, -717.59, 0, 371836214
now 2026-07-13 14:41:00 -0400; start 2026-07-12 21:39:27 -0400; time-start 61293.070085678; maxWall 8640000.0
getAlgoResultsForInstsAndParams.
  Trial 1 for calling: bash NSGA2.sh instance_prob4.dat "" 1000000000.0000001 2147483647 284264236 -pc 0.6 -pm 0.3 > /tmp/tmp-2026-07-1314:41:00-0.06246304512023926
Executing cmd: bash NSGA2.sh instance_prob4.dat "" 1000000000.0000001 2147483647 284264236 -pc 0.6 -pm 0.3 > /tmp/tmp-2026-07-1314:41:00-0.06246304512023926
Result: instance_prob4.dat, 0, -591.79, 0, 284264236
now 2026-07-13 14:48:07 -0400; start 2026-07-12 21:39:27 -0400; time-start 61719.233232593; maxWall 8640000.0
getAlgoResultsForInstsAndParams.
  Trial 1 for calling: bash NSGA2.sh instance_prob2.dat "" 1000000000.0000001 2147483647 45849524 -pc 0.6 -pm 0.3 > /tmp/tmp-2026-07-1314:48:07-0.30675506591796875
Executing cmd: bash NSGA2.sh instance_prob2.dat "" 1000000000.0000001 2147483647 45849524 -pc 0.6 -pm 0.3 > /tmp/tmp-2026-07-1314:48:07-0.30675506591796875
Result: instance_prob2.dat, 0, -695.75, 0, 45849524
301/100000, 30.100000000000158/100000000.0
now 2026-07-13 14:54:43 -0400; start 2026-07-12 21:39:27 -0400; time-start 62115.203554458; maxWall 8640000.0
getAlgoResultsForInstsAndParams.
  Trial 1 for calling: bash NSGA2.sh instance_prob3.dat "" 1000000000.0000001 2147483647 1729884984 -pc 0.6 -pm 0.3 > /tmp/tmp-2026-07-1314:54:43-0.3787374496459961
Executing cmd: bash NSGA2.sh instance_prob3.dat "" 1000000000.0000001 2147483647 1729884984 -pc 0.6 -pm 0.3 > /tmp/tmp-2026-07-1314:54:43-0.3787374496459961
Result: instance_prob3.dat, 0, -577.71, 0, 1729884984
now 2026-07-13 15:03:32 -0400; start 2026-07-12 21:39:27 -0400; time-start 62644.735756479; maxWall 8640000.0
getAlgoResultsForInstsAndParams.
  Trial 1 for calling: bash NSGA2.sh instance_param2.dat "" 1000000000.0000001 2147483647 1526896590 -pc 0.6 -pm 0.3 > /tmp/tmp-2026-07-1315:03:32-0.5166637897491455
Executing cmd: bash NSGA2.sh instance_param2.dat "" 1000000000.0000001 2147483647 1526896590 -pc 0.6 -pm 0.3 > /tmp/tmp-2026-07-1315:03:32-0.5166637897491455
Result: instance_param2.dat, 0, -717.59, 0, 1526896590
now 2026-07-13 15:03:32 -0400; start 2026-07-12 21:39:27 -0400; time-start 62644.821992474; maxWall 8640000.0
getAlgoResultsForInstsAndParams.
  Trial 1 for calling: bash NSGA2.sh instance_prob1.dat "" 1000000000.0000001 2147483647 1374493268 -pc 0.6 -pm 0.3 > /tmp/tmp-2026-07-1315:03:32-0.5413496494293213
Executing cmd: bash NSGA2.sh instance_prob1.dat "" 1000000000.0000001 2147483647 1374493268 -pc 0.6 -pm 0.3 > /tmp/tmp-2026-07-1315:03:32-0.5413496494293213
Result: instance_prob1.dat, 0, -650.27, 0, 1374493268
now 2026-07-13 15:08:49 -0400; start 2026-07-12 21:39:27 -0400; time-start 62961.210619773; maxWall 8640000.0
getAlgoResultsForInstsAndParams.
  Trial 1 for calling: bash NSGA2.sh instance_param3.dat "" 1000000000.0000001 2147483647 1189509930 -pc 0.6 -pm 0.3 > /tmp/tmp-2026-07-1315:08:49-0.2038555145263672
Executing cmd: bash NSGA2.sh instance_param3.dat "" 1000000000.0000001 2147483647 1189509930 -pc 0.6 -pm 0.3 > /tmp/tmp-2026-07-1315:08:49-0.2038555145263672
Result: instance_param3.dat, 0, -705.56, 0, 1189509930
now 2026-07-13 15:08:49 -0400; start 2026-07-12 21:39:27 -0400; time-start 62961.290950558; maxWall 8640000.0
getAlgoResultsForInstsAndParams.
  Trial 1 for calling: bash NSGA2.sh instance_prob4.dat "" 1000000000.0000001 2147483647 1289636003 -pc 0.6 -pm 0.3 > /tmp/tmp-2026-07-1315:08:49-0.9427499771118164
Executing cmd: bash NSGA2.sh instance_prob4.dat "" 1000000000.0000001 2147483647 1289636003 -pc 0.6 -pm 0.3 > /tmp/tmp-2026-07-1315:08:49-0.9427499771118164
Result: instance_prob4.dat, 0, -591.79, 0, 1289636003
now 2026-07-13 15:16:11 -0400; start 2026-07-12 21:39:27 -0400; time-start 63403.785532381; maxWall 8640000.0
getAlgoResultsForInstsAndParams.
  Trial 1 for calling: bash NSGA2.sh instance_param1.dat "" 1000000000.0000001 2147483647 945548968 -pc 0.6 -pm 0.3 > /tmp/tmp-2026-07-1315:16:11-0.33539843559265137
Executing cmd: bash NSGA2.sh instance_param1.dat "" 1000000000.0000001 2147483647 945548968 -pc 0.6 -pm 0.3 > /tmp/tmp-2026-07-1315:16:11-0.33539843559265137
Result: instance_param1.dat, 0, -920.07, 0, 945548968
now 2026-07-13 15:16:11 -0400; start 2026-07-12 21:39:27 -0400; time-start 63403.868609162; maxWall 8640000.0
getAlgoResultsForInstsAndParams.
  Trial 1 for calling: bash NSGA2.sh instance_param2.dat "" 1000000000.0000001 2147483647 1036556068 -pc 0.6 -pm 0.3 > /tmp/tmp-2026-07-1315:16:11-0.38652920722961426
Executing cmd: bash NSGA2.sh instance_param2.dat "" 1000000000.0000001 2147483647 1036556068 -pc 0.6 -pm 0.3 > /tmp/tmp-2026-07-1315:16:11-0.38652920722961426
Result: instance_param2.dat, 0, -717.59, 0, 1036556068
now 2026-07-13 15:16:11 -0400; start 2026-07-12 21:39:27 -0400; time-start 63403.954034311; maxWall 8640000.0
getAlgoResultsForInstsAndParams.
  Trial 1 for calling: bash NSGA2.sh instance_param3.dat "" 1000000000.0000001 2147483647 82106444 -pc 0.6 -pm 0.3 > /tmp/tmp-2026-07-1315:16:11-0.9893299341201782
Executing cmd: bash NSGA2.sh instance_param3.dat "" 1000000000.0000001 2147483647 82106444 -pc 0.6 -pm 0.3 > /tmp/tmp-2026-07-1315:16:11-0.9893299341201782
Result: instance_param3.dat, 0, -705.56, 0, 82106444
now 2026-07-13 15:16:11 -0400; start 2026-07-12 21:39:27 -0400; time-start 63404.042485875; maxWall 8640000.0
getAlgoResultsForInstsAndParams.
  Trial 1 for calling: bash NSGA2.sh instance_prob4.dat "" 1000000000.0000001 2147483647 64315970 -pc 0.6 -pm 0.3 > /tmp/tmp-2026-07-1315:16:11-0.3165764808654785
Executing cmd: bash NSGA2.sh instance_prob4.dat "" 1000000000.0000001 2147483647 64315970 -pc 0.6 -pm 0.3 > /tmp/tmp-2026-07-1315:16:11-0.3165764808654785
Result: instance_prob4.dat, 0, -591.79, 0, 64315970
          -> Take improving step to neighbour pc=0.6 pm=0.3 (-690.75 [based on 24 runs with cutoff 1000000000.0]) with flip 27

          
============= Performing 1 bonus runs of state: pc=0.6 pm=0.3 (-690.75 [based on 24 runs with cutoff 1000000000.0]) ============ 

now 2026-07-13 15:23:27 -0400; start 2026-07-12 21:39:27 -0400; time-start 63839.937540825; maxWall 8640000.0
State wants more detail (24+1) than incumbent (24), doing incumbent first:
pc=0.6 pm=0.3 (-690.75 [based on 24 runs with cutoff 1000000000.0])
pc=0.8 pm=0.05 (-690.75 [based on 24 runs with cutoff 1000000000.0])
getAlgoResultsForInstsAndParams.
  Trial 1 for calling: bash NSGA2.sh instance_prob1.dat "" 1000000000.0000001 2147483647 205845687 -pc 0.8 -pm 0.05 > /tmp/tmp-2026-07-1315:23:27-0.9852547645568848
Executing cmd: bash NSGA2.sh instance_prob1.dat "" 1000000000.0000001 2147483647 205845687 -pc 0.8 -pm 0.05 > /tmp/tmp-2026-07-1315:23:27-0.9852547645568848
Result: instance_prob1.dat, 0, -650.27, 0, 205845687
 Same incumbent, new precision:
New Incumbent: 31.100000000000172, -689.12 [25, 1000000000.0]. With state pc=0.8, pm=0.05
getAlgoResultsForInstsAndParams.
  Trial 1 for calling: bash NSGA2.sh instance_prob1.dat "" 1000000000.0000001 2147483647 205845687 -pc 0.6 -pm 0.3 > /tmp/tmp-2026-07-1315:26:20-0.6112771034240723
Executing cmd: bash NSGA2.sh instance_prob1.dat "" 1000000000.0000001 2147483647 205845687 -pc 0.6 -pm 0.3 > /tmp/tmp-2026-07-1315:26:20-0.6112771034240723
Result: instance_prob1.dat, 0, -650.27, 0, 205845687
          -> After 1 bonus runs: pc=0.6 pm=0.3 (-689.12 [based on 25 runs with cutoff 1000000000.0])

now 2026-07-13 15:30:49 -0400; start 2026-07-12 21:39:27 -0400; time-start 64281.412740724; maxWall 8640000.0
now 2026-07-13 15:30:49 -0400; start 2026-07-12 21:39:27 -0400; time-start 64281.412815803; maxWall 8640000.0
    Changing ["pc: 0.6->0.8"], evaluating ...
getAlgoResultsForInstsAndParams.
  Trial 1 for calling: bash NSGA2.sh instance_param3.dat "" 1000000000.0000001 2147483647 579399830 -pc 0.8 -pm 0.3 > /tmp/tmp-2026-07-1315:30:49-0.3074159622192383
Executing cmd: bash NSGA2.sh instance_param3.dat "" 1000000000.0000001 2147483647 579399830 -pc 0.8 -pm 0.3 > /tmp/tmp-2026-07-1315:30:49-0.3074159622192383
Result: instance_param3.dat, 0, -705.56, 0, 579399830
now 2026-07-13 15:30:49 -0400; start 2026-07-12 21:39:27 -0400; time-start 64281.492427357; maxWall 8640000.0
getAlgoResultsForInstsAndParams.
  Trial 1 for calling: bash NSGA2.sh instance_param2.dat "" 1000000000.0000001 2147483647 371836214 -pc 0.8 -pm 0.3 > /tmp/tmp-2026-07-1315:30:49-0.9602365493774414
Executing cmd: bash NSGA2.sh instance_param2.dat "" 1000000000.0000001 2147483647 371836214 -pc 0.8 -pm 0.3 > /tmp/tmp-2026-07-1315:30:49-0.9602365493774414
Result: instance_param2.dat, 0, -717.59, 0, 371836214
now 2026-07-13 15:30:49 -0400; start 2026-07-12 21:39:27 -0400; time-start 64281.577244061; maxWall 8640000.0
getAlgoResultsForInstsAndParams.
  Trial 1 for calling: bash NSGA2.sh instance_prob4.dat "" 1000000000.0000001 2147483647 284264236 -pc 0.8 -pm 0.3 > /tmp/tmp-2026-07-1315:30:49-0.38814330101013184
Executing cmd: bash NSGA2.sh instance_prob4.dat "" 1000000000.0000001 2147483647 284264236 -pc 0.8 -pm 0.3 > /tmp/tmp-2026-07-1315:30:49-0.38814330101013184
Result: instance_prob4.dat, 0, -591.79, 0, 284264236
now 2026-07-13 15:38:25 -0400; start 2026-07-12 21:39:27 -0400; time-start 64738.031260861; maxWall 8640000.0
getAlgoResultsForInstsAndParams.
  Trial 1 for calling: bash NSGA2.sh instance_prob2.dat "" 1000000000.0000001 2147483647 45849524 -pc 0.8 -pm 0.3 > /tmp/tmp-2026-07-1315:38:25-0.15616214275360107
Executing cmd: bash NSGA2.sh instance_prob2.dat "" 1000000000.0000001 2147483647 45849524 -pc 0.8 -pm 0.3 > /tmp/tmp-2026-07-1315:38:25-0.15616214275360107
Result: instance_prob2.dat, 0, -695.75, 0, 45849524
now 2026-07-13 15:47:30 -0400; start 2026-07-12 21:39:27 -0400; time-start 65282.911652434; maxWall 8640000.0
getAlgoResultsForInstsAndParams.
  Trial 1 for calling: bash NSGA2.sh instance_prob3.dat "" 1000000000.0000001 2147483647 1729884984 -pc 0.8 -pm 0.3 > /tmp/tmp-2026-07-1315:47:30-0.9870233535766602
Executing cmd: bash NSGA2.sh instance_prob3.dat "" 1000000000.0000001 2147483647 1729884984 -pc 0.8 -pm 0.3 > /tmp/tmp-2026-07-1315:47:30-0.9870233535766602
Result: instance_prob3.dat, 0, -577.71, 0, 1729884984
now 2026-07-13 15:56:47 -0400; start 2026-07-12 21:39:27 -0400; time-start 65839.101584691; maxWall 8640000.0
getAlgoResultsForInstsAndParams.
  Trial 1 for calling: bash NSGA2.sh instance_param2.dat "" 1000000000.0000001 2147483647 1526896590 -pc 0.8 -pm 0.3 > /tmp/tmp-2026-07-1315:56:47-0.43096160888671875
Executing cmd: bash NSGA2.sh instance_param2.dat "" 1000000000.0000001 2147483647 1526896590 -pc 0.8 -pm 0.3 > /tmp/tmp-2026-07-1315:56:47-0.43096160888671875
Result: instance_param2.dat, 0, -717.59, 0, 1526896590
now 2026-07-13 15:56:47 -0400; start 2026-07-12 21:39:27 -0400; time-start 65839.181788469; maxWall 8640000.0
getAlgoResultsForInstsAndParams.
  Trial 1 for calling: bash NSGA2.sh instance_prob1.dat "" 1000000000.0000001 2147483647 1374493268 -pc 0.8 -pm 0.3 > /tmp/tmp-2026-07-1315:56:47-0.5912818908691406
Executing cmd: bash NSGA2.sh instance_prob1.dat "" 1000000000.0000001 2147483647 1374493268 -pc 0.8 -pm 0.3 > /tmp/tmp-2026-07-1315:56:47-0.5912818908691406
Result: instance_prob1.dat, 0, -650.27, 0, 1374493268
now 2026-07-13 16:01:31 -0400; start 2026-07-12 21:39:27 -0400; time-start 66123.366167186; maxWall 8640000.0
getAlgoResultsForInstsAndParams.
  Trial 1 for calling: bash NSGA2.sh instance_param3.dat "" 1000000000.0000001 2147483647 1189509930 -pc 0.8 -pm 0.3 > /tmp/tmp-2026-07-1316:01:31-0.2560305595397949
Executing cmd: bash NSGA2.sh instance_param3.dat "" 1000000000.0000001 2147483647 1189509930 -pc 0.8 -pm 0.3 > /tmp/tmp-2026-07-1316:01:31-0.2560305595397949
Result: instance_param3.dat, 0, -705.56, 0, 1189509930
now 2026-07-13 16:01:31 -0400; start 2026-07-12 21:39:27 -0400; time-start 66123.4471454; maxWall 8640000.0
getAlgoResultsForInstsAndParams.
  Trial 1 for calling: bash NSGA2.sh instance_prob4.dat "" 1000000000.0000001 2147483647 1289636003 -pc 0.8 -pm 0.3 > /tmp/tmp-2026-07-1316:01:31-0.8460593223571777
Executing cmd: bash NSGA2.sh instance_prob4.dat "" 1000000000.0000001 2147483647 1289636003 -pc 0.8 -pm 0.3 > /tmp/tmp-2026-07-1316:01:31-0.8460593223571777
Result: instance_prob4.dat, 0, -591.79, 0, 1289636003
now 2026-07-13 16:08:47 -0400; start 2026-07-12 21:39:27 -0400; time-start 66559.668599747; maxWall 8640000.0
getAlgoResultsForInstsAndParams.
  Trial 1 for calling: bash NSGA2.sh instance_param1.dat "" 1000000000.0000001 2147483647 945548968 -pc 0.8 -pm 0.3 > /tmp/tmp-2026-07-1316:08:47-0.25072669982910156
Executing cmd: bash NSGA2.sh instance_param1.dat "" 1000000000.0000001 2147483647 945548968 -pc 0.8 -pm 0.3 > /tmp/tmp-2026-07-1316:08:47-0.25072669982910156
Result: instance_param1.dat, 0, -920.07, 0, 945548968
now 2026-07-13 16:08:47 -0400; start 2026-07-12 21:39:27 -0400; time-start 66559.748878223; maxWall 8640000.0
getAlgoResultsForInstsAndParams.
  Trial 1 for calling: bash NSGA2.sh instance_param2.dat "" 1000000000.0000001 2147483647 1036556068 -pc 0.8 -pm 0.3 > /tmp/tmp-2026-07-1316:08:47-0.9989221096038818
Executing cmd: bash NSGA2.sh instance_param2.dat "" 1000000000.0000001 2147483647 1036556068 -pc 0.8 -pm 0.3 > /tmp/tmp-2026-07-1316:08:47-0.9989221096038818
Result: instance_param2.dat, 0, -717.59, 0, 1036556068
now 2026-07-13 16:08:47 -0400; start 2026-07-12 21:39:27 -0400; time-start 66559.835003589; maxWall 8640000.0
getAlgoResultsForInstsAndParams.
  Trial 1 for calling: bash NSGA2.sh instance_param3.dat "" 1000000000.0000001 2147483647 82106444 -pc 0.8 -pm 0.3 > /tmp/tmp-2026-07-1316:08:47-0.963031530380249
Executing cmd: bash NSGA2.sh instance_param3.dat "" 1000000000.0000001 2147483647 82106444 -pc 0.8 -pm 0.3 > /tmp/tmp-2026-07-1316:08:47-0.963031530380249
Result: instance_param3.dat, 0, -705.56, 0, 82106444
now 2026-07-13 16:08:47 -0400; start 2026-07-12 21:39:27 -0400; time-start 66559.921758872; maxWall 8640000.0
getAlgoResultsForInstsAndParams.
  Trial 1 for calling: bash NSGA2.sh instance_prob4.dat "" 1000000000.0000001 2147483647 64315970 -pc 0.8 -pm 0.3 > /tmp/tmp-2026-07-1316:08:47-0.045946598052978516
Executing cmd: bash NSGA2.sh instance_prob4.dat "" 1000000000.0000001 2147483647 64315970 -pc 0.8 -pm 0.3 > /tmp/tmp-2026-07-1316:08:47-0.045946598052978516
Result: instance_prob4.dat, 0, -591.79, 0, 64315970
now 2026-07-13 16:15:59 -0400; start 2026-07-12 21:39:27 -0400; time-start 66991.95203751; maxWall 8640000.0
getAlgoResultsForInstsAndParams.
  Trial 1 for calling: bash NSGA2.sh instance_prob1.dat "" 1000000000.0000001 2147483647 205845687 -pc 0.8 -pm 0.3 > /tmp/tmp-2026-07-1316:15:59-0.5054458379745483
Executing cmd: bash NSGA2.sh instance_prob1.dat "" 1000000000.0000001 2147483647 205845687 -pc 0.8 -pm 0.3 > /tmp/tmp-2026-07-1316:15:59-0.5054458379745483
Result: instance_prob1.dat, 0, -650.27, 0, 205845687
          -> Take improving step to neighbour pc=0.8 pm=0.3 (-689.12 [based on 25 runs with cutoff 1000000000.0]) with flip 28

          
============= Performing 1 bonus runs of state: pc=0.8 pm=0.3 (-689.12 [based on 25 runs with cutoff 1000000000.0]) ============ 

now 2026-07-13 16:20:55 -0400; start 2026-07-12 21:39:27 -0400; time-start 67287.529243937; maxWall 8640000.0
State wants more detail (25+1) than incumbent (25), doing incumbent first:
pc=0.8 pm=0.3 (-689.12 [based on 25 runs with cutoff 1000000000.0])
pc=0.8 pm=0.05 (-689.12 [based on 25 runs with cutoff 1000000000.0])
getAlgoResultsForInstsAndParams.
  Trial 1 for calling: bash NSGA2.sh instance_param1.dat "" 1000000000.0000001 2147483647 673948927 -pc 0.8 -pm 0.05 > /tmp/tmp-2026-07-1316:20:55-0.822819709777832
Executing cmd: bash NSGA2.sh instance_param1.dat "" 1000000000.0000001 2147483647 673948927 -pc 0.8 -pm 0.05 > /tmp/tmp-2026-07-1316:20:55-0.822819709777832
Result: instance_param1.dat, 0, -920.07, 0, 673948927
 Same incumbent, new precision:
New Incumbent: 32.700000000000195, -698.0 [26, 1000000000.0]. With state pc=0.8, pm=0.05
getAlgoResultsForInstsAndParams.
  Trial 1 for calling: bash NSGA2.sh instance_param1.dat "" 1000000000.0000001 2147483647 673948927 -pc 0.8 -pm 0.3 > /tmp/tmp-2026-07-1316:20:55-0.895503044128418
Executing cmd: bash NSGA2.sh instance_param1.dat "" 1000000000.0000001 2147483647 673948927 -pc 0.8 -pm 0.3 > /tmp/tmp-2026-07-1316:20:55-0.895503044128418
Result: instance_param1.dat, 0, -920.07, 0, 673948927
          -> After 1 bonus runs: pc=0.8 pm=0.3 (-698.0 [based on 26 runs with cutoff 1000000000.0])

now 2026-07-13 16:20:55 -0400; start 2026-07-12 21:39:27 -0400; time-start 67287.698182986; maxWall 8640000.0
now 2026-07-13 16:20:55 -0400; start 2026-07-12 21:39:27 -0400; time-start 67287.698250932; maxWall 8640000.0
now 2026-07-13 16:20:55 -0400; start 2026-07-12 21:39:27 -0400; time-start 67287.698310891; maxWall 8640000.0
    Changing ["pm: 0.3->0.05"], evaluating ...
State wants more detail (26+1) than incumbent (26), doing incumbent first:
pc=0.8 pm=0.3 (-698.0 [based on 26 runs with cutoff 1000000000.0])
pc=0.8 pm=0.05 (-698.0 [based on 26 runs with cutoff 1000000000.0])
getAlgoResultsForInstsAndParams.
  Trial 1 for calling: bash NSGA2.sh instance_prob2.dat "" 1000000000.0000001 2147483647 637566358 -pc 0.8 -pm 0.05 > /tmp/tmp-2026-07-1316:20:55-0.8104703426361084
Executing cmd: bash NSGA2.sh instance_prob2.dat "" 1000000000.0000001 2147483647 637566358 -pc 0.8 -pm 0.05 > /tmp/tmp-2026-07-1316:20:55-0.8104703426361084
Result: instance_prob2.dat, 0, -695.75, 0, 637566358
 Same incumbent, new precision:
New Incumbent: 32.9000000000002, -697.8888888888889 [27, 1000000000.0]. With state pc=0.8, pm=0.05
getAlgoResultsForInstsAndParams.
  Trial 1 for calling: bash NSGA2.sh instance_prob2.dat "" 1000000000.0000001 2147483647 637566358 -pc 0.8 -pm 0.3 > /tmp/tmp-2026-07-1316:24:12-0.6248760223388672
Executing cmd: bash NSGA2.sh instance_prob2.dat "" 1000000000.0000001 2147483647 637566358 -pc 0.8 -pm 0.3 > /tmp/tmp-2026-07-1316:24:12-0.6248760223388672
Result: instance_prob2.dat, 0, -695.75, 0, 637566358
          -> Take improving step to neighbour pc=0.8 pm=0.05 (-697.8888888888889 [based on 27 runs with cutoff 1000000000.0]) with flip 29

          
============= Performing 1 bonus runs of state: pc=0.8 pm=0.05 (-697.8888888888889 [based on 27 runs with cutoff 1000000000.0]) ============ 

now 2026-07-13 16:32:23 -0400; start 2026-07-12 21:39:27 -0400; time-start 67975.978373357; maxWall 8640000.0
getAlgoResultsForInstsAndParams.
  Trial 1 for calling: bash NSGA2.sh instance_prob3.dat "" 1000000000.0000001 2147483647 720721666 -pc 0.8 -pm 0.05 > /tmp/tmp-2026-07-1316:32:23-0.7369892597198486
Executing cmd: bash NSGA2.sh instance_prob3.dat "" 1000000000.0000001 2147483647 720721666 -pc 0.8 -pm 0.05 > /tmp/tmp-2026-07-1316:32:23-0.7369892597198486
Result: instance_prob3.dat, 0, -577.71, 0, 720721666
 Same incumbent, new precision:
New Incumbent: 33.1000000000002, -693.5714285714286 [28, 1000000000.0]. With state pc=0.8, pm=0.05
          -> After 1 bonus runs: pc=0.8 pm=0.05 (-693.5714285714286 [based on 28 runs with cutoff 1000000000.0])

now 2026-07-13 16:37:08 -0400; start 2026-07-12 21:39:27 -0400; time-start 68260.220473139; maxWall 8640000.0
now 2026-07-13 16:37:08 -0400; start 2026-07-12 21:39:27 -0400; time-start 68260.220542339; maxWall 8640000.0
    Changing ["pm: 0.05->0.5"], evaluating ...
getAlgoResultsForInstsAndParams.
  Trial 1 for calling: bash NSGA2.sh instance_param3.dat "" 1000000000.0000001 2147483647 1189509930 -pc 0.8 -pm 0.5 > /tmp/tmp-2026-07-1316:37:08-0.2415332794189453
Executing cmd: bash NSGA2.sh instance_param3.dat "" 1000000000.0000001 2147483647 1189509930 -pc 0.8 -pm 0.5 > /tmp/tmp-2026-07-1316:37:08-0.2415332794189453
Result: instance_param3.dat, 0, -705.56, 0, 1189509930
now 2026-07-13 16:37:08 -0400; start 2026-07-12 21:39:27 -0400; time-start 68260.299625554; maxWall 8640000.0
getAlgoResultsForInstsAndParams.
  Trial 1 for calling: bash NSGA2.sh instance_prob4.dat "" 1000000000.0000001 2147483647 1289636003 -pc 0.8 -pm 0.5 > /tmp/tmp-2026-07-1316:37:08-0.34192752838134766
Executing cmd: bash NSGA2.sh instance_prob4.dat "" 1000000000.0000001 2147483647 1289636003 -pc 0.8 -pm 0.5 > /tmp/tmp-2026-07-1316:37:08-0.34192752838134766
Result: instance_prob4.dat, 0, -591.79, 0, 1289636003
now 2026-07-13 16:45:46 -0400; start 2026-07-12 21:39:27 -0400; time-start 68778.615424889; maxWall 8640000.0
getAlgoResultsForInstsAndParams.
  Trial 1 for calling: bash NSGA2.sh instance_param1.dat "" 1000000000.0000001 2147483647 945548968 -pc 0.8 -pm 0.5 > /tmp/tmp-2026-07-1316:45:46-0.7192614078521729
Executing cmd: bash NSGA2.sh instance_param1.dat "" 1000000000.0000001 2147483647 945548968 -pc 0.8 -pm 0.5 > /tmp/tmp-2026-07-1316:45:46-0.7192614078521729
Result: instance_param1.dat, 0, -920.07, 0, 945548968
now 2026-07-13 16:45:46 -0400; start 2026-07-12 21:39:27 -0400; time-start 68778.697133084; maxWall 8640000.0
getAlgoResultsForInstsAndParams.
  Trial 1 for calling: bash NSGA2.sh instance_param2.dat "" 1000000000.0000001 2147483647 1036556068 -pc 0.8 -pm 0.5 > /tmp/tmp-2026-07-1316:45:46-0.7490522861480713
Executing cmd: bash NSGA2.sh instance_param2.dat "" 1000000000.0000001 2147483647 1036556068 -pc 0.8 -pm 0.5 > /tmp/tmp-2026-07-1316:45:46-0.7490522861480713
Result: instance_param2.dat, 0, -717.59, 0, 1036556068
now 2026-07-13 16:45:46 -0400; start 2026-07-12 21:39:27 -0400; time-start 68778.783980331; maxWall 8640000.0
getAlgoResultsForInstsAndParams.
  Trial 1 for calling: bash NSGA2.sh instance_param3.dat "" 1000000000.0000001 2147483647 82106444 -pc 0.8 -pm 0.5 > /tmp/tmp-2026-07-1316:45:46-0.9174902439117432
Executing cmd: bash NSGA2.sh instance_param3.dat "" 1000000000.0000001 2147483647 82106444 -pc 0.8 -pm 0.5 > /tmp/tmp-2026-07-1316:45:46-0.9174902439117432
Result: instance_param3.dat, 0, -705.56, 0, 82106444
now 2026-07-13 16:45:46 -0400; start 2026-07-12 21:39:27 -0400; time-start 68778.87018629; maxWall 8640000.0
getAlgoResultsForInstsAndParams.
  Trial 1 for calling: bash NSGA2.sh instance_prob4.dat "" 1000000000.0000001 2147483647 64315970 -pc 0.8 -pm 0.5 > /tmp/tmp-2026-07-1316:45:46-0.1698768138885498
Executing cmd: bash NSGA2.sh instance_prob4.dat "" 1000000000.0000001 2147483647 64315970 -pc 0.8 -pm 0.5 > /tmp/tmp-2026-07-1316:45:46-0.1698768138885498
Result: instance_prob4.dat, 0, -591.79, 0, 64315970
now 2026-07-13 16:55:50 -0400; start 2026-07-12 21:39:27 -0400; time-start 69382.101445192; maxWall 8640000.0
getAlgoResultsForInstsAndParams.
  Trial 1 for calling: bash NSGA2.sh instance_prob1.dat "" 1000000000.0000001 2147483647 205845687 -pc 0.8 -pm 0.5 > /tmp/tmp-2026-07-1316:55:50-0.254791259765625
Executing cmd: bash NSGA2.sh instance_prob1.dat "" 1000000000.0000001 2147483647 205845687 -pc 0.8 -pm 0.5 > /tmp/tmp-2026-07-1316:55:50-0.254791259765625
Result: instance_prob1.dat, 0, -650.27, 0, 205845687
now 2026-07-13 17:01:01 -0400; start 2026-07-12 21:39:27 -0400; time-start 69693.552164595; maxWall 8640000.0
getAlgoResultsForInstsAndParams.
  Trial 1 for calling: bash NSGA2.sh instance_param1.dat "" 1000000000.0000001 2147483647 673948927 -pc 0.8 -pm 0.5 > /tmp/tmp-2026-07-1317:01:01-0.6369185447692871
Executing cmd: bash NSGA2.sh instance_param1.dat "" 1000000000.0000001 2147483647 673948927 -pc 0.8 -pm 0.5 > /tmp/tmp-2026-07-1317:01:01-0.6369185447692871
Result: instance_param1.dat, 0, -920.07, 0, 673948927
now 2026-07-13 17:01:01 -0400; start 2026-07-12 21:39:27 -0400; time-start 69693.635727048; maxWall 8640000.0
getAlgoResultsForInstsAndParams.
  Trial 1 for calling: bash NSGA2.sh instance_prob2.dat "" 1000000000.0000001 2147483647 637566358 -pc 0.8 -pm 0.5 > /tmp/tmp-2026-07-1317:01:01-0.3225128650665283
Executing cmd: bash NSGA2.sh instance_prob2.dat "" 1000000000.0000001 2147483647 637566358 -pc 0.8 -pm 0.5 > /tmp/tmp-2026-07-1317:01:01-0.3225128650665283
Result: instance_prob2.dat, 0, -695.75, 0, 637566358
now 2026-07-13 17:10:42 -0400; start 2026-07-12 21:39:27 -0400; time-start 70274.569934072; maxWall 8640000.0
getAlgoResultsForInstsAndParams.
  Trial 1 for calling: bash NSGA2.sh instance_prob3.dat "" 1000000000.0000001 2147483647 720721666 -pc 0.8 -pm 0.5 > /tmp/tmp-2026-07-1317:10:42-0.928013801574707
Executing cmd: bash NSGA2.sh instance_prob3.dat "" 1000000000.0000001 2147483647 720721666 -pc 0.8 -pm 0.5 > /tmp/tmp-2026-07-1317:10:42-0.928013801574707
Result: instance_prob3.dat, 0, -577.71, 0, 720721666
          -> Take improving step to neighbour pc=0.8 pm=0.5 (-693.5714285714286 [based on 28 runs with cutoff 1000000000.0]) with flip 30

          
============= Performing 1 bonus runs of state: pc=0.8 pm=0.5 (-693.5714285714286 [based on 28 runs with cutoff 1000000000.0]) ============ 

now 2026-07-13 17:20:03 -0400; start 2026-07-12 21:39:27 -0400; time-start 70835.092073257; maxWall 8640000.0
State wants more detail (28+1) than incumbent (28), doing incumbent first:
pc=0.8 pm=0.5 (-693.5714285714286 [based on 28 runs with cutoff 1000000000.0])
pc=0.8 pm=0.05 (-693.5714285714286 [based on 28 runs with cutoff 1000000000.0])
getAlgoResultsForInstsAndParams.
  Trial 1 for calling: bash NSGA2.sh instance_param3.dat "" 1000000000.0000001 2147483647 2085269448 -pc 0.8 -pm 0.05 > /tmp/tmp-2026-07-1317:20:03-0.91729736328125
Executing cmd: bash NSGA2.sh instance_param3.dat "" 1000000000.0000001 2147483647 2085269448 -pc 0.8 -pm 0.05 > /tmp/tmp-2026-07-1317:20:03-0.91729736328125
Result: instance_param3.dat, 0, -705.56, 0, 2085269448
 Same incumbent, new precision:
New Incumbent: 34.200000000000216, -693.9655172413793 [29, 1000000000.0]. With state pc=0.8, pm=0.05
getAlgoResultsForInstsAndParams.
  Trial 1 for calling: bash NSGA2.sh instance_param3.dat "" 1000000000.0000001 2147483647 2085269448 -pc 0.8 -pm 0.5 > /tmp/tmp-2026-07-1317:20:03-0.1500225067138672
Executing cmd: bash NSGA2.sh instance_param3.dat "" 1000000000.0000001 2147483647 2085269448 -pc 0.8 -pm 0.5 > /tmp/tmp-2026-07-1317:20:03-0.1500225067138672
Result: instance_param3.dat, 0, -705.56, 0, 2085269448
          -> After 1 bonus runs: pc=0.8 pm=0.5 (-693.9655172413793 [based on 29 runs with cutoff 1000000000.0])

now 2026-07-13 17:20:03 -0400; start 2026-07-12 21:39:27 -0400; time-start 70835.261260413; maxWall 8640000.0
now 2026-07-13 17:20:03 -0400; start 2026-07-12 21:39:27 -0400; time-start 70835.261333739; maxWall 8640000.0
    Changing ["pc: 0.8->0.5"], evaluating ...
getAlgoResultsForInstsAndParams.
  Trial 1 for calling: bash NSGA2.sh instance_param1.dat "" 1000000000.0000001 2147483647 1180947612 -pc 0.5 -pm 0.5 > /tmp/tmp-2026-07-1317:20:03-0.3657512664794922
Executing cmd: bash NSGA2.sh instance_param1.dat "" 1000000000.0000001 2147483647 1180947612 -pc 0.5 -pm 0.5 > /tmp/tmp-2026-07-1317:20:03-0.3657512664794922
Result: instance_param1.dat, 0, -920.07, 0, 1180947612
now 2026-07-13 17:20:03 -0400; start 2026-07-12 21:39:27 -0400; time-start 70835.348201671; maxWall 8640000.0
getAlgoResultsForInstsAndParams.
  Trial 1 for calling: bash NSGA2.sh instance_prob4.dat "" 1000000000.0000001 2147483647 1841889657 -pc 0.5 -pm 0.5 > /tmp/tmp-2026-07-1317:20:03-0.5164022445678711
Executing cmd: bash NSGA2.sh instance_prob4.dat "" 1000000000.0000001 2147483647 1841889657 -pc 0.5 -pm 0.5 > /tmp/tmp-2026-07-1317:20:03-0.5164022445678711
Result: instance_prob4.dat, 0, -591.79, 0, 1841889657
now 2026-07-13 17:28:53 -0400; start 2026-07-12 21:39:27 -0400; time-start 71365.738894464; maxWall 8640000.0
getAlgoResultsForInstsAndParams.
  Trial 1 for calling: bash NSGA2.sh instance_param2.dat "" 1000000000.0000001 2147483647 1561765848 -pc 0.5 -pm 0.5 > /tmp/tmp-2026-07-1317:28:53-0.07709741592407227
Executing cmd: bash NSGA2.sh instance_param2.dat "" 1000000000.0000001 2147483647 1561765848 -pc 0.5 -pm 0.5 > /tmp/tmp-2026-07-1317:28:53-0.07709741592407227
Result: instance_param2.dat, 0, -717.59, 0, 1561765848
now 2026-07-13 17:28:53 -0400; start 2026-07-12 21:39:27 -0400; time-start 71365.825381043; maxWall 8640000.0
getAlgoResultsForInstsAndParams.
  Trial 1 for calling: bash NSGA2.sh instance_prob1.dat "" 1000000000.0000001 2147483647 331991908 -pc 0.5 -pm 0.5 > /tmp/tmp-2026-07-1317:28:53-0.9480597972869873
Executing cmd: bash NSGA2.sh instance_prob1.dat "" 1000000000.0000001 2147483647 331991908 -pc 0.5 -pm 0.5 > /tmp/tmp-2026-07-1317:28:53-0.9480597972869873
Result: instance_prob1.dat, 0, -650.27, 0, 331991908
now 2026-07-13 17:37:35 -0400; start 2026-07-12 21:39:27 -0400; time-start 71887.364410238; maxWall 8640000.0
getAlgoResultsForInstsAndParams.
  Trial 1 for calling: bash NSGA2.sh instance_param1.dat "" 1000000000.0000001 2147483647 1367662510 -pc 0.5 -pm 0.5 > /tmp/tmp-2026-07-1317:37:35-0.9618315696716309
Executing cmd: bash NSGA2.sh instance_param1.dat "" 1000000000.0000001 2147483647 1367662510 -pc 0.5 -pm 0.5 > /tmp/tmp-2026-07-1317:37:35-0.9618315696716309
Result: instance_param1.dat, 0, -920.07, 0, 1367662510
now 2026-07-13 17:37:35 -0400; start 2026-07-12 21:39:27 -0400; time-start 71887.452078408; maxWall 8640000.0
getAlgoResultsForInstsAndParams.
  Trial 1 for calling: bash NSGA2.sh instance_prob1.dat "" 1000000000.0000001 2147483647 1970933906 -pc 0.5 -pm 0.5 > /tmp/tmp-2026-07-1317:37:35-0.9408068656921387
Executing cmd: bash NSGA2.sh instance_prob1.dat "" 1000000000.0000001 2147483647 1970933906 -pc 0.5 -pm 0.5 > /tmp/tmp-2026-07-1317:37:35-0.9408068656921387
Result: instance_prob1.dat, 0, -650.27, 0, 1970933906
now 2026-07-13 17:43:34 -0400; start 2026-07-12 21:39:27 -0400; time-start 72246.384344124; maxWall 8640000.0
getAlgoResultsForInstsAndParams.
  Trial 1 for calling: bash NSGA2.sh instance_prob3.dat "" 1000000000.0000001 2147483647 184242589 -pc 0.5 -pm 0.5 > /tmp/tmp-2026-07-1317:43:34-0.650294303894043
Executing cmd: bash NSGA2.sh instance_prob3.dat "" 1000000000.0000001 2147483647 184242589 -pc 0.5 -pm 0.5 > /tmp/tmp-2026-07-1317:43:34-0.650294303894043
Result: instance_prob3.dat, 0, -577.71, 0, 184242589
now 2026-07-13 17:55:43 -0400; start 2026-07-12 21:39:27 -0400; time-start 72975.602676931; maxWall 8640000.0
getAlgoResultsForInstsAndParams.
  Trial 1 for calling: bash NSGA2.sh instance_prob2.dat "" 1000000000.0000001 2147483647 936818155 -pc 0.5 -pm 0.5 > /tmp/tmp-2026-07-1317:55:43-0.19508099555969238
Executing cmd: bash NSGA2.sh instance_prob2.dat "" 1000000000.0000001 2147483647 936818155 -pc 0.5 -pm 0.5 > /tmp/tmp-2026-07-1317:55:43-0.19508099555969238
Result: instance_prob2.dat, 0, -695.75, 0, 936818155
now 2026-07-13 18:04:59 -0400; start 2026-07-12 21:39:27 -0400; time-start 73531.88123969; maxWall 8640000.0
getAlgoResultsForInstsAndParams.
  Trial 1 for calling: bash NSGA2.sh instance_param3.dat "" 1000000000.0000001 2147483647 579399830 -pc 0.5 -pm 0.5 > /tmp/tmp-2026-07-1318:04:59-0.19648075103759766
Executing cmd: bash NSGA2.sh instance_param3.dat "" 1000000000.0000001 2147483647 579399830 -pc 0.5 -pm 0.5 > /tmp/tmp-2026-07-1318:04:59-0.19648075103759766
Result: instance_param3.dat, 0, -705.56, 0, 579399830
now 2026-07-13 18:04:59 -0400; start 2026-07-12 21:39:27 -0400; time-start 73531.966465364; maxWall 8640000.0
getAlgoResultsForInstsAndParams.
  Trial 1 for calling: bash NSGA2.sh instance_param2.dat "" 1000000000.0000001 2147483647 371836214 -pc 0.5 -pm 0.5 > /tmp/tmp-2026-07-1318:04:59-0.1120537519454956
Executing cmd: bash NSGA2.sh instance_param2.dat "" 1000000000.0000001 2147483647 371836214 -pc 0.5 -pm 0.5 > /tmp/tmp-2026-07-1318:04:59-0.1120537519454956
Result: instance_param2.dat, 0, -717.59, 0, 371836214
now 2026-07-13 18:04:59 -0400; start 2026-07-12 21:39:27 -0400; time-start 73532.051369822; maxWall 8640000.0
getAlgoResultsForInstsAndParams.
  Trial 1 for calling: bash NSGA2.sh instance_prob4.dat "" 1000000000.0000001 2147483647 284264236 -pc 0.5 -pm 0.5 > /tmp/tmp-2026-07-1318:04:59-0.002362489700317383
Executing cmd: bash NSGA2.sh instance_prob4.dat "" 1000000000.0000001 2147483647 284264236 -pc 0.5 -pm 0.5 > /tmp/tmp-2026-07-1318:04:59-0.002362489700317383
Result: instance_prob4.dat, 0, -591.79, 0, 284264236
now 2026-07-13 18:14:33 -0400; start 2026-07-12 21:39:27 -0400; time-start 74105.810528243; maxWall 8640000.0
getAlgoResultsForInstsAndParams.
  Trial 1 for calling: bash NSGA2.sh instance_prob2.dat "" 1000000000.0000001 2147483647 45849524 -pc 0.5 -pm 0.5 > /tmp/tmp-2026-07-1318:14:33-0.23175716400146484
Executing cmd: bash NSGA2.sh instance_prob2.dat "" 1000000000.0000001 2147483647 45849524 -pc 0.5 -pm 0.5 > /tmp/tmp-2026-07-1318:14:33-0.23175716400146484
Result: instance_prob2.dat, 0, -695.75, 0, 45849524
now 2026-07-13 18:25:05 -0400; start 2026-07-12 21:39:27 -0400; time-start 74737.559524115; maxWall 8640000.0
getAlgoResultsForInstsAndParams.
  Trial 1 for calling: bash NSGA2.sh instance_prob3.dat "" 1000000000.0000001 2147483647 1729884984 -pc 0.5 -pm 0.5 > /tmp/tmp-2026-07-1318:25:05-0.2878842353820801
Executing cmd: bash NSGA2.sh instance_prob3.dat "" 1000000000.0000001 2147483647 1729884984 -pc 0.5 -pm 0.5 > /tmp/tmp-2026-07-1318:25:05-0.2878842353820801
Result: instance_prob3.dat, 0, -577.71, 0, 1729884984
now 2026-07-13 18:35:36 -0400; start 2026-07-12 21:39:27 -0400; time-start 75368.592631369; maxWall 8640000.0
getAlgoResultsForInstsAndParams.
  Trial 1 for calling: bash NSGA2.sh instance_param2.dat "" 1000000000.0000001 2147483647 1526896590 -pc 0.5 -pm 0.5 > /tmp/tmp-2026-07-1318:35:36-0.7480990886688232
Executing cmd: bash NSGA2.sh instance_param2.dat "" 1000000000.0000001 2147483647 1526896590 -pc 0.5 -pm 0.5 > /tmp/tmp-2026-07-1318:35:36-0.7480990886688232
Result: instance_param2.dat, 0, -717.59, 0, 1526896590
now 2026-07-13 18:35:36 -0400; start 2026-07-12 21:39:27 -0400; time-start 75368.675707698; maxWall 8640000.0
getAlgoResultsForInstsAndParams.
  Trial 1 for calling: bash NSGA2.sh instance_prob1.dat "" 1000000000.0000001 2147483647 1374493268 -pc 0.5 -pm 0.5 > /tmp/tmp-2026-07-1318:35:36-0.8054344654083252
Executing cmd: bash NSGA2.sh instance_prob1.dat "" 1000000000.0000001 2147483647 1374493268 -pc 0.5 -pm 0.5 > /tmp/tmp-2026-07-1318:35:36-0.8054344654083252
Result: instance_prob1.dat, 0, -650.27, 0, 1374493268
now 2026-07-13 18:48:55 -0400; start 2026-07-12 21:39:27 -0400; time-start 76167.18998706; maxWall 8640000.0
getAlgoResultsForInstsAndParams.
  Trial 1 for calling: bash NSGA2.sh instance_param3.dat "" 1000000000.0000001 2147483647 1189509930 -pc 0.5 -pm 0.5 > /tmp/tmp-2026-07-1318:48:55-0.07712554931640625
Executing cmd: bash NSGA2.sh instance_param3.dat "" 1000000000.0000001 2147483647 1189509930 -pc 0.5 -pm 0.5 > /tmp/tmp-2026-07-1318:48:55-0.07712554931640625
Result: instance_param3.dat, 0, -705.56, 0, 1189509930
now 2026-07-13 18:48:55 -0400; start 2026-07-12 21:39:27 -0400; time-start 76167.27519224; maxWall 8640000.0
getAlgoResultsForInstsAndParams.
  Trial 1 for calling: bash NSGA2.sh instance_prob4.dat "" 1000000000.0000001 2147483647 1289636003 -pc 0.5 -pm 0.5 > /tmp/tmp-2026-07-1318:48:55-0.3249073028564453
Executing cmd: bash NSGA2.sh instance_prob4.dat "" 1000000000.0000001 2147483647 1289636003 -pc 0.5 -pm 0.5 > /tmp/tmp-2026-07-1318:48:55-0.3249073028564453
Result: instance_prob4.dat, 0, -591.79, 0, 1289636003
now 2026-07-13 18:57:56 -0400; start 2026-07-12 21:39:27 -0400; time-start 76709.04565492; maxWall 8640000.0
getAlgoResultsForInstsAndParams.
  Trial 1 for calling: bash NSGA2.sh instance_param1.dat "" 1000000000.0000001 2147483647 945548968 -pc 0.5 -pm 0.5 > /tmp/tmp-2026-07-1318:57:56-0.928668737411499
Executing cmd: bash NSGA2.sh instance_param1.dat "" 1000000000.0000001 2147483647 945548968 -pc 0.5 -pm 0.5 > /tmp/tmp-2026-07-1318:57:56-0.928668737411499
Result: instance_param1.dat, 0, -920.07, 0, 945548968
now 2026-07-13 18:57:57 -0400; start 2026-07-12 21:39:27 -0400; time-start 76709.130825195; maxWall 8640000.0
getAlgoResultsForInstsAndParams.
  Trial 1 for calling: bash NSGA2.sh instance_param2.dat "" 1000000000.0000001 2147483647 1036556068 -pc 0.5 -pm 0.5 > /tmp/tmp-2026-07-1318:57:57-0.15785980224609375
Executing cmd: bash NSGA2.sh instance_param2.dat "" 1000000000.0000001 2147483647 1036556068 -pc 0.5 -pm 0.5 > /tmp/tmp-2026-07-1318:57:57-0.15785980224609375
Result: instance_param2.dat, 0, -717.59, 0, 1036556068
now 2026-07-13 18:57:57 -0400; start 2026-07-12 21:39:27 -0400; time-start 76709.2175923; maxWall 8640000.0
getAlgoResultsForInstsAndParams.
  Trial 1 for calling: bash NSGA2.sh instance_param3.dat "" 1000000000.0000001 2147483647 82106444 -pc 0.5 -pm 0.5 > /tmp/tmp-2026-07-1318:57:57-0.5988197326660156
Executing cmd: bash NSGA2.sh instance_param3.dat "" 1000000000.0000001 2147483647 82106444 -pc 0.5 -pm 0.5 > /tmp/tmp-2026-07-1318:57:57-0.5988197326660156
Result: instance_param3.dat, 0, -705.56, 0, 82106444
now 2026-07-13 18:57:57 -0400; start 2026-07-12 21:39:27 -0400; time-start 76709.305023834; maxWall 8640000.0
getAlgoResultsForInstsAndParams.
  Trial 1 for calling: bash NSGA2.sh instance_prob4.dat "" 1000000000.0000001 2147483647 64315970 -pc 0.5 -pm 0.5 > /tmp/tmp-2026-07-1318:57:57-0.6847019195556641
Executing cmd: bash NSGA2.sh instance_prob4.dat "" 1000000000.0000001 2147483647 64315970 -pc 0.5 -pm 0.5 > /tmp/tmp-2026-07-1318:57:57-0.6847019195556641
Result: instance_prob4.dat, 0, -591.79, 0, 64315970
now 2026-07-13 19:07:15 -0400; start 2026-07-12 21:39:27 -0400; time-start 77267.756190151; maxWall 8640000.0
getAlgoResultsForInstsAndParams.
  Trial 1 for calling: bash NSGA2.sh instance_prob1.dat "" 1000000000.0000001 2147483647 205845687 -pc 0.5 -pm 0.5 > /tmp/tmp-2026-07-1319:07:15-0.2103877067565918
Executing cmd: bash NSGA2.sh instance_prob1.dat "" 1000000000.0000001 2147483647 205845687 -pc 0.5 -pm 0.5 > /tmp/tmp-2026-07-1319:07:15-0.2103877067565918
Result: instance_prob1.dat, 0, -650.27, 0, 205845687
now 2026-07-13 19:13:35 -0400; start 2026-07-12 21:39:27 -0400; time-start 77647.803986789; maxWall 8640000.0
getAlgoResultsForInstsAndParams.
  Trial 1 for calling: bash NSGA2.sh instance_param1.dat "" 1000000000.0000001 2147483647 673948927 -pc 0.5 -pm 0.5 > /tmp/tmp-2026-07-1319:13:35-0.36206912994384766
Executing cmd: bash NSGA2.sh instance_param1.dat "" 1000000000.0000001 2147483647 673948927 -pc 0.5 -pm 0.5 > /tmp/tmp-2026-07-1319:13:35-0.36206912994384766
Result: instance_param1.dat, 0, -920.07, 0, 673948927
now 2026-07-13 19:13:35 -0400; start 2026-07-12 21:39:27 -0400; time-start 77647.884255728; maxWall 8640000.0
getAlgoResultsForInstsAndParams.
  Trial 1 for calling: bash NSGA2.sh instance_prob2.dat "" 1000000000.0000001 2147483647 637566358 -pc 0.5 -pm 0.5 > /tmp/tmp-2026-07-1319:13:35-0.017836809158325195
Executing cmd: bash NSGA2.sh instance_prob2.dat "" 1000000000.0000001 2147483647 637566358 -pc 0.5 -pm 0.5 > /tmp/tmp-2026-07-1319:13:35-0.017836809158325195
Result: instance_prob2.dat, 0, -695.75, 0, 637566358
now 2026-07-13 19:22:53 -0400; start 2026-07-12 21:39:27 -0400; time-start 78205.195837061; maxWall 8640000.0
getAlgoResultsForInstsAndParams.
  Trial 1 for calling: bash NSGA2.sh instance_prob3.dat "" 1000000000.0000001 2147483647 720721666 -pc 0.5 -pm 0.5 > /tmp/tmp-2026-07-1319:22:53-0.7734251022338867
Executing cmd: bash NSGA2.sh instance_prob3.dat "" 1000000000.0000001 2147483647 720721666 -pc 0.5 -pm 0.5 > /tmp/tmp-2026-07-1319:22:53-0.7734251022338867
Result: instance_prob3.dat, 0, -577.71, 0, 720721666
now 2026-07-13 19:33:09 -0400; start 2026-07-12 21:39:27 -0400; time-start 78821.131052655; maxWall 8640000.0
getAlgoResultsForInstsAndParams.
  Trial 1 for calling: bash NSGA2.sh instance_param3.dat "" 1000000000.0000001 2147483647 2085269448 -pc 0.5 -pm 0.5 > /tmp/tmp-2026-07-1319:33:09-0.9945564270019531
Executing cmd: bash NSGA2.sh instance_param3.dat "" 1000000000.0000001 2147483647 2085269448 -pc 0.5 -pm 0.5 > /tmp/tmp-2026-07-1319:33:09-0.9945564270019531
Result: instance_param3.dat, 0, -705.56, 0, 2085269448
          -> Take improving step to neighbour pc=0.5 pm=0.5 (-693.9655172413793 [based on 29 runs with cutoff 1000000000.0]) with flip 31

          
============= Performing 1 bonus runs of state: pc=0.5 pm=0.5 (-693.9655172413793 [based on 29 runs with cutoff 1000000000.0]) ============ 

now 2026-07-13 19:33:09 -0400; start 2026-07-12 21:39:27 -0400; time-start 78821.216667622; maxWall 8640000.0
State wants more detail (29+1) than incumbent (29), doing incumbent first:
pc=0.5 pm=0.5 (-693.9655172413793 [based on 29 runs with cutoff 1000000000.0])
pc=0.8 pm=0.05 (-693.9655172413793 [based on 29 runs with cutoff 1000000000.0])
getAlgoResultsForInstsAndParams.
  Trial 1 for calling: bash NSGA2.sh instance_prob2.dat "" 1000000000.0000001 2147483647 2106584775 -pc 0.8 -pm 0.05 > /tmp/tmp-2026-07-1319:33:09-0.22016525268554688
Executing cmd: bash NSGA2.sh instance_prob2.dat "" 1000000000.0000001 2147483647 2106584775 -pc 0.8 -pm 0.05 > /tmp/tmp-2026-07-1319:33:09-0.22016525268554688
Result: instance_prob2.dat, 0, -695.75, 0, 2106584775
 Same incumbent, new precision:
New Incumbent: 37.000000000000256, -694.0 [30, 1000000000.0]. With state pc=0.8, pm=0.05
getAlgoResultsForInstsAndParams.
  Trial 1 for calling: bash NSGA2.sh instance_prob2.dat "" 1000000000.0000001 2147483647 2106584775 -pc 0.5 -pm 0.5 > /tmp/tmp-2026-07-1319:36:32-0.892204999923706
Executing cmd: bash NSGA2.sh instance_prob2.dat "" 1000000000.0000001 2147483647 2106584775 -pc 0.5 -pm 0.5 > /tmp/tmp-2026-07-1319:36:32-0.892204999923706
Result: instance_prob2.dat, 0, -695.75, 0, 2106584775
          -> After 1 bonus runs: pc=0.5 pm=0.5 (-694.0 [based on 30 runs with cutoff 1000000000.0])

now 2026-07-13 19:47:50 -0400; start 2026-07-12 21:39:27 -0400; time-start 79702.31114042; maxWall 8640000.0
now 2026-07-13 19:47:50 -0400; start 2026-07-12 21:39:27 -0400; time-start 79702.311215057; maxWall 8640000.0
now 2026-07-13 19:47:50 -0400; start 2026-07-12 21:39:27 -0400; time-start 79702.311281478; maxWall 8640000.0
now 2026-07-13 19:47:50 -0400; start 2026-07-12 21:39:27 -0400; time-start 79702.311315302; maxWall 8640000.0
now 2026-07-13 19:47:50 -0400; start 2026-07-12 21:39:27 -0400; time-start 79702.311990399; maxWall 8640000.0
    Changing ["pc: 0.5->0.6"], evaluating ...
getAlgoResultsForInstsAndParams.
  Trial 1 for calling: bash NSGA2.sh instance_prob2.dat "" 1000000000.0000001 2147483647 678174566 -pc 0.6 -pm 0.5 > /tmp/tmp-2026-07-1319:47:50-0.09993505477905273
Executing cmd: bash NSGA2.sh instance_prob2.dat "" 1000000000.0000001 2147483647 678174566 -pc 0.6 -pm 0.5 > /tmp/tmp-2026-07-1319:47:50-0.09993505477905273
Result: instance_prob2.dat, 0, -695.75, 0, 678174566
now 2026-07-13 19:58:54 -0400; start 2026-07-12 21:39:27 -0400; time-start 80366.321214735; maxWall 8640000.0
getAlgoResultsForInstsAndParams.
  Trial 1 for calling: bash NSGA2.sh instance_param1.dat "" 1000000000.0000001 2147483647 1180947612 -pc 0.6 -pm 0.5 > /tmp/tmp-2026-07-1319:58:54-0.7434229850769043
Executing cmd: bash NSGA2.sh instance_param1.dat "" 1000000000.0000001 2147483647 1180947612 -pc 0.6 -pm 0.5 > /tmp/tmp-2026-07-1319:58:54-0.7434229850769043
Result: instance_param1.dat, 0, -920.07, 0, 1180947612
now 2026-07-13 19:58:54 -0400; start 2026-07-12 21:39:27 -0400; time-start 80366.406546724; maxWall 8640000.0
getAlgoResultsForInstsAndParams.
  Trial 1 for calling: bash NSGA2.sh instance_prob4.dat "" 1000000000.0000001 2147483647 1841889657 -pc 0.6 -pm 0.5 > /tmp/tmp-2026-07-1319:58:54-0.9269728660583496
Executing cmd: bash NSGA2.sh instance_prob4.dat "" 1000000000.0000001 2147483647 1841889657 -pc 0.6 -pm 0.5 > /tmp/tmp-2026-07-1319:58:54-0.9269728660583496
Result: instance_prob4.dat, 0, -591.79, 0, 1841889657
now 2026-07-13 20:08:51 -0400; start 2026-07-12 21:39:27 -0400; time-start 80963.838608285; maxWall 8640000.0
getAlgoResultsForInstsAndParams.
  Trial 1 for calling: bash NSGA2.sh instance_param2.dat "" 1000000000.0000001 2147483647 1561765848 -pc 0.6 -pm 0.5 > /tmp/tmp-2026-07-1320:08:51-0.04997849464416504
Executing cmd: bash NSGA2.sh instance_param2.dat "" 1000000000.0000001 2147483647 1561765848 -pc 0.6 -pm 0.5 > /tmp/tmp-2026-07-1320:08:51-0.04997849464416504
Result: instance_param2.dat, 0, -717.59, 0, 1561765848
now 2026-07-13 20:08:51 -0400; start 2026-07-12 21:39:27 -0400; time-start 80963.921251224; maxWall 8640000.0
getAlgoResultsForInstsAndParams.
  Trial 1 for calling: bash NSGA2.sh instance_prob1.dat "" 1000000000.0000001 2147483647 331991908 -pc 0.6 -pm 0.5 > /tmp/tmp-2026-07-1320:08:51-0.40897703170776367
Executing cmd: bash NSGA2.sh instance_prob1.dat "" 1000000000.0000001 2147483647 331991908 -pc 0.6 -pm 0.5 > /tmp/tmp-2026-07-1320:08:51-0.40897703170776367
Result: instance_prob1.dat, 0, -650.27, 0, 331991908
now 2026-07-13 20:14:12 -0400; start 2026-07-12 21:39:27 -0400; time-start 81284.150632478; maxWall 8640000.0
getAlgoResultsForInstsAndParams.
  Trial 1 for calling: bash NSGA2.sh instance_param1.dat "" 1000000000.0000001 2147483647 1367662510 -pc 0.6 -pm 0.5 > /tmp/tmp-2026-07-1320:14:12-0.86541748046875
Executing cmd: bash NSGA2.sh instance_param1.dat "" 1000000000.0000001 2147483647 1367662510 -pc 0.6 -pm 0.5 > /tmp/tmp-2026-07-1320:14:12-0.86541748046875
Result: instance_param1.dat, 0, -920.07, 0, 1367662510
now 2026-07-13 20:14:12 -0400; start 2026-07-12 21:39:27 -0400; time-start 81284.233598955; maxWall 8640000.0
getAlgoResultsForInstsAndParams.
  Trial 1 for calling: bash NSGA2.sh instance_prob1.dat "" 1000000000.0000001 2147483647 1970933906 -pc 0.6 -pm 0.5 > /tmp/tmp-2026-07-1320:14:12-0.8476467132568359
Executing cmd: bash NSGA2.sh instance_prob1.dat "" 1000000000.0000001 2147483647 1970933906 -pc 0.6 -pm 0.5 > /tmp/tmp-2026-07-1320:14:12-0.8476467132568359
Result: instance_prob1.dat, 0, -650.27, 0, 1970933906
now 2026-07-13 20:25:39 -0400; start 2026-07-12 21:39:27 -0400; time-start 81971.609002485; maxWall 8640000.0
getAlgoResultsForInstsAndParams.
  Trial 1 for calling: bash NSGA2.sh instance_prob3.dat "" 1000000000.0000001 2147483647 184242589 -pc 0.6 -pm 0.5 > /tmp/tmp-2026-07-1320:25:39-0.03642988204956055
Executing cmd: bash NSGA2.sh instance_prob3.dat "" 1000000000.0000001 2147483647 184242589 -pc 0.6 -pm 0.5 > /tmp/tmp-2026-07-1320:25:39-0.03642988204956055
Result: instance_prob3.dat, 0, -577.71, 0, 184242589
now 2026-07-13 20:37:25 -0400; start 2026-07-12 21:39:27 -0400; time-start 82677.81355462; maxWall 8640000.0
getAlgoResultsForInstsAndParams.
  Trial 1 for calling: bash NSGA2.sh instance_prob2.dat "" 1000000000.0000001 2147483647 936818155 -pc 0.6 -pm 0.5 > /tmp/tmp-2026-07-1320:37:25-0.4314076900482178
Executing cmd: bash NSGA2.sh instance_prob2.dat "" 1000000000.0000001 2147483647 936818155 -pc 0.6 -pm 0.5 > /tmp/tmp-2026-07-1320:37:25-0.4314076900482178
Result: instance_prob2.dat, 0, -695.75, 0, 936818155
now 2026-07-13 20:49:52 -0400; start 2026-07-12 21:39:27 -0400; time-start 83424.406550562; maxWall 8640000.0
getAlgoResultsForInstsAndParams.
  Trial 1 for calling: bash NSGA2.sh instance_param3.dat "" 1000000000.0000001 2147483647 579399830 -pc 0.6 -pm 0.5 > /tmp/tmp-2026-07-1320:49:52-0.31096982955932617
Executing cmd: bash NSGA2.sh instance_param3.dat "" 1000000000.0000001 2147483647 579399830 -pc 0.6 -pm 0.5 > /tmp/tmp-2026-07-1320:49:52-0.31096982955932617
Result: instance_param3.dat, 0, -705.56, 0, 579399830
now 2026-07-13 20:49:52 -0400; start 2026-07-12 21:39:27 -0400; time-start 83424.487155688; maxWall 8640000.0
getAlgoResultsForInstsAndParams.
  Trial 1 for calling: bash NSGA2.sh instance_param2.dat "" 1000000000.0000001 2147483647 371836214 -pc 0.6 -pm 0.5 > /tmp/tmp-2026-07-1320:49:52-0.013426780700683594
Executing cmd: bash NSGA2.sh instance_param2.dat "" 1000000000.0000001 2147483647 371836214 -pc 0.6 -pm 0.5 > /tmp/tmp-2026-07-1320:49:52-0.013426780700683594
Result: instance_param2.dat, 0, -717.59, 0, 371836214
now 2026-07-13 20:49:52 -0400; start 2026-07-12 21:39:27 -0400; time-start 83424.573470325; maxWall 8640000.0
getAlgoResultsForInstsAndParams.
  Trial 1 for calling: bash NSGA2.sh instance_prob4.dat "" 1000000000.0000001 2147483647 284264236 -pc 0.6 -pm 0.5 > /tmp/tmp-2026-07-1320:49:52-0.3312833309173584
Executing cmd: bash NSGA2.sh instance_prob4.dat "" 1000000000.0000001 2147483647 284264236 -pc 0.6 -pm 0.5 > /tmp/tmp-2026-07-1320:49:52-0.3312833309173584
Result: instance_prob4.dat, 0, -591.79, 0, 284264236
now 2026-07-13 20:58:57 -0400; start 2026-07-12 21:39:27 -0400; time-start 83969.560418534; maxWall 8640000.0
getAlgoResultsForInstsAndParams.
  Trial 1 for calling: bash NSGA2.sh instance_prob2.dat "" 1000000000.0000001 2147483647 45849524 -pc 0.6 -pm 0.5 > /tmp/tmp-2026-07-1320:58:57-0.49999570846557617
Executing cmd: bash NSGA2.sh instance_prob2.dat "" 1000000000.0000001 2147483647 45849524 -pc 0.6 -pm 0.5 > /tmp/tmp-2026-07-1320:58:57-0.49999570846557617
Result: instance_prob2.dat, 0, -695.75, 0, 45849524
now 2026-07-13 21:08:46 -0400; start 2026-07-12 21:39:27 -0400; time-start 84558.988139076; maxWall 8640000.0
getAlgoResultsForInstsAndParams.
  Trial 1 for calling: bash NSGA2.sh instance_prob3.dat "" 1000000000.0000001 2147483647 1729884984 -pc 0.6 -pm 0.5 > /tmp/tmp-2026-07-1321:08:46-0.7464871406555176
Executing cmd: bash NSGA2.sh instance_prob3.dat "" 1000000000.0000001 2147483647 1729884984 -pc 0.6 -pm 0.5 > /tmp/tmp-2026-07-1321:08:46-0.7464871406555176
Result: instance_prob3.dat, 0, -577.71, 0, 1729884984
now 2026-07-13 21:20:23 -0400; start 2026-07-12 21:39:27 -0400; time-start 85255.921227605; maxWall 8640000.0
getAlgoResultsForInstsAndParams.
  Trial 1 for calling: bash NSGA2.sh instance_param2.dat "" 1000000000.0000001 2147483647 1526896590 -pc 0.6 -pm 0.5 > /tmp/tmp-2026-07-1321:20:23-0.6637134552001953
Executing cmd: bash NSGA2.sh instance_param2.dat "" 1000000000.0000001 2147483647 1526896590 -pc 0.6 -pm 0.5 > /tmp/tmp-2026-07-1321:20:23-0.6637134552001953
Result: instance_param2.dat, 0, -717.59, 0, 1526896590
now 2026-07-13 21:20:23 -0400; start 2026-07-12 21:39:27 -0400; time-start 85256.006017716; maxWall 8640000.0
getAlgoResultsForInstsAndParams.
  Trial 1 for calling: bash NSGA2.sh instance_prob1.dat "" 1000000000.0000001 2147483647 1374493268 -pc 0.6 -pm 0.5 > /tmp/tmp-2026-07-1321:20:23-0.5854195356369019
Executing cmd: bash NSGA2.sh instance_prob1.dat "" 1000000000.0000001 2147483647 1374493268 -pc 0.6 -pm 0.5 > /tmp/tmp-2026-07-1321:20:23-0.5854195356369019
Result: instance_prob1.dat, 0, -650.27, 0, 1374493268
now 2026-07-13 21:28:05 -0400; start 2026-07-12 21:39:27 -0400; time-start 85717.326246287; maxWall 8640000.0
getAlgoResultsForInstsAndParams.
  Trial 1 for calling: bash NSGA2.sh instance_param3.dat "" 1000000000.0000001 2147483647 1189509930 -pc 0.6 -pm 0.5 > /tmp/tmp-2026-07-1321:28:05-0.36159467697143555
Executing cmd: bash NSGA2.sh instance_param3.dat "" 1000000000.0000001 2147483647 1189509930 -pc 0.6 -pm 0.5 > /tmp/tmp-2026-07-1321:28:05-0.36159467697143555
Result: instance_param3.dat, 0, -705.56, 0, 1189509930
now 2026-07-13 21:28:05 -0400; start 2026-07-12 21:39:27 -0400; time-start 85717.412448941; maxWall 8640000.0
getAlgoResultsForInstsAndParams.
  Trial 1 for calling: bash NSGA2.sh instance_prob4.dat "" 1000000000.0000001 2147483647 1289636003 -pc 0.6 -pm 0.5 > /tmp/tmp-2026-07-1321:28:05-0.5721039772033691
Executing cmd: bash NSGA2.sh instance_prob4.dat "" 1000000000.0000001 2147483647 1289636003 -pc 0.6 -pm 0.5 > /tmp/tmp-2026-07-1321:28:05-0.5721039772033691
Result: instance_prob4.dat, 0, -591.79, 0, 1289636003
now 2026-07-13 21:38:47 -0400; start 2026-07-12 21:39:27 -0400; time-start 86359.82093367; maxWall 8640000.0
getAlgoResultsForInstsAndParams.
  Trial 1 for calling: bash NSGA2.sh instance_param1.dat "" 1000000000.0000001 2147483647 945548968 -pc 0.6 -pm 0.5 > /tmp/tmp-2026-07-1321:38:47-0.6348226070404053
Executing cmd: bash NSGA2.sh instance_param1.dat "" 1000000000.0000001 2147483647 945548968 -pc 0.6 -pm 0.5 > /tmp/tmp-2026-07-1321:38:47-0.6348226070404053
Result: instance_param1.dat, 0, -920.07, 0, 945548968
now 2026-07-13 21:38:47 -0400; start 2026-07-12 21:39:27 -0400; time-start 86359.903114034; maxWall 8640000.0
getAlgoResultsForInstsAndParams.
  Trial 1 for calling: bash NSGA2.sh instance_param2.dat "" 1000000000.0000001 2147483647 1036556068 -pc 0.6 -pm 0.5 > /tmp/tmp-2026-07-1321:38:47-0.38949060440063477
Executing cmd: bash NSGA2.sh instance_param2.dat "" 1000000000.0000001 2147483647 1036556068 -pc 0.6 -pm 0.5 > /tmp/tmp-2026-07-1321:38:47-0.38949060440063477
Result: instance_param2.dat, 0, -717.59, 0, 1036556068
now 2026-07-13 21:38:47 -0400; start 2026-07-12 21:39:27 -0400; time-start 86359.988314678; maxWall 8640000.0
getAlgoResultsForInstsAndParams.
  Trial 1 for calling: bash NSGA2.sh instance_param3.dat "" 1000000000.0000001 2147483647 82106444 -pc 0.6 -pm 0.5 > /tmp/tmp-2026-07-1321:38:47-0.4061506986618042
Executing cmd: bash NSGA2.sh instance_param3.dat "" 1000000000.0000001 2147483647 82106444 -pc 0.6 -pm 0.5 > /tmp/tmp-2026-07-1321:38:47-0.4061506986618042
Result: instance_param3.dat, 0, -705.56, 0, 82106444
now 2026-07-13 21:38:47 -0400; start 2026-07-12 21:39:27 -0400; time-start 86360.076311781; maxWall 8640000.0
getAlgoResultsForInstsAndParams.
  Trial 1 for calling: bash NSGA2.sh instance_prob4.dat "" 1000000000.0000001 2147483647 64315970 -pc 0.6 -pm 0.5 > /tmp/tmp-2026-07-1321:38:47-0.33620166778564453
Executing cmd: bash NSGA2.sh instance_prob4.dat "" 1000000000.0000001 2147483647 64315970 -pc 0.6 -pm 0.5 > /tmp/tmp-2026-07-1321:38:47-0.33620166778564453
Result: instance_prob4.dat, 0, -591.79, 0, 64315970
now 2026-07-13 21:47:35 -0400; start 2026-07-12 21:39:27 -0400; time-start 86887.360965642; maxWall 8640000.0
getAlgoResultsForInstsAndParams.
  Trial 1 for calling: bash NSGA2.sh instance_prob1.dat "" 1000000000.0000001 2147483647 205845687 -pc 0.6 -pm 0.5 > /tmp/tmp-2026-07-1321:47:35-0.525571346282959
Executing cmd: bash NSGA2.sh instance_prob1.dat "" 1000000000.0000001 2147483647 205845687 -pc 0.6 -pm 0.5 > /tmp/tmp-2026-07-1321:47:35-0.525571346282959
Result: instance_prob1.dat, 0, -650.27, 0, 205845687
now 2026-07-13 21:53:51 -0400; start 2026-07-12 21:39:27 -0400; time-start 87263.207912401; maxWall 8640000.0
getAlgoResultsForInstsAndParams.
  Trial 1 for calling: bash NSGA2.sh instance_param1.dat "" 1000000000.0000001 2147483647 673948927 -pc 0.6 -pm 0.5 > /tmp/tmp-2026-07-1321:53:51-0.5817804336547852
Executing cmd: bash NSGA2.sh instance_param1.dat "" 1000000000.0000001 2147483647 673948927 -pc 0.6 -pm 0.5 > /tmp/tmp-2026-07-1321:53:51-0.5817804336547852
Result: instance_param1.dat, 0, -920.07, 0, 673948927
now 2026-07-13 21:53:51 -0400; start 2026-07-12 21:39:27 -0400; time-start 87263.288202828; maxWall 8640000.0
getAlgoResultsForInstsAndParams.
  Trial 1 for calling: bash NSGA2.sh instance_prob2.dat "" 1000000000.0000001 2147483647 637566358 -pc 0.6 -pm 0.5 > /tmp/tmp-2026-07-1321:53:51-0.8350963592529297
Executing cmd: bash NSGA2.sh instance_prob2.dat "" 1000000000.0000001 2147483647 637566358 -pc 0.6 -pm 0.5 > /tmp/tmp-2026-07-1321:53:51-0.8350963592529297
Result: instance_prob2.dat, 0, -695.75, 0, 637566358
now 2026-07-13 22:03:17 -0400; start 2026-07-12 21:39:27 -0400; time-start 87830.03952165; maxWall 8640000.0
getAlgoResultsForInstsAndParams.
  Trial 1 for calling: bash NSGA2.sh instance_prob3.dat "" 1000000000.0000001 2147483647 720721666 -pc 0.6 -pm 0.5 > /tmp/tmp-2026-07-1322:03:17-0.6141339540481567
Executing cmd: bash NSGA2.sh instance_prob3.dat "" 1000000000.0000001 2147483647 720721666 -pc 0.6 -pm 0.5 > /tmp/tmp-2026-07-1322:03:17-0.6141339540481567
Result: instance_prob3.dat, 0, -577.71, 0, 720721666
now 2026-07-13 22:12:17 -0400; start 2026-07-12 21:39:27 -0400; time-start 88369.883623228; maxWall 8640000.0
getAlgoResultsForInstsAndParams.
  Trial 1 for calling: bash NSGA2.sh instance_param3.dat "" 1000000000.0000001 2147483647 2085269448 -pc 0.6 -pm 0.5 > /tmp/tmp-2026-07-1322:12:17-0.0010561943054199219
Executing cmd: bash NSGA2.sh instance_param3.dat "" 1000000000.0000001 2147483647 2085269448 -pc 0.6 -pm 0.5 > /tmp/tmp-2026-07-1322:12:17-0.0010561943054199219
Result: instance_param3.dat, 0, -705.56, 0, 2085269448
now 2026-07-13 22:12:17 -0400; start 2026-07-12 21:39:27 -0400; time-start 88369.964938456; maxWall 8640000.0
getAlgoResultsForInstsAndParams.
  Trial 1 for calling: bash NSGA2.sh instance_prob2.dat "" 1000000000.0000001 2147483647 2106584775 -pc 0.6 -pm 0.5 > /tmp/tmp-2026-07-1322:12:17-0.07553517818450928
Executing cmd: bash NSGA2.sh instance_prob2.dat "" 1000000000.0000001 2147483647 2106584775 -pc 0.6 -pm 0.5 > /tmp/tmp-2026-07-1322:12:17-0.07553517818450928
Result: instance_prob2.dat, 0, -695.75, 0, 2106584775
          -> Take improving step to neighbour pc=0.6 pm=0.5 (-694.0 [based on 30 runs with cutoff 1000000000.0]) with flip 32

          
============= Performing 1 bonus runs of state: pc=0.6 pm=0.5 (-694.0 [based on 30 runs with cutoff 1000000000.0]) ============ 

now 2026-07-13 22:24:56 -0400; start 2026-07-12 21:39:27 -0400; time-start 89128.809185915; maxWall 8640000.0
State wants more detail (30+1) than incumbent (30), doing incumbent first:
pc=0.6 pm=0.5 (-694.0 [based on 30 runs with cutoff 1000000000.0])
pc=0.8 pm=0.05 (-694.0 [based on 30 runs with cutoff 1000000000.0])
getAlgoResultsForInstsAndParams.
  Trial 1 for calling: bash NSGA2.sh instance_param2.dat "" 1000000000.0000001 2147483647 515552351 -pc 0.8 -pm 0.05 > /tmp/tmp-2026-07-1322:24:56-0.774423360824585
Executing cmd: bash NSGA2.sh instance_param2.dat "" 1000000000.0000001 2147483647 515552351 -pc 0.8 -pm 0.05 > /tmp/tmp-2026-07-1322:24:56-0.774423360824585
Result: instance_param2.dat, 0, -717.59, 0, 515552351
 Same incumbent, new precision:
New Incumbent: 40.0000000000003, -694.741935483871 [31, 1000000000.0]. With state pc=0.8, pm=0.05
getAlgoResultsForInstsAndParams.
  Trial 1 for calling: bash NSGA2.sh instance_param2.dat "" 1000000000.0000001 2147483647 515552351 -pc 0.6 -pm 0.5 > /tmp/tmp-2026-07-1322:24:56-0.48120808601379395
Executing cmd: bash NSGA2.sh instance_param2.dat "" 1000000000.0000001 2147483647 515552351 -pc 0.6 -pm 0.5 > /tmp/tmp-2026-07-1322:24:56-0.48120808601379395
Result: instance_param2.dat, 0, -717.59, 0, 515552351
401/100000, 40.1000000000003/100000000.0
          -> After 1 bonus runs: pc=0.6 pm=0.5 (-694.741935483871 [based on 31 runs with cutoff 1000000000.0])

now 2026-07-13 22:24:56 -0400; start 2026-07-12 21:39:27 -0400; time-start 89128.981084219; maxWall 8640000.0
now 2026-07-13 22:24:56 -0400; start 2026-07-12 21:39:27 -0400; time-start 89128.981163029; maxWall 8640000.0
    Changing ["pc: 0.6->0.95"], evaluating ...
getAlgoResultsForInstsAndParams.
  Trial 1 for calling: bash NSGA2.sh instance_param2.dat "" 1000000000.0000001 2147483647 1526896590 -pc 0.95 -pm 0.5 > /tmp/tmp-2026-07-1322:24:56-0.4046342372894287
Executing cmd: bash NSGA2.sh instance_param2.dat "" 1000000000.0000001 2147483647 1526896590 -pc 0.95 -pm 0.5 > /tmp/tmp-2026-07-1322:24:56-0.4046342372894287
Result: instance_param2.dat, 0, -717.59, 0, 1526896590
now 2026-07-13 22:24:56 -0400; start 2026-07-12 21:39:27 -0400; time-start 89129.068177902; maxWall 8640000.0
getAlgoResultsForInstsAndParams.
  Trial 1 for calling: bash NSGA2.sh instance_prob1.dat "" 1000000000.0000001 2147483647 1374493268 -pc 0.95 -pm 0.5 > /tmp/tmp-2026-07-1322:24:56-0.2653616666793823
Executing cmd: bash NSGA2.sh instance_prob1.dat "" 1000000000.0000001 2147483647 1374493268 -pc 0.95 -pm 0.5 > /tmp/tmp-2026-07-1322:24:56-0.2653616666793823
Result: instance_prob1.dat, 0, -650.27, 0, 1374493268
now 2026-07-13 22:31:31 -0400; start 2026-07-12 21:39:27 -0400; time-start 89523.803294816; maxWall 8640000.0
getAlgoResultsForInstsAndParams.
  Trial 1 for calling: bash NSGA2.sh instance_param3.dat "" 1000000000.0000001 2147483647 1189509930 -pc 0.95 -pm 0.5 > /tmp/tmp-2026-07-1322:31:31-0.45966243743896484
Executing cmd: bash NSGA2.sh instance_param3.dat "" 1000000000.0000001 2147483647 1189509930 -pc 0.95 -pm 0.5 > /tmp/tmp-2026-07-1322:31:31-0.45966243743896484
Result: instance_param3.dat, 0, -705.56, 0, 1189509930
now 2026-07-13 22:31:31 -0400; start 2026-07-12 21:39:27 -0400; time-start 89523.882955958; maxWall 8640000.0
getAlgoResultsForInstsAndParams.
  Trial 1 for calling: bash NSGA2.sh instance_prob4.dat "" 1000000000.0000001 2147483647 1289636003 -pc 0.95 -pm 0.5 > /tmp/tmp-2026-07-1322:31:31-0.5260255336761475
Executing cmd: bash NSGA2.sh instance_prob4.dat "" 1000000000.0000001 2147483647 1289636003 -pc 0.95 -pm 0.5 > /tmp/tmp-2026-07-1322:31:31-0.5260255336761475
Result: instance_prob4.dat, 0, -591.79, 0, 1289636003
now 2026-07-13 22:40:33 -0400; start 2026-07-12 21:39:27 -0400; time-start 90065.834734546; maxWall 8640000.0
getAlgoResultsForInstsAndParams.
  Trial 1 for calling: bash NSGA2.sh instance_param1.dat "" 1000000000.0000001 2147483647 945548968 -pc 0.95 -pm 0.5 > /tmp/tmp-2026-07-1322:40:33-0.7598707675933838
Executing cmd: bash NSGA2.sh instance_param1.dat "" 1000000000.0000001 2147483647 945548968 -pc 0.95 -pm 0.5 > /tmp/tmp-2026-07-1322:40:33-0.7598707675933838
Result: instance_param1.dat, 0, -920.07, 0, 945548968
now 2026-07-13 22:40:33 -0400; start 2026-07-12 21:39:27 -0400; time-start 90065.920507999; maxWall 8640000.0
getAlgoResultsForInstsAndParams.
  Trial 1 for calling: bash NSGA2.sh instance_param2.dat "" 1000000000.0000001 2147483647 1036556068 -pc 0.95 -pm 0.5 > /tmp/tmp-2026-07-1322:40:33-0.06320047378540039
Executing cmd: bash NSGA2.sh instance_param2.dat "" 1000000000.0000001 2147483647 1036556068 -pc 0.95 -pm 0.5 > /tmp/tmp-2026-07-1322:40:33-0.06320047378540039
Result: instance_param2.dat, 0, -717.59, 0, 1036556068
now 2026-07-13 22:40:33 -0400; start 2026-07-12 21:39:27 -0400; time-start 90066.005997188; maxWall 8640000.0
getAlgoResultsForInstsAndParams.
  Trial 1 for calling: bash NSGA2.sh instance_param3.dat "" 1000000000.0000001 2147483647 82106444 -pc 0.95 -pm 0.5 > /tmp/tmp-2026-07-1322:40:33-0.8200018405914307
Executing cmd: bash NSGA2.sh instance_param3.dat "" 1000000000.0000001 2147483647 82106444 -pc 0.95 -pm 0.5 > /tmp/tmp-2026-07-1322:40:33-0.8200018405914307
Result: instance_param3.dat, 0, -705.56, 0, 82106444
now 2026-07-13 22:40:34 -0400; start 2026-07-12 21:39:27 -0400; time-start 90066.092415744; maxWall 8640000.0
getAlgoResultsForInstsAndParams.
  Trial 1 for calling: bash NSGA2.sh instance_prob4.dat "" 1000000000.0000001 2147483647 64315970 -pc 0.95 -pm 0.5 > /tmp/tmp-2026-07-1322:40:34-0.239990234375
Executing cmd: bash NSGA2.sh instance_prob4.dat "" 1000000000.0000001 2147483647 64315970 -pc 0.95 -pm 0.5 > /tmp/tmp-2026-07-1322:40:34-0.239990234375
Result: instance_prob4.dat, 0, -591.79, 0, 64315970
now 2026-07-13 22:50:22 -0400; start 2026-07-12 21:39:27 -0400; time-start 90654.195845839; maxWall 8640000.0
getAlgoResultsForInstsAndParams.
  Trial 1 for calling: bash NSGA2.sh instance_prob1.dat "" 1000000000.0000001 2147483647 205845687 -pc 0.95 -pm 0.5 > /tmp/tmp-2026-07-1322:50:22-0.5025672912597656
Executing cmd: bash NSGA2.sh instance_prob1.dat "" 1000000000.0000001 2147483647 205845687 -pc 0.95 -pm 0.5 > /tmp/tmp-2026-07-1322:50:22-0.5025672912597656
Result: instance_prob1.dat, 0, -650.27, 0, 205845687
now 2026-07-13 22:55:16 -0400; start 2026-07-12 21:39:27 -0400; time-start 90948.651925642; maxWall 8640000.0
getAlgoResultsForInstsAndParams.
  Trial 1 for calling: bash NSGA2.sh instance_param1.dat "" 1000000000.0000001 2147483647 673948927 -pc 0.95 -pm 0.5 > /tmp/tmp-2026-07-1322:55:16-0.9851677417755127
Executing cmd: bash NSGA2.sh instance_param1.dat "" 1000000000.0000001 2147483647 673948927 -pc 0.95 -pm 0.5 > /tmp/tmp-2026-07-1322:55:16-0.9851677417755127
Result: instance_param1.dat, 0, -920.07, 0, 673948927
now 2026-07-13 22:55:16 -0400; start 2026-07-12 21:39:27 -0400; time-start 90948.732360298; maxWall 8640000.0
getAlgoResultsForInstsAndParams.
  Trial 1 for calling: bash NSGA2.sh instance_prob2.dat "" 1000000000.0000001 2147483647 637566358 -pc 0.95 -pm 0.5 > /tmp/tmp-2026-07-1322:55:16-0.916637659072876
Executing cmd: bash NSGA2.sh instance_prob2.dat "" 1000000000.0000001 2147483647 637566358 -pc 0.95 -pm 0.5 > /tmp/tmp-2026-07-1322:55:16-0.916637659072876
Result: instance_prob2.dat, 0, -695.75, 0, 637566358
now 2026-07-13 23:04:46 -0400; start 2026-07-12 21:39:27 -0400; time-start 91518.604802301; maxWall 8640000.0
getAlgoResultsForInstsAndParams.
  Trial 1 for calling: bash NSGA2.sh instance_prob3.dat "" 1000000000.0000001 2147483647 720721666 -pc 0.95 -pm 0.5 > /tmp/tmp-2026-07-1323:04:46-0.20822787284851074
Executing cmd: bash NSGA2.sh instance_prob3.dat "" 1000000000.0000001 2147483647 720721666 -pc 0.95 -pm 0.5 > /tmp/tmp-2026-07-1323:04:46-0.20822787284851074
Result: instance_prob3.dat, 0, -577.71, 0, 720721666
now 2026-07-13 23:14:08 -0400; start 2026-07-12 21:39:27 -0400; time-start 92080.405238917; maxWall 8640000.0
getAlgoResultsForInstsAndParams.
  Trial 1 for calling: bash NSGA2.sh instance_param3.dat "" 1000000000.0000001 2147483647 2085269448 -pc 0.95 -pm 0.5 > /tmp/tmp-2026-07-1323:14:08-0.5103135108947754
Executing cmd: bash NSGA2.sh instance_param3.dat "" 1000000000.0000001 2147483647 2085269448 -pc 0.95 -pm 0.5 > /tmp/tmp-2026-07-1323:14:08-0.5103135108947754
Result: instance_param3.dat, 0, -705.56, 0, 2085269448
now 2026-07-13 23:14:08 -0400; start 2026-07-12 21:39:27 -0400; time-start 92080.485329168; maxWall 8640000.0
getAlgoResultsForInstsAndParams.
  Trial 1 for calling: bash NSGA2.sh instance_prob2.dat "" 1000000000.0000001 2147483647 2106584775 -pc 0.95 -pm 0.5 > /tmp/tmp-2026-07-1323:14:08-0.1084432601928711
Executing cmd: bash NSGA2.sh instance_prob2.dat "" 1000000000.0000001 2147483647 2106584775 -pc 0.95 -pm 0.5 > /tmp/tmp-2026-07-1323:14:08-0.1084432601928711
Result: instance_prob2.dat, 0, -695.75, 0, 2106584775
now 2026-07-13 23:24:05 -0400; start 2026-07-12 21:39:27 -0400; time-start 92677.356338918; maxWall 8640000.0
getAlgoResultsForInstsAndParams.
  Trial 1 for calling: bash NSGA2.sh instance_param2.dat "" 1000000000.0000001 2147483647 515552351 -pc 0.95 -pm 0.5 > /tmp/tmp-2026-07-1323:24:05-0.9173035621643066
Executing cmd: bash NSGA2.sh instance_param2.dat "" 1000000000.0000001 2147483647 515552351 -pc 0.95 -pm 0.5 > /tmp/tmp-2026-07-1323:24:05-0.9173035621643066
Result: instance_param2.dat, 0, -717.59, 0, 515552351
          -> Take improving step to neighbour pc=0.95 pm=0.5 (-694.741935483871 [based on 31 runs with cutoff 1000000000.0]) with flip 33

          
============= Performing 1 bonus runs of state: pc=0.95 pm=0.5 (-694.741935483871 [based on 31 runs with cutoff 1000000000.0]) ============ 

now 2026-07-13 23:24:05 -0400; start 2026-07-12 21:39:27 -0400; time-start 92677.444063562; maxWall 8640000.0
State wants more detail (31+1) than incumbent (31), doing incumbent first:
pc=0.95 pm=0.5 (-694.741935483871 [based on 31 runs with cutoff 1000000000.0])
pc=0.8 pm=0.05 (-694.741935483871 [based on 31 runs with cutoff 1000000000.0])
getAlgoResultsForInstsAndParams.
  Trial 1 for calling: bash NSGA2.sh instance_prob4.dat "" 1000000000.0000001 2147483647 129161248 -pc 0.8 -pm 0.05 > /tmp/tmp-2026-07-1323:24:05-0.24466991424560547
Executing cmd: bash NSGA2.sh instance_prob4.dat "" 1000000000.0000001 2147483647 129161248 -pc 0.8 -pm 0.05 > /tmp/tmp-2026-07-1323:24:05-0.24466991424560547
Result: instance_prob4.dat, 0, -591.79, 0, 129161248
 Same incumbent, new precision:
New Incumbent: 41.70000000000032, -691.5 [32, 1000000000.0]. With state pc=0.8, pm=0.05
getAlgoResultsForInstsAndParams.
  Trial 1 for calling: bash NSGA2.sh instance_prob4.dat "" 1000000000.0000001 2147483647 129161248 -pc 0.95 -pm 0.5 > /tmp/tmp-2026-07-1323:29:09-0.1149129867553711
Executing cmd: bash NSGA2.sh instance_prob4.dat "" 1000000000.0000001 2147483647 129161248 -pc 0.95 -pm 0.5 > /tmp/tmp-2026-07-1323:29:09-0.1149129867553711
Result: instance_prob4.dat, 0, -591.79, 0, 129161248
          -> After 1 bonus runs: pc=0.95 pm=0.5 (-691.5 [based on 32 runs with cutoff 1000000000.0])

now 2026-07-13 23:40:05 -0400; start 2026-07-12 21:39:27 -0400; time-start 93637.326129447; maxWall 8640000.0
now 2026-07-13 23:40:05 -0400; start 2026-07-12 21:39:27 -0400; time-start 93637.326203504; maxWall 8640000.0
now 2026-07-13 23:40:05 -0400; start 2026-07-12 21:39:27 -0400; time-start 93637.326266084; maxWall 8640000.0
now 2026-07-13 23:40:05 -0400; start 2026-07-12 21:39:27 -0400; time-start 93637.326300929; maxWall 8640000.0
now 2026-07-13 23:40:05 -0400; start 2026-07-12 21:39:27 -0400; time-start 93637.326332205; maxWall 8640000.0
now 2026-07-13 23:40:05 -0400; start 2026-07-12 21:39:27 -0400; time-start 93637.326364345; maxWall 8640000.0
    Changing ["pc: 0.95->0.25"], evaluating ...
getAlgoResultsForInstsAndParams.
  Trial 1 for calling: bash NSGA2.sh instance_prob1.dat "" 1000000000.0000001 2147483647 1374493268 -pc 0.25 -pm 0.5 > /tmp/tmp-2026-07-1323:40:05-0.681645393371582
Executing cmd: bash NSGA2.sh instance_prob1.dat "" 1000000000.0000001 2147483647 1374493268 -pc 0.25 -pm 0.5 > /tmp/tmp-2026-07-1323:40:05-0.681645393371582
Result: instance_prob1.dat, 0, -650.27, 0, 1374493268
now 2026-07-13 23:49:01 -0400; start 2026-07-12 21:39:27 -0400; time-start 94173.502537782; maxWall 8640000.0
getAlgoResultsForInstsAndParams.
  Trial 1 for calling: bash NSGA2.sh instance_param3.dat "" 1000000000.0000001 2147483647 1189509930 -pc 0.25 -pm 0.5 > /tmp/tmp-2026-07-1323:49:01-0.15547943115234375
Executing cmd: bash NSGA2.sh instance_param3.dat "" 1000000000.0000001 2147483647 1189509930 -pc 0.25 -pm 0.5 > /tmp/tmp-2026-07-1323:49:01-0.15547943115234375
Result: instance_param3.dat, 0, -705.56, 0, 1189509930
now 2026-07-13 23:49:01 -0400; start 2026-07-12 21:39:27 -0400; time-start 94173.587180725; maxWall 8640000.0
getAlgoResultsForInstsAndParams.
  Trial 1 for calling: bash NSGA2.sh instance_prob4.dat "" 1000000000.0000001 2147483647 1289636003 -pc 0.25 -pm 0.5 > /tmp/tmp-2026-07-1323:49:01-0.8093664646148682
Executing cmd: bash NSGA2.sh instance_prob4.dat "" 1000000000.0000001 2147483647 1289636003 -pc 0.25 -pm 0.5 > /tmp/tmp-2026-07-1323:49:01-0.8093664646148682
Result: instance_prob4.dat, 0, -591.79, 0, 1289636003
now 2026-07-13 23:58:38 -0400; start 2026-07-12 21:39:27 -0400; time-start 94750.13126854; maxWall 8640000.0
getAlgoResultsForInstsAndParams.
  Trial 1 for calling: bash NSGA2.sh instance_param1.dat "" 1000000000.0000001 2147483647 945548968 -pc 0.25 -pm 0.5 > /tmp/tmp-2026-07-1323:58:38-0.8011970520019531
Executing cmd: bash NSGA2.sh instance_param1.dat "" 1000000000.0000001 2147483647 945548968 -pc 0.25 -pm 0.5 > /tmp/tmp-2026-07-1323:58:38-0.8011970520019531
Result: instance_param1.dat, 0, -920.07, 0, 945548968
now 2026-07-13 23:58:38 -0400; start 2026-07-12 21:39:27 -0400; time-start 94750.213844186; maxWall 8640000.0
getAlgoResultsForInstsAndParams.
  Trial 1 for calling: bash NSGA2.sh instance_param2.dat "" 1000000000.0000001 2147483647 1036556068 -pc 0.25 -pm 0.5 > /tmp/tmp-2026-07-1323:58:38-0.8379278182983398
Executing cmd: bash NSGA2.sh instance_param2.dat "" 1000000000.0000001 2147483647 1036556068 -pc 0.25 -pm 0.5 > /tmp/tmp-2026-07-1323:58:38-0.8379278182983398
Result: instance_param2.dat, 0, -717.59, 0, 1036556068
now 2026-07-13 23:58:38 -0400; start 2026-07-12 21:39:27 -0400; time-start 94750.299841144; maxWall 8640000.0
getAlgoResultsForInstsAndParams.
  Trial 1 for calling: bash NSGA2.sh instance_param3.dat "" 1000000000.0000001 2147483647 82106444 -pc 0.25 -pm 0.5 > /tmp/tmp-2026-07-1323:58:38-0.7335953712463379
Executing cmd: bash NSGA2.sh instance_param3.dat "" 1000000000.0000001 2147483647 82106444 -pc 0.25 -pm 0.5 > /tmp/tmp-2026-07-1323:58:38-0.7335953712463379
Result: instance_param3.dat, 0, -705.56, 0, 82106444
now 2026-07-13 23:58:38 -0400; start 2026-07-12 21:39:27 -0400; time-start 94750.383599523; maxWall 8640000.0
getAlgoResultsForInstsAndParams.
  Trial 1 for calling: bash NSGA2.sh instance_prob4.dat "" 1000000000.0000001 2147483647 64315970 -pc 0.25 -pm 0.5 > /tmp/tmp-2026-07-1323:58:38-0.35559892654418945
Executing cmd: bash NSGA2.sh instance_prob4.dat "" 1000000000.0000001 2147483647 64315970 -pc 0.25 -pm 0.5 > /tmp/tmp-2026-07-1323:58:38-0.35559892654418945
Result: instance_prob4.dat, 0, -591.79, 0, 64315970
now 2026-07-14 00:07:39 -0400; start 2026-07-12 21:39:27 -0400; time-start 95291.652324503; maxWall 8640000.0
getAlgoResultsForInstsAndParams.
  Trial 1 for calling: bash NSGA2.sh instance_prob1.dat "" 1000000000.0000001 2147483647 205845687 -pc 0.25 -pm 0.5 > /tmp/tmp-2026-07-1400:07:39-0.4676475524902344
Executing cmd: bash NSGA2.sh instance_prob1.dat "" 1000000000.0000001 2147483647 205845687 -pc 0.25 -pm 0.5 > /tmp/tmp-2026-07-1400:07:39-0.4676475524902344
Result: instance_prob1.dat, 0, -650.27, 0, 205845687
now 2026-07-14 00:13:29 -0400; start 2026-07-12 21:39:27 -0400; time-start 95641.926388666; maxWall 8640000.0
getAlgoResultsForInstsAndParams.
  Trial 1 for calling: bash NSGA2.sh instance_param1.dat "" 1000000000.0000001 2147483647 673948927 -pc 0.25 -pm 0.5 > /tmp/tmp-2026-07-1400:13:29-0.12297391891479492
Executing cmd: bash NSGA2.sh instance_param1.dat "" 1000000000.0000001 2147483647 673948927 -pc 0.25 -pm 0.5 > /tmp/tmp-2026-07-1400:13:29-0.12297391891479492
Result: instance_param1.dat, 0, -920.07, 0, 673948927
now 2026-07-14 00:13:29 -0400; start 2026-07-12 21:39:27 -0400; time-start 95642.014707534; maxWall 8640000.0
getAlgoResultsForInstsAndParams.
  Trial 1 for calling: bash NSGA2.sh instance_prob2.dat "" 1000000000.0000001 2147483647 637566358 -pc 0.25 -pm 0.5 > /tmp/tmp-2026-07-1400:13:29-0.5429850816726685
Executing cmd: bash NSGA2.sh instance_prob2.dat "" 1000000000.0000001 2147483647 637566358 -pc 0.25 -pm 0.5 > /tmp/tmp-2026-07-1400:13:29-0.5429850816726685
Result: instance_prob2.dat, 0, -695.75, 0, 637566358
now 2026-07-14 00:24:01 -0400; start 2026-07-12 21:39:27 -0400; time-start 96273.087485537; maxWall 8640000.0
getAlgoResultsForInstsAndParams.
  Trial 1 for calling: bash NSGA2.sh instance_prob3.dat "" 1000000000.0000001 2147483647 720721666 -pc 0.25 -pm 0.5 > /tmp/tmp-2026-07-1400:24:01-0.703643798828125
Executing cmd: bash NSGA2.sh instance_prob3.dat "" 1000000000.0000001 2147483647 720721666 -pc 0.25 -pm 0.5 > /tmp/tmp-2026-07-1400:24:01-0.703643798828125
Result: instance_prob3.dat, 0, -577.71, 0, 720721666
now 2026-07-14 00:33:22 -0400; start 2026-07-12 21:39:27 -0400; time-start 96834.72540271; maxWall 8640000.0
getAlgoResultsForInstsAndParams.
  Trial 1 for calling: bash NSGA2.sh instance_param3.dat "" 1000000000.0000001 2147483647 2085269448 -pc 0.25 -pm 0.5 > /tmp/tmp-2026-07-1400:33:22-0.5671546459197998
Executing cmd: bash NSGA2.sh instance_param3.dat "" 1000000000.0000001 2147483647 2085269448 -pc 0.25 -pm 0.5 > /tmp/tmp-2026-07-1400:33:22-0.5671546459197998
Result: instance_param3.dat, 0, -705.56, 0, 2085269448
now 2026-07-14 00:33:22 -0400; start 2026-07-12 21:39:27 -0400; time-start 96834.806232395; maxWall 8640000.0
getAlgoResultsForInstsAndParams.
  Trial 1 for calling: bash NSGA2.sh instance_prob2.dat "" 1000000000.0000001 2147483647 2106584775 -pc 0.25 -pm 0.5 > /tmp/tmp-2026-07-1400:33:22-0.10393214225769043
Executing cmd: bash NSGA2.sh instance_prob2.dat "" 1000000000.0000001 2147483647 2106584775 -pc 0.25 -pm 0.5 > /tmp/tmp-2026-07-1400:33:22-0.10393214225769043
Result: instance_prob2.dat, 0, -695.75, 0, 2106584775
now 2026-07-14 00:42:52 -0400; start 2026-07-12 21:39:27 -0400; time-start 97404.096665034; maxWall 8640000.0
getAlgoResultsForInstsAndParams.
  Trial 1 for calling: bash NSGA2.sh instance_param2.dat "" 1000000000.0000001 2147483647 515552351 -pc 0.25 -pm 0.5 > /tmp/tmp-2026-07-1400:42:52-0.8793792724609375
Executing cmd: bash NSGA2.sh instance_param2.dat "" 1000000000.0000001 2147483647 515552351 -pc 0.25 -pm 0.5 > /tmp/tmp-2026-07-1400:42:52-0.8793792724609375
Result: instance_param2.dat, 0, -717.59, 0, 515552351
now 2026-07-14 00:42:52 -0400; start 2026-07-12 21:39:27 -0400; time-start 97404.180950566; maxWall 8640000.0
getAlgoResultsForInstsAndParams.
  Trial 1 for calling: bash NSGA2.sh instance_prob4.dat "" 1000000000.0000001 2147483647 129161248 -pc 0.25 -pm 0.5 > /tmp/tmp-2026-07-1400:42:52-0.186126708984375
Executing cmd: bash NSGA2.sh instance_prob4.dat "" 1000000000.0000001 2147483647 129161248 -pc 0.25 -pm 0.5 > /tmp/tmp-2026-07-1400:42:52-0.186126708984375
Result: instance_prob4.dat, 0, -591.79, 0, 129161248
          -> Take improving step to neighbour pc=0.25 pm=0.5 (-691.5 [based on 32 runs with cutoff 1000000000.0]) with flip 34

          
============= Performing 1 bonus runs of state: pc=0.25 pm=0.5 (-691.5 [based on 32 runs with cutoff 1000000000.0]) ============ 

now 2026-07-14 00:57:29 -0400; start 2026-07-12 21:39:27 -0400; time-start 98281.460410677; maxWall 8640000.0
State wants more detail (32+1) than incumbent (32), doing incumbent first:
pc=0.25 pm=0.5 (-691.5 [based on 32 runs with cutoff 1000000000.0])
pc=0.8 pm=0.05 (-691.5 [based on 32 runs with cutoff 1000000000.0])
getAlgoResultsForInstsAndParams.
  Trial 1 for calling: bash NSGA2.sh instance_param1.dat "" 1000000000.0000001 2147483647 1548605805 -pc 0.8 -pm 0.05 > /tmp/tmp-2026-07-1400:57:29-0.15897607803344727
Executing cmd: bash NSGA2.sh instance_param1.dat "" 1000000000.0000001 2147483647 1548605805 -pc 0.8 -pm 0.05 > /tmp/tmp-2026-07-1400:57:29-0.15897607803344727
Result: instance_param1.dat, 0, -920.07, 0, 1548605805
 Same incumbent, new precision:
New Incumbent: 43.40000000000035, -698.4242424242424 [33, 1000000000.0]. With state pc=0.8, pm=0.05
getAlgoResultsForInstsAndParams.
  Trial 1 for calling: bash NSGA2.sh instance_param1.dat "" 1000000000.0000001 2147483647 1548605805 -pc 0.25 -pm 0.5 > /tmp/tmp-2026-07-1400:57:29-0.7871062755584717
Executing cmd: bash NSGA2.sh instance_param1.dat "" 1000000000.0000001 2147483647 1548605805 -pc 0.25 -pm 0.5 > /tmp/tmp-2026-07-1400:57:29-0.7871062755584717
Result: instance_param1.dat, 0, -920.07, 0, 1548605805
          -> After 1 bonus runs: pc=0.25 pm=0.5 (-698.4242424242424 [based on 33 runs with cutoff 1000000000.0])

now 2026-07-14 00:57:29 -0400; start 2026-07-12 21:39:27 -0400; time-start 98281.631758295; maxWall 8640000.0
now 2026-07-14 00:57:29 -0400; start 2026-07-12 21:39:27 -0400; time-start 98281.631832674; maxWall 8640000.0
now 2026-07-14 00:57:29 -0400; start 2026-07-12 21:39:27 -0400; time-start 98281.63189601; maxWall 8640000.0
now 2026-07-14 00:57:29 -0400; start 2026-07-12 21:39:27 -0400; time-start 98281.631929776; maxWall 8640000.0
now 2026-07-14 00:57:29 -0400; start 2026-07-12 21:39:27 -0400; time-start 98281.631959099; maxWall 8640000.0
    Changing ["pm: 0.5->0.1"], evaluating ...
getAlgoResultsForInstsAndParams.
  Trial 1 for calling: bash NSGA2.sh instance_param1.dat "" 1000000000.0000001 2147483647 1367662510 -pc 0.25 -pm 0.1 > /tmp/tmp-2026-07-1400:57:29-0.35709714889526367
Executing cmd: bash NSGA2.sh instance_param1.dat "" 1000000000.0000001 2147483647 1367662510 -pc 0.25 -pm 0.1 > /tmp/tmp-2026-07-1400:57:29-0.35709714889526367
Result: instance_param1.dat, 0, -920.07, 0, 1367662510
now 2026-07-14 00:57:29 -0400; start 2026-07-12 21:39:27 -0400; time-start 98281.717525823; maxWall 8640000.0
getAlgoResultsForInstsAndParams.
  Trial 1 for calling: bash NSGA2.sh instance_prob1.dat "" 1000000000.0000001 2147483647 1970933906 -pc 0.25 -pm 0.1 > /tmp/tmp-2026-07-1400:57:29-0.19344615936279297
Executing cmd: bash NSGA2.sh instance_prob1.dat "" 1000000000.0000001 2147483647 1970933906 -pc 0.25 -pm 0.1 > /tmp/tmp-2026-07-1400:57:29-0.19344615936279297
Result: instance_prob1.dat, 0, -650.27, 0, 1970933906
now 2026-07-14 01:00:39 -0400; start 2026-07-12 21:39:27 -0400; time-start 98472.027729394; maxWall 8640000.0
getAlgoResultsForInstsAndParams.
  Trial 1 for calling: bash NSGA2.sh instance_prob3.dat "" 1000000000.0000001 2147483647 184242589 -pc 0.25 -pm 0.1 > /tmp/tmp-2026-07-1401:00:39-0.18237602710723877
Executing cmd: bash NSGA2.sh instance_prob3.dat "" 1000000000.0000001 2147483647 184242589 -pc 0.25 -pm 0.1 > /tmp/tmp-2026-07-1401:00:39-0.18237602710723877
Result: instance_prob3.dat, 0, -577.71, 0, 184242589
now 2026-07-14 01:05:57 -0400; start 2026-07-12 21:39:27 -0400; time-start 98789.789309501; maxWall 8640000.0
getAlgoResultsForInstsAndParams.
  Trial 1 for calling: bash NSGA2.sh instance_prob2.dat "" 1000000000.0000001 2147483647 936818155 -pc 0.25 -pm 0.1 > /tmp/tmp-2026-07-1401:05:57-0.6043353080749512
Executing cmd: bash NSGA2.sh instance_prob2.dat "" 1000000000.0000001 2147483647 936818155 -pc 0.25 -pm 0.1 > /tmp/tmp-2026-07-1401:05:57-0.6043353080749512
Result: instance_prob2.dat, 0, -695.75, 0, 936818155
now 2026-07-14 01:09:58 -0400; start 2026-07-12 21:39:27 -0400; time-start 99030.300630982; maxWall 8640000.0
getAlgoResultsForInstsAndParams.
  Trial 1 for calling: bash NSGA2.sh instance_param3.dat "" 1000000000.0000001 2147483647 579399830 -pc 0.25 -pm 0.1 > /tmp/tmp-2026-07-1401:09:58-0.8413887023925781
Executing cmd: bash NSGA2.sh instance_param3.dat "" 1000000000.0000001 2147483647 579399830 -pc 0.25 -pm 0.1 > /tmp/tmp-2026-07-1401:09:58-0.8413887023925781
Result: instance_param3.dat, 0, -705.56, 0, 579399830
now 2026-07-14 01:09:58 -0400; start 2026-07-12 21:39:27 -0400; time-start 99030.380911119; maxWall 8640000.0
getAlgoResultsForInstsAndParams.
  Trial 1 for calling: bash NSGA2.sh instance_param2.dat "" 1000000000.0000001 2147483647 371836214 -pc 0.25 -pm 0.1 > /tmp/tmp-2026-07-1401:09:58-0.3682851791381836
Executing cmd: bash NSGA2.sh instance_param2.dat "" 1000000000.0000001 2147483647 371836214 -pc 0.25 -pm 0.1 > /tmp/tmp-2026-07-1401:09:58-0.3682851791381836
Result: instance_param2.dat, 0, -717.59, 0, 371836214
now 2026-07-14 01:09:58 -0400; start 2026-07-12 21:39:27 -0400; time-start 99030.46548355; maxWall 8640000.0
getAlgoResultsForInstsAndParams.
  Trial 1 for calling: bash NSGA2.sh instance_prob4.dat "" 1000000000.0000001 2147483647 284264236 -pc 0.25 -pm 0.1 > /tmp/tmp-2026-07-1401:09:58-0.5453968048095703
Executing cmd: bash NSGA2.sh instance_prob4.dat "" 1000000000.0000001 2147483647 284264236 -pc 0.25 -pm 0.1 > /tmp/tmp-2026-07-1401:09:58-0.5453968048095703
Result: instance_prob4.dat, 0, -591.79, 0, 284264236
now 2026-07-14 01:14:42 -0400; start 2026-07-12 21:39:27 -0400; time-start 99314.524928483; maxWall 8640000.0
getAlgoResultsForInstsAndParams.
  Trial 1 for calling: bash NSGA2.sh instance_prob2.dat "" 1000000000.0000001 2147483647 45849524 -pc 0.25 -pm 0.1 > /tmp/tmp-2026-07-1401:14:42-0.9742081165313721
Executing cmd: bash NSGA2.sh instance_prob2.dat "" 1000000000.0000001 2147483647 45849524 -pc 0.25 -pm 0.1 > /tmp/tmp-2026-07-1401:14:42-0.9742081165313721
Result: instance_prob2.dat, 0, -695.75, 0, 45849524
now 2026-07-14 01:18:54 -0400; start 2026-07-12 21:39:27 -0400; time-start 99566.236450254; maxWall 8640000.0
getAlgoResultsForInstsAndParams.
  Trial 1 for calling: bash NSGA2.sh instance_prob3.dat "" 1000000000.0000001 2147483647 1729884984 -pc 0.25 -pm 0.1 > /tmp/tmp-2026-07-1401:18:54-0.40996265411376953
Executing cmd: bash NSGA2.sh instance_prob3.dat "" 1000000000.0000001 2147483647 1729884984 -pc 0.25 -pm 0.1 > /tmp/tmp-2026-07-1401:18:54-0.40996265411376953
Result: instance_prob3.dat, 0, -577.71, 0, 1729884984
now 2026-07-14 01:26:26 -0400; start 2026-07-12 21:39:27 -0400; time-start 100018.990313225; maxWall 8640000.0
getAlgoResultsForInstsAndParams.
  Trial 1 for calling: bash NSGA2.sh instance_param2.dat "" 1000000000.0000001 2147483647 1526896590 -pc 0.25 -pm 0.1 > /tmp/tmp-2026-07-1401:26:26-0.776213526725769
Executing cmd: bash NSGA2.sh instance_param2.dat "" 1000000000.0000001 2147483647 1526896590 -pc 0.25 -pm 0.1 > /tmp/tmp-2026-07-1401:26:26-0.776213526725769
Result: instance_param2.dat, 0, -717.59, 0, 1526896590
now 2026-07-14 01:26:26 -0400; start 2026-07-12 21:39:27 -0400; time-start 100019.071312462; maxWall 8640000.0
getAlgoResultsForInstsAndParams.
  Trial 1 for calling: bash NSGA2.sh instance_prob1.dat "" 1000000000.0000001 2147483647 1374493268 -pc 0.25 -pm 0.1 > /tmp/tmp-2026-07-1401:26:26-0.2970390319824219
Executing cmd: bash NSGA2.sh instance_prob1.dat "" 1000000000.0000001 2147483647 1374493268 -pc 0.25 -pm 0.1 > /tmp/tmp-2026-07-1401:26:26-0.2970390319824219
Result: instance_prob1.dat, 0, -650.27, 0, 1374493268
now 2026-07-14 01:29:34 -0400; start 2026-07-12 21:39:27 -0400; time-start 100206.779235467; maxWall 8640000.0
getAlgoResultsForInstsAndParams.
  Trial 1 for calling: bash NSGA2.sh instance_param3.dat "" 1000000000.0000001 2147483647 1189509930 -pc 0.25 -pm 0.1 > /tmp/tmp-2026-07-1401:29:34-0.17047619819641113
Executing cmd: bash NSGA2.sh instance_param3.dat "" 1000000000.0000001 2147483647 1189509930 -pc 0.25 -pm 0.1 > /tmp/tmp-2026-07-1401:29:34-0.17047619819641113
Result: instance_param3.dat, 0, -705.56, 0, 1189509930
now 2026-07-14 01:29:34 -0400; start 2026-07-12 21:39:27 -0400; time-start 100206.859730565; maxWall 8640000.0
getAlgoResultsForInstsAndParams.
  Trial 1 for calling: bash NSGA2.sh instance_prob4.dat "" 1000000000.0000001 2147483647 1289636003 -pc 0.25 -pm 0.1 > /tmp/tmp-2026-07-1401:29:34-0.19314265251159668
Executing cmd: bash NSGA2.sh instance_prob4.dat "" 1000000000.0000001 2147483647 1289636003 -pc 0.25 -pm 0.1 > /tmp/tmp-2026-07-1401:29:34-0.19314265251159668
Result: instance_prob4.dat, 0, -591.79, 0, 1289636003
now 2026-07-14 01:34:26 -0400; start 2026-07-12 21:39:27 -0400; time-start 100498.548198028; maxWall 8640000.0
getAlgoResultsForInstsAndParams.
  Trial 1 for calling: bash NSGA2.sh instance_param1.dat "" 1000000000.0000001 2147483647 945548968 -pc 0.25 -pm 0.1 > /tmp/tmp-2026-07-1401:34:26-0.3571286201477051
Executing cmd: bash NSGA2.sh instance_param1.dat "" 1000000000.0000001 2147483647 945548968 -pc 0.25 -pm 0.1 > /tmp/tmp-2026-07-1401:34:26-0.3571286201477051
Result: instance_param1.dat, 0, -920.07, 0, 945548968
now 2026-07-14 01:34:26 -0400; start 2026-07-12 21:39:27 -0400; time-start 100498.628928376; maxWall 8640000.0
getAlgoResultsForInstsAndParams.
  Trial 1 for calling: bash NSGA2.sh instance_param2.dat "" 1000000000.0000001 2147483647 1036556068 -pc 0.25 -pm 0.1 > /tmp/tmp-2026-07-1401:34:26-0.6897292137145996
Executing cmd: bash NSGA2.sh instance_param2.dat "" 1000000000.0000001 2147483647 1036556068 -pc 0.25 -pm 0.1 > /tmp/tmp-2026-07-1401:34:26-0.6897292137145996
Result: instance_param2.dat, 0, -717.59, 0, 1036556068
now 2026-07-14 01:34:26 -0400; start 2026-07-12 21:39:27 -0400; time-start 100498.714603806; maxWall 8640000.0
getAlgoResultsForInstsAndParams.
  Trial 1 for calling: bash NSGA2.sh instance_param3.dat "" 1000000000.0000001 2147483647 82106444 -pc 0.25 -pm 0.1 > /tmp/tmp-2026-07-1401:34:26-0.6192643642425537
Executing cmd: bash NSGA2.sh instance_param3.dat "" 1000000000.0000001 2147483647 82106444 -pc 0.25 -pm 0.1 > /tmp/tmp-2026-07-1401:34:26-0.6192643642425537
Result: instance_param3.dat, 0, -705.56, 0, 82106444
now 2026-07-14 01:34:26 -0400; start 2026-07-12 21:39:27 -0400; time-start 100498.800020964; maxWall 8640000.0
getAlgoResultsForInstsAndParams.
  Trial 1 for calling: bash NSGA2.sh instance_prob4.dat "" 1000000000.0000001 2147483647 64315970 -pc 0.25 -pm 0.1 > /tmp/tmp-2026-07-1401:34:26-0.9523193836212158
Executing cmd: bash NSGA2.sh instance_prob4.dat "" 1000000000.0000001 2147483647 64315970 -pc 0.25 -pm 0.1 > /tmp/tmp-2026-07-1401:34:26-0.9523193836212158
Result: instance_prob4.dat, 0, -591.79, 0, 64315970
now 2026-07-14 01:39:25 -0400; start 2026-07-12 21:39:27 -0400; time-start 100797.991080357; maxWall 8640000.0
getAlgoResultsForInstsAndParams.
  Trial 1 for calling: bash NSGA2.sh instance_prob1.dat "" 1000000000.0000001 2147483647 205845687 -pc 0.25 -pm 0.1 > /tmp/tmp-2026-07-1401:39:25-0.7207611799240112
Executing cmd: bash NSGA2.sh instance_prob1.dat "" 1000000000.0000001 2147483647 205845687 -pc 0.25 -pm 0.1 > /tmp/tmp-2026-07-1401:39:25-0.7207611799240112
Result: instance_prob1.dat, 0, -650.27, 0, 205845687
now 2026-07-14 01:42:48 -0400; start 2026-07-12 21:39:27 -0400; time-start 101000.670323849; maxWall 8640000.0
getAlgoResultsForInstsAndParams.
  Trial 1 for calling: bash NSGA2.sh instance_param1.dat "" 1000000000.0000001 2147483647 673948927 -pc 0.25 -pm 0.1 > /tmp/tmp-2026-07-1401:42:48-0.3736729621887207
Executing cmd: bash NSGA2.sh instance_param1.dat "" 1000000000.0000001 2147483647 673948927 -pc 0.25 -pm 0.1 > /tmp/tmp-2026-07-1401:42:48-0.3736729621887207
Result: instance_param1.dat, 0, -920.07, 0, 673948927
now 2026-07-14 01:42:48 -0400; start 2026-07-12 21:39:27 -0400; time-start 101000.751726343; maxWall 8640000.0
getAlgoResultsForInstsAndParams.
  Trial 1 for calling: bash NSGA2.sh instance_prob2.dat "" 1000000000.0000001 2147483647 637566358 -pc 0.25 -pm 0.1 > /tmp/tmp-2026-07-1401:42:48-0.7038366794586182
Executing cmd: bash NSGA2.sh instance_prob2.dat "" 1000000000.0000001 2147483647 637566358 -pc 0.25 -pm 0.1 > /tmp/tmp-2026-07-1401:42:48-0.7038366794586182
Result: instance_prob2.dat, 0, -695.75, 0, 637566358
now 2026-07-14 01:46:24 -0400; start 2026-07-12 21:39:27 -0400; time-start 101216.755352515; maxWall 8640000.0
getAlgoResultsForInstsAndParams.
  Trial 1 for calling: bash NSGA2.sh instance_prob3.dat "" 1000000000.0000001 2147483647 720721666 -pc 0.25 -pm 0.1 > /tmp/tmp-2026-07-1401:46:24-0.9528694152832031
Executing cmd: bash NSGA2.sh instance_prob3.dat "" 1000000000.0000001 2147483647 720721666 -pc 0.25 -pm 0.1 > /tmp/tmp-2026-07-1401:46:24-0.9528694152832031
Result: instance_prob3.dat, 0, -577.71, 0, 720721666
now 2026-07-14 01:51:28 -0400; start 2026-07-12 21:39:27 -0400; time-start 101520.283700324; maxWall 8640000.0
getAlgoResultsForInstsAndParams.
  Trial 1 for calling: bash NSGA2.sh instance_param3.dat "" 1000000000.0000001 2147483647 2085269448 -pc 0.25 -pm 0.1 > /tmp/tmp-2026-07-1401:51:28-0.7324962615966797
Executing cmd: bash NSGA2.sh instance_param3.dat "" 1000000000.0000001 2147483647 2085269448 -pc 0.25 -pm 0.1 > /tmp/tmp-2026-07-1401:51:28-0.7324962615966797
Result: instance_param3.dat, 0, -705.56, 0, 2085269448
now 2026-07-14 01:51:28 -0400; start 2026-07-12 21:39:27 -0400; time-start 101520.365697515; maxWall 8640000.0
getAlgoResultsForInstsAndParams.
  Trial 1 for calling: bash NSGA2.sh instance_prob2.dat "" 1000000000.0000001 2147483647 2106584775 -pc 0.25 -pm 0.1 > /tmp/tmp-2026-07-1401:51:28-0.00840902328491211
Executing cmd: bash NSGA2.sh instance_prob2.dat "" 1000000000.0000001 2147483647 2106584775 -pc 0.25 -pm 0.1 > /tmp/tmp-2026-07-1401:51:28-0.00840902328491211
Result: instance_prob2.dat, 0, -695.75, 0, 2106584775
now 2026-07-14 01:55:30 -0400; start 2026-07-12 21:39:27 -0400; time-start 101762.113854093; maxWall 8640000.0
getAlgoResultsForInstsAndParams.
  Trial 1 for calling: bash NSGA2.sh instance_param2.dat "" 1000000000.0000001 2147483647 515552351 -pc 0.25 -pm 0.1 > /tmp/tmp-2026-07-1401:55:30-0.4346351623535156
Executing cmd: bash NSGA2.sh instance_param2.dat "" 1000000000.0000001 2147483647 515552351 -pc 0.25 -pm 0.1 > /tmp/tmp-2026-07-1401:55:30-0.4346351623535156
Result: instance_param2.dat, 0, -717.59, 0, 515552351
now 2026-07-14 01:55:30 -0400; start 2026-07-12 21:39:27 -0400; time-start 101762.19698406; maxWall 8640000.0
getAlgoResultsForInstsAndParams.
  Trial 1 for calling: bash NSGA2.sh instance_prob4.dat "" 1000000000.0000001 2147483647 129161248 -pc 0.25 -pm 0.1 > /tmp/tmp-2026-07-1401:55:30-0.20800113677978516
Executing cmd: bash NSGA2.sh instance_prob4.dat "" 1000000000.0000001 2147483647 129161248 -pc 0.25 -pm 0.1 > /tmp/tmp-2026-07-1401:55:30-0.20800113677978516
Result: instance_prob4.dat, 0, -591.79, 0, 129161248
now 2026-07-14 02:00:34 -0400; start 2026-07-12 21:39:27 -0400; time-start 102066.22204141; maxWall 8640000.0
getAlgoResultsForInstsAndParams.
  Trial 1 for calling: bash NSGA2.sh instance_param1.dat "" 1000000000.0000001 2147483647 1548605805 -pc 0.25 -pm 0.1 > /tmp/tmp-2026-07-1402:00:34-0.7011728286743164
Executing cmd: bash NSGA2.sh instance_param1.dat "" 1000000000.0000001 2147483647 1548605805 -pc 0.25 -pm 0.1 > /tmp/tmp-2026-07-1402:00:34-0.7011728286743164
Result: instance_param1.dat, 0, -920.07, 0, 1548605805
          -> Take improving step to neighbour pc=0.25 pm=0.1 (-698.4242424242424 [based on 33 runs with cutoff 1000000000.0]) with flip 35

          
============= Performing 1 bonus runs of state: pc=0.25 pm=0.1 (-698.4242424242424 [based on 33 runs with cutoff 1000000000.0]) ============ 

now 2026-07-14 02:00:34 -0400; start 2026-07-12 21:39:27 -0400; time-start 102066.304727773; maxWall 8640000.0
State wants more detail (33+1) than incumbent (33), doing incumbent first:
pc=0.25 pm=0.1 (-698.4242424242424 [based on 33 runs with cutoff 1000000000.0])
pc=0.8 pm=0.05 (-698.4242424242424 [based on 33 runs with cutoff 1000000000.0])
getAlgoResultsForInstsAndParams.
  Trial 1 for calling: bash NSGA2.sh instance_prob3.dat "" 1000000000.0000001 2147483647 222014735 -pc 0.8 -pm 0.05 > /tmp/tmp-2026-07-1402:00:34-0.0764918327331543
Executing cmd: bash NSGA2.sh instance_prob3.dat "" 1000000000.0000001 2147483647 222014735 -pc 0.8 -pm 0.05 > /tmp/tmp-2026-07-1402:00:34-0.0764918327331543
Result: instance_prob3.dat, 0, -577.71, 0, 222014735
 Same incumbent, new precision:
New Incumbent: 46.20000000000039, -694.8529411764706 [34, 1000000000.0]. With state pc=0.8, pm=0.05
getAlgoResultsForInstsAndParams.
  Trial 1 for calling: bash NSGA2.sh instance_prob3.dat "" 1000000000.0000001 2147483647 222014735 -pc 0.25 -pm 0.1 > /tmp/tmp-2026-07-1402:05:33-0.9178757667541504
Executing cmd: bash NSGA2.sh instance_prob3.dat "" 1000000000.0000001 2147483647 222014735 -pc 0.25 -pm 0.1 > /tmp/tmp-2026-07-1402:05:33-0.9178757667541504
Result: instance_prob3.dat, 0, -577.71, 0, 222014735
          -> After 1 bonus runs: pc=0.25 pm=0.1 (-694.8529411764706 [based on 34 runs with cutoff 1000000000.0])

now 2026-07-14 02:12:18 -0400; start 2026-07-12 21:39:27 -0400; time-start 102770.186725711; maxWall 8640000.0
now 2026-07-14 02:12:18 -0400; start 2026-07-12 21:39:27 -0400; time-start 102770.186800812; maxWall 8640000.0
now 2026-07-14 02:12:18 -0400; start 2026-07-12 21:39:27 -0400; time-start 102770.186865342; maxWall 8640000.0
now 2026-07-14 02:12:18 -0400; start 2026-07-12 21:39:27 -0400; time-start 102770.186899172; maxWall 8640000.0
now 2026-07-14 02:12:18 -0400; start 2026-07-12 21:39:27 -0400; time-start 102770.186928568; maxWall 8640000.0
    Changing ["pm: 0.1->0.05"], evaluating ...
getAlgoResultsForInstsAndParams.
  Trial 1 for calling: bash NSGA2.sh instance_prob2.dat "" 1000000000.0000001 2147483647 45849524 -pc 0.25 -pm 0.05 > /tmp/tmp-2026-07-1402:12:18-0.9722309112548828
Executing cmd: bash NSGA2.sh instance_prob2.dat "" 1000000000.0000001 2147483647 45849524 -pc 0.25 -pm 0.05 > /tmp/tmp-2026-07-1402:12:18-0.9722309112548828
Result: instance_prob2.dat, 0, -695.75, 0, 45849524
now 2026-07-14 02:15:34 -0400; start 2026-07-12 21:39:27 -0400; time-start 102966.571339853; maxWall 8640000.0
getAlgoResultsForInstsAndParams.
  Trial 1 for calling: bash NSGA2.sh instance_prob3.dat "" 1000000000.0000001 2147483647 1729884984 -pc 0.25 -pm 0.05 > /tmp/tmp-2026-07-1402:15:34-0.5850064754486084
Executing cmd: bash NSGA2.sh instance_prob3.dat "" 1000000000.0000001 2147483647 1729884984 -pc 0.25 -pm 0.05 > /tmp/tmp-2026-07-1402:15:34-0.5850064754486084
Result: instance_prob3.dat, 0, -577.71, 0, 1729884984
now 2026-07-14 02:20:01 -0400; start 2026-07-12 21:39:27 -0400; time-start 103233.966876719; maxWall 8640000.0
getAlgoResultsForInstsAndParams.
  Trial 1 for calling: bash NSGA2.sh instance_param2.dat "" 1000000000.0000001 2147483647 1526896590 -pc 0.25 -pm 0.05 > /tmp/tmp-2026-07-1402:20:01-0.2844353914260864
Executing cmd: bash NSGA2.sh instance_param2.dat "" 1000000000.0000001 2147483647 1526896590 -pc 0.25 -pm 0.05 > /tmp/tmp-2026-07-1402:20:01-0.2844353914260864
Result: instance_param2.dat, 0, -717.59, 0, 1526896590
now 2026-07-14 02:20:01 -0400; start 2026-07-12 21:39:27 -0400; time-start 103234.04778894; maxWall 8640000.0
getAlgoResultsForInstsAndParams.
  Trial 1 for calling: bash NSGA2.sh instance_prob1.dat "" 1000000000.0000001 2147483647 1374493268 -pc 0.25 -pm 0.05 > /tmp/tmp-2026-07-1402:20:01-0.8159887790679932
Executing cmd: bash NSGA2.sh instance_prob1.dat "" 1000000000.0000001 2147483647 1374493268 -pc 0.25 -pm 0.05 > /tmp/tmp-2026-07-1402:20:01-0.8159887790679932
Result: instance_prob1.dat, 0, -650.27, 0, 1374493268
now 2026-07-14 02:22:50 -0400; start 2026-07-12 21:39:27 -0400; time-start 103402.530886056; maxWall 8640000.0
getAlgoResultsForInstsAndParams.
  Trial 1 for calling: bash NSGA2.sh instance_param3.dat "" 1000000000.0000001 2147483647 1189509930 -pc 0.25 -pm 0.05 > /tmp/tmp-2026-07-1402:22:50-0.0325014591217041
Executing cmd: bash NSGA2.sh instance_param3.dat "" 1000000000.0000001 2147483647 1189509930 -pc 0.25 -pm 0.05 > /tmp/tmp-2026-07-1402:22:50-0.0325014591217041
Result: instance_param3.dat, 0, -705.56, 0, 1189509930
now 2026-07-14 02:22:50 -0400; start 2026-07-12 21:39:27 -0400; time-start 103402.61315034; maxWall 8640000.0
getAlgoResultsForInstsAndParams.
  Trial 1 for calling: bash NSGA2.sh instance_prob4.dat "" 1000000000.0000001 2147483647 1289636003 -pc 0.25 -pm 0.05 > /tmp/tmp-2026-07-1402:22:50-0.31031227111816406
Executing cmd: bash NSGA2.sh instance_prob4.dat "" 1000000000.0000001 2147483647 1289636003 -pc 0.25 -pm 0.05 > /tmp/tmp-2026-07-1402:22:50-0.31031227111816406
Result: instance_prob4.dat, 0, -591.79, 0, 1289636003
now 2026-07-14 02:27:09 -0400; start 2026-07-12 21:39:27 -0400; time-start 103661.506018915; maxWall 8640000.0
getAlgoResultsForInstsAndParams.
  Trial 1 for calling: bash NSGA2.sh instance_param1.dat "" 1000000000.0000001 2147483647 945548968 -pc 0.25 -pm 0.05 > /tmp/tmp-2026-07-1402:27:09-0.6973342895507812
Executing cmd: bash NSGA2.sh instance_param1.dat "" 1000000000.0000001 2147483647 945548968 -pc 0.25 -pm 0.05 > /tmp/tmp-2026-07-1402:27:09-0.6973342895507812
Result: instance_param1.dat, 0, -920.07, 0, 945548968
now 2026-07-14 02:27:09 -0400; start 2026-07-12 21:39:27 -0400; time-start 103661.587908747; maxWall 8640000.0
getAlgoResultsForInstsAndParams.
  Trial 1 for calling: bash NSGA2.sh instance_param2.dat "" 1000000000.0000001 2147483647 1036556068 -pc 0.25 -pm 0.05 > /tmp/tmp-2026-07-1402:27:09-0.2639434337615967
Executing cmd: bash NSGA2.sh instance_param2.dat "" 1000000000.0000001 2147483647 1036556068 -pc 0.25 -pm 0.05 > /tmp/tmp-2026-07-1402:27:09-0.2639434337615967
Result: instance_param2.dat, 0, -717.59, 0, 1036556068
now 2026-07-14 02:27:09 -0400; start 2026-07-12 21:39:27 -0400; time-start 103661.676044428; maxWall 8640000.0
getAlgoResultsForInstsAndParams.
  Trial 1 for calling: bash NSGA2.sh instance_param3.dat "" 1000000000.0000001 2147483647 82106444 -pc 0.25 -pm 0.05 > /tmp/tmp-2026-07-1402:27:09-0.08550381660461426
Executing cmd: bash NSGA2.sh instance_param3.dat "" 1000000000.0000001 2147483647 82106444 -pc 0.25 -pm 0.05 > /tmp/tmp-2026-07-1402:27:09-0.08550381660461426
Result: instance_param3.dat, 0, -705.56, 0, 82106444
now 2026-07-14 02:27:09 -0400; start 2026-07-12 21:39:27 -0400; time-start 103661.763573553; maxWall 8640000.0
getAlgoResultsForInstsAndParams.
  Trial 1 for calling: bash NSGA2.sh instance_prob4.dat "" 1000000000.0000001 2147483647 64315970 -pc 0.25 -pm 0.05 > /tmp/tmp-2026-07-1402:27:09-0.8917901515960693
Executing cmd: bash NSGA2.sh instance_prob4.dat "" 1000000000.0000001 2147483647 64315970 -pc 0.25 -pm 0.05 > /tmp/tmp-2026-07-1402:27:09-0.8917901515960693
Result: instance_prob4.dat, 0, -591.79, 0, 64315970
now 2026-07-14 02:31:33 -0400; start 2026-07-12 21:39:27 -0400; time-start 103925.861109691; maxWall 8640000.0
getAlgoResultsForInstsAndParams.
  Trial 1 for calling: bash NSGA2.sh instance_prob1.dat "" 1000000000.0000001 2147483647 205845687 -pc 0.25 -pm 0.05 > /tmp/tmp-2026-07-1402:31:33-0.6293787956237793
Executing cmd: bash NSGA2.sh instance_prob1.dat "" 1000000000.0000001 2147483647 205845687 -pc 0.25 -pm 0.05 > /tmp/tmp-2026-07-1402:31:33-0.6293787956237793
Result: instance_prob1.dat, 0, -650.27, 0, 205845687
now 2026-07-14 02:34:16 -0400; start 2026-07-12 21:39:27 -0400; time-start 104088.673642363; maxWall 8640000.0
getAlgoResultsForInstsAndParams.
  Trial 1 for calling: bash NSGA2.sh instance_param1.dat "" 1000000000.0000001 2147483647 673948927 -pc 0.25 -pm 0.05 > /tmp/tmp-2026-07-1402:34:16-0.6546146869659424
Executing cmd: bash NSGA2.sh instance_param1.dat "" 1000000000.0000001 2147483647 673948927 -pc 0.25 -pm 0.05 > /tmp/tmp-2026-07-1402:34:16-0.6546146869659424
Result: instance_param1.dat, 0, -920.07, 0, 673948927
now 2026-07-14 02:34:16 -0400; start 2026-07-12 21:39:27 -0400; time-start 104088.755858923; maxWall 8640000.0
getAlgoResultsForInstsAndParams.
  Trial 1 for calling: bash NSGA2.sh instance_prob2.dat "" 1000000000.0000001 2147483647 637566358 -pc 0.25 -pm 0.05 > /tmp/tmp-2026-07-1402:34:16-0.14421749114990234
Executing cmd: bash NSGA2.sh instance_prob2.dat "" 1000000000.0000001 2147483647 637566358 -pc 0.25 -pm 0.05 > /tmp/tmp-2026-07-1402:34:16-0.14421749114990234
Result: instance_prob2.dat, 0, -695.75, 0, 637566358
now 2026-07-14 02:37:37 -0400; start 2026-07-12 21:39:27 -0400; time-start 104289.809753834; maxWall 8640000.0
getAlgoResultsForInstsAndParams.
  Trial 1 for calling: bash NSGA2.sh instance_prob3.dat "" 1000000000.0000001 2147483647 720721666 -pc 0.25 -pm 0.05 > /tmp/tmp-2026-07-1402:37:37-0.6273899078369141
Executing cmd: bash NSGA2.sh instance_prob3.dat "" 1000000000.0000001 2147483647 720721666 -pc 0.25 -pm 0.05 > /tmp/tmp-2026-07-1402:37:37-0.6273899078369141
Result: instance_prob3.dat, 0, -577.71, 0, 720721666
now 2026-07-14 02:42:28 -0400; start 2026-07-12 21:39:27 -0400; time-start 104580.104032914; maxWall 8640000.0
getAlgoResultsForInstsAndParams.
  Trial 1 for calling: bash NSGA2.sh instance_param3.dat "" 1000000000.0000001 2147483647 2085269448 -pc 0.25 -pm 0.05 > /tmp/tmp-2026-07-1402:42:28-0.05210113525390625
Executing cmd: bash NSGA2.sh instance_param3.dat "" 1000000000.0000001 2147483647 2085269448 -pc 0.25 -pm 0.05 > /tmp/tmp-2026-07-1402:42:28-0.05210113525390625
Result: instance_param3.dat, 0, -705.56, 0, 2085269448
now 2026-07-14 02:42:28 -0400; start 2026-07-12 21:39:27 -0400; time-start 104580.185625997; maxWall 8640000.0
getAlgoResultsForInstsAndParams.
  Trial 1 for calling: bash NSGA2.sh instance_prob2.dat "" 1000000000.0000001 2147483647 2106584775 -pc 0.25 -pm 0.05 > /tmp/tmp-2026-07-1402:42:28-0.31532859802246094
Executing cmd: bash NSGA2.sh instance_prob2.dat "" 1000000000.0000001 2147483647 2106584775 -pc 0.25 -pm 0.05 > /tmp/tmp-2026-07-1402:42:28-0.31532859802246094
Result: instance_prob2.dat, 0, -695.75, 0, 2106584775
now 2026-07-14 02:45:33 -0400; start 2026-07-12 21:39:27 -0400; time-start 104765.339223773; maxWall 8640000.0
getAlgoResultsForInstsAndParams.
  Trial 1 for calling: bash NSGA2.sh instance_param2.dat "" 1000000000.0000001 2147483647 515552351 -pc 0.25 -pm 0.05 > /tmp/tmp-2026-07-1402:45:33-0.19083023071289062
Executing cmd: bash NSGA2.sh instance_param2.dat "" 1000000000.0000001 2147483647 515552351 -pc 0.25 -pm 0.05 > /tmp/tmp-2026-07-1402:45:33-0.19083023071289062
Result: instance_param2.dat, 0, -717.59, 0, 515552351
now 2026-07-14 02:45:33 -0400; start 2026-07-12 21:39:27 -0400; time-start 104765.421473685; maxWall 8640000.0
getAlgoResultsForInstsAndParams.
  Trial 1 for calling: bash NSGA2.sh instance_prob4.dat "" 1000000000.0000001 2147483647 129161248 -pc 0.25 -pm 0.05 > /tmp/tmp-2026-07-1402:45:33-0.3504953384399414
Executing cmd: bash NSGA2.sh instance_prob4.dat "" 1000000000.0000001 2147483647 129161248 -pc 0.25 -pm 0.05 > /tmp/tmp-2026-07-1402:45:33-0.3504953384399414
Result: instance_prob4.dat, 0, -591.79, 0, 129161248
now 2026-07-14 02:49:59 -0400; start 2026-07-12 21:39:27 -0400; time-start 105031.214969665; maxWall 8640000.0
getAlgoResultsForInstsAndParams.
  Trial 1 for calling: bash NSGA2.sh instance_param1.dat "" 1000000000.0000001 2147483647 1548605805 -pc 0.25 -pm 0.05 > /tmp/tmp-2026-07-1402:49:59-0.6655845642089844
Executing cmd: bash NSGA2.sh instance_param1.dat "" 1000000000.0000001 2147483647 1548605805 -pc 0.25 -pm 0.05 > /tmp/tmp-2026-07-1402:49:59-0.6655845642089844
Result: instance_param1.dat, 0, -920.07, 0, 1548605805
now 2026-07-14 02:49:59 -0400; start 2026-07-12 21:39:27 -0400; time-start 105031.299801062; maxWall 8640000.0
getAlgoResultsForInstsAndParams.
  Trial 1 for calling: bash NSGA2.sh instance_prob3.dat "" 1000000000.0000001 2147483647 222014735 -pc 0.25 -pm 0.05 > /tmp/tmp-2026-07-1402:49:59-0.5793137550354004
Executing cmd: bash NSGA2.sh instance_prob3.dat "" 1000000000.0000001 2147483647 222014735 -pc 0.25 -pm 0.05 > /tmp/tmp-2026-07-1402:49:59-0.5793137550354004
Result: instance_prob3.dat, 0, -577.71, 0, 222014735
          -> Take improving step to neighbour pc=0.25 pm=0.05 (-694.8529411764706 [based on 34 runs with cutoff 1000000000.0]) with flip 36

          
============= Performing 1 bonus runs of state: pc=0.25 pm=0.05 (-694.8529411764706 [based on 34 runs with cutoff 1000000000.0]) ============ 

now 2026-07-14 02:54:40 -0400; start 2026-07-12 21:39:27 -0400; time-start 105312.606706542; maxWall 8640000.0
State wants more detail (34+1) than incumbent (34), doing incumbent first:
pc=0.25 pm=0.05 (-694.8529411764706 [based on 34 runs with cutoff 1000000000.0])
pc=0.8 pm=0.05 (-694.8529411764706 [based on 34 runs with cutoff 1000000000.0])
getAlgoResultsForInstsAndParams.
  Trial 1 for calling: bash NSGA2.sh instance_prob1.dat "" 1000000000.0000001 2147483647 1686488978 -pc 0.8 -pm 0.05 > /tmp/tmp-2026-07-1402:54:40-0.7075269222259521
Executing cmd: bash NSGA2.sh instance_prob1.dat "" 1000000000.0000001 2147483647 1686488978 -pc 0.8 -pm 0.05 > /tmp/tmp-2026-07-1402:54:40-0.7075269222259521
Result: instance_prob1.dat, 0, -650.27, 0, 1686488978
 Same incumbent, new precision:
New Incumbent: 48.40000000000042, -693.5714285714286 [35, 1000000000.0]. With state pc=0.8, pm=0.05
getAlgoResultsForInstsAndParams.
  Trial 1 for calling: bash NSGA2.sh instance_prob1.dat "" 1000000000.0000001 2147483647 1686488978 -pc 0.25 -pm 0.05 > /tmp/tmp-2026-07-1402:57:34-0.38280153274536133
Executing cmd: bash NSGA2.sh instance_prob1.dat "" 1000000000.0000001 2147483647 1686488978 -pc 0.25 -pm 0.05 > /tmp/tmp-2026-07-1402:57:34-0.38280153274536133
Result: instance_prob1.dat, 0, -650.27, 0, 1686488978
          -> After 1 bonus runs: pc=0.25 pm=0.05 (-693.5714285714286 [based on 35 runs with cutoff 1000000000.0])

now 2026-07-14 03:00:33 -0400; start 2026-07-12 21:39:27 -0400; time-start 105665.273784207; maxWall 8640000.0
now 2026-07-14 03:00:33 -0400; start 2026-07-12 21:39:27 -0400; time-start 105665.273857683; maxWall 8640000.0
now 2026-07-14 03:00:33 -0400; start 2026-07-12 21:39:27 -0400; time-start 105665.27392036; maxWall 8640000.0
    Changing ["pc: 0.25->0.6"], evaluating ...
getAlgoResultsForInstsAndParams.
  Trial 1 for calling: bash NSGA2.sh instance_prob3.dat "" 1000000000.0000001 2147483647 184242589 -pc 0.6 -pm 0.05 > /tmp/tmp-2026-07-1403:00:33-0.7097797393798828
Executing cmd: bash NSGA2.sh instance_prob3.dat "" 1000000000.0000001 2147483647 184242589 -pc 0.6 -pm 0.05 > /tmp/tmp-2026-07-1403:00:33-0.7097797393798828
Result: instance_prob3.dat, 0, -577.71, 0, 184242589
now 2026-07-14 03:05:52 -0400; start 2026-07-12 21:39:27 -0400; time-start 105984.911327948; maxWall 8640000.0
getAlgoResultsForInstsAndParams.
  Trial 1 for calling: bash NSGA2.sh instance_prob2.dat "" 1000000000.0000001 2147483647 936818155 -pc 0.6 -pm 0.05 > /tmp/tmp-2026-07-1403:05:52-0.24079513549804688
Executing cmd: bash NSGA2.sh instance_prob2.dat "" 1000000000.0000001 2147483647 936818155 -pc 0.6 -pm 0.05 > /tmp/tmp-2026-07-1403:05:52-0.24079513549804688
Result: instance_prob2.dat, 0, -695.75, 0, 936818155
now 2026-07-14 03:09:11 -0400; start 2026-07-12 21:39:27 -0400; time-start 106183.125598057; maxWall 8640000.0
getAlgoResultsForInstsAndParams.
  Trial 1 for calling: bash NSGA2.sh instance_param3.dat "" 1000000000.0000001 2147483647 579399830 -pc 0.6 -pm 0.05 > /tmp/tmp-2026-07-1403:09:11-0.22623825073242188
Executing cmd: bash NSGA2.sh instance_param3.dat "" 1000000000.0000001 2147483647 579399830 -pc 0.6 -pm 0.05 > /tmp/tmp-2026-07-1403:09:11-0.22623825073242188
Result: instance_param3.dat, 0, -705.56, 0, 579399830
now 2026-07-14 03:09:11 -0400; start 2026-07-12 21:39:27 -0400; time-start 106183.207076223; maxWall 8640000.0
getAlgoResultsForInstsAndParams.
  Trial 1 for calling: bash NSGA2.sh instance_param2.dat "" 1000000000.0000001 2147483647 371836214 -pc 0.6 -pm 0.05 > /tmp/tmp-2026-07-1403:09:11-0.4015684127807617
Executing cmd: bash NSGA2.sh instance_param2.dat "" 1000000000.0000001 2147483647 371836214 -pc 0.6 -pm 0.05 > /tmp/tmp-2026-07-1403:09:11-0.4015684127807617
Result: instance_param2.dat, 0, -717.59, 0, 371836214
now 2026-07-14 03:09:11 -0400; start 2026-07-12 21:39:27 -0400; time-start 106183.294307615; maxWall 8640000.0
getAlgoResultsForInstsAndParams.
  Trial 1 for calling: bash NSGA2.sh instance_prob4.dat "" 1000000000.0000001 2147483647 284264236 -pc 0.6 -pm 0.05 > /tmp/tmp-2026-07-1403:09:11-0.8646974563598633
Executing cmd: bash NSGA2.sh instance_prob4.dat "" 1000000000.0000001 2147483647 284264236 -pc 0.6 -pm 0.05 > /tmp/tmp-2026-07-1403:09:11-0.8646974563598633
Result: instance_prob4.dat, 0, -591.79, 0, 284264236
now 2026-07-14 03:13:45 -0400; start 2026-07-12 21:39:27 -0400; time-start 106457.872629073; maxWall 8640000.0
getAlgoResultsForInstsAndParams.
  Trial 1 for calling: bash NSGA2.sh instance_prob2.dat "" 1000000000.0000001 2147483647 45849524 -pc 0.6 -pm 0.05 > /tmp/tmp-2026-07-1403:13:45-0.5131559371948242
Executing cmd: bash NSGA2.sh instance_prob2.dat "" 1000000000.0000001 2147483647 45849524 -pc 0.6 -pm 0.05 > /tmp/tmp-2026-07-1403:13:45-0.5131559371948242
Result: instance_prob2.dat, 0, -695.75, 0, 45849524
now 2026-07-14 03:17:39 -0400; start 2026-07-12 21:39:27 -0400; time-start 106692.033181797; maxWall 8640000.0
getAlgoResultsForInstsAndParams.
  Trial 1 for calling: bash NSGA2.sh instance_prob3.dat "" 1000000000.0000001 2147483647 1729884984 -pc 0.6 -pm 0.05 > /tmp/tmp-2026-07-1403:17:39-0.8592709302902222
Executing cmd: bash NSGA2.sh instance_prob3.dat "" 1000000000.0000001 2147483647 1729884984 -pc 0.6 -pm 0.05 > /tmp/tmp-2026-07-1403:17:39-0.8592709302902222
Result: instance_prob3.dat, 0, -577.71, 0, 1729884984
now 2026-07-14 03:22:11 -0400; start 2026-07-12 21:39:27 -0400; time-start 106963.371768466; maxWall 8640000.0
getAlgoResultsForInstsAndParams.
  Trial 1 for calling: bash NSGA2.sh instance_param2.dat "" 1000000000.0000001 2147483647 1526896590 -pc 0.6 -pm 0.05 > /tmp/tmp-2026-07-1403:22:11-0.3009767532348633
Executing cmd: bash NSGA2.sh instance_param2.dat "" 1000000000.0000001 2147483647 1526896590 -pc 0.6 -pm 0.05 > /tmp/tmp-2026-07-1403:22:11-0.3009767532348633
Result: instance_param2.dat, 0, -717.59, 0, 1526896590
now 2026-07-14 03:22:11 -0400; start 2026-07-12 21:39:27 -0400; time-start 106963.451048771; maxWall 8640000.0
getAlgoResultsForInstsAndParams.
  Trial 1 for calling: bash NSGA2.sh instance_prob1.dat "" 1000000000.0000001 2147483647 1374493268 -pc 0.6 -pm 0.05 > /tmp/tmp-2026-07-1403:22:11-0.5747547149658203
Executing cmd: bash NSGA2.sh instance_prob1.dat "" 1000000000.0000001 2147483647 1374493268 -pc 0.6 -pm 0.05 > /tmp/tmp-2026-07-1403:22:11-0.5747547149658203
Result: instance_prob1.dat, 0, -650.27, 0, 1374493268
now 2026-07-14 03:25:15 -0400; start 2026-07-12 21:39:27 -0400; time-start 107147.827881455; maxWall 8640000.0
getAlgoResultsForInstsAndParams.
  Trial 1 for calling: bash NSGA2.sh instance_param3.dat "" 1000000000.0000001 2147483647 1189509930 -pc 0.6 -pm 0.05 > /tmp/tmp-2026-07-1403:25:15-0.6451826095581055
Executing cmd: bash NSGA2.sh instance_param3.dat "" 1000000000.0000001 2147483647 1189509930 -pc 0.6 -pm 0.05 > /tmp/tmp-2026-07-1403:25:15-0.6451826095581055
Result: instance_param3.dat, 0, -705.56, 0, 1189509930
now 2026-07-14 03:25:15 -0400; start 2026-07-12 21:39:27 -0400; time-start 107147.90723563; maxWall 8640000.0
getAlgoResultsForInstsAndParams.
  Trial 1 for calling: bash NSGA2.sh instance_prob4.dat "" 1000000000.0000001 2147483647 1289636003 -pc 0.6 -pm 0.05 > /tmp/tmp-2026-07-1403:25:15-0.2039051055908203
Executing cmd: bash NSGA2.sh instance_prob4.dat "" 1000000000.0000001 2147483647 1289636003 -pc 0.6 -pm 0.05 > /tmp/tmp-2026-07-1403:25:15-0.2039051055908203
Result: instance_prob4.dat, 0, -591.79, 0, 1289636003
now 2026-07-14 03:29:51 -0400; start 2026-07-12 21:39:27 -0400; time-start 107423.425704227; maxWall 8640000.0
getAlgoResultsForInstsAndParams.
  Trial 1 for calling: bash NSGA2.sh instance_param1.dat "" 1000000000.0000001 2147483647 945548968 -pc 0.6 -pm 0.05 > /tmp/tmp-2026-07-1403:29:51-0.09869050979614258
Executing cmd: bash NSGA2.sh instance_param1.dat "" 1000000000.0000001 2147483647 945548968 -pc 0.6 -pm 0.05 > /tmp/tmp-2026-07-1403:29:51-0.09869050979614258
Result: instance_param1.dat, 0, -920.07, 0, 945548968
now 2026-07-14 03:29:51 -0400; start 2026-07-12 21:39:27 -0400; time-start 107423.507506186; maxWall 8640000.0
getAlgoResultsForInstsAndParams.
  Trial 1 for calling: bash NSGA2.sh instance_param2.dat "" 1000000000.0000001 2147483647 1036556068 -pc 0.6 -pm 0.05 > /tmp/tmp-2026-07-1403:29:51-0.5535283088684082
Executing cmd: bash NSGA2.sh instance_param2.dat "" 1000000000.0000001 2147483647 1036556068 -pc 0.6 -pm 0.05 > /tmp/tmp-2026-07-1403:29:51-0.5535283088684082
Result: instance_param2.dat, 0, -717.59, 0, 1036556068
now 2026-07-14 03:29:51 -0400; start 2026-07-12 21:39:27 -0400; time-start 107423.594589687; maxWall 8640000.0
getAlgoResultsForInstsAndParams.
  Trial 1 for calling: bash NSGA2.sh instance_param3.dat "" 1000000000.0000001 2147483647 82106444 -pc 0.6 -pm 0.05 > /tmp/tmp-2026-07-1403:29:51-0.736931562423706
Executing cmd: bash NSGA2.sh instance_param3.dat "" 1000000000.0000001 2147483647 82106444 -pc 0.6 -pm 0.05 > /tmp/tmp-2026-07-1403:29:51-0.736931562423706
Result: instance_param3.dat, 0, -705.56, 0, 82106444
now 2026-07-14 03:29:51 -0400; start 2026-07-12 21:39:27 -0400; time-start 107423.681994619; maxWall 8640000.0
getAlgoResultsForInstsAndParams.
  Trial 1 for calling: bash NSGA2.sh instance_prob4.dat "" 1000000000.0000001 2147483647 64315970 -pc 0.6 -pm 0.05 > /tmp/tmp-2026-07-1403:29:51-0.9238510131835938
Executing cmd: bash NSGA2.sh instance_prob4.dat "" 1000000000.0000001 2147483647 64315970 -pc 0.6 -pm 0.05 > /tmp/tmp-2026-07-1403:29:51-0.9238510131835938
Result: instance_prob4.dat, 0, -591.79, 0, 64315970
now 2026-07-14 03:34:32 -0400; start 2026-07-12 21:39:27 -0400; time-start 107704.697900505; maxWall 8640000.0
getAlgoResultsForInstsAndParams.
  Trial 1 for calling: bash NSGA2.sh instance_prob1.dat "" 1000000000.0000001 2147483647 205845687 -pc 0.6 -pm 0.05 > /tmp/tmp-2026-07-1403:34:32-0.8814923763275146
Executing cmd: bash NSGA2.sh instance_prob1.dat "" 1000000000.0000001 2147483647 205845687 -pc 0.6 -pm 0.05 > /tmp/tmp-2026-07-1403:34:32-0.8814923763275146
Result: instance_prob1.dat, 0, -650.27, 0, 205845687
501/100000, 50.10000000000044/100000000.0
now 2026-07-14 03:37:22 -0400; start 2026-07-12 21:39:27 -0400; time-start 107874.966451808; maxWall 8640000.0
getAlgoResultsForInstsAndParams.
  Trial 1 for calling: bash NSGA2.sh instance_param1.dat "" 1000000000.0000001 2147483647 673948927 -pc 0.6 -pm 0.05 > /tmp/tmp-2026-07-1403:37:22-0.5231173038482666
Executing cmd: bash NSGA2.sh instance_param1.dat "" 1000000000.0000001 2147483647 673948927 -pc 0.6 -pm 0.05 > /tmp/tmp-2026-07-1403:37:22-0.5231173038482666
Result: instance_param1.dat, 0, -920.07, 0, 673948927
now 2026-07-14 03:37:22 -0400; start 2026-07-12 21:39:27 -0400; time-start 107875.048176079; maxWall 8640000.0
getAlgoResultsForInstsAndParams.
  Trial 1 for calling: bash NSGA2.sh instance_prob2.dat "" 1000000000.0000001 2147483647 637566358 -pc 0.6 -pm 0.05 > /tmp/tmp-2026-07-1403:37:22-0.6221038103103638
Executing cmd: bash NSGA2.sh instance_prob2.dat "" 1000000000.0000001 2147483647 637566358 -pc 0.6 -pm 0.05 > /tmp/tmp-2026-07-1403:37:22-0.6221038103103638
Result: instance_prob2.dat, 0, -695.75, 0, 637566358
now 2026-07-14 03:40:39 -0400; start 2026-07-12 21:39:27 -0400; time-start 108071.871775742; maxWall 8640000.0
getAlgoResultsForInstsAndParams.
  Trial 1 for calling: bash NSGA2.sh instance_prob3.dat "" 1000000000.0000001 2147483647 720721666 -pc 0.6 -pm 0.05 > /tmp/tmp-2026-07-1403:40:39-0.6090867519378662
Executing cmd: bash NSGA2.sh instance_prob3.dat "" 1000000000.0000001 2147483647 720721666 -pc 0.6 -pm 0.05 > /tmp/tmp-2026-07-1403:40:39-0.6090867519378662
Result: instance_prob3.dat, 0, -577.71, 0, 720721666
now 2026-07-14 03:45:27 -0400; start 2026-07-12 21:39:27 -0400; time-start 108359.163731308; maxWall 8640000.0
getAlgoResultsForInstsAndParams.
  Trial 1 for calling: bash NSGA2.sh instance_param3.dat "" 1000000000.0000001 2147483647 2085269448 -pc 0.6 -pm 0.05 > /tmp/tmp-2026-07-1403:45:27-0.4693565368652344
Executing cmd: bash NSGA2.sh instance_param3.dat "" 1000000000.0000001 2147483647 2085269448 -pc 0.6 -pm 0.05 > /tmp/tmp-2026-07-1403:45:27-0.4693565368652344
Result: instance_param3.dat, 0, -705.56, 0, 2085269448
now 2026-07-14 03:45:27 -0400; start 2026-07-12 21:39:27 -0400; time-start 108359.246845408; maxWall 8640000.0
getAlgoResultsForInstsAndParams.
  Trial 1 for calling: bash NSGA2.sh instance_prob2.dat "" 1000000000.0000001 2147483647 2106584775 -pc 0.6 -pm 0.05 > /tmp/tmp-2026-07-1403:45:27-0.3954896926879883
Executing cmd: bash NSGA2.sh instance_prob2.dat "" 1000000000.0000001 2147483647 2106584775 -pc 0.6 -pm 0.05 > /tmp/tmp-2026-07-1403:45:27-0.3954896926879883
Result: instance_prob2.dat, 0, -695.75, 0, 2106584775
now 2026-07-14 03:48:42 -0400; start 2026-07-12 21:39:27 -0400; time-start 108554.338537174; maxWall 8640000.0
getAlgoResultsForInstsAndParams.
  Trial 1 for calling: bash NSGA2.sh instance_param2.dat "" 1000000000.0000001 2147483647 515552351 -pc 0.6 -pm 0.05 > /tmp/tmp-2026-07-1403:48:42-0.021488666534423828
Executing cmd: bash NSGA2.sh instance_param2.dat "" 1000000000.0000001 2147483647 515552351 -pc 0.6 -pm 0.05 > /tmp/tmp-2026-07-1403:48:42-0.021488666534423828
Result: instance_param2.dat, 0, -717.59, 0, 515552351
now 2026-07-14 03:48:42 -0400; start 2026-07-12 21:39:27 -0400; time-start 108554.421580015; maxWall 8640000.0
getAlgoResultsForInstsAndParams.
  Trial 1 for calling: bash NSGA2.sh instance_prob4.dat "" 1000000000.0000001 2147483647 129161248 -pc 0.6 -pm 0.05 > /tmp/tmp-2026-07-1403:48:42-0.16711854934692383
Executing cmd: bash NSGA2.sh instance_prob4.dat "" 1000000000.0000001 2147483647 129161248 -pc 0.6 -pm 0.05 > /tmp/tmp-2026-07-1403:48:42-0.16711854934692383
Result: instance_prob4.dat, 0, -591.79, 0, 129161248
now 2026-07-14 03:53:20 -0400; start 2026-07-12 21:39:27 -0400; time-start 108832.097034695; maxWall 8640000.0
getAlgoResultsForInstsAndParams.
  Trial 1 for calling: bash NSGA2.sh instance_param1.dat "" 1000000000.0000001 2147483647 1548605805 -pc 0.6 -pm 0.05 > /tmp/tmp-2026-07-1403:53:20-0.4700927734375
Executing cmd: bash NSGA2.sh instance_param1.dat "" 1000000000.0000001 2147483647 1548605805 -pc 0.6 -pm 0.05 > /tmp/tmp-2026-07-1403:53:20-0.4700927734375
Result: instance_param1.dat, 0, -920.07, 0, 1548605805
now 2026-07-14 03:53:20 -0400; start 2026-07-12 21:39:27 -0400; time-start 108832.179111669; maxWall 8640000.0
getAlgoResultsForInstsAndParams.
  Trial 1 for calling: bash NSGA2.sh instance_prob3.dat "" 1000000000.0000001 2147483647 222014735 -pc 0.6 -pm 0.05 > /tmp/tmp-2026-07-1403:53:20-0.6532707214355469
Executing cmd: bash NSGA2.sh instance_prob3.dat "" 1000000000.0000001 2147483647 222014735 -pc 0.6 -pm 0.05 > /tmp/tmp-2026-07-1403:53:20-0.6532707214355469
Result: instance_prob3.dat, 0, -577.71, 0, 222014735
now 2026-07-14 03:57:57 -0400; start 2026-07-12 21:39:27 -0400; time-start 109109.931171141; maxWall 8640000.0
getAlgoResultsForInstsAndParams.
  Trial 1 for calling: bash NSGA2.sh instance_prob1.dat "" 1000000000.0000001 2147483647 1686488978 -pc 0.6 -pm 0.05 > /tmp/tmp-2026-07-1403:57:57-0.08093380928039551
Executing cmd: bash NSGA2.sh instance_prob1.dat "" 1000000000.0000001 2147483647 1686488978 -pc 0.6 -pm 0.05 > /tmp/tmp-2026-07-1403:57:57-0.08093380928039551
Result: instance_prob1.dat, 0, -650.27, 0, 1686488978
          -> Take improving step to neighbour pc=0.6 pm=0.05 (-693.5714285714286 [based on 35 runs with cutoff 1000000000.0]) with flip 37

          
============= Performing 1 bonus runs of state: pc=0.6 pm=0.05 (-693.5714285714286 [based on 35 runs with cutoff 1000000000.0]) ============ 

now 2026-07-14 04:00:51 -0400; start 2026-07-12 21:39:27 -0400; time-start 109283.882612452; maxWall 8640000.0
State wants more detail (35+1) than incumbent (35), doing incumbent first:
pc=0.6 pm=0.05 (-693.5714285714286 [based on 35 runs with cutoff 1000000000.0])
pc=0.8 pm=0.05 (-693.5714285714286 [based on 35 runs with cutoff 1000000000.0])
getAlgoResultsForInstsAndParams.
  Trial 1 for calling: bash NSGA2.sh instance_param3.dat "" 1000000000.0000001 2147483647 1392514437 -pc 0.8 -pm 0.05 > /tmp/tmp-2026-07-1404:00:51-0.26451992988586426
Executing cmd: bash NSGA2.sh instance_param3.dat "" 1000000000.0000001 2147483647 1392514437 -pc 0.8 -pm 0.05 > /tmp/tmp-2026-07-1404:00:51-0.26451992988586426
Result: instance_param3.dat, 0, -705.56, 0, 1392514437
 Same incumbent, new precision:
New Incumbent: 51.20000000000046, -693.8888888888889 [36, 1000000000.0]. With state pc=0.8, pm=0.05
getAlgoResultsForInstsAndParams.
  Trial 1 for calling: bash NSGA2.sh instance_param3.dat "" 1000000000.0000001 2147483647 1392514437 -pc 0.6 -pm 0.05 > /tmp/tmp-2026-07-1404:00:51-0.735795259475708
Executing cmd: bash NSGA2.sh instance_param3.dat "" 1000000000.0000001 2147483647 1392514437 -pc 0.6 -pm 0.05 > /tmp/tmp-2026-07-1404:00:51-0.735795259475708
Result: instance_param3.dat, 0, -705.56, 0, 1392514437
          -> After 1 bonus runs: pc=0.6 pm=0.05 (-693.8888888888889 [based on 36 runs with cutoff 1000000000.0])

now 2026-07-14 04:00:51 -0400; start 2026-07-12 21:39:27 -0400; time-start 109284.053147608; maxWall 8640000.0
now 2026-07-14 04:00:51 -0400; start 2026-07-12 21:39:27 -0400; time-start 109284.053219619; maxWall 8640000.0
now 2026-07-14 04:00:51 -0400; start 2026-07-12 21:39:27 -0400; time-start 109284.053283789; maxWall 8640000.0
now 2026-07-14 04:00:51 -0400; start 2026-07-12 21:39:27 -0400; time-start 109284.053315585; maxWall 8640000.0
now 2026-07-14 04:00:51 -0400; start 2026-07-12 21:39:27 -0400; time-start 109284.053345882; maxWall 8640000.0
now 2026-07-14 04:00:51 -0400; start 2026-07-12 21:39:27 -0400; time-start 109284.053376282; maxWall 8640000.0
now 2026-07-14 04:00:51 -0400; start 2026-07-12 21:39:27 -0400; time-start 109284.053406493; maxWall 8640000.0
now 2026-07-14 04:00:51 -0400; start 2026-07-12 21:39:27 -0400; time-start 109284.053437782; maxWall 8640000.0
          
============= Performing 0 bonus runs of state: pc=0.6 pm=0.05 (-693.8888888888889 [based on 36 runs with cutoff 1000000000.0]) ============ 

          -> After 0 bonus runs for LM: pc=0.6 pm=0.05 (-693.8888888888889 [based on 36 runs with cutoff 1000000000.0])

   LM for iteration 2: pc=0.6 pm=0.05 (-693.8888888888889 [based on 36 runs with cutoff 1000000000.0])

========== DETAILED RESULTS (iteration 2): ==========
[["instance_param3.dat", 0.0, -705, 0.0, 76593332], ["instance_param3.dat", 0.0, -705, 0.0, 579399830], ["instance_param3.dat", 0.0, -705, 0.0, 1189509930], ["instance_param3.dat", 0.0, -705, 0.0, 82106444], ["instance_param3.dat", 0.0, -705, 0.0, 2085269448], ["instance_param3.dat", 0.0, -705, 0.0, 1392514437]]
[["instance_prob3.dat", 0.0, -577, 0.0, 2070231575], ["instance_prob3.dat", 0.0, -577, 0.0, 184242589], ["instance_prob3.dat", 0.0, -577, 0.0, 1729884984], ["instance_prob3.dat", 0.0, -577, 0.0, 720721666], ["instance_prob3.dat", 0.0, -577, 0.0, 222014735]]
[["instance_prob2.dat", 0.0, -695, 0.0, 678174566], ["instance_prob2.dat", 0.0, -695, 0.0, 936818155], ["instance_prob2.dat", 0.0, -695, 0.0, 45849524], ["instance_prob2.dat", 0.0, -695, 0.0, 637566358], ["instance_prob2.dat", 0.0, -695, 0.0, 2106584775]]
[["instance_param1.dat", 0.0, -920, 0.0, 1180947612], ["instance_param1.dat", 0.0, -920, 0.0, 1367662510], ["instance_param1.dat", 0.0, -920, 0.0, 945548968], ["instance_param1.dat", 0.0, -920, 0.0, 673948927], ["instance_param1.dat", 0.0, -920, 0.0, 1548605805]]
[["instance_prob4.dat", 0.0, -591, 0.0, 1841889657], ["instance_prob4.dat", 0.0, -591, 0.0, 284264236], ["instance_prob4.dat", 0.0, -591, 0.0, 1289636003], ["instance_prob4.dat", 0.0, -591, 0.0, 64315970], ["instance_prob4.dat", 0.0, -591, 0.0, 129161248]]
[["instance_param2.dat", 0.0, -717, 0.0, 1561765848], ["instance_param2.dat", 0.0, -717, 0.0, 371836214], ["instance_param2.dat", 0.0, -717, 0.0, 1526896590], ["instance_param2.dat", 0.0, -717, 0.0, 1036556068], ["instance_param2.dat", 0.0, -717, 0.0, 515552351]]
[["instance_prob1.dat", 0.0, -650, 0.0, 331991908], ["instance_prob1.dat", 0.0, -650, 0.0, 1970933906], ["instance_prob1.dat", 0.0, -650, 0.0, 1374493268], ["instance_prob1.dat", 0.0, -650, 0.0, 205845687], ["instance_prob1.dat", 0.0, -650, 0.0, 1686488978]]
instance_param3.dat: -705.0		[based on 6 runs]
instance_prob3.dat: -577		[based on 5 runs]
instance_prob2.dat: -695		[based on 5 runs]
instance_param1.dat: -920		[based on 5 runs]
instance_prob4.dat: -591		[based on 5 runs]
instance_param2.dat: -717		[based on 5 runs]
instance_prob1.dat: -650		[based on 5 runs]
================================================

==================================================================
Best parameter configuration found so far (end of iteration 2): pc=0.8, pm=0.05
==================================================================
Training quality of this incumbent parameter configuration: -693.8888888888889, based on 36 runs with cutoff 1000000000.0
==================================================================

Comparing LM against incumbent:
pc=0.6 pm=0.05 (-693.8888888888889 [based on 36 runs with cutoff 1000000000.0])
pc=0.8 pm=0.05 (-693.8888888888889 [based on 36 runs with cutoff 1000000000.0])
LM better, change incumbent
New Incumbent: 51.30000000000046, -693.8888888888889 [36, 1000000000.0]. With state pc=0.6, pm=0.05
   Accepting new better local optimum: pc=0.6 pm=0.05 (-693.8888888888889 [based on 36 runs with cutoff 1000000000.0])
now 2026-07-14 04:00:51 -0400; start 2026-07-12 21:39:27 -0400; time-start 109284.054427951; maxWall 8640000.0
513/100000, 51.30000000000046/100000000.0
iteration 3, flip 39, evaluation count 513
    perturb to ---> pc=0.8 pm=0.05 (-693.8888888888889 [based on 36 runs with cutoff 1000000000.0])
    perturb to ---> pc=0.5 pm=0.05 (-686.375 [based on 16 runs with cutoff 1000000000.0])
    perturb to ---> pc=0.5 pm=0.3 (-693.6666666666666 [based on 15 runs with cutoff 1000000000.0])
getAlgoResultsForInstsAndParams.
  Trial 1 for calling: bash NSGA2.sh instance_prob3.dat "" 1000000000.0000001 2147483647 1729884984 -pc 0.5 -pm 0.3 > /tmp/tmp-2026-07-1404:00:51-0.8409148454666138
Executing cmd: bash NSGA2.sh instance_prob3.dat "" 1000000000.0000001 2147483647 1729884984 -pc 0.5 -pm 0.3 > /tmp/tmp-2026-07-1404:00:51-0.8409148454666138
Result: instance_prob3.dat, 0, -577.71, 0, 1729884984
   BLS in iteration 3, start with pc=0.5 pm=0.3 (-686.375 [based on 16 runs with cutoff 1000000000.0])
now 2026-07-14 04:10:25 -0400; start 2026-07-12 21:39:27 -0400; time-start 109857.781357797; maxWall 8640000.0
now 2026-07-14 04:10:25 -0400; start 2026-07-12 21:39:27 -0400; time-start 109857.781430077; maxWall 8640000.0
    Changing ["pc: 0.5->0.95"], evaluating ...
getAlgoResultsForInstsAndParams.
  Trial 1 for calling: bash NSGA2.sh instance_param2.dat "" 1000000000.0000001 2147483647 371836214 -pc 0.95 -pm 0.3 > /tmp/tmp-2026-07-1404:10:25-0.4906752109527588
Executing cmd: bash NSGA2.sh instance_param2.dat "" 1000000000.0000001 2147483647 371836214 -pc 0.95 -pm 0.3 > /tmp/tmp-2026-07-1404:10:25-0.4906752109527588
Result: instance_param2.dat, 0, -717.59, 0, 371836214
now 2026-07-14 04:10:25 -0400; start 2026-07-12 21:39:27 -0400; time-start 109857.864119646; maxWall 8640000.0
getAlgoResultsForInstsAndParams.
  Trial 1 for calling: bash NSGA2.sh instance_prob4.dat "" 1000000000.0000001 2147483647 284264236 -pc 0.95 -pm 0.3 > /tmp/tmp-2026-07-1404:10:25-0.8020322322845459
Executing cmd: bash NSGA2.sh instance_prob4.dat "" 1000000000.0000001 2147483647 284264236 -pc 0.95 -pm 0.3 > /tmp/tmp-2026-07-1404:10:25-0.8020322322845459
Result: instance_prob4.dat, 0, -591.79, 0, 284264236
now 2026-07-14 04:17:52 -0400; start 2026-07-12 21:39:27 -0400; time-start 110305.028931366; maxWall 8640000.0
getAlgoResultsForInstsAndParams.
  Trial 1 for calling: bash NSGA2.sh instance_prob2.dat "" 1000000000.0000001 2147483647 45849524 -pc 0.95 -pm 0.3 > /tmp/tmp-2026-07-1404:17:52-0.3933790922164917
Executing cmd: bash NSGA2.sh instance_prob2.dat "" 1000000000.0000001 2147483647 45849524 -pc 0.95 -pm 0.3 > /tmp/tmp-2026-07-1404:17:52-0.3933790922164917
Result: instance_prob2.dat, 0, -695.75, 0, 45849524
now 2026-07-14 04:24:45 -0400; start 2026-07-12 21:39:27 -0400; time-start 110717.957996606; maxWall 8640000.0
getAlgoResultsForInstsAndParams.
  Trial 1 for calling: bash NSGA2.sh instance_prob3.dat "" 1000000000.0000001 2147483647 1729884984 -pc 0.95 -pm 0.3 > /tmp/tmp-2026-07-1404:24:45-0.4320482015609741
Executing cmd: bash NSGA2.sh instance_prob3.dat "" 1000000000.0000001 2147483647 1729884984 -pc 0.95 -pm 0.3 > /tmp/tmp-2026-07-1404:24:45-0.4320482015609741
Result: instance_prob3.dat, 0, -577.71, 0, 1729884984
          -> Take improving step to neighbour pc=0.95 pm=0.3 (-686.375 [based on 16 runs with cutoff 1000000000.0]) with flip 39

          
============= Performing 1 bonus runs of state: pc=0.95 pm=0.3 (-686.375 [based on 16 runs with cutoff 1000000000.0]) ============ 

now 2026-07-14 04:32:24 -0400; start 2026-07-12 21:39:27 -0400; time-start 111176.811478656; maxWall 8640000.0
getAlgoResultsForInstsAndParams.
  Trial 1 for calling: bash NSGA2.sh instance_param2.dat "" 1000000000.0000001 2147483647 1526896590 -pc 0.95 -pm 0.3 > /tmp/tmp-2026-07-1404:32:24-0.06469416618347168
Executing cmd: bash NSGA2.sh instance_param2.dat "" 1000000000.0000001 2147483647 1526896590 -pc 0.95 -pm 0.3 > /tmp/tmp-2026-07-1404:32:24-0.06469416618347168
Result: instance_param2.dat, 0, -717.59, 0, 1526896590
          -> After 1 bonus runs: pc=0.95 pm=0.3 (-688.1764705882352 [based on 17 runs with cutoff 1000000000.0])

now 2026-07-14 04:32:24 -0400; start 2026-07-12 21:39:27 -0400; time-start 111176.892742324; maxWall 8640000.0
now 2026-07-14 04:32:24 -0400; start 2026-07-12 21:39:27 -0400; time-start 111176.892814714; maxWall 8640000.0
    Changing ["pc: 0.95->0.25"], evaluating ...
getAlgoResultsForInstsAndParams.
  Trial 1 for calling: bash NSGA2.sh instance_prob2.dat "" 1000000000.0000001 2147483647 45849524 -pc 0.25 -pm 0.3 > /tmp/tmp-2026-07-1404:32:24-0.8468635082244873
Executing cmd: bash NSGA2.sh instance_prob2.dat "" 1000000000.0000001 2147483647 45849524 -pc 0.25 -pm 0.3 > /tmp/tmp-2026-07-1404:32:24-0.8468635082244873
Result: instance_prob2.dat, 0, -695.75, 0, 45849524
now 2026-07-14 04:41:16 -0400; start 2026-07-12 21:39:27 -0400; time-start 111708.533478367; maxWall 8640000.0
getAlgoResultsForInstsAndParams.
  Trial 1 for calling: bash NSGA2.sh instance_prob3.dat "" 1000000000.0000001 2147483647 1729884984 -pc 0.25 -pm 0.3 > /tmp/tmp-2026-07-1404:41:16-0.2288827896118164
Executing cmd: bash NSGA2.sh instance_prob3.dat "" 1000000000.0000001 2147483647 1729884984 -pc 0.25 -pm 0.3 > /tmp/tmp-2026-07-1404:41:16-0.2288827896118164
Result: instance_prob3.dat, 0, -577.71, 0, 1729884984
now 2026-07-14 04:48:39 -0400; start 2026-07-12 21:39:27 -0400; time-start 112151.774423435; maxWall 8640000.0
getAlgoResultsForInstsAndParams.
  Trial 1 for calling: bash NSGA2.sh instance_param2.dat "" 1000000000.0000001 2147483647 1526896590 -pc 0.25 -pm 0.3 > /tmp/tmp-2026-07-1404:48:39-0.5495288372039795
Executing cmd: bash NSGA2.sh instance_param2.dat "" 1000000000.0000001 2147483647 1526896590 -pc 0.25 -pm 0.3 > /tmp/tmp-2026-07-1404:48:39-0.5495288372039795
Result: instance_param2.dat, 0, -717.59, 0, 1526896590
          -> Take improving step to neighbour pc=0.25 pm=0.3 (-688.1764705882352 [based on 17 runs with cutoff 1000000000.0]) with flip 40

          
============= Performing 1 bonus runs of state: pc=0.25 pm=0.3 (-688.1764705882352 [based on 17 runs with cutoff 1000000000.0]) ============ 

now 2026-07-14 04:48:39 -0400; start 2026-07-12 21:39:27 -0400; time-start 112151.858490709; maxWall 8640000.0
getAlgoResultsForInstsAndParams.
  Trial 1 for calling: bash NSGA2.sh instance_prob1.dat "" 1000000000.0000001 2147483647 1374493268 -pc 0.25 -pm 0.3 > /tmp/tmp-2026-07-1404:48:39-0.5325548648834229
Executing cmd: bash NSGA2.sh instance_prob1.dat "" 1000000000.0000001 2147483647 1374493268 -pc 0.25 -pm 0.3 > /tmp/tmp-2026-07-1404:48:39-0.5325548648834229
Result: instance_prob1.dat, 0, -650.27, 0, 1374493268
          -> After 1 bonus runs: pc=0.25 pm=0.3 (-686.0555555555555 [based on 18 runs with cutoff 1000000000.0])

now 2026-07-14 04:56:36 -0400; start 2026-07-12 21:39:27 -0400; time-start 112628.464864002; maxWall 8640000.0
now 2026-07-14 04:56:36 -0400; start 2026-07-12 21:39:27 -0400; time-start 112628.464937763; maxWall 8640000.0
    Changing ["pc: 0.25->0.6"], evaluating ...
getAlgoResultsForInstsAndParams.
  Trial 1 for calling: bash NSGA2.sh instance_param3.dat "" 1000000000.0000001 2147483647 1189509930 -pc 0.25 -pm 0.3 > /tmp/tmp-2026-07-1404:56:36-0.32574939727783203
Executing cmd: bash NSGA2.sh instance_param3.dat "" 1000000000.0000001 2147483647 1189509930 -pc 0.25 -pm 0.3 > /tmp/tmp-2026-07-1404:56:36-0.32574939727783203
Result: instance_param3.dat, 0, -705.56, 0, 1189509930
          -> Take improving step to neighbour pc=0.6 pm=0.3 (-689.12 [based on 25 runs with cutoff 1000000000.0]) with flip 41

          
============= Performing 1 bonus runs of state: pc=0.6 pm=0.3 (-689.12 [based on 25 runs with cutoff 1000000000.0]) ============ 

now 2026-07-14 04:56:36 -0400; start 2026-07-12 21:39:27 -0400; time-start 112628.547755264; maxWall 8640000.0
getAlgoResultsForInstsAndParams.
  Trial 1 for calling: bash NSGA2.sh instance_param1.dat "" 1000000000.0000001 2147483647 673948927 -pc 0.6 -pm 0.3 > /tmp/tmp-2026-07-1404:56:36-0.7822754383087158
Executing cmd: bash NSGA2.sh instance_param1.dat "" 1000000000.0000001 2147483647 673948927 -pc 0.6 -pm 0.3 > /tmp/tmp-2026-07-1404:56:36-0.7822754383087158
Result: instance_param1.dat, 0, -920.07, 0, 673948927
          -> After 1 bonus runs: pc=0.6 pm=0.3 (-698.0 [based on 26 runs with cutoff 1000000000.0])

now 2026-07-14 04:56:36 -0400; start 2026-07-12 21:39:27 -0400; time-start 112628.635663297; maxWall 8640000.0
now 2026-07-14 04:56:36 -0400; start 2026-07-12 21:39:27 -0400; time-start 112628.635732626; maxWall 8640000.0
now 2026-07-14 04:56:36 -0400; start 2026-07-12 21:39:27 -0400; time-start 112628.635791995; maxWall 8640000.0
    Changing ["pc: 0.6->0.8"], evaluating ...
getAlgoResultsForInstsAndParams.
  Trial 1 for calling: bash NSGA2.sh instance_prob2.dat "" 1000000000.0000001 2147483647 637566358 -pc 0.6 -pm 0.3 > /tmp/tmp-2026-07-1404:56:36-0.28852105140686035
Executing cmd: bash NSGA2.sh instance_prob2.dat "" 1000000000.0000001 2147483647 637566358 -pc 0.6 -pm 0.3 > /tmp/tmp-2026-07-1404:56:36-0.28852105140686035
Result: instance_prob2.dat, 0, -695.75, 0, 637566358
          -> Take improving step to neighbour pc=0.8 pm=0.3 (-697.8888888888889 [based on 27 runs with cutoff 1000000000.0]) with flip 42

          
============= Performing 1 bonus runs of state: pc=0.8 pm=0.3 (-697.8888888888889 [based on 27 runs with cutoff 1000000000.0]) ============ 

now 2026-07-14 05:03:38 -0400; start 2026-07-12 21:39:27 -0400; time-start 113050.561613711; maxWall 8640000.0
getAlgoResultsForInstsAndParams.
  Trial 1 for calling: bash NSGA2.sh instance_prob3.dat "" 1000000000.0000001 2147483647 720721666 -pc 0.8 -pm 0.3 > /tmp/tmp-2026-07-1405:03:38-0.48548197746276855
Executing cmd: bash NSGA2.sh instance_prob3.dat "" 1000000000.0000001 2147483647 720721666 -pc 0.8 -pm 0.3 > /tmp/tmp-2026-07-1405:03:38-0.48548197746276855
Result: instance_prob3.dat, 0, -577.71, 0, 720721666
          -> After 1 bonus runs: pc=0.8 pm=0.3 (-693.5714285714286 [based on 28 runs with cutoff 1000000000.0])

now 2026-07-14 05:11:38 -0400; start 2026-07-12 21:39:27 -0400; time-start 113530.094791972; maxWall 8640000.0
now 2026-07-14 05:11:38 -0400; start 2026-07-12 21:39:27 -0400; time-start 113530.094868488; maxWall 8640000.0
now 2026-07-14 05:11:38 -0400; start 2026-07-12 21:39:27 -0400; time-start 113530.094931798; maxWall 8640000.0
now 2026-07-14 05:11:38 -0400; start 2026-07-12 21:39:27 -0400; time-start 113530.094965059; maxWall 8640000.0
    Changing ["pm: 0.3->0.05"], evaluating ...
getAlgoResultsForInstsAndParams.
  Trial 1 for calling: bash NSGA2.sh instance_param3.dat "" 1000000000.0000001 2147483647 2085269448 -pc 0.8 -pm 0.3 > /tmp/tmp-2026-07-1405:11:38-0.2812652587890625
Executing cmd: bash NSGA2.sh instance_param3.dat "" 1000000000.0000001 2147483647 2085269448 -pc 0.8 -pm 0.3 > /tmp/tmp-2026-07-1405:11:38-0.2812652587890625
Result: instance_param3.dat, 0, -705.56, 0, 2085269448
          -> Take improving step to neighbour pc=0.8 pm=0.05 (-693.8888888888889 [based on 36 runs with cutoff 1000000000.0]) with flip 43

          
============= Performing 1 bonus runs of state: pc=0.8 pm=0.05 (-693.8888888888889 [based on 36 runs with cutoff 1000000000.0]) ============ 

now 2026-07-14 05:11:38 -0400; start 2026-07-12 21:39:27 -0400; time-start 113530.176090659; maxWall 8640000.0
State wants more detail (36+1) than incumbent (36), doing incumbent first:
pc=0.8 pm=0.05 (-693.8888888888889 [based on 36 runs with cutoff 1000000000.0])
pc=0.6 pm=0.05 (-693.8888888888889 [based on 36 runs with cutoff 1000000000.0])
getAlgoResultsForInstsAndParams.
  Trial 1 for calling: bash NSGA2.sh instance_prob3.dat "" 1000000000.0000001 2147483647 1165131879 -pc 0.6 -pm 0.05 > /tmp/tmp-2026-07-1405:11:38-0.3733406066894531
Executing cmd: bash NSGA2.sh instance_prob3.dat "" 1000000000.0000001 2147483647 1165131879 -pc 0.6 -pm 0.05 > /tmp/tmp-2026-07-1405:11:38-0.3733406066894531
Result: instance_prob3.dat, 0, -577.71, 0, 1165131879
 Same incumbent, new precision:
New Incumbent: 52.90000000000048, -690.7297297297297 [37, 1000000000.0]. With state pc=0.6, pm=0.05
getAlgoResultsForInstsAndParams.
  Trial 1 for calling: bash NSGA2.sh instance_prob3.dat "" 1000000000.0000001 2147483647 1165131879 -pc 0.8 -pm 0.05 > /tmp/tmp-2026-07-1405:16:14-0.1612989902496338
Executing cmd: bash NSGA2.sh instance_prob3.dat "" 1000000000.0000001 2147483647 1165131879 -pc 0.8 -pm 0.05 > /tmp/tmp-2026-07-1405:16:14-0.1612989902496338
Result: instance_prob3.dat, 0, -577.71, 0, 1165131879
          -> After 1 bonus runs: pc=0.8 pm=0.05 (-690.7297297297297 [based on 37 runs with cutoff 1000000000.0])

now 2026-07-14 05:21:23 -0400; start 2026-07-12 21:39:27 -0400; time-start 114115.269763951; maxWall 8640000.0
now 2026-07-14 05:21:23 -0400; start 2026-07-12 21:39:27 -0400; time-start 114115.269834746; maxWall 8640000.0
now 2026-07-14 05:21:23 -0400; start 2026-07-12 21:39:27 -0400; time-start 114115.269897022; maxWall 8640000.0
    Changing ["pc: 0.8->0.6"], evaluating ...
State wants more detail (37+1) than incumbent (37), doing incumbent first:
pc=0.8 pm=0.05 (-690.7297297297297 [based on 37 runs with cutoff 1000000000.0])
pc=0.6 pm=0.05 (-690.7297297297297 [based on 37 runs with cutoff 1000000000.0])
getAlgoResultsForInstsAndParams.
  Trial 1 for calling: bash NSGA2.sh instance_prob1.dat "" 1000000000.0000001 2147483647 1319408815 -pc 0.6 -pm 0.05 > /tmp/tmp-2026-07-1405:21:23-0.23519611358642578
Executing cmd: bash NSGA2.sh instance_prob1.dat "" 1000000000.0000001 2147483647 1319408815 -pc 0.6 -pm 0.05 > /tmp/tmp-2026-07-1405:21:23-0.23519611358642578
Result: instance_prob1.dat, 0, -650.27, 0, 1319408815
 Same incumbent, new precision:
New Incumbent: 53.100000000000485, -689.6578947368421 [38, 1000000000.0]. With state pc=0.6, pm=0.05
getAlgoResultsForInstsAndParams.
  Trial 1 for calling: bash NSGA2.sh instance_prob1.dat "" 1000000000.0000001 2147483647 1319408815 -pc 0.8 -pm 0.05 > /tmp/tmp-2026-07-1405:24:24-0.30031490325927734
Executing cmd: bash NSGA2.sh instance_prob1.dat "" 1000000000.0000001 2147483647 1319408815 -pc 0.8 -pm 0.05 > /tmp/tmp-2026-07-1405:24:24-0.30031490325927734
Result: instance_prob1.dat, 0, -650.27, 0, 1319408815
          -> Take improving step to neighbour pc=0.6 pm=0.05 (-689.6578947368421 [based on 38 runs with cutoff 1000000000.0]) with flip 44

          
============= Performing 1 bonus runs of state: pc=0.6 pm=0.05 (-689.6578947368421 [based on 38 runs with cutoff 1000000000.0]) ============ 

now 2026-07-14 05:27:25 -0400; start 2026-07-12 21:39:27 -0400; time-start 114477.740893147; maxWall 8640000.0
getAlgoResultsForInstsAndParams.
  Trial 1 for calling: bash NSGA2.sh instance_param1.dat "" 1000000000.0000001 2147483647 2074744000 -pc 0.6 -pm 0.05 > /tmp/tmp-2026-07-1405:27:25-0.02400040626525879
Executing cmd: bash NSGA2.sh instance_param1.dat "" 1000000000.0000001 2147483647 2074744000 -pc 0.6 -pm 0.05 > /tmp/tmp-2026-07-1405:27:25-0.02400040626525879
Result: instance_param1.dat, 0, -920.07, 0, 2074744000
 Same incumbent, new precision:
New Incumbent: 53.30000000000049, -695.5641025641025 [39, 1000000000.0]. With state pc=0.6, pm=0.05
          -> After 1 bonus runs: pc=0.6 pm=0.05 (-695.5641025641025 [based on 39 runs with cutoff 1000000000.0])

now 2026-07-14 05:27:25 -0400; start 2026-07-12 21:39:27 -0400; time-start 114477.824459913; maxWall 8640000.0
now 2026-07-14 05:27:25 -0400; start 2026-07-12 21:39:27 -0400; time-start 114477.824527084; maxWall 8640000.0
    Changing ["pm: 0.05->0.5"], evaluating ...
getAlgoResultsForInstsAndParams.
  Trial 1 for calling: bash NSGA2.sh instance_prob4.dat "" 1000000000.0000001 2147483647 129161248 -pc 0.6 -pm 0.5 > /tmp/tmp-2026-07-1405:27:25-0.23766303062438965
Executing cmd: bash NSGA2.sh instance_prob4.dat "" 1000000000.0000001 2147483647 129161248 -pc 0.6 -pm 0.5 > /tmp/tmp-2026-07-1405:27:25-0.23766303062438965
Result: instance_prob4.dat, 0, -591.79, 0, 129161248
now 2026-07-14 05:37:02 -0400; start 2026-07-12 21:39:27 -0400; time-start 115054.930301915; maxWall 8640000.0
getAlgoResultsForInstsAndParams.
  Trial 1 for calling: bash NSGA2.sh instance_param1.dat "" 1000000000.0000001 2147483647 1548605805 -pc 0.6 -pm 0.5 > /tmp/tmp-2026-07-1405:37:02-0.299161434173584
Executing cmd: bash NSGA2.sh instance_param1.dat "" 1000000000.0000001 2147483647 1548605805 -pc 0.6 -pm 0.5 > /tmp/tmp-2026-07-1405:37:02-0.299161434173584
Result: instance_param1.dat, 0, -920.07, 0, 1548605805
now 2026-07-14 05:37:02 -0400; start 2026-07-12 21:39:27 -0400; time-start 115055.013421877; maxWall 8640000.0
getAlgoResultsForInstsAndParams.
  Trial 1 for calling: bash NSGA2.sh instance_prob3.dat "" 1000000000.0000001 2147483647 222014735 -pc 0.6 -pm 0.5 > /tmp/tmp-2026-07-1405:37:02-0.8051445484161377
Executing cmd: bash NSGA2.sh instance_prob3.dat "" 1000000000.0000001 2147483647 222014735 -pc 0.6 -pm 0.5 > /tmp/tmp-2026-07-1405:37:02-0.8051445484161377
Result: instance_prob3.dat, 0, -577.71, 0, 222014735
now 2026-07-14 05:46:53 -0400; start 2026-07-12 21:39:27 -0400; time-start 115646.075403484; maxWall 8640000.0
getAlgoResultsForInstsAndParams.
  Trial 1 for calling: bash NSGA2.sh instance_prob1.dat "" 1000000000.0000001 2147483647 1686488978 -pc 0.6 -pm 0.5 > /tmp/tmp-2026-07-1405:46:53-0.8842229843139648
Executing cmd: bash NSGA2.sh instance_prob1.dat "" 1000000000.0000001 2147483647 1686488978 -pc 0.6 -pm 0.5 > /tmp/tmp-2026-07-1405:46:53-0.8842229843139648
Result: instance_prob1.dat, 0, -650.27, 0, 1686488978
now 2026-07-14 05:53:23 -0400; start 2026-07-12 21:39:27 -0400; time-start 116035.197598095; maxWall 8640000.0
getAlgoResultsForInstsAndParams.
  Trial 1 for calling: bash NSGA2.sh instance_param3.dat "" 1000000000.0000001 2147483647 1392514437 -pc 0.6 -pm 0.5 > /tmp/tmp-2026-07-1405:53:23-0.012021064758300781
Executing cmd: bash NSGA2.sh instance_param3.dat "" 1000000000.0000001 2147483647 1392514437 -pc 0.6 -pm 0.5 > /tmp/tmp-2026-07-1405:53:23-0.012021064758300781
Result: instance_param3.dat, 0, -705.56, 0, 1392514437
now 2026-07-14 05:53:23 -0400; start 2026-07-12 21:39:27 -0400; time-start 116035.28367893; maxWall 8640000.0
getAlgoResultsForInstsAndParams.
  Trial 1 for calling: bash NSGA2.sh instance_prob3.dat "" 1000000000.0000001 2147483647 1165131879 -pc 0.6 -pm 0.5 > /tmp/tmp-2026-07-1405:53:23-0.9891700744628906
Executing cmd: bash NSGA2.sh instance_prob3.dat "" 1000000000.0000001 2147483647 1165131879 -pc 0.6 -pm 0.5 > /tmp/tmp-2026-07-1405:53:23-0.9891700744628906
Result: instance_prob3.dat, 0, -577.71, 0, 1165131879
now 2026-07-14 06:06:15 -0400; start 2026-07-12 21:39:27 -0400; time-start 116807.858812181; maxWall 8640000.0
getAlgoResultsForInstsAndParams.
  Trial 1 for calling: bash NSGA2.sh instance_prob1.dat "" 1000000000.0000001 2147483647 1319408815 -pc 0.6 -pm 0.5 > /tmp/tmp-2026-07-1406:06:15-0.23545289039611816
Executing cmd: bash NSGA2.sh instance_prob1.dat "" 1000000000.0000001 2147483647 1319408815 -pc 0.6 -pm 0.5 > /tmp/tmp-2026-07-1406:06:15-0.23545289039611816
Result: instance_prob1.dat, 0, -650.27, 0, 1319408815
now 2026-07-14 06:11:41 -0400; start 2026-07-12 21:39:27 -0400; time-start 117133.186026031; maxWall 8640000.0
getAlgoResultsForInstsAndParams.
  Trial 1 for calling: bash NSGA2.sh instance_param1.dat "" 1000000000.0000001 2147483647 2074744000 -pc 0.6 -pm 0.5 > /tmp/tmp-2026-07-1406:11:41-0.7266597747802734
Executing cmd: bash NSGA2.sh instance_param1.dat "" 1000000000.0000001 2147483647 2074744000 -pc 0.6 -pm 0.5 > /tmp/tmp-2026-07-1406:11:41-0.7266597747802734
Result: instance_param1.dat, 0, -920.07, 0, 2074744000
          -> Take improving step to neighbour pc=0.6 pm=0.5 (-695.5641025641025 [based on 39 runs with cutoff 1000000000.0]) with flip 45

          
============= Performing 1 bonus runs of state: pc=0.6 pm=0.5 (-695.5641025641025 [based on 39 runs with cutoff 1000000000.0]) ============ 

now 2026-07-14 06:11:41 -0400; start 2026-07-12 21:39:27 -0400; time-start 117133.2688652; maxWall 8640000.0
State wants more detail (39+1) than incumbent (39), doing incumbent first:
pc=0.6 pm=0.5 (-695.5641025641025 [based on 39 runs with cutoff 1000000000.0])
pc=0.6 pm=0.05 (-695.5641025641025 [based on 39 runs with cutoff 1000000000.0])
getAlgoResultsForInstsAndParams.
  Trial 1 for calling: bash NSGA2.sh instance_param2.dat "" 1000000000.0000001 2147483647 1733138286 -pc 0.6 -pm 0.05 > /tmp/tmp-2026-07-1406:11:41-0.3700370788574219
Executing cmd: bash NSGA2.sh instance_param2.dat "" 1000000000.0000001 2147483647 1733138286 -pc 0.6 -pm 0.05 > /tmp/tmp-2026-07-1406:11:41-0.3700370788574219
Result: instance_param2.dat, 0, -717.59, 0, 1733138286
 Same incumbent, new precision:
New Incumbent: 54.2000000000005, -696.1 [40, 1000000000.0]. With state pc=0.6, pm=0.05
getAlgoResultsForInstsAndParams.
  Trial 1 for calling: bash NSGA2.sh instance_param2.dat "" 1000000000.0000001 2147483647 1733138286 -pc 0.6 -pm 0.5 > /tmp/tmp-2026-07-1406:11:41-0.24619626998901367
Executing cmd: bash NSGA2.sh instance_param2.dat "" 1000000000.0000001 2147483647 1733138286 -pc 0.6 -pm 0.5 > /tmp/tmp-2026-07-1406:11:41-0.24619626998901367
Result: instance_param2.dat, 0, -717.59, 0, 1733138286
          -> After 1 bonus runs: pc=0.6 pm=0.5 (-696.1 [based on 40 runs with cutoff 1000000000.0])

now 2026-07-14 06:11:41 -0400; start 2026-07-12 21:39:27 -0400; time-start 117133.443057749; maxWall 8640000.0
now 2026-07-14 06:11:41 -0400; start 2026-07-12 21:39:27 -0400; time-start 117133.4431451; maxWall 8640000.0
now 2026-07-14 06:11:41 -0400; start 2026-07-12 21:39:27 -0400; time-start 117133.443212431; maxWall 8640000.0
    Changing ["pc: 0.6->0.8"], evaluating ...
getAlgoResultsForInstsAndParams.
  Trial 1 for calling: bash NSGA2.sh instance_prob2.dat "" 1000000000.0000001 2147483647 2106584775 -pc 0.8 -pm 0.5 > /tmp/tmp-2026-07-1406:11:41-0.49336671829223633
Executing cmd: bash NSGA2.sh instance_prob2.dat "" 1000000000.0000001 2147483647 2106584775 -pc 0.8 -pm 0.5 > /tmp/tmp-2026-07-1406:11:41-0.49336671829223633
Result: instance_prob2.dat, 0, -695.75, 0, 2106584775
now 2026-07-14 06:23:35 -0400; start 2026-07-12 21:39:27 -0400; time-start 117847.519595577; maxWall 8640000.0
getAlgoResultsForInstsAndParams.
  Trial 1 for calling: bash NSGA2.sh instance_param2.dat "" 1000000000.0000001 2147483647 515552351 -pc 0.8 -pm 0.5 > /tmp/tmp-2026-07-1406:23:35-0.18448710441589355
Executing cmd: bash NSGA2.sh instance_param2.dat "" 1000000000.0000001 2147483647 515552351 -pc 0.8 -pm 0.5 > /tmp/tmp-2026-07-1406:23:35-0.18448710441589355
Result: instance_param2.dat, 0, -717.59, 0, 515552351
now 2026-07-14 06:23:35 -0400; start 2026-07-12 21:39:27 -0400; time-start 117847.603821828; maxWall 8640000.0
getAlgoResultsForInstsAndParams.
  Trial 1 for calling: bash NSGA2.sh instance_prob4.dat "" 1000000000.0000001 2147483647 129161248 -pc 0.8 -pm 0.5 > /tmp/tmp-2026-07-1406:23:35-0.5526854991912842
Executing cmd: bash NSGA2.sh instance_prob4.dat "" 1000000000.0000001 2147483647 129161248 -pc 0.8 -pm 0.5 > /tmp/tmp-2026-07-1406:23:35-0.5526854991912842
Result: instance_prob4.dat, 0, -591.79, 0, 129161248
now 2026-07-14 06:35:36 -0400; start 2026-07-12 21:39:27 -0400; time-start 118568.709433116; maxWall 8640000.0
getAlgoResultsForInstsAndParams.
  Trial 1 for calling: bash NSGA2.sh instance_param1.dat "" 1000000000.0000001 2147483647 1548605805 -pc 0.8 -pm 0.5 > /tmp/tmp-2026-07-1406:35:36-0.7928709983825684
Executing cmd: bash NSGA2.sh instance_param1.dat "" 1000000000.0000001 2147483647 1548605805 -pc 0.8 -pm 0.5 > /tmp/tmp-2026-07-1406:35:36-0.7928709983825684
Result: instance_param1.dat, 0, -920.07, 0, 1548605805
now 2026-07-14 06:35:36 -0400; start 2026-07-12 21:39:27 -0400; time-start 118568.791863239; maxWall 8640000.0
getAlgoResultsForInstsAndParams.
  Trial 1 for calling: bash NSGA2.sh instance_prob3.dat "" 1000000000.0000001 2147483647 222014735 -pc 0.8 -pm 0.5 > /tmp/tmp-2026-07-1406:35:36-0.7907748222351074
Executing cmd: bash NSGA2.sh instance_prob3.dat "" 1000000000.0000001 2147483647 222014735 -pc 0.8 -pm 0.5 > /tmp/tmp-2026-07-1406:35:36-0.7907748222351074
Result: instance_prob3.dat, 0, -577.71, 0, 222014735
now 2026-07-14 06:45:09 -0400; start 2026-07-12 21:39:27 -0400; time-start 119141.824905424; maxWall 8640000.0
getAlgoResultsForInstsAndParams.
  Trial 1 for calling: bash NSGA2.sh instance_prob1.dat "" 1000000000.0000001 2147483647 1686488978 -pc 0.8 -pm 0.5 > /tmp/tmp-2026-07-1406:45:09-0.13637161254882812
Executing cmd: bash NSGA2.sh instance_prob1.dat "" 1000000000.0000001 2147483647 1686488978 -pc 0.8 -pm 0.5 > /tmp/tmp-2026-07-1406:45:09-0.13637161254882812
Result: instance_prob1.dat, 0, -650.27, 0, 1686488978
now 2026-07-14 06:51:19 -0400; start 2026-07-12 21:39:27 -0400; time-start 119511.407121564; maxWall 8640000.0
getAlgoResultsForInstsAndParams.
  Trial 1 for calling: bash NSGA2.sh instance_param3.dat "" 1000000000.0000001 2147483647 1392514437 -pc 0.8 -pm 0.5 > /tmp/tmp-2026-07-1406:51:19-0.964655876159668
Executing cmd: bash NSGA2.sh instance_param3.dat "" 1000000000.0000001 2147483647 1392514437 -pc 0.8 -pm 0.5 > /tmp/tmp-2026-07-1406:51:19-0.964655876159668
Result: instance_param3.dat, 0, -705.56, 0, 1392514437
now 2026-07-14 06:51:19 -0400; start 2026-07-12 21:39:27 -0400; time-start 119511.48964579; maxWall 8640000.0
getAlgoResultsForInstsAndParams.
  Trial 1 for calling: bash NSGA2.sh instance_prob3.dat "" 1000000000.0000001 2147483647 1165131879 -pc 0.8 -pm 0.5 > /tmp/tmp-2026-07-1406:51:19-0.8745198249816895
Executing cmd: bash NSGA2.sh instance_prob3.dat "" 1000000000.0000001 2147483647 1165131879 -pc 0.8 -pm 0.5 > /tmp/tmp-2026-07-1406:51:19-0.8745198249816895
Result: instance_prob3.dat, 0, -577.71, 0, 1165131879
now 2026-07-14 07:01:25 -0400; start 2026-07-12 21:39:27 -0400; time-start 120117.495784377; maxWall 8640000.0
getAlgoResultsForInstsAndParams.
  Trial 1 for calling: bash NSGA2.sh instance_prob1.dat "" 1000000000.0000001 2147483647 1319408815 -pc 0.8 -pm 0.5 > /tmp/tmp-2026-07-1407:01:25-0.008075714111328125
Executing cmd: bash NSGA2.sh instance_prob1.dat "" 1000000000.0000001 2147483647 1319408815 -pc 0.8 -pm 0.5 > /tmp/tmp-2026-07-1407:01:25-0.008075714111328125
Result: instance_prob1.dat, 0, -650.27, 0, 1319408815
now 2026-07-14 07:07:44 -0400; start 2026-07-12 21:39:27 -0400; time-start 120496.416947332; maxWall 8640000.0
getAlgoResultsForInstsAndParams.
  Trial 1 for calling: bash NSGA2.sh instance_param1.dat "" 1000000000.0000001 2147483647 2074744000 -pc 0.8 -pm 0.5 > /tmp/tmp-2026-07-1407:07:44-0.6510028839111328
Executing cmd: bash NSGA2.sh instance_param1.dat "" 1000000000.0000001 2147483647 2074744000 -pc 0.8 -pm 0.5 > /tmp/tmp-2026-07-1407:07:44-0.6510028839111328
Result: instance_param1.dat, 0, -920.07, 0, 2074744000
now 2026-07-14 07:07:44 -0400; start 2026-07-12 21:39:27 -0400; time-start 120496.499541642; maxWall 8640000.0
getAlgoResultsForInstsAndParams.
  Trial 1 for calling: bash NSGA2.sh instance_param2.dat "" 1000000000.0000001 2147483647 1733138286 -pc 0.8 -pm 0.5 > /tmp/tmp-2026-07-1407:07:44-0.7682509422302246
Executing cmd: bash NSGA2.sh instance_param2.dat "" 1000000000.0000001 2147483647 1733138286 -pc 0.8 -pm 0.5 > /tmp/tmp-2026-07-1407:07:44-0.7682509422302246
Result: instance_param2.dat, 0, -717.59, 0, 1733138286
          -> Take improving step to neighbour pc=0.8 pm=0.5 (-696.1 [based on 40 runs with cutoff 1000000000.0]) with flip 46

          
============= Performing 1 bonus runs of state: pc=0.8 pm=0.5 (-696.1 [based on 40 runs with cutoff 1000000000.0]) ============ 

now 2026-07-14 07:07:44 -0400; start 2026-07-12 21:39:27 -0400; time-start 120496.587991466; maxWall 8640000.0
State wants more detail (40+1) than incumbent (40), doing incumbent first:
pc=0.8 pm=0.5 (-696.1 [based on 40 runs with cutoff 1000000000.0])
pc=0.6 pm=0.05 (-696.1 [based on 40 runs with cutoff 1000000000.0])
getAlgoResultsForInstsAndParams.
  Trial 1 for calling: bash NSGA2.sh instance_prob4.dat "" 1000000000.0000001 2147483647 685541044 -pc 0.6 -pm 0.05 > /tmp/tmp-2026-07-1407:07:44-0.9371047019958496
Executing cmd: bash NSGA2.sh instance_prob4.dat "" 1000000000.0000001 2147483647 685541044 -pc 0.6 -pm 0.05 > /tmp/tmp-2026-07-1407:07:44-0.9371047019958496
Result: instance_prob4.dat, 0, -591.79, 0, 685541044
 Same incumbent, new precision:
New Incumbent: 55.50000000000052, -693.5365853658536 [41, 1000000000.0]. With state pc=0.6, pm=0.05
getAlgoResultsForInstsAndParams.
  Trial 1 for calling: bash NSGA2.sh instance_prob4.dat "" 1000000000.0000001 2147483647 685541044 -pc 0.8 -pm 0.5 > /tmp/tmp-2026-07-1407:12:49-0.3696615695953369
Executing cmd: bash NSGA2.sh instance_prob4.dat "" 1000000000.0000001 2147483647 685541044 -pc 0.8 -pm 0.5 > /tmp/tmp-2026-07-1407:12:49-0.3696615695953369
Result: instance_prob4.dat, 0, -591.79, 0, 685541044
          -> After 1 bonus runs: pc=0.8 pm=0.5 (-693.5365853658536 [based on 41 runs with cutoff 1000000000.0])

now 2026-07-14 07:22:24 -0400; start 2026-07-12 21:39:27 -0400; time-start 121376.921866839; maxWall 8640000.0
now 2026-07-14 07:22:24 -0400; start 2026-07-12 21:39:27 -0400; time-start 121376.92193892; maxWall 8640000.0
now 2026-07-14 07:22:24 -0400; start 2026-07-12 21:39:27 -0400; time-start 121376.922003575; maxWall 8640000.0
now 2026-07-14 07:22:24 -0400; start 2026-07-12 21:39:27 -0400; time-start 121376.92203727; maxWall 8640000.0
now 2026-07-14 07:22:24 -0400; start 2026-07-12 21:39:27 -0400; time-start 121376.922068726; maxWall 8640000.0
    Changing ["pm: 0.5->0.1"], evaluating ...
getAlgoResultsForInstsAndParams.
  Trial 1 for calling: bash NSGA2.sh instance_prob4.dat "" 1000000000.0000001 2147483647 64315970 -pc 0.8 -pm 0.1 > /tmp/tmp-2026-07-1407:22:24-0.9534518718719482
Executing cmd: bash NSGA2.sh instance_prob4.dat "" 1000000000.0000001 2147483647 64315970 -pc 0.8 -pm 0.1 > /tmp/tmp-2026-07-1407:22:24-0.9534518718719482
Result: instance_prob4.dat, 0, -591.79, 0, 64315970
now 2026-07-14 07:27:48 -0400; start 2026-07-12 21:39:27 -0400; time-start 121700.408820315; maxWall 8640000.0
getAlgoResultsForInstsAndParams.
  Trial 1 for calling: bash NSGA2.sh instance_prob1.dat "" 1000000000.0000001 2147483647 205845687 -pc 0.8 -pm 0.1 > /tmp/tmp-2026-07-1407:27:48-0.7723507881164551
Executing cmd: bash NSGA2.sh instance_prob1.dat "" 1000000000.0000001 2147483647 205845687 -pc 0.8 -pm 0.1 > /tmp/tmp-2026-07-1407:27:48-0.7723507881164551
Result: instance_prob1.dat, 0, -650.27, 0, 205845687
now 2026-07-14 07:31:29 -0400; start 2026-07-12 21:39:27 -0400; time-start 121921.864874846; maxWall 8640000.0
getAlgoResultsForInstsAndParams.
  Trial 1 for calling: bash NSGA2.sh instance_param1.dat "" 1000000000.0000001 2147483647 673948927 -pc 0.8 -pm 0.1 > /tmp/tmp-2026-07-1407:31:29-0.6224782466888428
Executing cmd: bash NSGA2.sh instance_param1.dat "" 1000000000.0000001 2147483647 673948927 -pc 0.8 -pm 0.1 > /tmp/tmp-2026-07-1407:31:29-0.6224782466888428
Result: instance_param1.dat, 0, -920.07, 0, 673948927
now 2026-07-14 07:31:29 -0400; start 2026-07-12 21:39:27 -0400; time-start 121921.94618967; maxWall 8640000.0
getAlgoResultsForInstsAndParams.
  Trial 1 for calling: bash NSGA2.sh instance_prob2.dat "" 1000000000.0000001 2147483647 637566358 -pc 0.8 -pm 0.1 > /tmp/tmp-2026-07-1407:31:29-0.5609639883041382
Executing cmd: bash NSGA2.sh instance_prob2.dat "" 1000000000.0000001 2147483647 637566358 -pc 0.8 -pm 0.1 > /tmp/tmp-2026-07-1407:31:29-0.5609639883041382
Result: instance_prob2.dat, 0, -695.75, 0, 637566358
now 2026-07-14 07:36:47 -0400; start 2026-07-12 21:39:27 -0400; time-start 122239.210838608; maxWall 8640000.0
getAlgoResultsForInstsAndParams.
  Trial 1 for calling: bash NSGA2.sh instance_prob3.dat "" 1000000000.0000001 2147483647 720721666 -pc 0.8 -pm 0.1 > /tmp/tmp-2026-07-1407:36:47-0.8194789886474609
Executing cmd: bash NSGA2.sh instance_prob3.dat "" 1000000000.0000001 2147483647 720721666 -pc 0.8 -pm 0.1 > /tmp/tmp-2026-07-1407:36:47-0.8194789886474609
Result: instance_prob3.dat, 0, -577.71, 0, 720721666
now 2026-07-14 07:42:24 -0400; start 2026-07-12 21:39:27 -0400; time-start 122576.949139265; maxWall 8640000.0
getAlgoResultsForInstsAndParams.
  Trial 1 for calling: bash NSGA2.sh instance_param3.dat "" 1000000000.0000001 2147483647 2085269448 -pc 0.8 -pm 0.1 > /tmp/tmp-2026-07-1407:42:24-0.6839343309402466
Executing cmd: bash NSGA2.sh instance_param3.dat "" 1000000000.0000001 2147483647 2085269448 -pc 0.8 -pm 0.1 > /tmp/tmp-2026-07-1407:42:24-0.6839343309402466
Result: instance_param3.dat, 0, -705.56, 0, 2085269448
now 2026-07-14 07:42:24 -0400; start 2026-07-12 21:39:27 -0400; time-start 122577.03085754; maxWall 8640000.0
getAlgoResultsForInstsAndParams.
  Trial 1 for calling: bash NSGA2.sh instance_prob2.dat "" 1000000000.0000001 2147483647 2106584775 -pc 0.8 -pm 0.1 > /tmp/tmp-2026-07-1407:42:24-0.4828677177429199
Executing cmd: bash NSGA2.sh instance_prob2.dat "" 1000000000.0000001 2147483647 2106584775 -pc 0.8 -pm 0.1 > /tmp/tmp-2026-07-1407:42:24-0.4828677177429199
Result: instance_prob2.dat, 0, -695.75, 0, 2106584775
now 2026-07-14 07:47:10 -0400; start 2026-07-12 21:39:27 -0400; time-start 122862.80611449; maxWall 8640000.0
getAlgoResultsForInstsAndParams.
  Trial 1 for calling: bash NSGA2.sh instance_param2.dat "" 1000000000.0000001 2147483647 515552351 -pc 0.8 -pm 0.1 > /tmp/tmp-2026-07-1407:47:10-0.9390437602996826
Executing cmd: bash NSGA2.sh instance_param2.dat "" 1000000000.0000001 2147483647 515552351 -pc 0.8 -pm 0.1 > /tmp/tmp-2026-07-1407:47:10-0.9390437602996826
Result: instance_param2.dat, 0, -717.59, 0, 515552351
now 2026-07-14 07:47:10 -0400; start 2026-07-12 21:39:27 -0400; time-start 122862.889885416; maxWall 8640000.0
getAlgoResultsForInstsAndParams.
  Trial 1 for calling: bash NSGA2.sh instance_prob4.dat "" 1000000000.0000001 2147483647 129161248 -pc 0.8 -pm 0.1 > /tmp/tmp-2026-07-1407:47:10-0.9614095687866211
Executing cmd: bash NSGA2.sh instance_prob4.dat "" 1000000000.0000001 2147483647 129161248 -pc 0.8 -pm 0.1 > /tmp/tmp-2026-07-1407:47:10-0.9614095687866211
Result: instance_prob4.dat, 0, -591.79, 0, 129161248
now 2026-07-14 07:52:20 -0400; start 2026-07-12 21:39:27 -0400; time-start 123173.016636645; maxWall 8640000.0
getAlgoResultsForInstsAndParams.
  Trial 1 for calling: bash NSGA2.sh instance_param1.dat "" 1000000000.0000001 2147483647 1548605805 -pc 0.8 -pm 0.1 > /tmp/tmp-2026-07-1407:52:20-0.6073089838027954
Executing cmd: bash NSGA2.sh instance_param1.dat "" 1000000000.0000001 2147483647 1548605805 -pc 0.8 -pm 0.1 > /tmp/tmp-2026-07-1407:52:20-0.6073089838027954
Result: instance_param1.dat, 0, -920.07, 0, 1548605805
now 2026-07-14 07:52:21 -0400; start 2026-07-12 21:39:27 -0400; time-start 123173.099265316; maxWall 8640000.0
getAlgoResultsForInstsAndParams.
  Trial 1 for calling: bash NSGA2.sh instance_prob3.dat "" 1000000000.0000001 2147483647 222014735 -pc 0.8 -pm 0.1 > /tmp/tmp-2026-07-1407:52:21-0.3000335693359375
Executing cmd: bash NSGA2.sh instance_prob3.dat "" 1000000000.0000001 2147483647 222014735 -pc 0.8 -pm 0.1 > /tmp/tmp-2026-07-1407:52:21-0.3000335693359375
Result: instance_prob3.dat, 0, -577.71, 0, 222014735
now 2026-07-14 07:57:32 -0400; start 2026-07-12 21:39:27 -0400; time-start 123484.540759261; maxWall 8640000.0
getAlgoResultsForInstsAndParams.
  Trial 1 for calling: bash NSGA2.sh instance_prob1.dat "" 1000000000.0000001 2147483647 1686488978 -pc 0.8 -pm 0.1 > /tmp/tmp-2026-07-1407:57:32-0.1328575611114502
Executing cmd: bash NSGA2.sh instance_prob1.dat "" 1000000000.0000001 2147483647 1686488978 -pc 0.8 -pm 0.1 > /tmp/tmp-2026-07-1407:57:32-0.1328575611114502
Result: instance_prob1.dat, 0, -650.27, 0, 1686488978
now 2026-07-14 08:01:10 -0400; start 2026-07-12 21:39:27 -0400; time-start 123702.560231332; maxWall 8640000.0
getAlgoResultsForInstsAndParams.
  Trial 1 for calling: bash NSGA2.sh instance_param3.dat "" 1000000000.0000001 2147483647 1392514437 -pc 0.8 -pm 0.1 > /tmp/tmp-2026-07-1408:01:10-0.10078692436218262
Executing cmd: bash NSGA2.sh instance_param3.dat "" 1000000000.0000001 2147483647 1392514437 -pc 0.8 -pm 0.1 > /tmp/tmp-2026-07-1408:01:10-0.10078692436218262
Result: instance_param3.dat, 0, -705.56, 0, 1392514437
now 2026-07-14 08:01:10 -0400; start 2026-07-12 21:39:27 -0400; time-start 123702.643178096; maxWall 8640000.0
getAlgoResultsForInstsAndParams.
  Trial 1 for calling: bash NSGA2.sh instance_prob3.dat "" 1000000000.0000001 2147483647 1165131879 -pc 0.8 -pm 0.1 > /tmp/tmp-2026-07-1408:01:10-0.7070541381835938
Executing cmd: bash NSGA2.sh instance_prob3.dat "" 1000000000.0000001 2147483647 1165131879 -pc 0.8 -pm 0.1 > /tmp/tmp-2026-07-1408:01:10-0.7070541381835938
Result: instance_prob3.dat, 0, -577.71, 0, 1165131879
now 2026-07-14 08:06:38 -0400; start 2026-07-12 21:39:27 -0400; time-start 124031.081943258; maxWall 8640000.0
getAlgoResultsForInstsAndParams.
  Trial 1 for calling: bash NSGA2.sh instance_prob1.dat "" 1000000000.0000001 2147483647 1319408815 -pc 0.8 -pm 0.1 > /tmp/tmp-2026-07-1408:06:38-0.06316733360290527
Executing cmd: bash NSGA2.sh instance_prob1.dat "" 1000000000.0000001 2147483647 1319408815 -pc 0.8 -pm 0.1 > /tmp/tmp-2026-07-1408:06:38-0.06316733360290527
Result: instance_prob1.dat, 0, -650.27, 0, 1319408815
now 2026-07-14 08:09:47 -0400; start 2026-07-12 21:39:27 -0400; time-start 124219.380884831; maxWall 8640000.0
getAlgoResultsForInstsAndParams.
  Trial 1 for calling: bash NSGA2.sh instance_param1.dat "" 1000000000.0000001 2147483647 2074744000 -pc 0.8 -pm 0.1 > /tmp/tmp-2026-07-1408:09:47-0.7714452743530273
Executing cmd: bash NSGA2.sh instance_param1.dat "" 1000000000.0000001 2147483647 2074744000 -pc 0.8 -pm 0.1 > /tmp/tmp-2026-07-1408:09:47-0.7714452743530273
Result: instance_param1.dat, 0, -920.07, 0, 2074744000
now 2026-07-14 08:09:47 -0400; start 2026-07-12 21:39:27 -0400; time-start 124219.462760044; maxWall 8640000.0
getAlgoResultsForInstsAndParams.
  Trial 1 for calling: bash NSGA2.sh instance_param2.dat "" 1000000000.0000001 2147483647 1733138286 -pc 0.8 -pm 0.1 > /tmp/tmp-2026-07-1408:09:47-0.7626528739929199
Executing cmd: bash NSGA2.sh instance_param2.dat "" 1000000000.0000001 2147483647 1733138286 -pc 0.8 -pm 0.1 > /tmp/tmp-2026-07-1408:09:47-0.7626528739929199
Result: instance_param2.dat, 0, -717.59, 0, 1733138286
now 2026-07-14 08:09:47 -0400; start 2026-07-12 21:39:27 -0400; time-start 124219.549032; maxWall 8640000.0
getAlgoResultsForInstsAndParams.
  Trial 1 for calling: bash NSGA2.sh instance_prob4.dat "" 1000000000.0000001 2147483647 685541044 -pc 0.8 -pm 0.1 > /tmp/tmp-2026-07-1408:09:47-0.14027953147888184
Executing cmd: bash NSGA2.sh instance_prob4.dat "" 1000000000.0000001 2147483647 685541044 -pc 0.8 -pm 0.1 > /tmp/tmp-2026-07-1408:09:47-0.14027953147888184
Result: instance_prob4.dat, 0, -591.79, 0, 685541044
          -> Take improving step to neighbour pc=0.8 pm=0.1 (-693.5365853658536 [based on 41 runs with cutoff 1000000000.0]) with flip 47

          
============= Performing 1 bonus runs of state: pc=0.8 pm=0.1 (-693.5365853658536 [based on 41 runs with cutoff 1000000000.0]) ============ 

now 2026-07-14 08:16:04 -0400; start 2026-07-12 21:39:27 -0400; time-start 124596.451149916; maxWall 8640000.0
State wants more detail (41+1) than incumbent (41), doing incumbent first:
pc=0.8 pm=0.1 (-693.5365853658536 [based on 41 runs with cutoff 1000000000.0])
pc=0.6 pm=0.05 (-693.5365853658536 [based on 41 runs with cutoff 1000000000.0])
getAlgoResultsForInstsAndParams.
  Trial 1 for calling: bash NSGA2.sh instance_prob2.dat "" 1000000000.0000001 2147483647 13935469 -pc 0.6 -pm 0.05 > /tmp/tmp-2026-07-1408:16:04-0.18161296844482422
Executing cmd: bash NSGA2.sh instance_prob2.dat "" 1000000000.0000001 2147483647 13935469 -pc 0.6 -pm 0.05 > /tmp/tmp-2026-07-1408:16:04-0.18161296844482422
Result: instance_prob2.dat, 0, -695.75, 0, 13935469
 Same incumbent, new precision:
New Incumbent: 57.50000000000055, -693.5714285714286 [42, 1000000000.0]. With state pc=0.6, pm=0.05
getAlgoResultsForInstsAndParams.
  Trial 1 for calling: bash NSGA2.sh instance_prob2.dat "" 1000000000.0000001 2147483647 13935469 -pc 0.8 -pm 0.1 > /tmp/tmp-2026-07-1408:19:20-0.4603109359741211
Executing cmd: bash NSGA2.sh instance_prob2.dat "" 1000000000.0000001 2147483647 13935469 -pc 0.8 -pm 0.1 > /tmp/tmp-2026-07-1408:19:20-0.4603109359741211
Result: instance_prob2.dat, 0, -695.75, 0, 13935469
          -> After 1 bonus runs: pc=0.8 pm=0.1 (-693.5714285714286 [based on 42 runs with cutoff 1000000000.0])

now 2026-07-14 08:22:56 -0400; start 2026-07-12 21:39:27 -0400; time-start 125008.358628918; maxWall 8640000.0
now 2026-07-14 08:22:56 -0400; start 2026-07-12 21:39:27 -0400; time-start 125008.358701664; maxWall 8640000.0
now 2026-07-14 08:22:56 -0400; start 2026-07-12 21:39:27 -0400; time-start 125008.358948087; maxWall 8640000.0
    Changing ["pc: 0.8->0.95"], evaluating ...
getAlgoResultsForInstsAndParams.
  Trial 1 for calling: bash NSGA2.sh instance_param2.dat "" 1000000000.0000001 2147483647 1036556068 -pc 0.95 -pm 0.1 > /tmp/tmp-2026-07-1408:22:56-0.6435360908508301
Executing cmd: bash NSGA2.sh instance_param2.dat "" 1000000000.0000001 2147483647 1036556068 -pc 0.95 -pm 0.1 > /tmp/tmp-2026-07-1408:22:56-0.6435360908508301
Result: instance_param2.dat, 0, -717.59, 0, 1036556068
now 2026-07-14 08:22:56 -0400; start 2026-07-12 21:39:27 -0400; time-start 125008.439734127; maxWall 8640000.0
getAlgoResultsForInstsAndParams.
  Trial 1 for calling: bash NSGA2.sh instance_param3.dat "" 1000000000.0000001 2147483647 82106444 -pc 0.95 -pm 0.1 > /tmp/tmp-2026-07-1408:22:56-0.45697879791259766
Executing cmd: bash NSGA2.sh instance_param3.dat "" 1000000000.0000001 2147483647 82106444 -pc 0.95 -pm 0.1 > /tmp/tmp-2026-07-1408:22:56-0.45697879791259766
Result: instance_param3.dat, 0, -705.56, 0, 82106444
now 2026-07-14 08:22:56 -0400; start 2026-07-12 21:39:27 -0400; time-start 125008.527353747; maxWall 8640000.0
getAlgoResultsForInstsAndParams.
  Trial 1 for calling: bash NSGA2.sh instance_prob4.dat "" 1000000000.0000001 2147483647 64315970 -pc 0.95 -pm 0.1 > /tmp/tmp-2026-07-1408:22:56-0.6793098449707031
Executing cmd: bash NSGA2.sh instance_prob4.dat "" 1000000000.0000001 2147483647 64315970 -pc 0.95 -pm 0.1 > /tmp/tmp-2026-07-1408:22:56-0.6793098449707031
Result: instance_prob4.dat, 0, -591.79, 0, 64315970
now 2026-07-14 08:28:07 -0400; start 2026-07-12 21:39:27 -0400; time-start 125319.298095764; maxWall 8640000.0
getAlgoResultsForInstsAndParams.
  Trial 1 for calling: bash NSGA2.sh instance_prob1.dat "" 1000000000.0000001 2147483647 205845687 -pc 0.95 -pm 0.1 > /tmp/tmp-2026-07-1408:28:07-0.583134651184082
Executing cmd: bash NSGA2.sh instance_prob1.dat "" 1000000000.0000001 2147483647 205845687 -pc 0.95 -pm 0.1 > /tmp/tmp-2026-07-1408:28:07-0.583134651184082
Result: instance_prob1.dat, 0, -650.27, 0, 205845687
now 2026-07-14 08:31:19 -0400; start 2026-07-12 21:39:27 -0400; time-start 125511.194094852; maxWall 8640000.0
getAlgoResultsForInstsAndParams.
  Trial 1 for calling: bash NSGA2.sh instance_param1.dat "" 1000000000.0000001 2147483647 673948927 -pc 0.95 -pm 0.1 > /tmp/tmp-2026-07-1408:31:19-0.6643400192260742
Executing cmd: bash NSGA2.sh instance_param1.dat "" 1000000000.0000001 2147483647 673948927 -pc 0.95 -pm 0.1 > /tmp/tmp-2026-07-1408:31:19-0.6643400192260742
Result: instance_param1.dat, 0, -920.07, 0, 673948927
now 2026-07-14 08:31:19 -0400; start 2026-07-12 21:39:27 -0400; time-start 125511.275243903; maxWall 8640000.0
getAlgoResultsForInstsAndParams.
  Trial 1 for calling: bash NSGA2.sh instance_prob2.dat "" 1000000000.0000001 2147483647 637566358 -pc 0.95 -pm 0.1 > /tmp/tmp-2026-07-1408:31:19-0.45493221282958984
Executing cmd: bash NSGA2.sh instance_prob2.dat "" 1000000000.0000001 2147483647 637566358 -pc 0.95 -pm 0.1 > /tmp/tmp-2026-07-1408:31:19-0.45493221282958984
Result: instance_prob2.dat, 0, -695.75, 0, 637566358
now 2026-07-14 08:35:17 -0400; start 2026-07-12 21:39:27 -0400; time-start 125749.568067659; maxWall 8640000.0
getAlgoResultsForInstsAndParams.
  Trial 1 for calling: bash NSGA2.sh instance_prob3.dat "" 1000000000.0000001 2147483647 720721666 -pc 0.95 -pm 0.1 > /tmp/tmp-2026-07-1408:35:17-0.6870052814483643
Executing cmd: bash NSGA2.sh instance_prob3.dat "" 1000000000.0000001 2147483647 720721666 -pc 0.95 -pm 0.1 > /tmp/tmp-2026-07-1408:35:17-0.6870052814483643
Result: instance_prob3.dat, 0, -577.71, 0, 720721666
now 2026-07-14 08:40:27 -0400; start 2026-07-12 21:39:27 -0400; time-start 126060.026677244; maxWall 8640000.0
getAlgoResultsForInstsAndParams.
  Trial 1 for calling: bash NSGA2.sh instance_param3.dat "" 1000000000.0000001 2147483647 2085269448 -pc 0.95 -pm 0.1 > /tmp/tmp-2026-07-1408:40:27-0.3717482089996338
Executing cmd: bash NSGA2.sh instance_param3.dat "" 1000000000.0000001 2147483647 2085269448 -pc 0.95 -pm 0.1 > /tmp/tmp-2026-07-1408:40:27-0.3717482089996338
Result: instance_param3.dat, 0, -705.56, 0, 2085269448
now 2026-07-14 08:40:28 -0400; start 2026-07-12 21:39:27 -0400; time-start 126060.107998144; maxWall 8640000.0
getAlgoResultsForInstsAndParams.
  Trial 1 for calling: bash NSGA2.sh instance_prob2.dat "" 1000000000.0000001 2147483647 2106584775 -pc 0.95 -pm 0.1 > /tmp/tmp-2026-07-1408:40:28-0.2081298828125
Executing cmd: bash NSGA2.sh instance_prob2.dat "" 1000000000.0000001 2147483647 2106584775 -pc 0.95 -pm 0.1 > /tmp/tmp-2026-07-1408:40:28-0.2081298828125
Result: instance_prob2.dat, 0, -695.75, 0, 2106584775
now 2026-07-14 08:44:57 -0400; start 2026-07-12 21:39:27 -0400; time-start 126329.869441249; maxWall 8640000.0
getAlgoResultsForInstsAndParams.
  Trial 1 for calling: bash NSGA2.sh instance_param2.dat "" 1000000000.0000001 2147483647 515552351 -pc 0.95 -pm 0.1 > /tmp/tmp-2026-07-1408:44:57-0.19614696502685547
Executing cmd: bash NSGA2.sh instance_param2.dat "" 1000000000.0000001 2147483647 515552351 -pc 0.95 -pm 0.1 > /tmp/tmp-2026-07-1408:44:57-0.19614696502685547
Result: instance_param2.dat, 0, -717.59, 0, 515552351
now 2026-07-14 08:44:57 -0400; start 2026-07-12 21:39:27 -0400; time-start 126329.949575158; maxWall 8640000.0
getAlgoResultsForInstsAndParams.
  Trial 1 for calling: bash NSGA2.sh instance_prob4.dat "" 1000000000.0000001 2147483647 129161248 -pc 0.95 -pm 0.1 > /tmp/tmp-2026-07-1408:44:57-0.25909364223480225
Executing cmd: bash NSGA2.sh instance_prob4.dat "" 1000000000.0000001 2147483647 129161248 -pc 0.95 -pm 0.1 > /tmp/tmp-2026-07-1408:44:57-0.25909364223480225
Result: instance_prob4.dat, 0, -591.79, 0, 129161248
now 2026-07-14 08:50:08 -0400; start 2026-07-12 21:39:27 -0400; time-start 126640.567688892; maxWall 8640000.0
getAlgoResultsForInstsAndParams.
  Trial 1 for calling: bash NSGA2.sh instance_param1.dat "" 1000000000.0000001 2147483647 1548605805 -pc 0.95 -pm 0.1 > /tmp/tmp-2026-07-1408:50:08-0.6492958068847656
Executing cmd: bash NSGA2.sh instance_param1.dat "" 1000000000.0000001 2147483647 1548605805 -pc 0.95 -pm 0.1 > /tmp/tmp-2026-07-1408:50:08-0.6492958068847656
Result: instance_param1.dat, 0, -920.07, 0, 1548605805
now 2026-07-14 08:50:08 -0400; start 2026-07-12 21:39:27 -0400; time-start 126640.649131971; maxWall 8640000.0
getAlgoResultsForInstsAndParams.
  Trial 1 for calling: bash NSGA2.sh instance_prob3.dat "" 1000000000.0000001 2147483647 222014735 -pc 0.95 -pm 0.1 > /tmp/tmp-2026-07-1408:50:08-0.5627620220184326
Executing cmd: bash NSGA2.sh instance_prob3.dat "" 1000000000.0000001 2147483647 222014735 -pc 0.95 -pm 0.1 > /tmp/tmp-2026-07-1408:50:08-0.5627620220184326
Result: instance_prob3.dat, 0, -577.71, 0, 222014735
now 2026-07-14 08:56:46 -0400; start 2026-07-12 21:39:27 -0400; time-start 127038.166737965; maxWall 8640000.0
getAlgoResultsForInstsAndParams.
  Trial 1 for calling: bash NSGA2.sh instance_prob1.dat "" 1000000000.0000001 2147483647 1686488978 -pc 0.95 -pm 0.1 > /tmp/tmp-2026-07-1408:56:46-0.8226470947265625
Executing cmd: bash NSGA2.sh instance_prob1.dat "" 1000000000.0000001 2147483647 1686488978 -pc 0.95 -pm 0.1 > /tmp/tmp-2026-07-1408:56:46-0.8226470947265625
Result: instance_prob1.dat, 0, -650.27, 0, 1686488978
now 2026-07-14 09:00:04 -0400; start 2026-07-12 21:39:27 -0400; time-start 127236.676149714; maxWall 8640000.0
getAlgoResultsForInstsAndParams.
  Trial 1 for calling: bash NSGA2.sh instance_param3.dat "" 1000000000.0000001 2147483647 1392514437 -pc 0.95 -pm 0.1 > /tmp/tmp-2026-07-1409:00:04-0.08005261421203613
Executing cmd: bash NSGA2.sh instance_param3.dat "" 1000000000.0000001 2147483647 1392514437 -pc 0.95 -pm 0.1 > /tmp/tmp-2026-07-1409:00:04-0.08005261421203613
Result: instance_param3.dat, 0, -705.56, 0, 1392514437
now 2026-07-14 09:00:04 -0400; start 2026-07-12 21:39:27 -0400; time-start 127236.756638603; maxWall 8640000.0
getAlgoResultsForInstsAndParams.
  Trial 1 for calling: bash NSGA2.sh instance_prob3.dat "" 1000000000.0000001 2147483647 1165131879 -pc 0.95 -pm 0.1 > /tmp/tmp-2026-07-1409:00:04-0.2787590026855469
Executing cmd: bash NSGA2.sh instance_prob3.dat "" 1000000000.0000001 2147483647 1165131879 -pc 0.95 -pm 0.1 > /tmp/tmp-2026-07-1409:00:04-0.2787590026855469
Result: instance_prob3.dat, 0, -577.71, 0, 1165131879
now 2026-07-14 09:05:47 -0400; start 2026-07-12 21:39:27 -0400; time-start 127579.44337662; maxWall 8640000.0
getAlgoResultsForInstsAndParams.
  Trial 1 for calling: bash NSGA2.sh instance_prob1.dat "" 1000000000.0000001 2147483647 1319408815 -pc 0.95 -pm 0.1 > /tmp/tmp-2026-07-1409:05:47-0.21900320053100586
Executing cmd: bash NSGA2.sh instance_prob1.dat "" 1000000000.0000001 2147483647 1319408815 -pc 0.95 -pm 0.1 > /tmp/tmp-2026-07-1409:05:47-0.21900320053100586
Result: instance_prob1.dat, 0, -650.27, 0, 1319408815
now 2026-07-14 09:09:03 -0400; start 2026-07-12 21:39:27 -0400; time-start 127775.681789341; maxWall 8640000.0
getAlgoResultsForInstsAndParams.
  Trial 1 for calling: bash NSGA2.sh instance_param1.dat "" 1000000000.0000001 2147483647 2074744000 -pc 0.95 -pm 0.1 > /tmp/tmp-2026-07-1409:09:03-0.5592131614685059
Executing cmd: bash NSGA2.sh instance_param1.dat "" 1000000000.0000001 2147483647 2074744000 -pc 0.95 -pm 0.1 > /tmp/tmp-2026-07-1409:09:03-0.5592131614685059
Result: instance_param1.dat, 0, -920.07, 0, 2074744000
now 2026-07-14 09:09:03 -0400; start 2026-07-12 21:39:27 -0400; time-start 127775.763500469; maxWall 8640000.0
getAlgoResultsForInstsAndParams.
  Trial 1 for calling: bash NSGA2.sh instance_param2.dat "" 1000000000.0000001 2147483647 1733138286 -pc 0.95 -pm 0.1 > /tmp/tmp-2026-07-1409:09:03-0.5428895950317383
Executing cmd: bash NSGA2.sh instance_param2.dat "" 1000000000.0000001 2147483647 1733138286 -pc 0.95 -pm 0.1 > /tmp/tmp-2026-07-1409:09:03-0.5428895950317383
Result: instance_param2.dat, 0, -717.59, 0, 1733138286
now 2026-07-14 09:09:03 -0400; start 2026-07-12 21:39:27 -0400; time-start 127775.848471499; maxWall 8640000.0
getAlgoResultsForInstsAndParams.
  Trial 1 for calling: bash NSGA2.sh instance_prob4.dat "" 1000000000.0000001 2147483647 685541044 -pc 0.95 -pm 0.1 > /tmp/tmp-2026-07-1409:09:03-0.33795809745788574
Executing cmd: bash NSGA2.sh instance_prob4.dat "" 1000000000.0000001 2147483647 685541044 -pc 0.95 -pm 0.1 > /tmp/tmp-2026-07-1409:09:03-0.33795809745788574
Result: instance_prob4.dat, 0, -591.79, 0, 685541044
now 2026-07-14 09:14:07 -0400; start 2026-07-12 21:39:27 -0400; time-start 128079.672356498; maxWall 8640000.0
getAlgoResultsForInstsAndParams.
  Trial 1 for calling: bash NSGA2.sh instance_prob2.dat "" 1000000000.0000001 2147483647 13935469 -pc 0.95 -pm 0.1 > /tmp/tmp-2026-07-1409:14:07-0.338071346282959
Executing cmd: bash NSGA2.sh instance_prob2.dat "" 1000000000.0000001 2147483647 13935469 -pc 0.95 -pm 0.1 > /tmp/tmp-2026-07-1409:14:07-0.338071346282959
Result: instance_prob2.dat, 0, -695.75, 0, 13935469
          -> Take improving step to neighbour pc=0.95 pm=0.1 (-693.5714285714286 [based on 42 runs with cutoff 1000000000.0]) with flip 48

          
============= Performing 1 bonus runs of state: pc=0.95 pm=0.1 (-693.5714285714286 [based on 42 runs with cutoff 1000000000.0]) ============ 

now 2026-07-14 09:17:57 -0400; start 2026-07-12 21:39:27 -0400; time-start 128309.606087129; maxWall 8640000.0
State wants more detail (42+1) than incumbent (42), doing incumbent first:
pc=0.95 pm=0.1 (-693.5714285714286 [based on 42 runs with cutoff 1000000000.0])
pc=0.6 pm=0.05 (-693.5714285714286 [based on 42 runs with cutoff 1000000000.0])
getAlgoResultsForInstsAndParams.
  Trial 1 for calling: bash NSGA2.sh instance_param1.dat "" 1000000000.0000001 2147483647 462720224 -pc 0.6 -pm 0.05 > /tmp/tmp-2026-07-1409:17:57-0.47937655448913574
Executing cmd: bash NSGA2.sh instance_param1.dat "" 1000000000.0000001 2147483647 462720224 -pc 0.6 -pm 0.05 > /tmp/tmp-2026-07-1409:17:57-0.47937655448913574
Result: instance_param1.dat, 0, -920.07, 0, 462720224
 Same incumbent, new precision:
New Incumbent: 59.80000000000058, -698.8372093023256 [43, 1000000000.0]. With state pc=0.6, pm=0.05
getAlgoResultsForInstsAndParams.
  Trial 1 for calling: bash NSGA2.sh instance_param1.dat "" 1000000000.0000001 2147483647 462720224 -pc 0.95 -pm 0.1 > /tmp/tmp-2026-07-1409:17:57-0.012595891952514648
Executing cmd: bash NSGA2.sh instance_param1.dat "" 1000000000.0000001 2147483647 462720224 -pc 0.95 -pm 0.1 > /tmp/tmp-2026-07-1409:17:57-0.012595891952514648
Result: instance_param1.dat, 0, -920.07, 0, 462720224
          -> After 1 bonus runs: pc=0.95 pm=0.1 (-698.8372093023256 [based on 43 runs with cutoff 1000000000.0])

now 2026-07-14 09:17:57 -0400; start 2026-07-12 21:39:27 -0400; time-start 128309.776532526; maxWall 8640000.0
now 2026-07-14 09:17:57 -0400; start 2026-07-12 21:39:27 -0400; time-start 128309.776605586; maxWall 8640000.0
    Changing ["pc: 0.95->0.25"], evaluating ...
getAlgoResultsForInstsAndParams.
  Trial 1 for calling: bash NSGA2.sh instance_prob1.dat "" 1000000000.0000001 2147483647 1686488978 -pc 0.25 -pm 0.1 > /tmp/tmp-2026-07-1409:17:57-0.7300467491149902
Executing cmd: bash NSGA2.sh instance_prob1.dat "" 1000000000.0000001 2147483647 1686488978 -pc 0.25 -pm 0.1 > /tmp/tmp-2026-07-1409:17:57-0.7300467491149902
Result: instance_prob1.dat, 0, -650.27, 0, 1686488978
now 2026-07-14 09:21:01 -0400; start 2026-07-12 21:39:27 -0400; time-start 128493.656431098; maxWall 8640000.0
getAlgoResultsForInstsAndParams.
  Trial 1 for calling: bash NSGA2.sh instance_param3.dat "" 1000000000.0000001 2147483647 1392514437 -pc 0.25 -pm 0.1 > /tmp/tmp-2026-07-1409:21:01-0.3205571174621582
Executing cmd: bash NSGA2.sh instance_param3.dat "" 1000000000.0000001 2147483647 1392514437 -pc 0.25 -pm 0.1 > /tmp/tmp-2026-07-1409:21:01-0.3205571174621582
Result: instance_param3.dat, 0, -705.56, 0, 1392514437
601/100000, 60.100000000000584/100000000.0
now 2026-07-14 09:21:01 -0400; start 2026-07-12 21:39:27 -0400; time-start 128493.737924904; maxWall 8640000.0
getAlgoResultsForInstsAndParams.
  Trial 1 for calling: bash NSGA2.sh instance_prob3.dat "" 1000000000.0000001 2147483647 1165131879 -pc 0.25 -pm 0.1 > /tmp/tmp-2026-07-1409:21:01-0.9618947505950928
Executing cmd: bash NSGA2.sh instance_prob3.dat "" 1000000000.0000001 2147483647 1165131879 -pc 0.25 -pm 0.1 > /tmp/tmp-2026-07-1409:21:01-0.9618947505950928
Result: instance_prob3.dat, 0, -577.71, 0, 1165131879
now 2026-07-14 09:26:02 -0400; start 2026-07-12 21:39:27 -0400; time-start 128795.027167856; maxWall 8640000.0
getAlgoResultsForInstsAndParams.
  Trial 1 for calling: bash NSGA2.sh instance_prob1.dat "" 1000000000.0000001 2147483647 1319408815 -pc 0.25 -pm 0.1 > /tmp/tmp-2026-07-1409:26:02-0.20464730262756348
Executing cmd: bash NSGA2.sh instance_prob1.dat "" 1000000000.0000001 2147483647 1319408815 -pc 0.25 -pm 0.1 > /tmp/tmp-2026-07-1409:26:02-0.20464730262756348
Result: instance_prob1.dat, 0, -650.27, 0, 1319408815
now 2026-07-14 09:29:00 -0400; start 2026-07-12 21:39:27 -0400; time-start 128972.316078585; maxWall 8640000.0
getAlgoResultsForInstsAndParams.
  Trial 1 for calling: bash NSGA2.sh instance_param1.dat "" 1000000000.0000001 2147483647 2074744000 -pc 0.25 -pm 0.1 > /tmp/tmp-2026-07-1409:29:00-0.35951662063598633
Executing cmd: bash NSGA2.sh instance_param1.dat "" 1000000000.0000001 2147483647 2074744000 -pc 0.25 -pm 0.1 > /tmp/tmp-2026-07-1409:29:00-0.35951662063598633
Result: instance_param1.dat, 0, -920.07, 0, 2074744000
now 2026-07-14 09:29:00 -0400; start 2026-07-12 21:39:27 -0400; time-start 128972.397367552; maxWall 8640000.0
getAlgoResultsForInstsAndParams.
  Trial 1 for calling: bash NSGA2.sh instance_param2.dat "" 1000000000.0000001 2147483647 1733138286 -pc 0.25 -pm 0.1 > /tmp/tmp-2026-07-1409:29:00-0.9527721405029297
Executing cmd: bash NSGA2.sh instance_param2.dat "" 1000000000.0000001 2147483647 1733138286 -pc 0.25 -pm 0.1 > /tmp/tmp-2026-07-1409:29:00-0.9527721405029297
Result: instance_param2.dat, 0, -717.59, 0, 1733138286
now 2026-07-14 09:29:00 -0400; start 2026-07-12 21:39:27 -0400; time-start 128972.485804073; maxWall 8640000.0
getAlgoResultsForInstsAndParams.
  Trial 1 for calling: bash NSGA2.sh instance_prob4.dat "" 1000000000.0000001 2147483647 685541044 -pc 0.25 -pm 0.1 > /tmp/tmp-2026-07-1409:29:00-0.2385416030883789
Executing cmd: bash NSGA2.sh instance_prob4.dat "" 1000000000.0000001 2147483647 685541044 -pc 0.25 -pm 0.1 > /tmp/tmp-2026-07-1409:29:00-0.2385416030883789
Result: instance_prob4.dat, 0, -591.79, 0, 685541044
now 2026-07-14 09:33:49 -0400; start 2026-07-12 21:39:27 -0400; time-start 129261.271662552; maxWall 8640000.0
getAlgoResultsForInstsAndParams.
  Trial 1 for calling: bash NSGA2.sh instance_prob2.dat "" 1000000000.0000001 2147483647 13935469 -pc 0.25 -pm 0.1 > /tmp/tmp-2026-07-1409:33:49-0.2675590515136719
Executing cmd: bash NSGA2.sh instance_prob2.dat "" 1000000000.0000001 2147483647 13935469 -pc 0.25 -pm 0.1 > /tmp/tmp-2026-07-1409:33:49-0.2675590515136719
Result: instance_prob2.dat, 0, -695.75, 0, 13935469
now 2026-07-14 09:38:25 -0400; start 2026-07-12 21:39:27 -0400; time-start 129537.190892172; maxWall 8640000.0
getAlgoResultsForInstsAndParams.
  Trial 1 for calling: bash NSGA2.sh instance_param1.dat "" 1000000000.0000001 2147483647 462720224 -pc 0.25 -pm 0.1 > /tmp/tmp-2026-07-1409:38:25-0.8555335998535156
Executing cmd: bash NSGA2.sh instance_param1.dat "" 1000000000.0000001 2147483647 462720224 -pc 0.25 -pm 0.1 > /tmp/tmp-2026-07-1409:38:25-0.8555335998535156
Result: instance_param1.dat, 0, -920.07, 0, 462720224
          -> Take improving step to neighbour pc=0.25 pm=0.1 (-698.8372093023256 [based on 43 runs with cutoff 1000000000.0]) with flip 49

          
============= Performing 1 bonus runs of state: pc=0.25 pm=0.1 (-698.8372093023256 [based on 43 runs with cutoff 1000000000.0]) ============ 

now 2026-07-14 09:38:25 -0400; start 2026-07-12 21:39:27 -0400; time-start 129537.273055763; maxWall 8640000.0
State wants more detail (43+1) than incumbent (43), doing incumbent first:
pc=0.25 pm=0.1 (-698.8372093023256 [based on 43 runs with cutoff 1000000000.0])
pc=0.6 pm=0.05 (-698.8372093023256 [based on 43 runs with cutoff 1000000000.0])
getAlgoResultsForInstsAndParams.
  Trial 1 for calling: bash NSGA2.sh instance_prob3.dat "" 1000000000.0000001 2147483647 1524734467 -pc 0.6 -pm 0.05 > /tmp/tmp-2026-07-1409:38:25-0.7468748092651367
Executing cmd: bash NSGA2.sh instance_prob3.dat "" 1000000000.0000001 2147483647 1524734467 -pc 0.6 -pm 0.05 > /tmp/tmp-2026-07-1409:38:25-0.7468748092651367
Result: instance_prob3.dat, 0, -577.71, 0, 1524734467
 Same incumbent, new precision:
New Incumbent: 60.900000000000595, -696.0681818181819 [44, 1000000000.0]. With state pc=0.6, pm=0.05
getAlgoResultsForInstsAndParams.
  Trial 1 for calling: bash NSGA2.sh instance_prob3.dat "" 1000000000.0000001 2147483647 1524734467 -pc 0.25 -pm 0.1 > /tmp/tmp-2026-07-1409:43:00-0.7425739765167236
Executing cmd: bash NSGA2.sh instance_prob3.dat "" 1000000000.0000001 2147483647 1524734467 -pc 0.25 -pm 0.1 > /tmp/tmp-2026-07-1409:43:00-0.7425739765167236
Result: instance_prob3.dat, 0, -577.71, 0, 1524734467
          -> After 1 bonus runs: pc=0.25 pm=0.1 (-696.0681818181819 [based on 44 runs with cutoff 1000000000.0])

now 2026-07-14 09:48:11 -0400; start 2026-07-12 21:39:27 -0400; time-start 130123.760513052; maxWall 8640000.0
now 2026-07-14 09:48:11 -0400; start 2026-07-12 21:39:27 -0400; time-start 130123.760585071; maxWall 8640000.0
    Changing ["pc: 0.25->0.5"], evaluating ...
getAlgoResultsForInstsAndParams.
  Trial 1 for calling: bash NSGA2.sh instance_param3.dat "" 1000000000.0000001 2147483647 82106444 -pc 0.5 -pm 0.1 > /tmp/tmp-2026-07-1409:48:11-0.27491068840026855
Executing cmd: bash NSGA2.sh instance_param3.dat "" 1000000000.0000001 2147483647 82106444 -pc 0.5 -pm 0.1 > /tmp/tmp-2026-07-1409:48:11-0.27491068840026855
Result: instance_param3.dat, 0, -705.56, 0, 82106444
now 2026-07-14 09:48:11 -0400; start 2026-07-12 21:39:27 -0400; time-start 130123.835567649; maxWall 8640000.0
getAlgoResultsForInstsAndParams.
  Trial 1 for calling: bash NSGA2.sh instance_prob4.dat "" 1000000000.0000001 2147483647 64315970 -pc 0.5 -pm 0.1 > /tmp/tmp-2026-07-1409:48:11-0.17369580268859863
Executing cmd: bash NSGA2.sh instance_prob4.dat "" 1000000000.0000001 2147483647 64315970 -pc 0.5 -pm 0.1 > /tmp/tmp-2026-07-1409:48:11-0.17369580268859863
Result: instance_prob4.dat, 0, -591.79, 0, 64315970
now 2026-07-14 09:53:12 -0400; start 2026-07-12 21:39:27 -0400; time-start 130424.673367043; maxWall 8640000.0
getAlgoResultsForInstsAndParams.
  Trial 1 for calling: bash NSGA2.sh instance_prob1.dat "" 1000000000.0000001 2147483647 205845687 -pc 0.5 -pm 0.1 > /tmp/tmp-2026-07-1409:53:12-0.07488036155700684
Executing cmd: bash NSGA2.sh instance_prob1.dat "" 1000000000.0000001 2147483647 205845687 -pc 0.5 -pm 0.1 > /tmp/tmp-2026-07-1409:53:12-0.07488036155700684
Result: instance_prob1.dat, 0, -650.27, 0, 205845687
now 2026-07-14 09:56:41 -0400; start 2026-07-12 21:39:27 -0400; time-start 130633.36824187; maxWall 8640000.0
getAlgoResultsForInstsAndParams.
  Trial 1 for calling: bash NSGA2.sh instance_param1.dat "" 1000000000.0000001 2147483647 673948927 -pc 0.5 -pm 0.1 > /tmp/tmp-2026-07-1409:56:41-0.6287989616394043
Executing cmd: bash NSGA2.sh instance_param1.dat "" 1000000000.0000001 2147483647 673948927 -pc 0.5 -pm 0.1 > /tmp/tmp-2026-07-1409:56:41-0.6287989616394043
Result: instance_param1.dat, 0, -920.07, 0, 673948927
now 2026-07-14 09:56:41 -0400; start 2026-07-12 21:39:27 -0400; time-start 130633.443439743; maxWall 8640000.0
getAlgoResultsForInstsAndParams.
  Trial 1 for calling: bash NSGA2.sh instance_prob2.dat "" 1000000000.0000001 2147483647 637566358 -pc 0.5 -pm 0.1 > /tmp/tmp-2026-07-1409:56:41-0.4982643127441406
Executing cmd: bash NSGA2.sh instance_prob2.dat "" 1000000000.0000001 2147483647 637566358 -pc 0.5 -pm 0.1 > /tmp/tmp-2026-07-1409:56:41-0.4982643127441406
Result: instance_prob2.dat, 0, -695.75, 0, 637566358
now 2026-07-14 10:00:36 -0400; start 2026-07-12 21:39:27 -0400; time-start 130868.590835786; maxWall 8640000.0
getAlgoResultsForInstsAndParams.
  Trial 1 for calling: bash NSGA2.sh instance_prob3.dat "" 1000000000.0000001 2147483647 720721666 -pc 0.5 -pm 0.1 > /tmp/tmp-2026-07-1410:00:36-0.5163052082061768
Executing cmd: bash NSGA2.sh instance_prob3.dat "" 1000000000.0000001 2147483647 720721666 -pc 0.5 -pm 0.1 > /tmp/tmp-2026-07-1410:00:36-0.5163052082061768
Result: instance_prob3.dat, 0, -577.71, 0, 720721666
now 2026-07-14 10:06:01 -0400; start 2026-07-12 21:39:27 -0400; time-start 131193.484877314; maxWall 8640000.0
getAlgoResultsForInstsAndParams.
  Trial 1 for calling: bash NSGA2.sh instance_param3.dat "" 1000000000.0000001 2147483647 2085269448 -pc 0.5 -pm 0.1 > /tmp/tmp-2026-07-1410:06:01-0.3728446960449219
Executing cmd: bash NSGA2.sh instance_param3.dat "" 1000000000.0000001 2147483647 2085269448 -pc 0.5 -pm 0.1 > /tmp/tmp-2026-07-1410:06:01-0.3728446960449219
Result: instance_param3.dat, 0, -705.56, 0, 2085269448
now 2026-07-14 10:06:01 -0400; start 2026-07-12 21:39:27 -0400; time-start 131193.559704113; maxWall 8640000.0
getAlgoResultsForInstsAndParams.
  Trial 1 for calling: bash NSGA2.sh instance_prob2.dat "" 1000000000.0000001 2147483647 2106584775 -pc 0.5 -pm 0.1 > /tmp/tmp-2026-07-1410:06:01-0.7769458293914795
Executing cmd: bash NSGA2.sh instance_prob2.dat "" 1000000000.0000001 2147483647 2106584775 -pc 0.5 -pm 0.1 > /tmp/tmp-2026-07-1410:06:01-0.7769458293914795
Result: instance_prob2.dat, 0, -695.75, 0, 2106584775
now 2026-07-14 10:10:01 -0400; start 2026-07-12 21:39:27 -0400; time-start 131433.287343113; maxWall 8640000.0
getAlgoResultsForInstsAndParams.
  Trial 1 for calling: bash NSGA2.sh instance_param2.dat "" 1000000000.0000001 2147483647 515552351 -pc 0.5 -pm 0.1 > /tmp/tmp-2026-07-1410:10:01-0.11025333404541016
Executing cmd: bash NSGA2.sh instance_param2.dat "" 1000000000.0000001 2147483647 515552351 -pc 0.5 -pm 0.1 > /tmp/tmp-2026-07-1410:10:01-0.11025333404541016
Result: instance_param2.dat, 0, -717.59, 0, 515552351
now 2026-07-14 10:10:01 -0400; start 2026-07-12 21:39:27 -0400; time-start 131433.363473668; maxWall 8640000.0
getAlgoResultsForInstsAndParams.
  Trial 1 for calling: bash NSGA2.sh instance_prob4.dat "" 1000000000.0000001 2147483647 129161248 -pc 0.5 -pm 0.1 > /tmp/tmp-2026-07-1410:10:01-0.41186094284057617
Executing cmd: bash NSGA2.sh instance_prob4.dat "" 1000000000.0000001 2147483647 129161248 -pc 0.5 -pm 0.1 > /tmp/tmp-2026-07-1410:10:01-0.41186094284057617
Result: instance_prob4.dat, 0, -591.79, 0, 129161248
now 2026-07-14 10:15:08 -0400; start 2026-07-12 21:39:27 -0400; time-start 131740.451725524; maxWall 8640000.0
getAlgoResultsForInstsAndParams.
  Trial 1 for calling: bash NSGA2.sh instance_param1.dat "" 1000000000.0000001 2147483647 1548605805 -pc 0.5 -pm 0.1 > /tmp/tmp-2026-07-1410:15:08-0.9266157150268555
Executing cmd: bash NSGA2.sh instance_param1.dat "" 1000000000.0000001 2147483647 1548605805 -pc 0.5 -pm 0.1 > /tmp/tmp-2026-07-1410:15:08-0.9266157150268555
Result: instance_param1.dat, 0, -920.07, 0, 1548605805
now 2026-07-14 10:15:08 -0400; start 2026-07-12 21:39:27 -0400; time-start 131740.527142137; maxWall 8640000.0
getAlgoResultsForInstsAndParams.
  Trial 1 for calling: bash NSGA2.sh instance_prob3.dat "" 1000000000.0000001 2147483647 222014735 -pc 0.5 -pm 0.1 > /tmp/tmp-2026-07-1410:15:08-0.14051008224487305
Executing cmd: bash NSGA2.sh instance_prob3.dat "" 1000000000.0000001 2147483647 222014735 -pc 0.5 -pm 0.1 > /tmp/tmp-2026-07-1410:15:08-0.14051008224487305
Result: instance_prob3.dat, 0, -577.71, 0, 222014735
now 2026-07-14 10:20:21 -0400; start 2026-07-12 21:39:27 -0400; time-start 132053.7179954; maxWall 8640000.0
getAlgoResultsForInstsAndParams.
  Trial 1 for calling: bash NSGA2.sh instance_prob1.dat "" 1000000000.0000001 2147483647 1686488978 -pc 0.5 -pm 0.1 > /tmp/tmp-2026-07-1410:20:21-0.45597410202026367
Executing cmd: bash NSGA2.sh instance_prob1.dat "" 1000000000.0000001 2147483647 1686488978 -pc 0.5 -pm 0.1 > /tmp/tmp-2026-07-1410:20:21-0.45597410202026367
Result: instance_prob1.dat, 0, -650.27, 0, 1686488978
now 2026-07-14 10:23:33 -0400; start 2026-07-12 21:39:27 -0400; time-start 132245.727683431; maxWall 8640000.0
getAlgoResultsForInstsAndParams.
  Trial 1 for calling: bash NSGA2.sh instance_param3.dat "" 1000000000.0000001 2147483647 1392514437 -pc 0.5 -pm 0.1 > /tmp/tmp-2026-07-1410:23:33-0.7265486717224121
Executing cmd: bash NSGA2.sh instance_param3.dat "" 1000000000.0000001 2147483647 1392514437 -pc 0.5 -pm 0.1 > /tmp/tmp-2026-07-1410:23:33-0.7265486717224121
Result: instance_param3.dat, 0, -705.56, 0, 1392514437
now 2026-07-14 10:23:33 -0400; start 2026-07-12 21:39:27 -0400; time-start 132245.802861892; maxWall 8640000.0
getAlgoResultsForInstsAndParams.
  Trial 1 for calling: bash NSGA2.sh instance_prob3.dat "" 1000000000.0000001 2147483647 1165131879 -pc 0.5 -pm 0.1 > /tmp/tmp-2026-07-1410:23:33-0.5706453323364258
Executing cmd: bash NSGA2.sh instance_prob3.dat "" 1000000000.0000001 2147483647 1165131879 -pc 0.5 -pm 0.1 > /tmp/tmp-2026-07-1410:23:33-0.5706453323364258
Result: instance_prob3.dat, 0, -577.71, 0, 1165131879
now 2026-07-14 10:30:16 -0400; start 2026-07-12 21:39:27 -0400; time-start 132648.820151435; maxWall 8640000.0
getAlgoResultsForInstsAndParams.
  Trial 1 for calling: bash NSGA2.sh instance_prob1.dat "" 1000000000.0000001 2147483647 1319408815 -pc 0.5 -pm 0.1 > /tmp/tmp-2026-07-1410:30:16-0.45810699462890625
Executing cmd: bash NSGA2.sh instance_prob1.dat "" 1000000000.0000001 2147483647 1319408815 -pc 0.5 -pm 0.1 > /tmp/tmp-2026-07-1410:30:16-0.45810699462890625
Result: instance_prob1.dat, 0, -650.27, 0, 1319408815
now 2026-07-14 10:33:24 -0400; start 2026-07-12 21:39:27 -0400; time-start 132836.479031585; maxWall 8640000.0
getAlgoResultsForInstsAndParams.
  Trial 1 for calling: bash NSGA2.sh instance_param1.dat "" 1000000000.0000001 2147483647 2074744000 -pc 0.5 -pm 0.1 > /tmp/tmp-2026-07-1410:33:24-0.2315516471862793
Executing cmd: bash NSGA2.sh instance_param1.dat "" 1000000000.0000001 2147483647 2074744000 -pc 0.5 -pm 0.1 > /tmp/tmp-2026-07-1410:33:24-0.2315516471862793
Result: instance_param1.dat, 0, -920.07, 0, 2074744000
now 2026-07-14 10:33:24 -0400; start 2026-07-12 21:39:27 -0400; time-start 132836.551893277; maxWall 8640000.0
getAlgoResultsForInstsAndParams.
  Trial 1 for calling: bash NSGA2.sh instance_param2.dat "" 1000000000.0000001 2147483647 1733138286 -pc 0.5 -pm 0.1 > /tmp/tmp-2026-07-1410:33:24-0.8969771862030029
Executing cmd: bash NSGA2.sh instance_param2.dat "" 1000000000.0000001 2147483647 1733138286 -pc 0.5 -pm 0.1 > /tmp/tmp-2026-07-1410:33:24-0.8969771862030029
Result: instance_param2.dat, 0, -717.59, 0, 1733138286
now 2026-07-14 10:33:24 -0400; start 2026-07-12 21:39:27 -0400; time-start 132836.623866835; maxWall 8640000.0
getAlgoResultsForInstsAndParams.
  Trial 1 for calling: bash NSGA2.sh instance_prob4.dat "" 1000000000.0000001 2147483647 685541044 -pc 0.5 -pm 0.1 > /tmp/tmp-2026-07-1410:33:24-0.9448809623718262
Executing cmd: bash NSGA2.sh instance_prob4.dat "" 1000000000.0000001 2147483647 685541044 -pc 0.5 -pm 0.1 > /tmp/tmp-2026-07-1410:33:24-0.9448809623718262
Result: instance_prob4.dat, 0, -591.79, 0, 685541044
now 2026-07-14 10:38:31 -0400; start 2026-07-12 21:39:27 -0400; time-start 133143.734795031; maxWall 8640000.0
getAlgoResultsForInstsAndParams.
  Trial 1 for calling: bash NSGA2.sh instance_prob2.dat "" 1000000000.0000001 2147483647 13935469 -pc 0.5 -pm 0.1 > /tmp/tmp-2026-07-1410:38:31-0.12152504920959473
Executing cmd: bash NSGA2.sh instance_prob2.dat "" 1000000000.0000001 2147483647 13935469 -pc 0.5 -pm 0.1 > /tmp/tmp-2026-07-1410:38:31-0.12152504920959473
Result: instance_prob2.dat, 0, -695.75, 0, 13935469
now 2026-07-14 10:43:20 -0400; start 2026-07-12 21:39:27 -0400; time-start 133432.698179219; maxWall 8640000.0
getAlgoResultsForInstsAndParams.
  Trial 1 for calling: bash NSGA2.sh instance_param1.dat "" 1000000000.0000001 2147483647 462720224 -pc 0.5 -pm 0.1 > /tmp/tmp-2026-07-1410:43:20-0.8801817893981934
Executing cmd: bash NSGA2.sh instance_param1.dat "" 1000000000.0000001 2147483647 462720224 -pc 0.5 -pm 0.1 > /tmp/tmp-2026-07-1410:43:20-0.8801817893981934
Result: instance_param1.dat, 0, -920.07, 0, 462720224
now 2026-07-14 10:43:20 -0400; start 2026-07-12 21:39:27 -0400; time-start 133432.768504419; maxWall 8640000.0
getAlgoResultsForInstsAndParams.
  Trial 1 for calling: bash NSGA2.sh instance_prob3.dat "" 1000000000.0000001 2147483647 1524734467 -pc 0.5 -pm 0.1 > /tmp/tmp-2026-07-1410:43:20-0.22977566719055176
Executing cmd: bash NSGA2.sh instance_prob3.dat "" 1000000000.0000001 2147483647 1524734467 -pc 0.5 -pm 0.1 > /tmp/tmp-2026-07-1410:43:20-0.22977566719055176
Result: instance_prob3.dat, 0, -577.71, 0, 1524734467
          -> Take improving step to neighbour pc=0.5 pm=0.1 (-696.0681818181819 [based on 44 runs with cutoff 1000000000.0]) with flip 50

          
============= Performing 1 bonus runs of state: pc=0.5 pm=0.1 (-696.0681818181819 [based on 44 runs with cutoff 1000000000.0]) ============ 

now 2026-07-14 10:48:22 -0400; start 2026-07-12 21:39:27 -0400; time-start 133734.599624743; maxWall 8640000.0
State wants more detail (44+1) than incumbent (44), doing incumbent first:
pc=0.5 pm=0.1 (-696.0681818181819 [based on 44 runs with cutoff 1000000000.0])
pc=0.6 pm=0.05 (-696.0681818181819 [based on 44 runs with cutoff 1000000000.0])
getAlgoResultsForInstsAndParams.
  Trial 1 for calling: bash NSGA2.sh instance_prob4.dat "" 1000000000.0000001 2147483647 1736731097 -pc 0.6 -pm 0.05 > /tmp/tmp-2026-07-1410:48:22-0.23545598983764648
Executing cmd: bash NSGA2.sh instance_prob4.dat "" 1000000000.0000001 2147483647 1736731097 -pc 0.6 -pm 0.05 > /tmp/tmp-2026-07-1410:48:22-0.23545598983764648
Result: instance_prob4.dat, 0, -591.79, 0, 1736731097
 Same incumbent, new precision:
New Incumbent: 63.30000000000063, -693.7333333333333 [45, 1000000000.0]. With state pc=0.6, pm=0.05
getAlgoResultsForInstsAndParams.
  Trial 1 for calling: bash NSGA2.sh instance_prob4.dat "" 1000000000.0000001 2147483647 1736731097 -pc 0.5 -pm 0.1 > /tmp/tmp-2026-07-1410:53:00-0.31394195556640625
Executing cmd: bash NSGA2.sh instance_prob4.dat "" 1000000000.0000001 2147483647 1736731097 -pc 0.5 -pm 0.1 > /tmp/tmp-2026-07-1410:53:00-0.31394195556640625
Result: instance_prob4.dat, 0, -591.79, 0, 1736731097
          -> After 1 bonus runs: pc=0.5 pm=0.1 (-693.7333333333333 [based on 45 runs with cutoff 1000000000.0])

now 2026-07-14 10:58:00 -0400; start 2026-07-12 21:39:27 -0400; time-start 134312.365328216; maxWall 8640000.0
now 2026-07-14 10:58:00 -0400; start 2026-07-12 21:39:27 -0400; time-start 134312.365401448; maxWall 8640000.0
now 2026-07-14 10:58:00 -0400; start 2026-07-12 21:39:27 -0400; time-start 134312.365463973; maxWall 8640000.0
now 2026-07-14 10:58:00 -0400; start 2026-07-12 21:39:27 -0400; time-start 134312.365496034; maxWall 8640000.0
now 2026-07-14 10:58:00 -0400; start 2026-07-12 21:39:27 -0400; time-start 134312.365526709; maxWall 8640000.0
now 2026-07-14 10:58:00 -0400; start 2026-07-12 21:39:27 -0400; time-start 134312.36555602; maxWall 8640000.0
    Changing ["pc: 0.5->0.6"], evaluating ...
getAlgoResultsForInstsAndParams.
  Trial 1 for calling: bash NSGA2.sh instance_prob1.dat "" 1000000000.0000001 2147483647 205845687 -pc 0.6 -pm 0.1 > /tmp/tmp-2026-07-1410:58:00-0.5670223236083984
Executing cmd: bash NSGA2.sh instance_prob1.dat "" 1000000000.0000001 2147483647 205845687 -pc 0.6 -pm 0.1 > /tmp/tmp-2026-07-1410:58:00-0.5670223236083984
Result: instance_prob1.dat, 0, -650.27, 0, 205845687
now 2026-07-14 11:01:25 -0400; start 2026-07-12 21:39:27 -0400; time-start 134517.424254607; maxWall 8640000.0
getAlgoResultsForInstsAndParams.
  Trial 1 for calling: bash NSGA2.sh instance_param1.dat "" 1000000000.0000001 2147483647 673948927 -pc 0.6 -pm 0.1 > /tmp/tmp-2026-07-1411:01:25-0.5947656631469727
Executing cmd: bash NSGA2.sh instance_param1.dat "" 1000000000.0000001 2147483647 673948927 -pc 0.6 -pm 0.1 > /tmp/tmp-2026-07-1411:01:25-0.5947656631469727
Result: instance_param1.dat, 0, -920.07, 0, 673948927
now 2026-07-14 11:01:25 -0400; start 2026-07-12 21:39:27 -0400; time-start 134517.499599819; maxWall 8640000.0
getAlgoResultsForInstsAndParams.
  Trial 1 for calling: bash NSGA2.sh instance_prob2.dat "" 1000000000.0000001 2147483647 637566358 -pc 0.6 -pm 0.1 > /tmp/tmp-2026-07-1411:01:25-0.8738231658935547
Executing cmd: bash NSGA2.sh instance_prob2.dat "" 1000000000.0000001 2147483647 637566358 -pc 0.6 -pm 0.1 > /tmp/tmp-2026-07-1411:01:25-0.8738231658935547
Result: instance_prob2.dat, 0, -695.75, 0, 637566358
now 2026-07-14 11:04:49 -0400; start 2026-07-12 21:39:27 -0400; time-start 134721.778937892; maxWall 8640000.0
getAlgoResultsForInstsAndParams.
  Trial 1 for calling: bash NSGA2.sh instance_prob3.dat "" 1000000000.0000001 2147483647 720721666 -pc 0.6 -pm 0.1 > /tmp/tmp-2026-07-1411:04:49-0.15629339218139648
Executing cmd: bash NSGA2.sh instance_prob3.dat "" 1000000000.0000001 2147483647 720721666 -pc 0.6 -pm 0.1 > /tmp/tmp-2026-07-1411:04:49-0.15629339218139648
Result: instance_prob3.dat, 0, -577.71, 0, 720721666
now 2026-07-14 11:10:39 -0400; start 2026-07-12 21:39:27 -0400; time-start 135071.584137605; maxWall 8640000.0
getAlgoResultsForInstsAndParams.
  Trial 1 for calling: bash NSGA2.sh instance_param3.dat "" 1000000000.0000001 2147483647 2085269448 -pc 0.6 -pm 0.1 > /tmp/tmp-2026-07-1411:10:39-0.13140344619750977
Executing cmd: bash NSGA2.sh instance_param3.dat "" 1000000000.0000001 2147483647 2085269448 -pc 0.6 -pm 0.1 > /tmp/tmp-2026-07-1411:10:39-0.13140344619750977
Result: instance_param3.dat, 0, -705.56, 0, 2085269448
now 2026-07-14 11:10:39 -0400; start 2026-07-12 21:39:27 -0400; time-start 135071.658953351; maxWall 8640000.0
getAlgoResultsForInstsAndParams.
  Trial 1 for calling: bash NSGA2.sh instance_prob2.dat "" 1000000000.0000001 2147483647 2106584775 -pc 0.6 -pm 0.1 > /tmp/tmp-2026-07-1411:10:39-0.697258710861206
Executing cmd: bash NSGA2.sh instance_prob2.dat "" 1000000000.0000001 2147483647 2106584775 -pc 0.6 -pm 0.1 > /tmp/tmp-2026-07-1411:10:39-0.697258710861206
Result: instance_prob2.dat, 0, -695.75, 0, 2106584775
now 2026-07-14 11:15:22 -0400; start 2026-07-12 21:39:27 -0400; time-start 135355.078163474; maxWall 8640000.0
getAlgoResultsForInstsAndParams.
  Trial 1 for calling: bash NSGA2.sh instance_param2.dat "" 1000000000.0000001 2147483647 515552351 -pc 0.6 -pm 0.1 > /tmp/tmp-2026-07-1411:15:22-0.02459871768951416
Executing cmd: bash NSGA2.sh instance_param2.dat "" 1000000000.0000001 2147483647 515552351 -pc 0.6 -pm 0.1 > /tmp/tmp-2026-07-1411:15:22-0.02459871768951416
Result: instance_param2.dat, 0, -717.59, 0, 515552351
now 2026-07-14 11:15:23 -0400; start 2026-07-12 21:39:27 -0400; time-start 135355.15450818; maxWall 8640000.0
getAlgoResultsForInstsAndParams.
  Trial 1 for calling: bash NSGA2.sh instance_prob4.dat "" 1000000000.0000001 2147483647 129161248 -pc 0.6 -pm 0.1 > /tmp/tmp-2026-07-1411:15:23-0.12006378173828125
Executing cmd: bash NSGA2.sh instance_prob4.dat "" 1000000000.0000001 2147483647 129161248 -pc 0.6 -pm 0.1 > /tmp/tmp-2026-07-1411:15:23-0.12006378173828125
Result: instance_prob4.dat, 0, -591.79, 0, 129161248
now 2026-07-14 11:20:30 -0400; start 2026-07-12 21:39:27 -0400; time-start 135663.040299784; maxWall 8640000.0
getAlgoResultsForInstsAndParams.
  Trial 1 for calling: bash NSGA2.sh instance_param1.dat "" 1000000000.0000001 2147483647 1548605805 -pc 0.6 -pm 0.1 > /tmp/tmp-2026-07-1411:20:30-0.14961540699005127
Executing cmd: bash NSGA2.sh instance_param1.dat "" 1000000000.0000001 2147483647 1548605805 -pc 0.6 -pm 0.1 > /tmp/tmp-2026-07-1411:20:30-0.14961540699005127
Result: instance_param1.dat, 0, -920.07, 0, 1548605805
now 2026-07-14 11:20:31 -0400; start 2026-07-12 21:39:27 -0400; time-start 135663.111441143; maxWall 8640000.0
getAlgoResultsForInstsAndParams.
  Trial 1 for calling: bash NSGA2.sh instance_prob3.dat "" 1000000000.0000001 2147483647 222014735 -pc 0.6 -pm 0.1 > /tmp/tmp-2026-07-1411:20:31-0.8125877380371094
Executing cmd: bash NSGA2.sh instance_prob3.dat "" 1000000000.0000001 2147483647 222014735 -pc 0.6 -pm 0.1 > /tmp/tmp-2026-07-1411:20:31-0.8125877380371094
Result: instance_prob3.dat, 0, -577.71, 0, 222014735
now 2026-07-14 11:25:45 -0400; start 2026-07-12 21:39:27 -0400; time-start 135977.901575773; maxWall 8640000.0
getAlgoResultsForInstsAndParams.
  Trial 1 for calling: bash NSGA2.sh instance_prob1.dat "" 1000000000.0000001 2147483647 1686488978 -pc 0.6 -pm 0.1 > /tmp/tmp-2026-07-1411:25:45-0.800865650177002
Executing cmd: bash NSGA2.sh instance_prob1.dat "" 1000000000.0000001 2147483647 1686488978 -pc 0.6 -pm 0.1 > /tmp/tmp-2026-07-1411:25:45-0.800865650177002
Result: instance_prob1.dat, 0, -650.27, 0, 1686488978
now 2026-07-14 11:28:55 -0400; start 2026-07-12 21:39:27 -0400; time-start 136167.754040887; maxWall 8640000.0
getAlgoResultsForInstsAndParams.
  Trial 1 for calling: bash NSGA2.sh instance_param3.dat "" 1000000000.0000001 2147483647 1392514437 -pc 0.6 -pm 0.1 > /tmp/tmp-2026-07-1411:28:55-0.2307415008544922
Executing cmd: bash NSGA2.sh instance_param3.dat "" 1000000000.0000001 2147483647 1392514437 -pc 0.6 -pm 0.1 > /tmp/tmp-2026-07-1411:28:55-0.2307415008544922
Result: instance_param3.dat, 0, -705.56, 0, 1392514437
now 2026-07-14 11:28:55 -0400; start 2026-07-12 21:39:27 -0400; time-start 136167.82683638; maxWall 8640000.0
getAlgoResultsForInstsAndParams.
  Trial 1 for calling: bash NSGA2.sh instance_prob3.dat "" 1000000000.0000001 2147483647 1165131879 -pc 0.6 -pm 0.1 > /tmp/tmp-2026-07-1411:28:55-0.5040280818939209
Executing cmd: bash NSGA2.sh instance_prob3.dat "" 1000000000.0000001 2147483647 1165131879 -pc 0.6 -pm 0.1 > /tmp/tmp-2026-07-1411:28:55-0.5040280818939209
Result: instance_prob3.dat, 0, -577.71, 0, 1165131879
now 2026-07-14 11:34:34 -0400; start 2026-07-12 21:39:27 -0400; time-start 136506.107465321; maxWall 8640000.0
getAlgoResultsForInstsAndParams.
  Trial 1 for calling: bash NSGA2.sh instance_prob1.dat "" 1000000000.0000001 2147483647 1319408815 -pc 0.6 -pm 0.1 > /tmp/tmp-2026-07-1411:34:34-0.872100830078125
Executing cmd: bash NSGA2.sh instance_prob1.dat "" 1000000000.0000001 2147483647 1319408815 -pc 0.6 -pm 0.1 > /tmp/tmp-2026-07-1411:34:34-0.872100830078125
Result: instance_prob1.dat, 0, -650.27, 0, 1319408815
now 2026-07-14 11:37:49 -0400; start 2026-07-12 21:39:27 -0400; time-start 136701.617174287; maxWall 8640000.0
getAlgoResultsForInstsAndParams.
  Trial 1 for calling: bash NSGA2.sh instance_param1.dat "" 1000000000.0000001 2147483647 2074744000 -pc 0.6 -pm 0.1 > /tmp/tmp-2026-07-1411:37:49-0.6989123821258545
Executing cmd: bash NSGA2.sh instance_param1.dat "" 1000000000.0000001 2147483647 2074744000 -pc 0.6 -pm 0.1 > /tmp/tmp-2026-07-1411:37:49-0.6989123821258545
Result: instance_param1.dat, 0, -920.07, 0, 2074744000
now 2026-07-14 11:37:49 -0400; start 2026-07-12 21:39:27 -0400; time-start 136701.689836418; maxWall 8640000.0
getAlgoResultsForInstsAndParams.
  Trial 1 for calling: bash NSGA2.sh instance_param2.dat "" 1000000000.0000001 2147483647 1733138286 -pc 0.6 -pm 0.1 > /tmp/tmp-2026-07-1411:37:49-0.43404507637023926
Executing cmd: bash NSGA2.sh instance_param2.dat "" 1000000000.0000001 2147483647 1733138286 -pc 0.6 -pm 0.1 > /tmp/tmp-2026-07-1411:37:49-0.43404507637023926
Result: instance_param2.dat, 0, -717.59, 0, 1733138286
now 2026-07-14 11:37:49 -0400; start 2026-07-12 21:39:27 -0400; time-start 136701.762782661; maxWall 8640000.0
getAlgoResultsForInstsAndParams.
  Trial 1 for calling: bash NSGA2.sh instance_prob4.dat "" 1000000000.0000001 2147483647 685541044 -pc 0.6 -pm 0.1 > /tmp/tmp-2026-07-1411:37:49-0.5907256603240967
Executing cmd: bash NSGA2.sh instance_prob4.dat "" 1000000000.0000001 2147483647 685541044 -pc 0.6 -pm 0.1 > /tmp/tmp-2026-07-1411:37:49-0.5907256603240967
Result: instance_prob4.dat, 0, -591.79, 0, 685541044
now 2026-07-14 11:43:12 -0400; start 2026-07-12 21:39:27 -0400; time-start 137024.45030922; maxWall 8640000.0
getAlgoResultsForInstsAndParams.
  Trial 1 for calling: bash NSGA2.sh instance_prob2.dat "" 1000000000.0000001 2147483647 13935469 -pc 0.6 -pm 0.1 > /tmp/tmp-2026-07-1411:43:12-0.22688579559326172
Executing cmd: bash NSGA2.sh instance_prob2.dat "" 1000000000.0000001 2147483647 13935469 -pc 0.6 -pm 0.1 > /tmp/tmp-2026-07-1411:43:12-0.22688579559326172
Result: instance_prob2.dat, 0, -695.75, 0, 13935469
now 2026-07-14 11:49:26 -0400; start 2026-07-12 21:39:27 -0400; time-start 137398.312376453; maxWall 8640000.0
getAlgoResultsForInstsAndParams.
  Trial 1 for calling: bash NSGA2.sh instance_param1.dat "" 1000000000.0000001 2147483647 462720224 -pc 0.6 -pm 0.1 > /tmp/tmp-2026-07-1411:49:26-0.2972264289855957
Executing cmd: bash NSGA2.sh instance_param1.dat "" 1000000000.0000001 2147483647 462720224 -pc 0.6 -pm 0.1 > /tmp/tmp-2026-07-1411:49:26-0.2972264289855957
Result: instance_param1.dat, 0, -920.07, 0, 462720224
now 2026-07-14 11:49:26 -0400; start 2026-07-12 21:39:27 -0400; time-start 137398.383286164; maxWall 8640000.0
getAlgoResultsForInstsAndParams.
  Trial 1 for calling: bash NSGA2.sh instance_prob3.dat "" 1000000000.0000001 2147483647 1524734467 -pc 0.6 -pm 0.1 > /tmp/tmp-2026-07-1411:49:26-0.39443111419677734
Executing cmd: bash NSGA2.sh instance_prob3.dat "" 1000000000.0000001 2147483647 1524734467 -pc 0.6 -pm 0.1 > /tmp/tmp-2026-07-1411:49:26-0.39443111419677734
Result: instance_prob3.dat, 0, -577.71, 0, 1524734467
now 2026-07-14 11:54:37 -0400; start 2026-07-12 21:39:27 -0400; time-start 137709.485939863; maxWall 8640000.0
getAlgoResultsForInstsAndParams.
  Trial 1 for calling: bash NSGA2.sh instance_prob4.dat "" 1000000000.0000001 2147483647 1736731097 -pc 0.6 -pm 0.1 > /tmp/tmp-2026-07-1411:54:37-0.9453411102294922
Executing cmd: bash NSGA2.sh instance_prob4.dat "" 1000000000.0000001 2147483647 1736731097 -pc 0.6 -pm 0.1 > /tmp/tmp-2026-07-1411:54:37-0.9453411102294922
Result: instance_prob4.dat, 0, -591.79, 0, 1736731097
          -> Take improving step to neighbour pc=0.6 pm=0.1 (-693.7333333333333 [based on 45 runs with cutoff 1000000000.0]) with flip 51

          
============= Performing 1 bonus runs of state: pc=0.6 pm=0.1 (-693.7333333333333 [based on 45 runs with cutoff 1000000000.0]) ============ 

now 2026-07-14 11:59:47 -0400; start 2026-07-12 21:39:27 -0400; time-start 138019.874803407; maxWall 8640000.0
State wants more detail (45+1) than incumbent (45), doing incumbent first:
pc=0.6 pm=0.1 (-693.7333333333333 [based on 45 runs with cutoff 1000000000.0])
pc=0.6 pm=0.05 (-693.7333333333333 [based on 45 runs with cutoff 1000000000.0])
getAlgoResultsForInstsAndParams.
  Trial 1 for calling: bash NSGA2.sh instance_prob1.dat "" 1000000000.0000001 2147483647 251330698 -pc 0.6 -pm 0.05 > /tmp/tmp-2026-07-1411:59:47-0.056221961975097656
Executing cmd: bash NSGA2.sh instance_prob1.dat "" 1000000000.0000001 2147483647 251330698 -pc 0.6 -pm 0.05 > /tmp/tmp-2026-07-1411:59:47-0.056221961975097656
Result: instance_prob1.dat, 0, -650.27, 0, 251330698
 Same incumbent, new precision:
New Incumbent: 65.60000000000055, -692.7826086956521 [46, 1000000000.0]. With state pc=0.6, pm=0.05
getAlgoResultsForInstsAndParams.
  Trial 1 for calling: bash NSGA2.sh instance_prob1.dat "" 1000000000.0000001 2147483647 251330698 -pc 0.6 -pm 0.1 > /tmp/tmp-2026-07-1412:02:43-0.4224848747253418
Executing cmd: bash NSGA2.sh instance_prob1.dat "" 1000000000.0000001 2147483647 251330698 -pc 0.6 -pm 0.1 > /tmp/tmp-2026-07-1412:02:43-0.4224848747253418
Result: instance_prob1.dat, 0, -650.27, 0, 251330698
          -> After 1 bonus runs: pc=0.6 pm=0.1 (-692.7826086956521 [based on 46 runs with cutoff 1000000000.0])

now 2026-07-14 12:06:26 -0400; start 2026-07-12 21:39:27 -0400; time-start 138418.382307897; maxWall 8640000.0
now 2026-07-14 12:06:26 -0400; start 2026-07-12 21:39:27 -0400; time-start 138418.382386924; maxWall 8640000.0
now 2026-07-14 12:06:26 -0400; start 2026-07-12 21:39:27 -0400; time-start 138418.38245817; maxWall 8640000.0
now 2026-07-14 12:06:26 -0400; start 2026-07-12 21:39:27 -0400; time-start 138418.38249402; maxWall 8640000.0
now 2026-07-14 12:06:26 -0400; start 2026-07-12 21:39:27 -0400; time-start 138418.38252619; maxWall 8640000.0
now 2026-07-14 12:06:26 -0400; start 2026-07-12 21:39:27 -0400; time-start 138418.38255763; maxWall 8640000.0
now 2026-07-14 12:06:26 -0400; start 2026-07-12 21:39:27 -0400; time-start 138418.382589096; maxWall 8640000.0
now 2026-07-14 12:06:26 -0400; start 2026-07-12 21:39:27 -0400; time-start 138418.382621191; maxWall 8640000.0
          
============= Performing 0 bonus runs of state: pc=0.6 pm=0.1 (-692.7826086956521 [based on 46 runs with cutoff 1000000000.0]) ============ 

          -> After 0 bonus runs for LM: pc=0.6 pm=0.1 (-692.7826086956521 [based on 46 runs with cutoff 1000000000.0])

   LM for iteration 3: pc=0.6 pm=0.1 (-692.7826086956521 [based on 46 runs with cutoff 1000000000.0])

========== DETAILED RESULTS (iteration 3): ==========
[["instance_param3.dat", 0.0, -705, 0.0, 76593332], ["instance_param3.dat", 0.0, -705, 0.0, 579399830], ["instance_param3.dat", 0.0, -705, 0.0, 1189509930], ["instance_param3.dat", 0.0, -705, 0.0, 82106444], ["instance_param3.dat", 0.0, -705, 0.0, 2085269448], ["instance_param3.dat", 0.0, -705, 0.0, 1392514437]]
[["instance_prob3.dat", 0.0, -577, 0.0, 2070231575], ["instance_prob3.dat", 0.0, -577, 0.0, 184242589], ["instance_prob3.dat", 0.0, -577, 0.0, 1729884984], ["instance_prob3.dat", 0.0, -577, 0.0, 720721666], ["instance_prob3.dat", 0.0, -577, 0.0, 222014735], ["instance_prob3.dat", 0.0, -577, 0.0, 1165131879], ["instance_prob3.dat", 0.0, -577, 0.0, 1524734467]]
[["instance_prob2.dat", 0.0, -695, 0.0, 678174566], ["instance_prob2.dat", 0.0, -695, 0.0, 936818155], ["instance_prob2.dat", 0.0, -695, 0.0, 45849524], ["instance_prob2.dat", 0.0, -695, 0.0, 637566358], ["instance_prob2.dat", 0.0, -695, 0.0, 2106584775], ["instance_prob2.dat", 0.0, -695, 0.0, 13935469]]
[["instance_param1.dat", 0.0, -920, 0.0, 1180947612], ["instance_param1.dat", 0.0, -920, 0.0, 1367662510], ["instance_param1.dat", 0.0, -920, 0.0, 945548968], ["instance_param1.dat", 0.0, -920, 0.0, 673948927], ["instance_param1.dat", 0.0, -920, 0.0, 1548605805], ["instance_param1.dat", 0.0, -920, 0.0, 2074744000], ["instance_param1.dat", 0.0, -920, 0.0, 462720224]]
[["instance_prob4.dat", 0.0, -591, 0.0, 1841889657], ["instance_prob4.dat", 0.0, -591, 0.0, 284264236], ["instance_prob4.dat", 0.0, -591, 0.0, 1289636003], ["instance_prob4.dat", 0.0, -591, 0.0, 64315970], ["instance_prob4.dat", 0.0, -591, 0.0, 129161248], ["instance_prob4.dat", 0.0, -591, 0.0, 685541044], ["instance_prob4.dat", 0.0, -591, 0.0, 1736731097]]
[["instance_param2.dat", 0.0, -717, 0.0, 1561765848], ["instance_param2.dat", 0.0, -717, 0.0, 371836214], ["instance_param2.dat", 0.0, -717, 0.0, 1526896590], ["instance_param2.dat", 0.0, -717, 0.0, 1036556068], ["instance_param2.dat", 0.0, -717, 0.0, 515552351], ["instance_param2.dat", 0.0, -717, 0.0, 1733138286]]
[["instance_prob1.dat", 0.0, -650, 0.0, 331991908], ["instance_prob1.dat", 0.0, -650, 0.0, 1970933906], ["instance_prob1.dat", 0.0, -650, 0.0, 1374493268], ["instance_prob1.dat", 0.0, -650, 0.0, 205845687], ["instance_prob1.dat", 0.0, -650, 0.0, 1686488978], ["instance_prob1.dat", 0.0, -650, 0.0, 1319408815], ["instance_prob1.dat", 0.0, -650, 0.0, 251330698]]
instance_param3.dat: -705.0		[based on 6 runs]
instance_prob3.dat: -577		[based on 7 runs]
instance_prob2.dat: -695.0		[based on 6 runs]
instance_param1.dat: -920		[based on 7 runs]
instance_prob4.dat: -591		[based on 7 runs]
instance_param2.dat: -717.0		[based on 6 runs]
instance_prob1.dat: -650		[based on 7 runs]
================================================

==================================================================
Best parameter configuration found so far (end of iteration 3): pc=0.6, pm=0.05
==================================================================
Training quality of this incumbent parameter configuration: -692.7826086956521, based on 46 runs with cutoff 1000000000.0
==================================================================

Comparing LM against incumbent:
pc=0.6 pm=0.1 (-692.7826086956521 [based on 46 runs with cutoff 1000000000.0])
pc=0.6 pm=0.05 (-692.7826086956521 [based on 46 runs with cutoff 1000000000.0])
LM better, change incumbent
New Incumbent: 65.70000000000054, -692.7826086956521 [46, 1000000000.0]. With state pc=0.6, pm=0.1
   Accepting new better local optimum: pc=0.6 pm=0.1 (-692.7826086956521 [based on 46 runs with cutoff 1000000000.0])
now 2026-07-14 12:06:26 -0400; start 2026-07-12 21:39:27 -0400; time-start 138418.383917943; maxWall 8640000.0
657/100000, 65.70000000000054/100000000.0
iteration 4, flip 53, evaluation count 657
    perturb to ---> pc=0.6 pm=0.05 (-692.7826086956521 [based on 46 runs with cutoff 1000000000.0])
    perturb to ---> pc=0.95 pm=0.05 (-686.0555555555555 [based on 18 runs with cutoff 1000000000.0])
    perturb to ---> pc=0.5 pm=0.05 (-686.375 [based on 16 runs with cutoff 1000000000.0])
getAlgoResultsForInstsAndParams.
  Trial 1 for calling: bash NSGA2.sh instance_param2.dat "" 1000000000.0000001 2147483647 1526896590 -pc 0.5 -pm 0.05 > /tmp/tmp-2026-07-1412:06:26-0.8260645866394043
Executing cmd: bash NSGA2.sh instance_param2.dat "" 1000000000.0000001 2147483647 1526896590 -pc 0.5 -pm 0.05 > /tmp/tmp-2026-07-1412:06:26-0.8260645866394043
Result: instance_param2.dat, 0, -717.59, 0, 1526896590
   BLS in iteration 4, start with pc=0.5 pm=0.05 (-688.1764705882352 [based on 17 runs with cutoff 1000000000.0])
now 2026-07-14 12:06:26 -0400; start 2026-07-12 21:39:27 -0400; time-start 138418.454323644; maxWall 8640000.0
now 2026-07-14 12:06:26 -0400; start 2026-07-12 21:39:27 -0400; time-start 138418.454393195; maxWall 8640000.0
    Changing ["pm: 0.05->0.1"], evaluating ...
getAlgoResultsForInstsAndParams.
  Trial 1 for calling: bash NSGA2.sh instance_prob1.dat "" 1000000000.0000001 2147483647 1374493268 -pc 0.5 -pm 0.05 > /tmp/tmp-2026-07-1412:06:26-0.19550752639770508
Executing cmd: bash NSGA2.sh instance_prob1.dat "" 1000000000.0000001 2147483647 1374493268 -pc 0.5 -pm 0.05 > /tmp/tmp-2026-07-1412:06:26-0.19550752639770508
Result: instance_prob1.dat, 0, -650.27, 0, 1374493268
          -> Take improving step to neighbour pc=0.5 pm=0.1 (-693.7333333333333 [based on 45 runs with cutoff 1000000000.0]) with flip 53

          
============= Performing 1 bonus runs of state: pc=0.5 pm=0.1 (-693.7333333333333 [based on 45 runs with cutoff 1000000000.0]) ============ 

now 2026-07-14 12:09:40 -0400; start 2026-07-12 21:39:27 -0400; time-start 138612.744105025; maxWall 8640000.0
getAlgoResultsForInstsAndParams.
  Trial 1 for calling: bash NSGA2.sh instance_prob1.dat "" 1000000000.0000001 2147483647 251330698 -pc 0.5 -pm 0.1 > /tmp/tmp-2026-07-1412:09:40-0.6320362091064453
Executing cmd: bash NSGA2.sh instance_prob1.dat "" 1000000000.0000001 2147483647 251330698 -pc 0.5 -pm 0.1 > /tmp/tmp-2026-07-1412:09:40-0.6320362091064453
Result: instance_prob1.dat, 0, -650.27, 0, 251330698
          -> After 1 bonus runs: pc=0.5 pm=0.1 (-692.7826086956521 [based on 46 runs with cutoff 1000000000.0])

now 2026-07-14 12:13:09 -0400; start 2026-07-12 21:39:27 -0400; time-start 138821.09384575; maxWall 8640000.0
now 2026-07-14 12:13:09 -0400; start 2026-07-12 21:39:27 -0400; time-start 138821.093921461; maxWall 8640000.0
    Changing ["pc: 0.5->0.95"], evaluating ...
getAlgoResultsForInstsAndParams.
  Trial 1 for calling: bash NSGA2.sh instance_prob3.dat "" 1000000000.0000001 2147483647 1524734467 -pc 0.95 -pm 0.1 > /tmp/tmp-2026-07-1412:13:09-0.3536834716796875
Executing cmd: bash NSGA2.sh instance_prob3.dat "" 1000000000.0000001 2147483647 1524734467 -pc 0.95 -pm 0.1 > /tmp/tmp-2026-07-1412:13:09-0.3536834716796875
Result: instance_prob3.dat, 0, -577.71, 0, 1524734467
now 2026-07-14 12:18:33 -0400; start 2026-07-12 21:39:27 -0400; time-start 139145.406706077; maxWall 8640000.0
getAlgoResultsForInstsAndParams.
  Trial 1 for calling: bash NSGA2.sh instance_prob4.dat "" 1000000000.0000001 2147483647 1736731097 -pc 0.95 -pm 0.1 > /tmp/tmp-2026-07-1412:18:33-0.2216506004333496
Executing cmd: bash NSGA2.sh instance_prob4.dat "" 1000000000.0000001 2147483647 1736731097 -pc 0.95 -pm 0.1 > /tmp/tmp-2026-07-1412:18:33-0.2216506004333496
Result: instance_prob4.dat, 0, -591.79, 0, 1736731097
now 2026-07-14 12:23:53 -0400; start 2026-07-12 21:39:27 -0400; time-start 139465.500433233; maxWall 8640000.0
getAlgoResultsForInstsAndParams.
  Trial 1 for calling: bash NSGA2.sh instance_prob1.dat "" 1000000000.0000001 2147483647 251330698 -pc 0.95 -pm 0.1 > /tmp/tmp-2026-07-1412:23:53-0.6856298446655273
Executing cmd: bash NSGA2.sh instance_prob1.dat "" 1000000000.0000001 2147483647 251330698 -pc 0.95 -pm 0.1 > /tmp/tmp-2026-07-1412:23:53-0.6856298446655273
Result: instance_prob1.dat, 0, -650.27, 0, 251330698
          -> Take improving step to neighbour pc=0.95 pm=0.1 (-692.7826086956521 [based on 46 runs with cutoff 1000000000.0]) with flip 54

          
============= Performing 1 bonus runs of state: pc=0.95 pm=0.1 (-692.7826086956521 [based on 46 runs with cutoff 1000000000.0]) ============ 

now 2026-07-14 12:27:17 -0400; start 2026-07-12 21:39:27 -0400; time-start 139669.797386936; maxWall 8640000.0
State wants more detail (46+1) than incumbent (46), doing incumbent first:
pc=0.95 pm=0.1 (-692.7826086956521 [based on 46 runs with cutoff 1000000000.0])
pc=0.6 pm=0.1 (-692.7826086956521 [based on 46 runs with cutoff 1000000000.0])
getAlgoResultsForInstsAndParams.
  Trial 1 for calling: bash NSGA2.sh instance_param3.dat "" 1000000000.0000001 2147483647 1313848922 -pc 0.6 -pm 0.1 > /tmp/tmp-2026-07-1412:27:17-0.3356168270111084
Executing cmd: bash NSGA2.sh instance_param3.dat "" 1000000000.0000001 2147483647 1313848922 -pc 0.6 -pm 0.1 > /tmp/tmp-2026-07-1412:27:17-0.3356168270111084
Result: instance_param3.dat, 0, -705.56, 0, 1313848922
 Same incumbent, new precision:
New Incumbent: 66.4000000000005, -693.0425531914893 [47, 1000000000.0]. With state pc=0.6, pm=0.1
getAlgoResultsForInstsAndParams.
  Trial 1 for calling: bash NSGA2.sh instance_param3.dat "" 1000000000.0000001 2147483647 1313848922 -pc 0.95 -pm 0.1 > /tmp/tmp-2026-07-1412:27:17-0.18651938438415527
Executing cmd: bash NSGA2.sh instance_param3.dat "" 1000000000.0000001 2147483647 1313848922 -pc 0.95 -pm 0.1 > /tmp/tmp-2026-07-1412:27:17-0.18651938438415527
Result: instance_param3.dat, 0, -705.56, 0, 1313848922
          -> After 1 bonus runs: pc=0.95 pm=0.1 (-693.0425531914893 [based on 47 runs with cutoff 1000000000.0])

now 2026-07-14 12:27:17 -0400; start 2026-07-12 21:39:27 -0400; time-start 139669.956548555; maxWall 8640000.0
now 2026-07-14 12:27:17 -0400; start 2026-07-12 21:39:27 -0400; time-start 139669.956627524; maxWall 8640000.0
    Changing ["pm: 0.1->0.3"], evaluating ...
getAlgoResultsForInstsAndParams.
  Trial 1 for calling: bash NSGA2.sh instance_prob1.dat "" 1000000000.0000001 2147483647 1374493268 -pc 0.95 -pm 0.3 > /tmp/tmp-2026-07-1412:27:17-0.40703022480010986
Executing cmd: bash NSGA2.sh instance_prob1.dat "" 1000000000.0000001 2147483647 1374493268 -pc 0.95 -pm 0.3 > /tmp/tmp-2026-07-1412:27:17-0.40703022480010986
Result: instance_prob1.dat, 0, -650.27, 0, 1374493268
now 2026-07-14 12:31:52 -0400; start 2026-07-12 21:39:27 -0400; time-start 139944.263109114; maxWall 8640000.0
getAlgoResultsForInstsAndParams.
  Trial 1 for calling: bash NSGA2.sh instance_param3.dat "" 1000000000.0000001 2147483647 1189509930 -pc 0.95 -pm 0.3 > /tmp/tmp-2026-07-1412:31:52-0.008106231689453125
Executing cmd: bash NSGA2.sh instance_param3.dat "" 1000000000.0000001 2147483647 1189509930 -pc 0.95 -pm 0.3 > /tmp/tmp-2026-07-1412:31:52-0.008106231689453125
Result: instance_param3.dat, 0, -705.56, 0, 1189509930
now 2026-07-14 12:31:52 -0400; start 2026-07-12 21:39:27 -0400; time-start 139944.338460989; maxWall 8640000.0
getAlgoResultsForInstsAndParams.
  Trial 1 for calling: bash NSGA2.sh instance_prob4.dat "" 1000000000.0000001 2147483647 1289636003 -pc 0.95 -pm 0.3 > /tmp/tmp-2026-07-1412:31:52-0.17273235321044922
Executing cmd: bash NSGA2.sh instance_prob4.dat "" 1000000000.0000001 2147483647 1289636003 -pc 0.95 -pm 0.3 > /tmp/tmp-2026-07-1412:31:52-0.17273235321044922
Result: instance_prob4.dat, 0, -591.79, 0, 1289636003
now 2026-07-14 12:39:27 -0400; start 2026-07-12 21:39:27 -0400; time-start 140400.041288069; maxWall 8640000.0
getAlgoResultsForInstsAndParams.
  Trial 1 for calling: bash NSGA2.sh instance_param1.dat "" 1000000000.0000001 2147483647 945548968 -pc 0.95 -pm 0.3 > /tmp/tmp-2026-07-1412:39:27-0.7478617429733276
Executing cmd: bash NSGA2.sh instance_param1.dat "" 1000000000.0000001 2147483647 945548968 -pc 0.95 -pm 0.3 > /tmp/tmp-2026-07-1412:39:27-0.7478617429733276
Result: instance_param1.dat, 0, -920.07, 0, 945548968
now 2026-07-14 12:39:28 -0400; start 2026-07-12 21:39:27 -0400; time-start 140400.115134389; maxWall 8640000.0
getAlgoResultsForInstsAndParams.
  Trial 1 for calling: bash NSGA2.sh instance_param2.dat "" 1000000000.0000001 2147483647 1036556068 -pc 0.95 -pm 0.3 > /tmp/tmp-2026-07-1412:39:28-0.3708763122558594
Executing cmd: bash NSGA2.sh instance_param2.dat "" 1000000000.0000001 2147483647 1036556068 -pc 0.95 -pm 0.3 > /tmp/tmp-2026-07-1412:39:28-0.3708763122558594
Result: instance_param2.dat, 0, -717.59, 0, 1036556068
now 2026-07-14 12:39:28 -0400; start 2026-07-12 21:39:27 -0400; time-start 140400.187428094; maxWall 8640000.0
getAlgoResultsForInstsAndParams.
  Trial 1 for calling: bash NSGA2.sh instance_param3.dat "" 1000000000.0000001 2147483647 82106444 -pc 0.95 -pm 0.3 > /tmp/tmp-2026-07-1412:39:28-0.1989612579345703
Executing cmd: bash NSGA2.sh instance_param3.dat "" 1000000000.0000001 2147483647 82106444 -pc 0.95 -pm 0.3 > /tmp/tmp-2026-07-1412:39:28-0.1989612579345703
Result: instance_param3.dat, 0, -705.56, 0, 82106444
now 2026-07-14 12:39:28 -0400; start 2026-07-12 21:39:27 -0400; time-start 140400.260583236; maxWall 8640000.0
getAlgoResultsForInstsAndParams.
  Trial 1 for calling: bash NSGA2.sh instance_prob4.dat "" 1000000000.0000001 2147483647 64315970 -pc 0.95 -pm 0.3 > /tmp/tmp-2026-07-1412:39:28-0.5894622802734375
Executing cmd: bash NSGA2.sh instance_prob4.dat "" 1000000000.0000001 2147483647 64315970 -pc 0.95 -pm 0.3 > /tmp/tmp-2026-07-1412:39:28-0.5894622802734375
Result: instance_prob4.dat, 0, -591.79, 0, 64315970
now 2026-07-14 12:47:02 -0400; start 2026-07-12 21:39:27 -0400; time-start 140854.94087487; maxWall 8640000.0
getAlgoResultsForInstsAndParams.
  Trial 1 for calling: bash NSGA2.sh instance_prob1.dat "" 1000000000.0000001 2147483647 205845687 -pc 0.95 -pm 0.3 > /tmp/tmp-2026-07-1412:47:02-0.014936447143554688
Executing cmd: bash NSGA2.sh instance_prob1.dat "" 1000000000.0000001 2147483647 205845687 -pc 0.95 -pm 0.3 > /tmp/tmp-2026-07-1412:47:02-0.014936447143554688
Result: instance_prob1.dat, 0, -650.27, 0, 205845687
now 2026-07-14 12:52:49 -0400; start 2026-07-12 21:39:27 -0400; time-start 141201.685572763; maxWall 8640000.0
getAlgoResultsForInstsAndParams.
  Trial 1 for calling: bash NSGA2.sh instance_param1.dat "" 1000000000.0000001 2147483647 673948927 -pc 0.95 -pm 0.3 > /tmp/tmp-2026-07-1412:52:49-0.4384615421295166
Executing cmd: bash NSGA2.sh instance_param1.dat "" 1000000000.0000001 2147483647 673948927 -pc 0.95 -pm 0.3 > /tmp/tmp-2026-07-1412:52:49-0.4384615421295166
Result: instance_param1.dat, 0, -920.07, 0, 673948927
now 2026-07-14 12:52:49 -0400; start 2026-07-12 21:39:27 -0400; time-start 141201.76421431; maxWall 8640000.0
getAlgoResultsForInstsAndParams.
  Trial 1 for calling: bash NSGA2.sh instance_prob2.dat "" 1000000000.0000001 2147483647 637566358 -pc 0.95 -pm 0.3 > /tmp/tmp-2026-07-1412:52:49-0.9460108280181885
Executing cmd: bash NSGA2.sh instance_prob2.dat "" 1000000000.0000001 2147483647 637566358 -pc 0.95 -pm 0.3 > /tmp/tmp-2026-07-1412:52:49-0.9460108280181885
Result: instance_prob2.dat, 0, -695.75, 0, 637566358
now 2026-07-14 13:00:06 -0400; start 2026-07-12 21:39:27 -0400; time-start 141639.058705444; maxWall 8640000.0
getAlgoResultsForInstsAndParams.
  Trial 1 for calling: bash NSGA2.sh instance_prob3.dat "" 1000000000.0000001 2147483647 720721666 -pc 0.95 -pm 0.3 > /tmp/tmp-2026-07-1413:00:06-0.9039047956466675
Executing cmd: bash NSGA2.sh instance_prob3.dat "" 1000000000.0000001 2147483647 720721666 -pc 0.95 -pm 0.3 > /tmp/tmp-2026-07-1413:00:06-0.9039047956466675
Result: instance_prob3.dat, 0, -577.71, 0, 720721666
now 2026-07-14 13:09:34 -0400; start 2026-07-12 21:39:27 -0400; time-start 142206.530040466; maxWall 8640000.0
getAlgoResultsForInstsAndParams.
  Trial 1 for calling: bash NSGA2.sh instance_param3.dat "" 1000000000.0000001 2147483647 2085269448 -pc 0.95 -pm 0.3 > /tmp/tmp-2026-07-1413:09:34-0.44835543632507324
Executing cmd: bash NSGA2.sh instance_param3.dat "" 1000000000.0000001 2147483647 2085269448 -pc 0.95 -pm 0.3 > /tmp/tmp-2026-07-1413:09:34-0.44835543632507324
Result: instance_param3.dat, 0, -705.56, 0, 2085269448
now 2026-07-14 13:09:34 -0400; start 2026-07-12 21:39:27 -0400; time-start 142206.611003601; maxWall 8640000.0
getAlgoResultsForInstsAndParams.
  Trial 1 for calling: bash NSGA2.sh instance_prob2.dat "" 1000000000.0000001 2147483647 2106584775 -pc 0.95 -pm 0.3 > /tmp/tmp-2026-07-1413:09:34-0.15627813339233398
Executing cmd: bash NSGA2.sh instance_prob2.dat "" 1000000000.0000001 2147483647 2106584775 -pc 0.95 -pm 0.3 > /tmp/tmp-2026-07-1413:09:34-0.15627813339233398
Result: instance_prob2.dat, 0, -695.75, 0, 2106584775
now 2026-07-14 13:17:28 -0400; start 2026-07-12 21:39:27 -0400; time-start 142680.147748689; maxWall 8640000.0
getAlgoResultsForInstsAndParams.
  Trial 1 for calling: bash NSGA2.sh instance_param2.dat "" 1000000000.0000001 2147483647 515552351 -pc 0.95 -pm 0.3 > /tmp/tmp-2026-07-1413:17:28-0.4447917938232422
Executing cmd: bash NSGA2.sh instance_param2.dat "" 1000000000.0000001 2147483647 515552351 -pc 0.95 -pm 0.3 > /tmp/tmp-2026-07-1413:17:28-0.4447917938232422
Result: instance_param2.dat, 0, -717.59, 0, 515552351
now 2026-07-14 13:17:28 -0400; start 2026-07-12 21:39:27 -0400; time-start 142680.227865918; maxWall 8640000.0
getAlgoResultsForInstsAndParams.
  Trial 1 for calling: bash NSGA2.sh instance_prob4.dat "" 1000000000.0000001 2147483647 129161248 -pc 0.95 -pm 0.3 > /tmp/tmp-2026-07-1413:17:28-0.5511808395385742
Executing cmd: bash NSGA2.sh instance_prob4.dat "" 1000000000.0000001 2147483647 129161248 -pc 0.95 -pm 0.3 > /tmp/tmp-2026-07-1413:17:28-0.5511808395385742
Result: instance_prob4.dat, 0, -591.79, 0, 129161248
now 2026-07-14 13:25:41 -0400; start 2026-07-12 21:39:27 -0400; time-start 143173.370096469; maxWall 8640000.0
getAlgoResultsForInstsAndParams.
  Trial 1 for calling: bash NSGA2.sh instance_param1.dat "" 1000000000.0000001 2147483647 1548605805 -pc 0.95 -pm 0.3 > /tmp/tmp-2026-07-1413:25:41-0.8656868934631348
Executing cmd: bash NSGA2.sh instance_param1.dat "" 1000000000.0000001 2147483647 1548605805 -pc 0.95 -pm 0.3 > /tmp/tmp-2026-07-1413:25:41-0.8656868934631348
Result: instance_param1.dat, 0, -920.07, 0, 1548605805
now 2026-07-14 13:25:41 -0400; start 2026-07-12 21:39:27 -0400; time-start 143173.444549219; maxWall 8640000.0
getAlgoResultsForInstsAndParams.
  Trial 1 for calling: bash NSGA2.sh instance_prob3.dat "" 1000000000.0000001 2147483647 222014735 -pc 0.95 -pm 0.3 > /tmp/tmp-2026-07-1413:25:41-0.6729578971862793
Executing cmd: bash NSGA2.sh instance_prob3.dat "" 1000000000.0000001 2147483647 222014735 -pc 0.95 -pm 0.3 > /tmp/tmp-2026-07-1413:25:41-0.6729578971862793
Result: instance_prob3.dat, 0, -577.71, 0, 222014735
now 2026-07-14 13:34:05 -0400; start 2026-07-12 21:39:27 -0400; time-start 143677.389486519; maxWall 8640000.0
getAlgoResultsForInstsAndParams.
  Trial 1 for calling: bash NSGA2.sh instance_prob1.dat "" 1000000000.0000001 2147483647 1686488978 -pc 0.95 -pm 0.3 > /tmp/tmp-2026-07-1413:34:05-0.8705120086669922
Executing cmd: bash NSGA2.sh instance_prob1.dat "" 1000000000.0000001 2147483647 1686488978 -pc 0.95 -pm 0.3 > /tmp/tmp-2026-07-1413:34:05-0.8705120086669922
Result: instance_prob1.dat, 0, -650.27, 0, 1686488978
now 2026-07-14 13:38:45 -0400; start 2026-07-12 21:39:27 -0400; time-start 143957.226632754; maxWall 8640000.0
getAlgoResultsForInstsAndParams.
  Trial 1 for calling: bash NSGA2.sh instance_param3.dat "" 1000000000.0000001 2147483647 1392514437 -pc 0.95 -pm 0.3 > /tmp/tmp-2026-07-1413:38:45-0.4937429428100586
Executing cmd: bash NSGA2.sh instance_param3.dat "" 1000000000.0000001 2147483647 1392514437 -pc 0.95 -pm 0.3 > /tmp/tmp-2026-07-1413:38:45-0.4937429428100586
Result: instance_param3.dat, 0, -705.56, 0, 1392514437
now 2026-07-14 13:38:45 -0400; start 2026-07-12 21:39:27 -0400; time-start 143957.304207384; maxWall 8640000.0
getAlgoResultsForInstsAndParams.
  Trial 1 for calling: bash NSGA2.sh instance_prob3.dat "" 1000000000.0000001 2147483647 1165131879 -pc 0.95 -pm 0.3 > /tmp/tmp-2026-07-1413:38:45-0.12850618362426758
Executing cmd: bash NSGA2.sh instance_prob3.dat "" 1000000000.0000001 2147483647 1165131879 -pc 0.95 -pm 0.3 > /tmp/tmp-2026-07-1413:38:45-0.12850618362426758
Result: instance_prob3.dat, 0, -577.71, 0, 1165131879
now 2026-07-14 13:49:49 -0400; start 2026-07-12 21:39:27 -0400; time-start 144621.123199879; maxWall 8640000.0
getAlgoResultsForInstsAndParams.
  Trial 1 for calling: bash NSGA2.sh instance_prob1.dat "" 1000000000.0000001 2147483647 1319408815 -pc 0.95 -pm 0.3 > /tmp/tmp-2026-07-1413:49:49-0.5490837097167969
Executing cmd: bash NSGA2.sh instance_prob1.dat "" 1000000000.0000001 2147483647 1319408815 -pc 0.95 -pm 0.3 > /tmp/tmp-2026-07-1413:49:49-0.5490837097167969
Result: instance_prob1.dat, 0, -650.27, 0, 1319408815
now 2026-07-14 13:55:22 -0400; start 2026-07-12 21:39:27 -0400; time-start 144954.254235529; maxWall 8640000.0
getAlgoResultsForInstsAndParams.
  Trial 1 for calling: bash NSGA2.sh instance_param1.dat "" 1000000000.0000001 2147483647 2074744000 -pc 0.95 -pm 0.3 > /tmp/tmp-2026-07-1413:55:22-0.8540859222412109
Executing cmd: bash NSGA2.sh instance_param1.dat "" 1000000000.0000001 2147483647 2074744000 -pc 0.95 -pm 0.3 > /tmp/tmp-2026-07-1413:55:22-0.8540859222412109
Result: instance_param1.dat, 0, -920.07, 0, 2074744000
now 2026-07-14 13:55:22 -0400; start 2026-07-12 21:39:27 -0400; time-start 144954.327726613; maxWall 8640000.0
getAlgoResultsForInstsAndParams.
  Trial 1 for calling: bash NSGA2.sh instance_param2.dat "" 1000000000.0000001 2147483647 1733138286 -pc 0.95 -pm 0.3 > /tmp/tmp-2026-07-1413:55:22-0.24759340286254883
Executing cmd: bash NSGA2.sh instance_param2.dat "" 1000000000.0000001 2147483647 1733138286 -pc 0.95 -pm 0.3 > /tmp/tmp-2026-07-1413:55:22-0.24759340286254883
Result: instance_param2.dat, 0, -717.59, 0, 1733138286
now 2026-07-14 13:55:22 -0400; start 2026-07-12 21:39:27 -0400; time-start 144954.402590319; maxWall 8640000.0
getAlgoResultsForInstsAndParams.
  Trial 1 for calling: bash NSGA2.sh instance_prob4.dat "" 1000000000.0000001 2147483647 685541044 -pc 0.95 -pm 0.3 > /tmp/tmp-2026-07-1413:55:22-0.5686197280883789
Executing cmd: bash NSGA2.sh instance_prob4.dat "" 1000000000.0000001 2147483647 685541044 -pc 0.95 -pm 0.3 > /tmp/tmp-2026-07-1413:55:22-0.5686197280883789
Result: instance_prob4.dat, 0, -591.79, 0, 685541044
now 2026-07-14 14:03:55 -0400; start 2026-07-12 21:39:27 -0400; time-start 145467.249042635; maxWall 8640000.0
getAlgoResultsForInstsAndParams.
  Trial 1 for calling: bash NSGA2.sh instance_prob2.dat "" 1000000000.0000001 2147483647 13935469 -pc 0.95 -pm 0.3 > /tmp/tmp-2026-07-1414:03:55-0.3342142105102539
Executing cmd: bash NSGA2.sh instance_prob2.dat "" 1000000000.0000001 2147483647 13935469 -pc 0.95 -pm 0.3 > /tmp/tmp-2026-07-1414:03:55-0.3342142105102539
Result: instance_prob2.dat, 0, -695.75, 0, 13935469
now 2026-07-14 14:11:09 -0400; start 2026-07-12 21:39:27 -0400; time-start 145901.938645516; maxWall 8640000.0
getAlgoResultsForInstsAndParams.
  Trial 1 for calling: bash NSGA2.sh instance_param1.dat "" 1000000000.0000001 2147483647 462720224 -pc 0.95 -pm 0.3 > /tmp/tmp-2026-07-1414:11:09-0.5286353826522827
Executing cmd: bash NSGA2.sh instance_param1.dat "" 1000000000.0000001 2147483647 462720224 -pc 0.95 -pm 0.3 > /tmp/tmp-2026-07-1414:11:09-0.5286353826522827
Result: instance_param1.dat, 0, -920.07, 0, 462720224
now 2026-07-14 14:11:09 -0400; start 2026-07-12 21:39:27 -0400; time-start 145902.014506056; maxWall 8640000.0
getAlgoResultsForInstsAndParams.
  Trial 1 for calling: bash NSGA2.sh instance_prob3.dat "" 1000000000.0000001 2147483647 1524734467 -pc 0.95 -pm 0.3 > /tmp/tmp-2026-07-1414:11:09-0.08992481231689453
Executing cmd: bash NSGA2.sh instance_prob3.dat "" 1000000000.0000001 2147483647 1524734467 -pc 0.95 -pm 0.3 > /tmp/tmp-2026-07-1414:11:09-0.08992481231689453
Result: instance_prob3.dat, 0, -577.71, 0, 1524734467
now 2026-07-14 14:19:02 -0400; start 2026-07-12 21:39:27 -0400; time-start 146374.785667514; maxWall 8640000.0
getAlgoResultsForInstsAndParams.
  Trial 1 for calling: bash NSGA2.sh instance_prob4.dat "" 1000000000.0000001 2147483647 1736731097 -pc 0.95 -pm 0.3 > /tmp/tmp-2026-07-1414:19:02-0.13245606422424316
Executing cmd: bash NSGA2.sh instance_prob4.dat "" 1000000000.0000001 2147483647 1736731097 -pc 0.95 -pm 0.3 > /tmp/tmp-2026-07-1414:19:02-0.13245606422424316
Result: instance_prob4.dat, 0, -591.79, 0, 1736731097
now 2026-07-14 14:26:38 -0400; start 2026-07-12 21:39:27 -0400; time-start 146830.200911081; maxWall 8640000.0
getAlgoResultsForInstsAndParams.
  Trial 1 for calling: bash NSGA2.sh instance_prob1.dat "" 1000000000.0000001 2147483647 251330698 -pc 0.95 -pm 0.3 > /tmp/tmp-2026-07-1414:26:38-0.6583137512207031
Executing cmd: bash NSGA2.sh instance_prob1.dat "" 1000000000.0000001 2147483647 251330698 -pc 0.95 -pm 0.3 > /tmp/tmp-2026-07-1414:26:38-0.6583137512207031
Result: instance_prob1.dat, 0, -650.27, 0, 251330698
now 2026-07-14 14:31:38 -0400; start 2026-07-12 21:39:27 -0400; time-start 147130.884556723; maxWall 8640000.0
getAlgoResultsForInstsAndParams.
  Trial 1 for calling: bash NSGA2.sh instance_param3.dat "" 1000000000.0000001 2147483647 1313848922 -pc 0.95 -pm 0.3 > /tmp/tmp-2026-07-1414:31:38-0.17674565315246582
Executing cmd: bash NSGA2.sh instance_param3.dat "" 1000000000.0000001 2147483647 1313848922 -pc 0.95 -pm 0.3 > /tmp/tmp-2026-07-1414:31:38-0.17674565315246582
Result: instance_param3.dat, 0, -705.56, 0, 1313848922
          -> Take improving step to neighbour pc=0.95 pm=0.3 (-693.0425531914893 [based on 47 runs with cutoff 1000000000.0]) with flip 55

          
============= Performing 1 bonus runs of state: pc=0.95 pm=0.3 (-693.0425531914893 [based on 47 runs with cutoff 1000000000.0]) ============ 

now 2026-07-14 14:31:38 -0400; start 2026-07-12 21:39:27 -0400; time-start 147130.964642478; maxWall 8640000.0
State wants more detail (47+1) than incumbent (47), doing incumbent first:
pc=0.95 pm=0.3 (-693.0425531914893 [based on 47 runs with cutoff 1000000000.0])
pc=0.6 pm=0.1 (-693.0425531914893 [based on 47 runs with cutoff 1000000000.0])
getAlgoResultsForInstsAndParams.
  Trial 1 for calling: bash NSGA2.sh instance_prob2.dat "" 1000000000.0000001 2147483647 557599983 -pc 0.6 -pm 0.1 > /tmp/tmp-2026-07-1414:31:38-0.6361178159713745
Executing cmd: bash NSGA2.sh instance_prob2.dat "" 1000000000.0000001 2147483647 557599983 -pc 0.6 -pm 0.1 > /tmp/tmp-2026-07-1414:31:38-0.6361178159713745
Result: instance_prob2.dat, 0, -695.75, 0, 557599983
 Same incumbent, new precision:
New Incumbent: 69.60000000000032, -693.0833333333334 [48, 1000000000.0]. With state pc=0.6, pm=0.1
getAlgoResultsForInstsAndParams.
  Trial 1 for calling: bash NSGA2.sh instance_prob2.dat "" 1000000000.0000001 2147483647 557599983 -pc 0.95 -pm 0.3 > /tmp/tmp-2026-07-1414:36:08-0.9010324478149414
Executing cmd: bash NSGA2.sh instance_prob2.dat "" 1000000000.0000001 2147483647 557599983 -pc 0.95 -pm 0.3 > /tmp/tmp-2026-07-1414:36:08-0.9010324478149414
Result: instance_prob2.dat, 0, -695.75, 0, 557599983
          -> After 1 bonus runs: pc=0.95 pm=0.3 (-693.0833333333334 [based on 48 runs with cutoff 1000000000.0])

now 2026-07-14 14:44:18 -0400; start 2026-07-12 21:39:27 -0400; time-start 147890.42669906; maxWall 8640000.0
now 2026-07-14 14:44:18 -0400; start 2026-07-12 21:39:27 -0400; time-start 147890.426761453; maxWall 8640000.0
    Changing ["pm: 0.3->0.05"], evaluating ...
getAlgoResultsForInstsAndParams.
  Trial 1 for calling: bash NSGA2.sh instance_param3.dat "" 1000000000.0000001 2147483647 1189509930 -pc 0.95 -pm 0.05 > /tmp/tmp-2026-07-1414:44:18-0.8323655128479004
Executing cmd: bash NSGA2.sh instance_param3.dat "" 1000000000.0000001 2147483647 1189509930 -pc 0.95 -pm 0.05 > /tmp/tmp-2026-07-1414:44:18-0.8323655128479004
Result: instance_param3.dat, 0, -705.56, 0, 1189509930
now 2026-07-14 14:44:18 -0400; start 2026-07-12 21:39:27 -0400; time-start 147890.499279437; maxWall 8640000.0
getAlgoResultsForInstsAndParams.
  Trial 1 for calling: bash NSGA2.sh instance_prob4.dat "" 1000000000.0000001 2147483647 1289636003 -pc 0.95 -pm 0.05 > /tmp/tmp-2026-07-1414:44:18-0.20454168319702148
Executing cmd: bash NSGA2.sh instance_prob4.dat "" 1000000000.0000001 2147483647 1289636003 -pc 0.95 -pm 0.05 > /tmp/tmp-2026-07-1414:44:18-0.20454168319702148
Result: instance_prob4.dat, 0, -591.79, 0, 1289636003
now 2026-07-14 14:49:14 -0400; start 2026-07-12 21:39:27 -0400; time-start 148187.068563932; maxWall 8640000.0
getAlgoResultsForInstsAndParams.
  Trial 1 for calling: bash NSGA2.sh instance_param1.dat "" 1000000000.0000001 2147483647 945548968 -pc 0.95 -pm 0.05 > /tmp/tmp-2026-07-1414:49:14-0.19842743873596191
Executing cmd: bash NSGA2.sh instance_param1.dat "" 1000000000.0000001 2147483647 945548968 -pc 0.95 -pm 0.05 > /tmp/tmp-2026-07-1414:49:14-0.19842743873596191
Result: instance_param1.dat, 0, -920.07, 0, 945548968
now 2026-07-14 14:49:15 -0400; start 2026-07-12 21:39:27 -0400; time-start 148187.143688094; maxWall 8640000.0
getAlgoResultsForInstsAndParams.
  Trial 1 for calling: bash NSGA2.sh instance_param2.dat "" 1000000000.0000001 2147483647 1036556068 -pc 0.95 -pm 0.05 > /tmp/tmp-2026-07-1414:49:15-0.11186408996582031
Executing cmd: bash NSGA2.sh instance_param2.dat "" 1000000000.0000001 2147483647 1036556068 -pc 0.95 -pm 0.05 > /tmp/tmp-2026-07-1414:49:15-0.11186408996582031
Result: instance_param2.dat, 0, -717.59, 0, 1036556068
now 2026-07-14 14:49:15 -0400; start 2026-07-12 21:39:27 -0400; time-start 148187.215550484; maxWall 8640000.0
getAlgoResultsForInstsAndParams.
  Trial 1 for calling: bash NSGA2.sh instance_param3.dat "" 1000000000.0000001 2147483647 82106444 -pc 0.95 -pm 0.05 > /tmp/tmp-2026-07-1414:49:15-0.6124944686889648
Executing cmd: bash NSGA2.sh instance_param3.dat "" 1000000000.0000001 2147483647 82106444 -pc 0.95 -pm 0.05 > /tmp/tmp-2026-07-1414:49:15-0.6124944686889648
Result: instance_param3.dat, 0, -705.56, 0, 82106444
702/100000, 70.20000000000029/100000000.0
now 2026-07-14 14:49:15 -0400; start 2026-07-12 21:39:27 -0400; time-start 148187.287715969; maxWall 8640000.0
getAlgoResultsForInstsAndParams.
  Trial 1 for calling: bash NSGA2.sh instance_prob4.dat "" 1000000000.0000001 2147483647 64315970 -pc 0.95 -pm 0.05 > /tmp/tmp-2026-07-1414:49:15-0.8618030548095703
Executing cmd: bash NSGA2.sh instance_prob4.dat "" 1000000000.0000001 2147483647 64315970 -pc 0.95 -pm 0.05 > /tmp/tmp-2026-07-1414:49:15-0.8618030548095703
Result: instance_prob4.dat, 0, -591.79, 0, 64315970
now 2026-07-14 14:54:13 -0400; start 2026-07-12 21:39:27 -0400; time-start 148485.729632116; maxWall 8640000.0
getAlgoResultsForInstsAndParams.
  Trial 1 for calling: bash NSGA2.sh instance_prob1.dat "" 1000000000.0000001 2147483647 205845687 -pc 0.95 -pm 0.05 > /tmp/tmp-2026-07-1414:54:13-0.9834551811218262
Executing cmd: bash NSGA2.sh instance_prob1.dat "" 1000000000.0000001 2147483647 205845687 -pc 0.95 -pm 0.05 > /tmp/tmp-2026-07-1414:54:13-0.9834551811218262
Result: instance_prob1.dat, 0, -650.27, 0, 205845687
now 2026-07-14 14:57:39 -0400; start 2026-07-12 21:39:27 -0400; time-start 148691.792639503; maxWall 8640000.0
getAlgoResultsForInstsAndParams.
  Trial 1 for calling: bash NSGA2.sh instance_param1.dat "" 1000000000.0000001 2147483647 673948927 -pc 0.95 -pm 0.05 > /tmp/tmp-2026-07-1414:57:39-0.7317585945129395
Executing cmd: bash NSGA2.sh instance_param1.dat "" 1000000000.0000001 2147483647 673948927 -pc 0.95 -pm 0.05 > /tmp/tmp-2026-07-1414:57:39-0.7317585945129395
Result: instance_param1.dat, 0, -920.07, 0, 673948927
now 2026-07-14 14:57:39 -0400; start 2026-07-12 21:39:27 -0400; time-start 148691.872364516; maxWall 8640000.0
getAlgoResultsForInstsAndParams.
  Trial 1 for calling: bash NSGA2.sh instance_prob2.dat "" 1000000000.0000001 2147483647 637566358 -pc 0.95 -pm 0.05 > /tmp/tmp-2026-07-1414:57:39-0.9654788970947266
Executing cmd: bash NSGA2.sh instance_prob2.dat "" 1000000000.0000001 2147483647 637566358 -pc 0.95 -pm 0.05 > /tmp/tmp-2026-07-1414:57:39-0.9654788970947266
Result: instance_prob2.dat, 0, -695.75, 0, 637566358
now 2026-07-14 15:01:22 -0400; start 2026-07-12 21:39:27 -0400; time-start 148914.590706588; maxWall 8640000.0
getAlgoResultsForInstsAndParams.
  Trial 1 for calling: bash NSGA2.sh instance_prob3.dat "" 1000000000.0000001 2147483647 720721666 -pc 0.95 -pm 0.05 > /tmp/tmp-2026-07-1415:01:22-0.8538720607757568
Executing cmd: bash NSGA2.sh instance_prob3.dat "" 1000000000.0000001 2147483647 720721666 -pc 0.95 -pm 0.05 > /tmp/tmp-2026-07-1415:01:22-0.8538720607757568
Result: instance_prob3.dat, 0, -577.71, 0, 720721666
now 2026-07-14 15:06:54 -0400; start 2026-07-12 21:39:27 -0400; time-start 149246.791926847; maxWall 8640000.0
getAlgoResultsForInstsAndParams.
  Trial 1 for calling: bash NSGA2.sh instance_param3.dat "" 1000000000.0000001 2147483647 2085269448 -pc 0.95 -pm 0.05 > /tmp/tmp-2026-07-1415:06:54-0.3372185230255127
Executing cmd: bash NSGA2.sh instance_param3.dat "" 1000000000.0000001 2147483647 2085269448 -pc 0.95 -pm 0.05 > /tmp/tmp-2026-07-1415:06:54-0.3372185230255127
Result: instance_param3.dat, 0, -705.56, 0, 2085269448
now 2026-07-14 15:06:54 -0400; start 2026-07-12 21:39:27 -0400; time-start 149246.86643371; maxWall 8640000.0
getAlgoResultsForInstsAndParams.
  Trial 1 for calling: bash NSGA2.sh instance_prob2.dat "" 1000000000.0000001 2147483647 2106584775 -pc 0.95 -pm 0.05 > /tmp/tmp-2026-07-1415:06:54-0.41660261154174805
Executing cmd: bash NSGA2.sh instance_prob2.dat "" 1000000000.0000001 2147483647 2106584775 -pc 0.95 -pm 0.05 > /tmp/tmp-2026-07-1415:06:54-0.41660261154174805
Result: instance_prob2.dat, 0, -695.75, 0, 2106584775
now 2026-07-14 15:10:38 -0400; start 2026-07-12 21:39:27 -0400; time-start 149470.891990386; maxWall 8640000.0
getAlgoResultsForInstsAndParams.
  Trial 1 for calling: bash NSGA2.sh instance_param2.dat "" 1000000000.0000001 2147483647 515552351 -pc 0.95 -pm 0.05 > /tmp/tmp-2026-07-1415:10:38-0.018855571746826172
Executing cmd: bash NSGA2.sh instance_param2.dat "" 1000000000.0000001 2147483647 515552351 -pc 0.95 -pm 0.05 > /tmp/tmp-2026-07-1415:10:38-0.018855571746826172
Result: instance_param2.dat, 0, -717.59, 0, 515552351
now 2026-07-14 15:10:38 -0400; start 2026-07-12 21:39:27 -0400; time-start 149470.964413435; maxWall 8640000.0
getAlgoResultsForInstsAndParams.
  Trial 1 for calling: bash NSGA2.sh instance_prob4.dat "" 1000000000.0000001 2147483647 129161248 -pc 0.95 -pm 0.05 > /tmp/tmp-2026-07-1415:10:38-0.11796772480010986
Executing cmd: bash NSGA2.sh instance_prob4.dat "" 1000000000.0000001 2147483647 129161248 -pc 0.95 -pm 0.05 > /tmp/tmp-2026-07-1415:10:38-0.11796772480010986
Result: instance_prob4.dat, 0, -591.79, 0, 129161248
now 2026-07-14 15:15:36 -0400; start 2026-07-12 21:39:27 -0400; time-start 149768.105930636; maxWall 8640000.0
getAlgoResultsForInstsAndParams.
  Trial 1 for calling: bash NSGA2.sh instance_param1.dat "" 1000000000.0000001 2147483647 1548605805 -pc 0.95 -pm 0.05 > /tmp/tmp-2026-07-1415:15:36-0.6773452758789062
Executing cmd: bash NSGA2.sh instance_param1.dat "" 1000000000.0000001 2147483647 1548605805 -pc 0.95 -pm 0.05 > /tmp/tmp-2026-07-1415:15:36-0.6773452758789062
Result: instance_param1.dat, 0, -920.07, 0, 1548605805
now 2026-07-14 15:15:36 -0400; start 2026-07-12 21:39:27 -0400; time-start 149768.178577752; maxWall 8640000.0
getAlgoResultsForInstsAndParams.
  Trial 1 for calling: bash NSGA2.sh instance_prob3.dat "" 1000000000.0000001 2147483647 222014735 -pc 0.95 -pm 0.05 > /tmp/tmp-2026-07-1415:15:36-0.35690879821777344
Executing cmd: bash NSGA2.sh instance_prob3.dat "" 1000000000.0000001 2147483647 222014735 -pc 0.95 -pm 0.05 > /tmp/tmp-2026-07-1415:15:36-0.35690879821777344
Result: instance_prob3.dat, 0, -577.71, 0, 222014735
now 2026-07-14 15:21:07 -0400; start 2026-07-12 21:39:27 -0400; time-start 150099.566935023; maxWall 8640000.0
getAlgoResultsForInstsAndParams.
  Trial 1 for calling: bash NSGA2.sh instance_prob1.dat "" 1000000000.0000001 2147483647 1686488978 -pc 0.95 -pm 0.05 > /tmp/tmp-2026-07-1415:21:07-0.05566740036010742
Executing cmd: bash NSGA2.sh instance_prob1.dat "" 1000000000.0000001 2147483647 1686488978 -pc 0.95 -pm 0.05 > /tmp/tmp-2026-07-1415:21:07-0.05566740036010742
Result: instance_prob1.dat, 0, -650.27, 0, 1686488978
now 2026-07-14 15:24:14 -0400; start 2026-07-12 21:39:27 -0400; time-start 150286.615339778; maxWall 8640000.0
getAlgoResultsForInstsAndParams.
  Trial 1 for calling: bash NSGA2.sh instance_param3.dat "" 1000000000.0000001 2147483647 1392514437 -pc 0.95 -pm 0.05 > /tmp/tmp-2026-07-1415:24:14-0.5585360527038574
Executing cmd: bash NSGA2.sh instance_param3.dat "" 1000000000.0000001 2147483647 1392514437 -pc 0.95 -pm 0.05 > /tmp/tmp-2026-07-1415:24:14-0.5585360527038574
Result: instance_param3.dat, 0, -705.56, 0, 1392514437
now 2026-07-14 15:24:14 -0400; start 2026-07-12 21:39:27 -0400; time-start 150286.691762039; maxWall 8640000.0
getAlgoResultsForInstsAndParams.
  Trial 1 for calling: bash NSGA2.sh instance_prob3.dat "" 1000000000.0000001 2147483647 1165131879 -pc 0.95 -pm 0.05 > /tmp/tmp-2026-07-1415:24:14-0.4035050868988037
Executing cmd: bash NSGA2.sh instance_prob3.dat "" 1000000000.0000001 2147483647 1165131879 -pc 0.95 -pm 0.05 > /tmp/tmp-2026-07-1415:24:14-0.4035050868988037
Result: instance_prob3.dat, 0, -577.71, 0, 1165131879
now 2026-07-14 15:29:42 -0400; start 2026-07-12 21:39:27 -0400; time-start 150614.477763694; maxWall 8640000.0
getAlgoResultsForInstsAndParams.
  Trial 1 for calling: bash NSGA2.sh instance_prob1.dat "" 1000000000.0000001 2147483647 1319408815 -pc 0.95 -pm 0.05 > /tmp/tmp-2026-07-1415:29:42-0.013443470001220703
Executing cmd: bash NSGA2.sh instance_prob1.dat "" 1000000000.0000001 2147483647 1319408815 -pc 0.95 -pm 0.05 > /tmp/tmp-2026-07-1415:29:42-0.013443470001220703
Result: instance_prob1.dat, 0, -650.27, 0, 1319408815
now 2026-07-14 15:33:06 -0400; start 2026-07-12 21:39:27 -0400; time-start 150819.024241721; maxWall 8640000.0
getAlgoResultsForInstsAndParams.
  Trial 1 for calling: bash NSGA2.sh instance_param1.dat "" 1000000000.0000001 2147483647 2074744000 -pc 0.95 -pm 0.05 > /tmp/tmp-2026-07-1415:33:06-0.8410005569458008
Executing cmd: bash NSGA2.sh instance_param1.dat "" 1000000000.0000001 2147483647 2074744000 -pc 0.95 -pm 0.05 > /tmp/tmp-2026-07-1415:33:06-0.8410005569458008
Result: instance_param1.dat, 0, -920.07, 0, 2074744000
now 2026-07-14 15:33:07 -0400; start 2026-07-12 21:39:27 -0400; time-start 150819.096339889; maxWall 8640000.0
getAlgoResultsForInstsAndParams.
  Trial 1 for calling: bash NSGA2.sh instance_param2.dat "" 1000000000.0000001 2147483647 1733138286 -pc 0.95 -pm 0.05 > /tmp/tmp-2026-07-1415:33:07-0.2227783203125
Executing cmd: bash NSGA2.sh instance_param2.dat "" 1000000000.0000001 2147483647 1733138286 -pc 0.95 -pm 0.05 > /tmp/tmp-2026-07-1415:33:07-0.2227783203125
Result: instance_param2.dat, 0, -717.59, 0, 1733138286
now 2026-07-14 15:33:07 -0400; start 2026-07-12 21:39:27 -0400; time-start 150819.166646753; maxWall 8640000.0
getAlgoResultsForInstsAndParams.
  Trial 1 for calling: bash NSGA2.sh instance_prob4.dat "" 1000000000.0000001 2147483647 685541044 -pc 0.95 -pm 0.05 > /tmp/tmp-2026-07-1415:33:07-0.2066497802734375
Executing cmd: bash NSGA2.sh instance_prob4.dat "" 1000000000.0000001 2147483647 685541044 -pc 0.95 -pm 0.05 > /tmp/tmp-2026-07-1415:33:07-0.2066497802734375
Result: instance_prob4.dat, 0, -591.79, 0, 685541044
now 2026-07-14 15:38:15 -0400; start 2026-07-12 21:39:27 -0400; time-start 151127.433154994; maxWall 8640000.0
getAlgoResultsForInstsAndParams.
  Trial 1 for calling: bash NSGA2.sh instance_prob2.dat "" 1000000000.0000001 2147483647 13935469 -pc 0.95 -pm 0.05 > /tmp/tmp-2026-07-1415:38:15-0.160430908203125
Executing cmd: bash NSGA2.sh instance_prob2.dat "" 1000000000.0000001 2147483647 13935469 -pc 0.95 -pm 0.05 > /tmp/tmp-2026-07-1415:38:15-0.160430908203125
Result: instance_prob2.dat, 0, -695.75, 0, 13935469
now 2026-07-14 15:42:22 -0400; start 2026-07-12 21:39:27 -0400; time-start 151374.105423271; maxWall 8640000.0
getAlgoResultsForInstsAndParams.
  Trial 1 for calling: bash NSGA2.sh instance_param1.dat "" 1000000000.0000001 2147483647 462720224 -pc 0.95 -pm 0.05 > /tmp/tmp-2026-07-1415:42:22-0.6059722900390625
Executing cmd: bash NSGA2.sh instance_param1.dat "" 1000000000.0000001 2147483647 462720224 -pc 0.95 -pm 0.05 > /tmp/tmp-2026-07-1415:42:22-0.6059722900390625
Result: instance_param1.dat, 0, -920.07, 0, 462720224
now 2026-07-14 15:42:22 -0400; start 2026-07-12 21:39:27 -0400; time-start 151374.177356615; maxWall 8640000.0
getAlgoResultsForInstsAndParams.
  Trial 1 for calling: bash NSGA2.sh instance_prob3.dat "" 1000000000.0000001 2147483647 1524734467 -pc 0.95 -pm 0.05 > /tmp/tmp-2026-07-1415:42:22-0.8362388610839844
Executing cmd: bash NSGA2.sh instance_prob3.dat "" 1000000000.0000001 2147483647 1524734467 -pc 0.95 -pm 0.05 > /tmp/tmp-2026-07-1415:42:22-0.8362388610839844
Result: instance_prob3.dat, 0, -577.71, 0, 1524734467
now 2026-07-14 15:47:43 -0400; start 2026-07-12 21:39:27 -0400; time-start 151695.755485923; maxWall 8640000.0
getAlgoResultsForInstsAndParams.
  Trial 1 for calling: bash NSGA2.sh instance_prob4.dat "" 1000000000.0000001 2147483647 1736731097 -pc 0.95 -pm 0.05 > /tmp/tmp-2026-07-1415:47:43-0.7690103054046631
Executing cmd: bash NSGA2.sh instance_prob4.dat "" 1000000000.0000001 2147483647 1736731097 -pc 0.95 -pm 0.05 > /tmp/tmp-2026-07-1415:47:43-0.7690103054046631
Result: instance_prob4.dat, 0, -591.79, 0, 1736731097
now 2026-07-14 15:53:09 -0400; start 2026-07-12 21:39:27 -0400; time-start 152021.403827946; maxWall 8640000.0
getAlgoResultsForInstsAndParams.
  Trial 1 for calling: bash NSGA2.sh instance_prob1.dat "" 1000000000.0000001 2147483647 251330698 -pc 0.95 -pm 0.05 > /tmp/tmp-2026-07-1415:53:09-0.8171310424804688
Executing cmd: bash NSGA2.sh instance_prob1.dat "" 1000000000.0000001 2147483647 251330698 -pc 0.95 -pm 0.05 > /tmp/tmp-2026-07-1415:53:09-0.8171310424804688
Result: instance_prob1.dat, 0, -650.27, 0, 251330698
now 2026-07-14 15:56:10 -0400; start 2026-07-12 21:39:27 -0400; time-start 152202.582920934; maxWall 8640000.0
getAlgoResultsForInstsAndParams.
  Trial 1 for calling: bash NSGA2.sh instance_param3.dat "" 1000000000.0000001 2147483647 1313848922 -pc 0.95 -pm 0.05 > /tmp/tmp-2026-07-1415:56:10-0.5945014953613281
Executing cmd: bash NSGA2.sh instance_param3.dat "" 1000000000.0000001 2147483647 1313848922 -pc 0.95 -pm 0.05 > /tmp/tmp-2026-07-1415:56:10-0.5945014953613281
Result: instance_param3.dat, 0, -705.56, 0, 1313848922
now 2026-07-14 15:56:10 -0400; start 2026-07-12 21:39:27 -0400; time-start 152202.656010967; maxWall 8640000.0
getAlgoResultsForInstsAndParams.
  Trial 1 for calling: bash NSGA2.sh instance_prob2.dat "" 1000000000.0000001 2147483647 557599983 -pc 0.95 -pm 0.05 > /tmp/tmp-2026-07-1415:56:10-0.6498658657073975
Executing cmd: bash NSGA2.sh instance_prob2.dat "" 1000000000.0000001 2147483647 557599983 -pc 0.95 -pm 0.05 > /tmp/tmp-2026-07-1415:56:10-0.6498658657073975
Result: instance_prob2.dat, 0, -695.75, 0, 557599983
          -> Take improving step to neighbour pc=0.95 pm=0.05 (-693.0833333333334 [based on 48 runs with cutoff 1000000000.0]) with flip 56

          
============= Performing 1 bonus runs of state: pc=0.95 pm=0.05 (-693.0833333333334 [based on 48 runs with cutoff 1000000000.0]) ============ 

now 2026-07-14 16:00:13 -0400; start 2026-07-12 21:39:27 -0400; time-start 152445.706678843; maxWall 8640000.0
State wants more detail (48+1) than incumbent (48), doing incumbent first:
pc=0.95 pm=0.05 (-693.0833333333334 [based on 48 runs with cutoff 1000000000.0])
pc=0.6 pm=0.1 (-693.0833333333334 [based on 48 runs with cutoff 1000000000.0])
getAlgoResultsForInstsAndParams.
  Trial 1 for calling: bash NSGA2.sh instance_param2.dat "" 1000000000.0000001 2147483647 789000552 -pc 0.6 -pm 0.1 > /tmp/tmp-2026-07-1416:00:13-0.927941083908081
Executing cmd: bash NSGA2.sh instance_param2.dat "" 1000000000.0000001 2147483647 789000552 -pc 0.6 -pm 0.1 > /tmp/tmp-2026-07-1416:00:13-0.927941083908081
Result: instance_param2.dat, 0, -717.59, 0, 789000552
 Same incumbent, new precision:
New Incumbent: 72.80000000000014, -693.5714285714286 [49, 1000000000.0]. With state pc=0.6, pm=0.1
getAlgoResultsForInstsAndParams.
  Trial 1 for calling: bash NSGA2.sh instance_param2.dat "" 1000000000.0000001 2147483647 789000552 -pc 0.95 -pm 0.05 > /tmp/tmp-2026-07-1416:00:13-0.015845537185668945
Executing cmd: bash NSGA2.sh instance_param2.dat "" 1000000000.0000001 2147483647 789000552 -pc 0.95 -pm 0.05 > /tmp/tmp-2026-07-1416:00:13-0.015845537185668945
Result: instance_param2.dat, 0, -717.59, 0, 789000552
          -> After 1 bonus runs: pc=0.95 pm=0.05 (-693.5714285714286 [based on 49 runs with cutoff 1000000000.0])

now 2026-07-14 16:00:13 -0400; start 2026-07-12 21:39:27 -0400; time-start 152445.871992612; maxWall 8640000.0
now 2026-07-14 16:00:13 -0400; start 2026-07-12 21:39:27 -0400; time-start 152445.872071803; maxWall 8640000.0
now 2026-07-14 16:00:13 -0400; start 2026-07-12 21:39:27 -0400; time-start 152445.872150149; maxWall 8640000.0
    Changing ["pc: 0.95->0.6"], evaluating ...
getAlgoResultsForInstsAndParams.
  Trial 1 for calling: bash NSGA2.sh instance_param3.dat "" 1000000000.0000001 2147483647 1313848922 -pc 0.6 -pm 0.05 > /tmp/tmp-2026-07-1416:00:13-0.10363936424255371
Executing cmd: bash NSGA2.sh instance_param3.dat "" 1000000000.0000001 2147483647 1313848922 -pc 0.6 -pm 0.05 > /tmp/tmp-2026-07-1416:00:13-0.10363936424255371
Result: instance_param3.dat, 0, -705.56, 0, 1313848922
now 2026-07-14 16:00:13 -0400; start 2026-07-12 21:39:27 -0400; time-start 152445.951799303; maxWall 8640000.0
getAlgoResultsForInstsAndParams.
  Trial 1 for calling: bash NSGA2.sh instance_prob2.dat "" 1000000000.0000001 2147483647 557599983 -pc 0.6 -pm 0.05 > /tmp/tmp-2026-07-1416:00:13-0.27205967903137207
Executing cmd: bash NSGA2.sh instance_prob2.dat "" 1000000000.0000001 2147483647 557599983 -pc 0.6 -pm 0.05 > /tmp/tmp-2026-07-1416:00:13-0.27205967903137207
Result: instance_prob2.dat, 0, -695.75, 0, 557599983
now 2026-07-14 16:03:47 -0400; start 2026-07-12 21:39:27 -0400; time-start 152659.346687033; maxWall 8640000.0
getAlgoResultsForInstsAndParams.
  Trial 1 for calling: bash NSGA2.sh instance_param2.dat "" 1000000000.0000001 2147483647 789000552 -pc 0.6 -pm 0.05 > /tmp/tmp-2026-07-1416:03:47-0.05441761016845703
Executing cmd: bash NSGA2.sh instance_param2.dat "" 1000000000.0000001 2147483647 789000552 -pc 0.6 -pm 0.05 > /tmp/tmp-2026-07-1416:03:47-0.05441761016845703
Result: instance_param2.dat, 0, -717.59, 0, 789000552
          -> Take improving step to neighbour pc=0.6 pm=0.05 (-693.5714285714286 [based on 49 runs with cutoff 1000000000.0]) with flip 57

          
============= Performing 1 bonus runs of state: pc=0.6 pm=0.05 (-693.5714285714286 [based on 49 runs with cutoff 1000000000.0]) ============ 

now 2026-07-14 16:03:47 -0400; start 2026-07-12 21:39:27 -0400; time-start 152659.423523516; maxWall 8640000.0
State wants more detail (49+1) than incumbent (49), doing incumbent first:
pc=0.6 pm=0.05 (-693.5714285714286 [based on 49 runs with cutoff 1000000000.0])
pc=0.6 pm=0.1 (-693.5714285714286 [based on 49 runs with cutoff 1000000000.0])
getAlgoResultsForInstsAndParams.
  Trial 1 for calling: bash NSGA2.sh instance_prob1.dat "" 1000000000.0000001 2147483647 1764895294 -pc 0.6 -pm 0.1 > /tmp/tmp-2026-07-1416:03:47-0.0004668235778808594
Executing cmd: bash NSGA2.sh instance_prob1.dat "" 1000000000.0000001 2147483647 1764895294 -pc 0.6 -pm 0.1 > /tmp/tmp-2026-07-1416:03:47-0.0004668235778808594
Result: instance_prob1.dat, 0, -650.27, 0, 1764895294
 Same incumbent, new precision:
New Incumbent: 73.30000000000011, -692.7 [50, 1000000000.0]. With state pc=0.6, pm=0.1
getAlgoResultsForInstsAndParams.
  Trial 1 for calling: bash NSGA2.sh instance_prob1.dat "" 1000000000.0000001 2147483647 1764895294 -pc 0.6 -pm 0.05 > /tmp/tmp-2026-07-1416:07:25-0.10445451736450195
Executing cmd: bash NSGA2.sh instance_prob1.dat "" 1000000000.0000001 2147483647 1764895294 -pc 0.6 -pm 0.05 > /tmp/tmp-2026-07-1416:07:25-0.10445451736450195
Result: instance_prob1.dat, 0, -650.27, 0, 1764895294
          -> After 1 bonus runs: pc=0.6 pm=0.05 (-692.7 [based on 50 runs with cutoff 1000000000.0])

now 2026-07-14 16:10:48 -0400; start 2026-07-12 21:39:27 -0400; time-start 153080.288249865; maxWall 8640000.0
now 2026-07-14 16:10:48 -0400; start 2026-07-12 21:39:27 -0400; time-start 153080.288323285; maxWall 8640000.0
    Changing ["pc: 0.6->0.8"], evaluating ...
getAlgoResultsForInstsAndParams.
  Trial 1 for calling: bash NSGA2.sh instance_param1.dat "" 1000000000.0000001 2147483647 2074744000 -pc 0.8 -pm 0.05 > /tmp/tmp-2026-07-1416:10:48-0.9181861877441406
Executing cmd: bash NSGA2.sh instance_param1.dat "" 1000000000.0000001 2147483647 2074744000 -pc 0.8 -pm 0.05 > /tmp/tmp-2026-07-1416:10:48-0.9181861877441406
Result: instance_param1.dat, 0, -920.07, 0, 2074744000
now 2026-07-14 16:10:48 -0400; start 2026-07-12 21:39:27 -0400; time-start 153080.36086632; maxWall 8640000.0
getAlgoResultsForInstsAndParams.
  Trial 1 for calling: bash NSGA2.sh instance_param2.dat "" 1000000000.0000001 2147483647 1733138286 -pc 0.8 -pm 0.05 > /tmp/tmp-2026-07-1416:10:48-0.9135885238647461
Executing cmd: bash NSGA2.sh instance_param2.dat "" 1000000000.0000001 2147483647 1733138286 -pc 0.8 -pm 0.05 > /tmp/tmp-2026-07-1416:10:48-0.9135885238647461
Result: instance_param2.dat, 0, -717.59, 0, 1733138286
now 2026-07-14 16:10:48 -0400; start 2026-07-12 21:39:27 -0400; time-start 153080.434660567; maxWall 8640000.0
getAlgoResultsForInstsAndParams.
  Trial 1 for calling: bash NSGA2.sh instance_prob4.dat "" 1000000000.0000001 2147483647 685541044 -pc 0.8 -pm 0.05 > /tmp/tmp-2026-07-1416:10:48-0.7157320976257324
Executing cmd: bash NSGA2.sh instance_prob4.dat "" 1000000000.0000001 2147483647 685541044 -pc 0.8 -pm 0.05 > /tmp/tmp-2026-07-1416:10:48-0.7157320976257324
Result: instance_prob4.dat, 0, -591.79, 0, 685541044
now 2026-07-14 16:15:44 -0400; start 2026-07-12 21:39:27 -0400; time-start 153376.484786994; maxWall 8640000.0
getAlgoResultsForInstsAndParams.
  Trial 1 for calling: bash NSGA2.sh instance_prob2.dat "" 1000000000.0000001 2147483647 13935469 -pc 0.8 -pm 0.05 > /tmp/tmp-2026-07-1416:15:44-0.03002023696899414
Executing cmd: bash NSGA2.sh instance_prob2.dat "" 1000000000.0000001 2147483647 13935469 -pc 0.8 -pm 0.05 > /tmp/tmp-2026-07-1416:15:44-0.03002023696899414
Result: instance_prob2.dat, 0, -695.75, 0, 13935469
now 2026-07-14 16:19:22 -0400; start 2026-07-12 21:39:27 -0400; time-start 153595.045941592; maxWall 8640000.0
getAlgoResultsForInstsAndParams.
  Trial 1 for calling: bash NSGA2.sh instance_param1.dat "" 1000000000.0000001 2147483647 462720224 -pc 0.8 -pm 0.05 > /tmp/tmp-2026-07-1416:19:22-0.45313704013824463
Executing cmd: bash NSGA2.sh instance_param1.dat "" 1000000000.0000001 2147483647 462720224 -pc 0.8 -pm 0.05 > /tmp/tmp-2026-07-1416:19:22-0.45313704013824463
Result: instance_param1.dat, 0, -920.07, 0, 462720224
now 2026-07-14 16:19:23 -0400; start 2026-07-12 21:39:27 -0400; time-start 153595.116510563; maxWall 8640000.0
getAlgoResultsForInstsAndParams.
  Trial 1 for calling: bash NSGA2.sh instance_prob3.dat "" 1000000000.0000001 2147483647 1524734467 -pc 0.8 -pm 0.05 > /tmp/tmp-2026-07-1416:19:23-0.2150115966796875
Executing cmd: bash NSGA2.sh instance_prob3.dat "" 1000000000.0000001 2147483647 1524734467 -pc 0.8 -pm 0.05 > /tmp/tmp-2026-07-1416:19:23-0.2150115966796875
Result: instance_prob3.dat, 0, -577.71, 0, 1524734467
now 2026-07-14 16:24:18 -0400; start 2026-07-12 21:39:27 -0400; time-start 153890.64797073; maxWall 8640000.0
getAlgoResultsForInstsAndParams.
  Trial 1 for calling: bash NSGA2.sh instance_prob4.dat "" 1000000000.0000001 2147483647 1736731097 -pc 0.8 -pm 0.05 > /tmp/tmp-2026-07-1416:24:18-0.5064997673034668
Executing cmd: bash NSGA2.sh instance_prob4.dat "" 1000000000.0000001 2147483647 1736731097 -pc 0.8 -pm 0.05 > /tmp/tmp-2026-07-1416:24:18-0.5064997673034668
Result: instance_prob4.dat, 0, -591.79, 0, 1736731097
now 2026-07-14 16:29:34 -0400; start 2026-07-12 21:39:27 -0400; time-start 154206.880561491; maxWall 8640000.0
getAlgoResultsForInstsAndParams.
  Trial 1 for calling: bash NSGA2.sh instance_prob1.dat "" 1000000000.0000001 2147483647 251330698 -pc 0.8 -pm 0.05 > /tmp/tmp-2026-07-1416:29:34-0.4223599433898926
Executing cmd: bash NSGA2.sh instance_prob1.dat "" 1000000000.0000001 2147483647 251330698 -pc 0.8 -pm 0.05 > /tmp/tmp-2026-07-1416:29:34-0.4223599433898926
Result: instance_prob1.dat, 0, -650.27, 0, 251330698
now 2026-07-14 16:32:44 -0400; start 2026-07-12 21:39:27 -0400; time-start 154396.757845701; maxWall 8640000.0
getAlgoResultsForInstsAndParams.
  Trial 1 for calling: bash NSGA2.sh instance_param3.dat "" 1000000000.0000001 2147483647 1313848922 -pc 0.8 -pm 0.05 > /tmp/tmp-2026-07-1416:32:44-0.308699369430542
Executing cmd: bash NSGA2.sh instance_param3.dat "" 1000000000.0000001 2147483647 1313848922 -pc 0.8 -pm 0.05 > /tmp/tmp-2026-07-1416:32:44-0.308699369430542
Result: instance_param3.dat, 0, -705.56, 0, 1313848922
now 2026-07-14 16:32:44 -0400; start 2026-07-12 21:39:27 -0400; time-start 154396.836718808; maxWall 8640000.0
getAlgoResultsForInstsAndParams.
  Trial 1 for calling: bash NSGA2.sh instance_prob2.dat "" 1000000000.0000001 2147483647 557599983 -pc 0.8 -pm 0.05 > /tmp/tmp-2026-07-1416:32:44-0.9454605579376221
Executing cmd: bash NSGA2.sh instance_prob2.dat "" 1000000000.0000001 2147483647 557599983 -pc 0.8 -pm 0.05 > /tmp/tmp-2026-07-1416:32:44-0.9454605579376221
Result: instance_prob2.dat, 0, -695.75, 0, 557599983
now 2026-07-14 16:36:55 -0400; start 2026-07-12 21:39:27 -0400; time-start 154647.21195962; maxWall 8640000.0
getAlgoResultsForInstsAndParams.
  Trial 1 for calling: bash NSGA2.sh instance_param2.dat "" 1000000000.0000001 2147483647 789000552 -pc 0.8 -pm 0.05 > /tmp/tmp-2026-07-1416:36:55-0.4706106185913086
Executing cmd: bash NSGA2.sh instance_param2.dat "" 1000000000.0000001 2147483647 789000552 -pc 0.8 -pm 0.05 > /tmp/tmp-2026-07-1416:36:55-0.4706106185913086
Result: instance_param2.dat, 0, -717.59, 0, 789000552
now 2026-07-14 16:36:55 -0400; start 2026-07-12 21:39:27 -0400; time-start 154647.291435201; maxWall 8640000.0
getAlgoResultsForInstsAndParams.
  Trial 1 for calling: bash NSGA2.sh instance_prob1.dat "" 1000000000.0000001 2147483647 1764895294 -pc 0.8 -pm 0.05 > /tmp/tmp-2026-07-1416:36:55-0.5965166091918945
Executing cmd: bash NSGA2.sh instance_prob1.dat "" 1000000000.0000001 2147483647 1764895294 -pc 0.8 -pm 0.05 > /tmp/tmp-2026-07-1416:36:55-0.5965166091918945
Result: instance_prob1.dat, 0, -650.27, 0, 1764895294
          -> Take improving step to neighbour pc=0.8 pm=0.05 (-692.7 [based on 50 runs with cutoff 1000000000.0]) with flip 58

          
============= Performing 1 bonus runs of state: pc=0.8 pm=0.05 (-692.7 [based on 50 runs with cutoff 1000000000.0]) ============ 

now 2026-07-14 16:40:05 -0400; start 2026-07-12 21:39:27 -0400; time-start 154837.152558785; maxWall 8640000.0
State wants more detail (50+1) than incumbent (50), doing incumbent first:
pc=0.8 pm=0.05 (-692.7 [based on 50 runs with cutoff 1000000000.0])
pc=0.6 pm=0.1 (-692.7 [based on 50 runs with cutoff 1000000000.0])
getAlgoResultsForInstsAndParams.
  Trial 1 for calling: bash NSGA2.sh instance_param2.dat "" 1000000000.0000001 2147483647 149754666 -pc 0.6 -pm 0.1 > /tmp/tmp-2026-07-1416:40:05-0.009191513061523438
Executing cmd: bash NSGA2.sh instance_param2.dat "" 1000000000.0000001 2147483647 149754666 -pc 0.6 -pm 0.1 > /tmp/tmp-2026-07-1416:40:05-0.009191513061523438
Result: instance_param2.dat, 0, -717.59, 0, 149754666
 Same incumbent, new precision:
New Incumbent: 74.70000000000003, -693.1764705882352 [51, 1000000000.0]. With state pc=0.6, pm=0.1
getAlgoResultsForInstsAndParams.
  Trial 1 for calling: bash NSGA2.sh instance_param2.dat "" 1000000000.0000001 2147483647 149754666 -pc 0.8 -pm 0.05 > /tmp/tmp-2026-07-1416:40:05-0.8655557632446289
Executing cmd: bash NSGA2.sh instance_param2.dat "" 1000000000.0000001 2147483647 149754666 -pc 0.8 -pm 0.05 > /tmp/tmp-2026-07-1416:40:05-0.8655557632446289
Result: instance_param2.dat, 0, -717.59, 0, 149754666
          -> After 1 bonus runs: pc=0.8 pm=0.05 (-693.1764705882352 [based on 51 runs with cutoff 1000000000.0])

now 2026-07-14 16:40:05 -0400; start 2026-07-12 21:39:27 -0400; time-start 154837.30202998; maxWall 8640000.0
now 2026-07-14 16:40:05 -0400; start 2026-07-12 21:39:27 -0400; time-start 154837.302114651; maxWall 8640000.0
    Changing ["pm: 0.05->0.5"], evaluating ...
getAlgoResultsForInstsAndParams.
  Trial 1 for calling: bash NSGA2.sh instance_prob2.dat "" 1000000000.0000001 2147483647 13935469 -pc 0.8 -pm 0.5 > /tmp/tmp-2026-07-1416:40:05-0.36298274993896484
Executing cmd: bash NSGA2.sh instance_prob2.dat "" 1000000000.0000001 2147483647 13935469 -pc 0.8 -pm 0.5 > /tmp/tmp-2026-07-1416:40:05-0.36298274993896484
Result: instance_prob2.dat, 0, -695.75, 0, 13935469
now 2026-07-14 16:50:08 -0400; start 2026-07-12 21:39:27 -0400; time-start 155440.340471941; maxWall 8640000.0
getAlgoResultsForInstsAndParams.
  Trial 1 for calling: bash NSGA2.sh instance_param1.dat "" 1000000000.0000001 2147483647 462720224 -pc 0.8 -pm 0.5 > /tmp/tmp-2026-07-1416:50:08-0.9516606330871582
Executing cmd: bash NSGA2.sh instance_param1.dat "" 1000000000.0000001 2147483647 462720224 -pc 0.8 -pm 0.5 > /tmp/tmp-2026-07-1416:50:08-0.9516606330871582
Result: instance_param1.dat, 0, -920.07, 0, 462720224
now 2026-07-14 16:50:08 -0400; start 2026-07-12 21:39:27 -0400; time-start 155440.415234271; maxWall 8640000.0
getAlgoResultsForInstsAndParams.
  Trial 1 for calling: bash NSGA2.sh instance_prob3.dat "" 1000000000.0000001 2147483647 1524734467 -pc 0.8 -pm 0.5 > /tmp/tmp-2026-07-1416:50:08-0.2624359130859375
Executing cmd: bash NSGA2.sh instance_prob3.dat "" 1000000000.0000001 2147483647 1524734467 -pc 0.8 -pm 0.5 > /tmp/tmp-2026-07-1416:50:08-0.2624359130859375
Result: instance_prob3.dat, 0, -577.71, 0, 1524734467
now 2026-07-14 17:02:16 -0400; start 2026-07-12 21:39:27 -0400; time-start 156168.904486175; maxWall 8640000.0
getAlgoResultsForInstsAndParams.
  Trial 1 for calling: bash NSGA2.sh instance_prob4.dat "" 1000000000.0000001 2147483647 1736731097 -pc 0.8 -pm 0.5 > /tmp/tmp-2026-07-1417:02:16-0.3842356204986572
Executing cmd: bash NSGA2.sh instance_prob4.dat "" 1000000000.0000001 2147483647 1736731097 -pc 0.8 -pm 0.5 > /tmp/tmp-2026-07-1417:02:16-0.3842356204986572
Result: instance_prob4.dat, 0, -591.79, 0, 1736731097
now 2026-07-14 17:12:33 -0400; start 2026-07-12 21:39:27 -0400; time-start 156785.965918188; maxWall 8640000.0
getAlgoResultsForInstsAndParams.
  Trial 1 for calling: bash NSGA2.sh instance_prob1.dat "" 1000000000.0000001 2147483647 251330698 -pc 0.8 -pm 0.5 > /tmp/tmp-2026-07-1417:12:33-0.7902870178222656
Executing cmd: bash NSGA2.sh instance_prob1.dat "" 1000000000.0000001 2147483647 251330698 -pc 0.8 -pm 0.5 > /tmp/tmp-2026-07-1417:12:33-0.7902870178222656
Result: instance_prob1.dat, 0, -650.27, 0, 251330698
now 2026-07-14 17:19:03 -0400; start 2026-07-12 21:39:27 -0400; time-start 157175.147265334; maxWall 8640000.0
getAlgoResultsForInstsAndParams.
  Trial 1 for calling: bash NSGA2.sh instance_param3.dat "" 1000000000.0000001 2147483647 1313848922 -pc 0.8 -pm 0.5 > /tmp/tmp-2026-07-1417:19:03-0.6474533081054688
Executing cmd: bash NSGA2.sh instance_param3.dat "" 1000000000.0000001 2147483647 1313848922 -pc 0.8 -pm 0.5 > /tmp/tmp-2026-07-1417:19:03-0.6474533081054688
Result: instance_param3.dat, 0, -705.56, 0, 1313848922
now 2026-07-14 17:19:03 -0400; start 2026-07-12 21:39:27 -0400; time-start 157175.222517489; maxWall 8640000.0
getAlgoResultsForInstsAndParams.
  Trial 1 for calling: bash NSGA2.sh instance_prob2.dat "" 1000000000.0000001 2147483647 557599983 -pc 0.8 -pm 0.5 > /tmp/tmp-2026-07-1417:19:03-0.655787467956543
Executing cmd: bash NSGA2.sh instance_prob2.dat "" 1000000000.0000001 2147483647 557599983 -pc 0.8 -pm 0.5 > /tmp/tmp-2026-07-1417:19:03-0.655787467956543
Result: instance_prob2.dat, 0, -695.75, 0, 557599983
now 2026-07-14 17:30:36 -0400; start 2026-07-12 21:39:27 -0400; time-start 157868.089319801; maxWall 8640000.0
getAlgoResultsForInstsAndParams.
  Trial 1 for calling: bash NSGA2.sh instance_param2.dat "" 1000000000.0000001 2147483647 789000552 -pc 0.8 -pm 0.5 > /tmp/tmp-2026-07-1417:30:36-0.667205810546875
Executing cmd: bash NSGA2.sh instance_param2.dat "" 1000000000.0000001 2147483647 789000552 -pc 0.8 -pm 0.5 > /tmp/tmp-2026-07-1417:30:36-0.667205810546875
Result: instance_param2.dat, 0, -717.59, 0, 789000552
now 2026-07-14 17:30:36 -0400; start 2026-07-12 21:39:27 -0400; time-start 157868.165866537; maxWall 8640000.0
getAlgoResultsForInstsAndParams.
  Trial 1 for calling: bash NSGA2.sh instance_prob1.dat "" 1000000000.0000001 2147483647 1764895294 -pc 0.8 -pm 0.5 > /tmp/tmp-2026-07-1417:30:36-0.4218940734863281
Executing cmd: bash NSGA2.sh instance_prob1.dat "" 1000000000.0000001 2147483647 1764895294 -pc 0.8 -pm 0.5 > /tmp/tmp-2026-07-1417:30:36-0.4218940734863281
Result: instance_prob1.dat, 0, -650.27, 0, 1764895294
now 2026-07-14 17:36:44 -0400; start 2026-07-12 21:39:27 -0400; time-start 158236.984776225; maxWall 8640000.0
getAlgoResultsForInstsAndParams.
  Trial 1 for calling: bash NSGA2.sh instance_param2.dat "" 1000000000.0000001 2147483647 149754666 -pc 0.8 -pm 0.5 > /tmp/tmp-2026-07-1417:36:44-0.02805161476135254
Executing cmd: bash NSGA2.sh instance_param2.dat "" 1000000000.0000001 2147483647 149754666 -pc 0.8 -pm 0.5 > /tmp/tmp-2026-07-1417:36:44-0.02805161476135254
Result: instance_param2.dat, 0, -717.59, 0, 149754666
          -> Take improving step to neighbour pc=0.8 pm=0.5 (-693.1764705882352 [based on 51 runs with cutoff 1000000000.0]) with flip 59

          
============= Performing 1 bonus runs of state: pc=0.8 pm=0.5 (-693.1764705882352 [based on 51 runs with cutoff 1000000000.0]) ============ 

now 2026-07-14 17:36:44 -0400; start 2026-07-12 21:39:27 -0400; time-start 158237.058485952; maxWall 8640000.0
State wants more detail (51+1) than incumbent (51), doing incumbent first:
pc=0.8 pm=0.5 (-693.1764705882352 [based on 51 runs with cutoff 1000000000.0])
pc=0.6 pm=0.1 (-693.1764705882352 [based on 51 runs with cutoff 1000000000.0])
getAlgoResultsForInstsAndParams.
  Trial 1 for calling: bash NSGA2.sh instance_prob3.dat "" 1000000000.0000001 2147483647 1523713353 -pc 0.6 -pm 0.1 > /tmp/tmp-2026-07-1417:36:44-0.5383713245391846
Executing cmd: bash NSGA2.sh instance_prob3.dat "" 1000000000.0000001 2147483647 1523713353 -pc 0.6 -pm 0.1 > /tmp/tmp-2026-07-1417:36:44-0.5383713245391846
Result: instance_prob3.dat, 0, -577.71, 0, 1523713353
 Same incumbent, new precision:
New Incumbent: 75.89999999999996, -690.9423076923077 [52, 1000000000.0]. With state pc=0.6, pm=0.1
getAlgoResultsForInstsAndParams.
  Trial 1 for calling: bash NSGA2.sh instance_prob3.dat "" 1000000000.0000001 2147483647 1523713353 -pc 0.8 -pm 0.5 > /tmp/tmp-2026-07-1417:42:44-0.8608584403991699
Executing cmd: bash NSGA2.sh instance_prob3.dat "" 1000000000.0000001 2147483647 1523713353 -pc 0.8 -pm 0.5 > /tmp/tmp-2026-07-1417:42:44-0.8608584403991699
Result: instance_prob3.dat, 0, -577.71, 0, 1523713353
          -> After 1 bonus runs: pc=0.8 pm=0.5 (-690.9423076923077 [based on 52 runs with cutoff 1000000000.0])

now 2026-07-14 17:53:59 -0400; start 2026-07-12 21:39:27 -0400; time-start 159271.392110882; maxWall 8640000.0
now 2026-07-14 17:53:59 -0400; start 2026-07-12 21:39:27 -0400; time-start 159271.392181414; maxWall 8640000.0
    Changing ["pc: 0.8->0.5"], evaluating ...
getAlgoResultsForInstsAndParams.
  Trial 1 for calling: bash NSGA2.sh instance_param2.dat "" 1000000000.0000001 2147483647 515552351 -pc 0.5 -pm 0.5 > /tmp/tmp-2026-07-1417:53:59-0.3450632095336914
Executing cmd: bash NSGA2.sh instance_param2.dat "" 1000000000.0000001 2147483647 515552351 -pc 0.5 -pm 0.5 > /tmp/tmp-2026-07-1417:53:59-0.3450632095336914
Result: instance_param2.dat, 0, -717.59, 0, 515552351
now 2026-07-14 17:53:59 -0400; start 2026-07-12 21:39:27 -0400; time-start 159271.467243263; maxWall 8640000.0
getAlgoResultsForInstsAndParams.
  Trial 1 for calling: bash NSGA2.sh instance_prob4.dat "" 1000000000.0000001 2147483647 129161248 -pc 0.5 -pm 0.5 > /tmp/tmp-2026-07-1417:53:59-0.3613615036010742
Executing cmd: bash NSGA2.sh instance_prob4.dat "" 1000000000.0000001 2147483647 129161248 -pc 0.5 -pm 0.5 > /tmp/tmp-2026-07-1417:53:59-0.3613615036010742
Result: instance_prob4.dat, 0, -591.79, 0, 129161248
now 2026-07-14 18:03:59 -0400; start 2026-07-12 21:39:27 -0400; time-start 159871.623133479; maxWall 8640000.0
getAlgoResultsForInstsAndParams.
  Trial 1 for calling: bash NSGA2.sh instance_param1.dat "" 1000000000.0000001 2147483647 1548605805 -pc 0.5 -pm 0.5 > /tmp/tmp-2026-07-1418:03:59-0.6160969734191895
Executing cmd: bash NSGA2.sh instance_param1.dat "" 1000000000.0000001 2147483647 1548605805 -pc 0.5 -pm 0.5 > /tmp/tmp-2026-07-1418:03:59-0.6160969734191895
Result: instance_param1.dat, 0, -920.07, 0, 1548605805
now 2026-07-14 18:03:59 -0400; start 2026-07-12 21:39:27 -0400; time-start 159871.699562991; maxWall 8640000.0
getAlgoResultsForInstsAndParams.
  Trial 1 for calling: bash NSGA2.sh instance_prob3.dat "" 1000000000.0000001 2147483647 222014735 -pc 0.5 -pm 0.5 > /tmp/tmp-2026-07-1418:03:59-0.8954486846923828
Executing cmd: bash NSGA2.sh instance_prob3.dat "" 1000000000.0000001 2147483647 222014735 -pc 0.5 -pm 0.5 > /tmp/tmp-2026-07-1418:03:59-0.8954486846923828
Result: instance_prob3.dat, 0, -577.71, 0, 222014735
now 2026-07-14 18:14:51 -0400; start 2026-07-12 21:39:27 -0400; time-start 160523.636310734; maxWall 8640000.0
getAlgoResultsForInstsAndParams.
  Trial 1 for calling: bash NSGA2.sh instance_prob1.dat "" 1000000000.0000001 2147483647 1686488978 -pc 0.5 -pm 0.5 > /tmp/tmp-2026-07-1418:14:51-0.39324522018432617
Executing cmd: bash NSGA2.sh instance_prob1.dat "" 1000000000.0000001 2147483647 1686488978 -pc 0.5 -pm 0.5 > /tmp/tmp-2026-07-1418:14:51-0.39324522018432617
Result: instance_prob1.dat, 0, -650.27, 0, 1686488978
now 2026-07-14 18:20:38 -0400; start 2026-07-12 21:39:27 -0400; time-start 160870.456420125; maxWall 8640000.0
getAlgoResultsForInstsAndParams.
  Trial 1 for calling: bash NSGA2.sh instance_param3.dat "" 1000000000.0000001 2147483647 1392514437 -pc 0.5 -pm 0.5 > /tmp/tmp-2026-07-1418:20:38-0.46692514419555664
Executing cmd: bash NSGA2.sh instance_param3.dat "" 1000000000.0000001 2147483647 1392514437 -pc 0.5 -pm 0.5 > /tmp/tmp-2026-07-1418:20:38-0.46692514419555664
Result: instance_param3.dat, 0, -705.56, 0, 1392514437
now 2026-07-14 18:20:38 -0400; start 2026-07-12 21:39:27 -0400; time-start 160870.533197316; maxWall 8640000.0
getAlgoResultsForInstsAndParams.
  Trial 1 for calling: bash NSGA2.sh instance_prob3.dat "" 1000000000.0000001 2147483647 1165131879 -pc 0.5 -pm 0.5 > /tmp/tmp-2026-07-1418:20:38-0.36076807975769043
Executing cmd: bash NSGA2.sh instance_prob3.dat "" 1000000000.0000001 2147483647 1165131879 -pc 0.5 -pm 0.5 > /tmp/tmp-2026-07-1418:20:38-0.36076807975769043
Result: instance_prob3.dat, 0, -577.71, 0, 1165131879
now 2026-07-14 18:31:54 -0400; start 2026-07-12 21:39:27 -0400; time-start 161547.081331114; maxWall 8640000.0
getAlgoResultsForInstsAndParams.
  Trial 1 for calling: bash NSGA2.sh instance_prob1.dat "" 1000000000.0000001 2147483647 1319408815 -pc 0.5 -pm 0.5 > /tmp/tmp-2026-07-1418:31:54-0.32040834426879883
Executing cmd: bash NSGA2.sh instance_prob1.dat "" 1000000000.0000001 2147483647 1319408815 -pc 0.5 -pm 0.5 > /tmp/tmp-2026-07-1418:31:54-0.32040834426879883
Result: instance_prob1.dat, 0, -650.27, 0, 1319408815
now 2026-07-14 18:39:16 -0400; start 2026-07-12 21:39:27 -0400; time-start 161988.986980428; maxWall 8640000.0
getAlgoResultsForInstsAndParams.
  Trial 1 for calling: bash NSGA2.sh instance_param1.dat "" 1000000000.0000001 2147483647 2074744000 -pc 0.5 -pm 0.5 > /tmp/tmp-2026-07-1418:39:16-0.8946329355239868
Executing cmd: bash NSGA2.sh instance_param1.dat "" 1000000000.0000001 2147483647 2074744000 -pc 0.5 -pm 0.5 > /tmp/tmp-2026-07-1418:39:16-0.8946329355239868
Result: instance_param1.dat, 0, -920.07, 0, 2074744000
now 2026-07-14 18:39:16 -0400; start 2026-07-12 21:39:27 -0400; time-start 161989.061288062; maxWall 8640000.0
getAlgoResultsForInstsAndParams.
  Trial 1 for calling: bash NSGA2.sh instance_param2.dat "" 1000000000.0000001 2147483647 1733138286 -pc 0.5 -pm 0.5 > /tmp/tmp-2026-07-1418:39:16-0.8409680128097534
Executing cmd: bash NSGA2.sh instance_param2.dat "" 1000000000.0000001 2147483647 1733138286 -pc 0.5 -pm 0.5 > /tmp/tmp-2026-07-1418:39:16-0.8409680128097534
Result: instance_param2.dat, 0, -717.59, 0, 1733138286
now 2026-07-14 18:39:17 -0400; start 2026-07-12 21:39:27 -0400; time-start 161989.136326253; maxWall 8640000.0
getAlgoResultsForInstsAndParams.
  Trial 1 for calling: bash NSGA2.sh instance_prob4.dat "" 1000000000.0000001 2147483647 685541044 -pc 0.5 -pm 0.5 > /tmp/tmp-2026-07-1418:39:17-0.9182052612304688
Executing cmd: bash NSGA2.sh instance_prob4.dat "" 1000000000.0000001 2147483647 685541044 -pc 0.5 -pm 0.5 > /tmp/tmp-2026-07-1418:39:17-0.9182052612304688
Result: instance_prob4.dat, 0, -591.79, 0, 685541044
now 2026-07-14 18:49:05 -0400; start 2026-07-12 21:39:27 -0400; time-start 162577.313568101; maxWall 8640000.0
getAlgoResultsForInstsAndParams.
  Trial 1 for calling: bash NSGA2.sh instance_prob2.dat "" 1000000000.0000001 2147483647 13935469 -pc 0.5 -pm 0.5 > /tmp/tmp-2026-07-1418:49:05-0.26114606857299805
Executing cmd: bash NSGA2.sh instance_prob2.dat "" 1000000000.0000001 2147483647 13935469 -pc 0.5 -pm 0.5 > /tmp/tmp-2026-07-1418:49:05-0.26114606857299805
Result: instance_prob2.dat, 0, -695.75, 0, 13935469
now 2026-07-14 18:58:57 -0400; start 2026-07-12 21:39:27 -0400; time-start 163169.945933258; maxWall 8640000.0
getAlgoResultsForInstsAndParams.
  Trial 1 for calling: bash NSGA2.sh instance_param1.dat "" 1000000000.0000001 2147483647 462720224 -pc 0.5 -pm 0.5 > /tmp/tmp-2026-07-1418:58:57-0.8134368658065796
Executing cmd: bash NSGA2.sh instance_param1.dat "" 1000000000.0000001 2147483647 462720224 -pc 0.5 -pm 0.5 > /tmp/tmp-2026-07-1418:58:57-0.8134368658065796
Result: instance_param1.dat, 0, -920.07, 0, 462720224
now 2026-07-14 18:58:57 -0400; start 2026-07-12 21:39:27 -0400; time-start 163170.021255731; maxWall 8640000.0
getAlgoResultsForInstsAndParams.
  Trial 1 for calling: bash NSGA2.sh instance_prob3.dat "" 1000000000.0000001 2147483647 1524734467 -pc 0.5 -pm 0.5 > /tmp/tmp-2026-07-1418:58:57-0.23258602619171143
Executing cmd: bash NSGA2.sh instance_prob3.dat "" 1000000000.0000001 2147483647 1524734467 -pc 0.5 -pm 0.5 > /tmp/tmp-2026-07-1418:58:57-0.23258602619171143
Result: instance_prob3.dat, 0, -577.71, 0, 1524734467
now 2026-07-14 19:10:31 -0400; start 2026-07-12 21:39:27 -0400; time-start 163863.33311907; maxWall 8640000.0
getAlgoResultsForInstsAndParams.
  Trial 1 for calling: bash NSGA2.sh instance_prob4.dat "" 1000000000.0000001 2147483647 1736731097 -pc 0.5 -pm 0.5 > /tmp/tmp-2026-07-1419:10:31-0.11770296096801758
Executing cmd: bash NSGA2.sh instance_prob4.dat "" 1000000000.0000001 2147483647 1736731097 -pc 0.5 -pm 0.5 > /tmp/tmp-2026-07-1419:10:31-0.11770296096801758
Result: instance_prob4.dat, 0, -591.79, 0, 1736731097
now 2026-07-14 19:20:57 -0400; start 2026-07-12 21:39:27 -0400; time-start 164489.715829416; maxWall 8640000.0
getAlgoResultsForInstsAndParams.
  Trial 1 for calling: bash NSGA2.sh instance_prob1.dat "" 1000000000.0000001 2147483647 251330698 -pc 0.5 -pm 0.5 > /tmp/tmp-2026-07-1419:20:57-0.46570396423339844
Executing cmd: bash NSGA2.sh instance_prob1.dat "" 1000000000.0000001 2147483647 251330698 -pc 0.5 -pm 0.5 > /tmp/tmp-2026-07-1419:20:57-0.46570396423339844
Result: instance_prob1.dat, 0, -650.27, 0, 251330698
now 2026-07-14 19:27:11 -0400; start 2026-07-12 21:39:27 -0400; time-start 164863.41788871; maxWall 8640000.0
getAlgoResultsForInstsAndParams.
  Trial 1 for calling: bash NSGA2.sh instance_param3.dat "" 1000000000.0000001 2147483647 1313848922 -pc 0.5 -pm 0.5 > /tmp/tmp-2026-07-1419:27:11-0.26938486099243164
Executing cmd: bash NSGA2.sh instance_param3.dat "" 1000000000.0000001 2147483647 1313848922 -pc 0.5 -pm 0.5 > /tmp/tmp-2026-07-1419:27:11-0.26938486099243164
Result: instance_param3.dat, 0, -705.56, 0, 1313848922
now 2026-07-14 19:27:11 -0400; start 2026-07-12 21:39:27 -0400; time-start 164863.497036952; maxWall 8640000.0
getAlgoResultsForInstsAndParams.
  Trial 1 for calling: bash NSGA2.sh instance_prob2.dat "" 1000000000.0000001 2147483647 557599983 -pc 0.5 -pm 0.5 > /tmp/tmp-2026-07-1419:27:11-0.7325024604797363
Executing cmd: bash NSGA2.sh instance_prob2.dat "" 1000000000.0000001 2147483647 557599983 -pc 0.5 -pm 0.5 > /tmp/tmp-2026-07-1419:27:11-0.7325024604797363
Result: instance_prob2.dat, 0, -695.75, 0, 557599983
now 2026-07-14 19:40:04 -0400; start 2026-07-12 21:39:27 -0400; time-start 165636.479316666; maxWall 8640000.0
getAlgoResultsForInstsAndParams.
  Trial 1 for calling: bash NSGA2.sh instance_param2.dat "" 1000000000.0000001 2147483647 789000552 -pc 0.5 -pm 0.5 > /tmp/tmp-2026-07-1419:40:04-0.5309977531433105
Executing cmd: bash NSGA2.sh instance_param2.dat "" 1000000000.0000001 2147483647 789000552 -pc 0.5 -pm 0.5 > /tmp/tmp-2026-07-1419:40:04-0.5309977531433105
Result: instance_param2.dat, 0, -717.59, 0, 789000552
now 2026-07-14 19:40:04 -0400; start 2026-07-12 21:39:27 -0400; time-start 165636.549889123; maxWall 8640000.0
getAlgoResultsForInstsAndParams.
  Trial 1 for calling: bash NSGA2.sh instance_prob1.dat "" 1000000000.0000001 2147483647 1764895294 -pc 0.5 -pm 0.5 > /tmp/tmp-2026-07-1419:40:04-0.038773298263549805
Executing cmd: bash NSGA2.sh instance_prob1.dat "" 1000000000.0000001 2147483647 1764895294 -pc 0.5 -pm 0.5 > /tmp/tmp-2026-07-1419:40:04-0.038773298263549805
Result: instance_prob1.dat, 0, -650.27, 0, 1764895294
now 2026-07-14 19:46:07 -0400; start 2026-07-12 21:39:27 -0400; time-start 165999.102345375; maxWall 8640000.0
getAlgoResultsForInstsAndParams.
  Trial 1 for calling: bash NSGA2.sh instance_param2.dat "" 1000000000.0000001 2147483647 149754666 -pc 0.5 -pm 0.5 > /tmp/tmp-2026-07-1419:46:07-0.00714111328125
Executing cmd: bash NSGA2.sh instance_param2.dat "" 1000000000.0000001 2147483647 149754666 -pc 0.5 -pm 0.5 > /tmp/tmp-2026-07-1419:46:07-0.00714111328125
Result: instance_param2.dat, 0, -717.59, 0, 149754666
now 2026-07-14 19:46:07 -0400; start 2026-07-12 21:39:27 -0400; time-start 165999.181969086; maxWall 8640000.0
getAlgoResultsForInstsAndParams.
  Trial 1 for calling: bash NSGA2.sh instance_prob3.dat "" 1000000000.0000001 2147483647 1523713353 -pc 0.5 -pm 0.5 > /tmp/tmp-2026-07-1419:46:07-0.2533836364746094
Executing cmd: bash NSGA2.sh instance_prob3.dat "" 1000000000.0000001 2147483647 1523713353 -pc 0.5 -pm 0.5 > /tmp/tmp-2026-07-1419:46:07-0.2533836364746094
Result: instance_prob3.dat, 0, -577.71, 0, 1523713353
          -> Take improving step to neighbour pc=0.5 pm=0.5 (-690.9423076923077 [based on 52 runs with cutoff 1000000000.0]) with flip 60

          
============= Performing 1 bonus runs of state: pc=0.5 pm=0.5 (-690.9423076923077 [based on 52 runs with cutoff 1000000000.0]) ============ 

now 2026-07-14 19:56:26 -0400; start 2026-07-12 21:39:27 -0400; time-start 166618.444859447; maxWall 8640000.0
State wants more detail (52+1) than incumbent (52), doing incumbent first:
pc=0.5 pm=0.5 (-690.9423076923077 [based on 52 runs with cutoff 1000000000.0])
pc=0.6 pm=0.1 (-690.9423076923077 [based on 52 runs with cutoff 1000000000.0])
getAlgoResultsForInstsAndParams.
  Trial 1 for calling: bash NSGA2.sh instance_prob4.dat "" 1000000000.0000001 2147483647 1868452773 -pc 0.6 -pm 0.1 > /tmp/tmp-2026-07-1419:56:26-0.4532809257507324
Executing cmd: bash NSGA2.sh instance_prob4.dat "" 1000000000.0000001 2147483647 1868452773 -pc 0.6 -pm 0.1 > /tmp/tmp-2026-07-1419:56:26-0.4532809257507324
Result: instance_prob4.dat, 0, -591.79, 0, 1868452773
 Same incumbent, new precision:
New Incumbent: 78.29999999999983, -689.0566037735849 [53, 1000000000.0]. With state pc=0.6, pm=0.1
getAlgoResultsForInstsAndParams.
  Trial 1 for calling: bash NSGA2.sh instance_prob4.dat "" 1000000000.0000001 2147483647 1868452773 -pc 0.5 -pm 0.5 > /tmp/tmp-2026-07-1420:02:27-0.3456897735595703
Executing cmd: bash NSGA2.sh instance_prob4.dat "" 1000000000.0000001 2147483647 1868452773 -pc 0.5 -pm 0.5 > /tmp/tmp-2026-07-1420:02:27-0.3456897735595703
Result: instance_prob4.dat, 0, -591.79, 0, 1868452773
          -> After 1 bonus runs: pc=0.5 pm=0.5 (-689.0566037735849 [based on 53 runs with cutoff 1000000000.0])

now 2026-07-14 20:12:39 -0400; start 2026-07-12 21:39:27 -0400; time-start 167591.548304455; maxWall 8640000.0
now 2026-07-14 20:12:39 -0400; start 2026-07-12 21:39:27 -0400; time-start 167591.548376981; maxWall 8640000.0
    Changing ["pm: 0.5->0.3"], evaluating ...
getAlgoResultsForInstsAndParams.
  Trial 1 for calling: bash NSGA2.sh instance_param2.dat "" 1000000000.0000001 2147483647 1526896590 -pc 0.5 -pm 0.3 > /tmp/tmp-2026-07-1420:12:39-0.12557506561279297
Executing cmd: bash NSGA2.sh instance_param2.dat "" 1000000000.0000001 2147483647 1526896590 -pc 0.5 -pm 0.3 > /tmp/tmp-2026-07-1420:12:39-0.12557506561279297
Result: instance_param2.dat, 0, -717.59, 0, 1526896590
now 2026-07-14 20:12:39 -0400; start 2026-07-12 21:39:27 -0400; time-start 167591.621893229; maxWall 8640000.0
getAlgoResultsForInstsAndParams.
  Trial 1 for calling: bash NSGA2.sh instance_prob1.dat "" 1000000000.0000001 2147483647 1374493268 -pc 0.5 -pm 0.3 > /tmp/tmp-2026-07-1420:12:39-0.875157356262207
Executing cmd: bash NSGA2.sh instance_prob1.dat "" 1000000000.0000001 2147483647 1374493268 -pc 0.5 -pm 0.3 > /tmp/tmp-2026-07-1420:12:39-0.875157356262207
Result: instance_prob1.dat, 0, -650.27, 0, 1374493268
now 2026-07-14 20:17:37 -0400; start 2026-07-12 21:39:27 -0400; time-start 167889.357624862; maxWall 8640000.0
getAlgoResultsForInstsAndParams.
  Trial 1 for calling: bash NSGA2.sh instance_param3.dat "" 1000000000.0000001 2147483647 1189509930 -pc 0.5 -pm 0.3 > /tmp/tmp-2026-07-1420:17:37-0.4162302017211914
Executing cmd: bash NSGA2.sh instance_param3.dat "" 1000000000.0000001 2147483647 1189509930 -pc 0.5 -pm 0.3 > /tmp/tmp-2026-07-1420:17:37-0.4162302017211914
Result: instance_param3.dat, 0, -705.56, 0, 1189509930
now 2026-07-14 20:17:37 -0400; start 2026-07-12 21:39:27 -0400; time-start 167889.429851841; maxWall 8640000.0
getAlgoResultsForInstsAndParams.
  Trial 1 for calling: bash NSGA2.sh instance_prob4.dat "" 1000000000.0000001 2147483647 1289636003 -pc 0.5 -pm 0.3 > /tmp/tmp-2026-07-1420:17:37-0.45397281646728516
Executing cmd: bash NSGA2.sh instance_prob4.dat "" 1000000000.0000001 2147483647 1289636003 -pc 0.5 -pm 0.3 > /tmp/tmp-2026-07-1420:17:37-0.45397281646728516
Result: instance_prob4.dat, 0, -591.79, 0, 1289636003
now 2026-07-14 20:25:00 -0400; start 2026-07-12 21:39:27 -0400; time-start 168332.403014333; maxWall 8640000.0
getAlgoResultsForInstsAndParams.
  Trial 1 for calling: bash NSGA2.sh instance_param1.dat "" 1000000000.0000001 2147483647 945548968 -pc 0.5 -pm 0.3 > /tmp/tmp-2026-07-1420:25:00-0.44139575958251953
Executing cmd: bash NSGA2.sh instance_param1.dat "" 1000000000.0000001 2147483647 945548968 -pc 0.5 -pm 0.3 > /tmp/tmp-2026-07-1420:25:00-0.44139575958251953
Result: instance_param1.dat, 0, -920.07, 0, 945548968
now 2026-07-14 20:25:00 -0400; start 2026-07-12 21:39:27 -0400; time-start 168332.480425383; maxWall 8640000.0
getAlgoResultsForInstsAndParams.
  Trial 1 for calling: bash NSGA2.sh instance_param2.dat "" 1000000000.0000001 2147483647 1036556068 -pc 0.5 -pm 0.3 > /tmp/tmp-2026-07-1420:25:00-0.6089725494384766
Executing cmd: bash NSGA2.sh instance_param2.dat "" 1000000000.0000001 2147483647 1036556068 -pc 0.5 -pm 0.3 > /tmp/tmp-2026-07-1420:25:00-0.6089725494384766
Result: instance_param2.dat, 0, -717.59, 0, 1036556068
now 2026-07-14 20:25:00 -0400; start 2026-07-12 21:39:27 -0400; time-start 168332.55636117; maxWall 8640000.0
getAlgoResultsForInstsAndParams.
  Trial 1 for calling: bash NSGA2.sh instance_param3.dat "" 1000000000.0000001 2147483647 82106444 -pc 0.5 -pm 0.3 > /tmp/tmp-2026-07-1420:25:00-0.7643356323242188
Executing cmd: bash NSGA2.sh instance_param3.dat "" 1000000000.0000001 2147483647 82106444 -pc 0.5 -pm 0.3 > /tmp/tmp-2026-07-1420:25:00-0.7643356323242188
Result: instance_param3.dat, 0, -705.56, 0, 82106444
now 2026-07-14 20:25:00 -0400; start 2026-07-12 21:39:27 -0400; time-start 168332.632197574; maxWall 8640000.0
getAlgoResultsForInstsAndParams.
  Trial 1 for calling: bash NSGA2.sh instance_prob4.dat "" 1000000000.0000001 2147483647 64315970 -pc 0.5 -pm 0.3 > /tmp/tmp-2026-07-1420:25:00-0.02455615997314453
Executing cmd: bash NSGA2.sh instance_prob4.dat "" 1000000000.0000001 2147483647 64315970 -pc 0.5 -pm 0.3 > /tmp/tmp-2026-07-1420:25:00-0.02455615997314453
Result: instance_prob4.dat, 0, -591.79, 0, 64315970
now 2026-07-14 20:33:47 -0400; start 2026-07-12 21:39:27 -0400; time-start 168859.402291676; maxWall 8640000.0
getAlgoResultsForInstsAndParams.
  Trial 1 for calling: bash NSGA2.sh instance_prob1.dat "" 1000000000.0000001 2147483647 205845687 -pc 0.5 -pm 0.3 > /tmp/tmp-2026-07-1420:33:47-0.3392148017883301
Executing cmd: bash NSGA2.sh instance_prob1.dat "" 1000000000.0000001 2147483647 205845687 -pc 0.5 -pm 0.3 > /tmp/tmp-2026-07-1420:33:47-0.3392148017883301
Result: instance_prob1.dat, 0, -650.27, 0, 205845687
now 2026-07-14 20:38:09 -0400; start 2026-07-12 21:39:27 -0400; time-start 169121.736009922; maxWall 8640000.0
getAlgoResultsForInstsAndParams.
  Trial 1 for calling: bash NSGA2.sh instance_param1.dat "" 1000000000.0000001 2147483647 673948927 -pc 0.5 -pm 0.3 > /tmp/tmp-2026-07-1420:38:09-0.010169267654418945
Executing cmd: bash NSGA2.sh instance_param1.dat "" 1000000000.0000001 2147483647 673948927 -pc 0.5 -pm 0.3 > /tmp/tmp-2026-07-1420:38:09-0.010169267654418945
Result: instance_param1.dat, 0, -920.07, 0, 673948927
now 2026-07-14 20:38:09 -0400; start 2026-07-12 21:39:27 -0400; time-start 169121.809774269; maxWall 8640000.0
getAlgoResultsForInstsAndParams.
  Trial 1 for calling: bash NSGA2.sh instance_prob2.dat "" 1000000000.0000001 2147483647 637566358 -pc 0.5 -pm 0.3 > /tmp/tmp-2026-07-1420:38:09-0.5531463623046875
Executing cmd: bash NSGA2.sh instance_prob2.dat "" 1000000000.0000001 2147483647 637566358 -pc 0.5 -pm 0.3 > /tmp/tmp-2026-07-1420:38:09-0.5531463623046875
Result: instance_prob2.dat, 0, -695.75, 0, 637566358
now 2026-07-14 20:45:06 -0400; start 2026-07-12 21:39:27 -0400; time-start 169538.119016878; maxWall 8640000.0
getAlgoResultsForInstsAndParams.
  Trial 1 for calling: bash NSGA2.sh instance_prob3.dat "" 1000000000.0000001 2147483647 720721666 -pc 0.5 -pm 0.3 > /tmp/tmp-2026-07-1420:45:06-0.27050018310546875
Executing cmd: bash NSGA2.sh instance_prob3.dat "" 1000000000.0000001 2147483647 720721666 -pc 0.5 -pm 0.3 > /tmp/tmp-2026-07-1420:45:06-0.27050018310546875
Result: instance_prob3.dat, 0, -577.71, 0, 720721666
now 2026-07-14 20:57:18 -0400; start 2026-07-12 21:39:27 -0400; time-start 170270.607599726; maxWall 8640000.0
getAlgoResultsForInstsAndParams.
  Trial 1 for calling: bash NSGA2.sh instance_param3.dat "" 1000000000.0000001 2147483647 2085269448 -pc 0.5 -pm 0.3 > /tmp/tmp-2026-07-1420:57:18-0.8750081062316895
Executing cmd: bash NSGA2.sh instance_param3.dat "" 1000000000.0000001 2147483647 2085269448 -pc 0.5 -pm 0.3 > /tmp/tmp-2026-07-1420:57:18-0.8750081062316895
Result: instance_param3.dat, 0, -705.56, 0, 2085269448
now 2026-07-14 20:57:18 -0400; start 2026-07-12 21:39:27 -0400; time-start 170270.678978489; maxWall 8640000.0
getAlgoResultsForInstsAndParams.
  Trial 1 for calling: bash NSGA2.sh instance_prob2.dat "" 1000000000.0000001 2147483647 2106584775 -pc 0.5 -pm 0.3 > /tmp/tmp-2026-07-1420:57:18-0.9650845527648926
Executing cmd: bash NSGA2.sh instance_prob2.dat "" 1000000000.0000001 2147483647 2106584775 -pc 0.5 -pm 0.3 > /tmp/tmp-2026-07-1420:57:18-0.9650845527648926
Result: instance_prob2.dat, 0, -695.75, 0, 2106584775
now 2026-07-14 21:05:05 -0400; start 2026-07-12 21:39:27 -0400; time-start 170738.047322476; maxWall 8640000.0
getAlgoResultsForInstsAndParams.
  Trial 1 for calling: bash NSGA2.sh instance_param2.dat "" 1000000000.0000001 2147483647 515552351 -pc 0.5 -pm 0.3 > /tmp/tmp-2026-07-1421:05:05-0.6985671520233154
Executing cmd: bash NSGA2.sh instance_param2.dat "" 1000000000.0000001 2147483647 515552351 -pc 0.5 -pm 0.3 > /tmp/tmp-2026-07-1421:05:05-0.6985671520233154
Result: instance_param2.dat, 0, -717.59, 0, 515552351
now 2026-07-14 21:05:06 -0400; start 2026-07-12 21:39:27 -0400; time-start 170738.124721457; maxWall 8640000.0
getAlgoResultsForInstsAndParams.
  Trial 1 for calling: bash NSGA2.sh instance_prob4.dat "" 1000000000.0000001 2147483647 129161248 -pc 0.5 -pm 0.3 > /tmp/tmp-2026-07-1421:05:06-0.7701530456542969
Executing cmd: bash NSGA2.sh instance_prob4.dat "" 1000000000.0000001 2147483647 129161248 -pc 0.5 -pm 0.3 > /tmp/tmp-2026-07-1421:05:06-0.7701530456542969
Result: instance_prob4.dat, 0, -591.79, 0, 129161248
now 2026-07-14 21:13:09 -0400; start 2026-07-12 21:39:27 -0400; time-start 171221.18449457; maxWall 8640000.0
getAlgoResultsForInstsAndParams.
  Trial 1 for calling: bash NSGA2.sh instance_param1.dat "" 1000000000.0000001 2147483647 1548605805 -pc 0.5 -pm 0.3 > /tmp/tmp-2026-07-1421:13:09-0.8946342468261719
Executing cmd: bash NSGA2.sh instance_param1.dat "" 1000000000.0000001 2147483647 1548605805 -pc 0.5 -pm 0.3 > /tmp/tmp-2026-07-1421:13:09-0.8946342468261719
Result: instance_param1.dat, 0, -920.07, 0, 1548605805
now 2026-07-14 21:13:09 -0400; start 2026-07-12 21:39:27 -0400; time-start 171221.260802943; maxWall 8640000.0
getAlgoResultsForInstsAndParams.
  Trial 1 for calling: bash NSGA2.sh instance_prob3.dat "" 1000000000.0000001 2147483647 222014735 -pc 0.5 -pm 0.3 > /tmp/tmp-2026-07-1421:13:09-0.4068117141723633
Executing cmd: bash NSGA2.sh instance_prob3.dat "" 1000000000.0000001 2147483647 222014735 -pc 0.5 -pm 0.3 > /tmp/tmp-2026-07-1421:13:09-0.4068117141723633
Result: instance_prob3.dat, 0, -577.71, 0, 222014735
now 2026-07-14 21:27:49 -0400; start 2026-07-12 21:39:27 -0400; time-start 172101.377787496; maxWall 8640000.0
getAlgoResultsForInstsAndParams.
  Trial 1 for calling: bash NSGA2.sh instance_prob1.dat "" 1000000000.0000001 2147483647 1686488978 -pc 0.5 -pm 0.3 > /tmp/tmp-2026-07-1421:27:49-0.643714427947998
Executing cmd: bash NSGA2.sh instance_prob1.dat "" 1000000000.0000001 2147483647 1686488978 -pc 0.5 -pm 0.3 > /tmp/tmp-2026-07-1421:27:49-0.643714427947998
Result: instance_prob1.dat, 0, -650.27, 0, 1686488978
803/100000, 80.29999999999971/100000000.0
now 2026-07-14 21:32:43 -0400; start 2026-07-12 21:39:27 -0400; time-start 172395.780800724; maxWall 8640000.0
getAlgoResultsForInstsAndParams.
  Trial 1 for calling: bash NSGA2.sh instance_param3.dat "" 1000000000.0000001 2147483647 1392514437 -pc 0.5 -pm 0.3 > /tmp/tmp-2026-07-1421:32:43-0.8057312965393066
Executing cmd: bash NSGA2.sh instance_param3.dat "" 1000000000.0000001 2147483647 1392514437 -pc 0.5 -pm 0.3 > /tmp/tmp-2026-07-1421:32:43-0.8057312965393066
Result: instance_param3.dat, 0, -705.56, 0, 1392514437
now 2026-07-14 21:32:43 -0400; start 2026-07-12 21:39:27 -0400; time-start 172395.852401596; maxWall 8640000.0
getAlgoResultsForInstsAndParams.
  Trial 1 for calling: bash NSGA2.sh instance_prob3.dat "" 1000000000.0000001 2147483647 1165131879 -pc 0.5 -pm 0.3 > /tmp/tmp-2026-07-1421:32:43-0.6705207824707031
Executing cmd: bash NSGA2.sh instance_prob3.dat "" 1000000000.0000001 2147483647 1165131879 -pc 0.5 -pm 0.3 > /tmp/tmp-2026-07-1421:32:43-0.6705207824707031
Result: instance_prob3.dat, 0, -577.71, 0, 1165131879
now 2026-07-14 21:40:51 -0400; start 2026-07-12 21:39:27 -0400; time-start 172883.34757651; maxWall 8640000.0
getAlgoResultsForInstsAndParams.
  Trial 1 for calling: bash NSGA2.sh instance_prob1.dat "" 1000000000.0000001 2147483647 1319408815 -pc 0.5 -pm 0.3 > /tmp/tmp-2026-07-1421:40:51-0.9777836799621582
Executing cmd: bash NSGA2.sh instance_prob1.dat "" 1000000000.0000001 2147483647 1319408815 -pc 0.5 -pm 0.3 > /tmp/tmp-2026-07-1421:40:51-0.9777836799621582
Result: instance_prob1.dat, 0, -650.27, 0, 1319408815
now 2026-07-14 21:47:33 -0400; start 2026-07-12 21:39:27 -0400; time-start 173285.525935443; maxWall 8640000.0
getAlgoResultsForInstsAndParams.
  Trial 1 for calling: bash NSGA2.sh instance_param1.dat "" 1000000000.0000001 2147483647 2074744000 -pc 0.5 -pm 0.3 > /tmp/tmp-2026-07-1421:47:33-0.43071699142456055
Executing cmd: bash NSGA2.sh instance_param1.dat "" 1000000000.0000001 2147483647 2074744000 -pc 0.5 -pm 0.3 > /tmp/tmp-2026-07-1421:47:33-0.43071699142456055
Result: instance_param1.dat, 0, -920.07, 0, 2074744000
now 2026-07-14 21:47:33 -0400; start 2026-07-12 21:39:27 -0400; time-start 173285.608792691; maxWall 8640000.0
getAlgoResultsForInstsAndParams.
  Trial 1 for calling: bash NSGA2.sh instance_param2.dat "" 1000000000.0000001 2147483647 1733138286 -pc 0.5 -pm 0.3 > /tmp/tmp-2026-07-1421:47:33-0.13811993598937988
Executing cmd: bash NSGA2.sh instance_param2.dat "" 1000000000.0000001 2147483647 1733138286 -pc 0.5 -pm 0.3 > /tmp/tmp-2026-07-1421:47:33-0.13811993598937988
Result: instance_param2.dat, 0, -717.59, 0, 1733138286
now 2026-07-14 21:47:33 -0400; start 2026-07-12 21:39:27 -0400; time-start 173285.690079376; maxWall 8640000.0
getAlgoResultsForInstsAndParams.
  Trial 1 for calling: bash NSGA2.sh instance_prob4.dat "" 1000000000.0000001 2147483647 685541044 -pc 0.5 -pm 0.3 > /tmp/tmp-2026-07-1421:47:33-0.7851681709289551
Executing cmd: bash NSGA2.sh instance_prob4.dat "" 1000000000.0000001 2147483647 685541044 -pc 0.5 -pm 0.3 > /tmp/tmp-2026-07-1421:47:33-0.7851681709289551
Result: instance_prob4.dat, 0, -591.79, 0, 685541044
now 2026-07-14 21:56:06 -0400; start 2026-07-12 21:39:27 -0400; time-start 173798.24390392; maxWall 8640000.0
getAlgoResultsForInstsAndParams.
  Trial 1 for calling: bash NSGA2.sh instance_prob2.dat "" 1000000000.0000001 2147483647 13935469 -pc 0.5 -pm 0.3 > /tmp/tmp-2026-07-1421:56:06-0.21004486083984375
Executing cmd: bash NSGA2.sh instance_prob2.dat "" 1000000000.0000001 2147483647 13935469 -pc 0.5 -pm 0.3 > /tmp/tmp-2026-07-1421:56:06-0.21004486083984375
Result: instance_prob2.dat, 0, -695.75, 0, 13935469
now 2026-07-14 22:03:50 -0400; start 2026-07-12 21:39:27 -0400; time-start 174263.048354779; maxWall 8640000.0
getAlgoResultsForInstsAndParams.
  Trial 1 for calling: bash NSGA2.sh instance_param1.dat "" 1000000000.0000001 2147483647 462720224 -pc 0.5 -pm 0.3 > /tmp/tmp-2026-07-1422:03:50-0.4437394142150879
Executing cmd: bash NSGA2.sh instance_param1.dat "" 1000000000.0000001 2147483647 462720224 -pc 0.5 -pm 0.3 > /tmp/tmp-2026-07-1422:03:50-0.4437394142150879
Result: instance_param1.dat, 0, -920.07, 0, 462720224
now 2026-07-14 22:03:51 -0400; start 2026-07-12 21:39:27 -0400; time-start 174263.11822288; maxWall 8640000.0
getAlgoResultsForInstsAndParams.
  Trial 1 for calling: bash NSGA2.sh instance_prob3.dat "" 1000000000.0000001 2147483647 1524734467 -pc 0.5 -pm 0.3 > /tmp/tmp-2026-07-1422:03:51-0.4385185241699219
Executing cmd: bash NSGA2.sh instance_prob3.dat "" 1000000000.0000001 2147483647 1524734467 -pc 0.5 -pm 0.3 > /tmp/tmp-2026-07-1422:03:51-0.4385185241699219
Result: instance_prob3.dat, 0, -577.71, 0, 1524734467
now 2026-07-14 22:15:17 -0400; start 2026-07-12 21:39:27 -0400; time-start 174949.216424714; maxWall 8640000.0
getAlgoResultsForInstsAndParams.
  Trial 1 for calling: bash NSGA2.sh instance_prob4.dat "" 1000000000.0000001 2147483647 1736731097 -pc 0.5 -pm 0.3 > /tmp/tmp-2026-07-1422:15:17-0.21217060089111328
Executing cmd: bash NSGA2.sh instance_prob4.dat "" 1000000000.0000001 2147483647 1736731097 -pc 0.5 -pm 0.3 > /tmp/tmp-2026-07-1422:15:17-0.21217060089111328
Result: instance_prob4.dat, 0, -591.79, 0, 1736731097
now 2026-07-14 22:22:47 -0400; start 2026-07-12 21:39:27 -0400; time-start 175399.532673708; maxWall 8640000.0
getAlgoResultsForInstsAndParams.
  Trial 1 for calling: bash NSGA2.sh instance_prob1.dat "" 1000000000.0000001 2147483647 251330698 -pc 0.5 -pm 0.3 > /tmp/tmp-2026-07-1422:22:47-0.5634903907775879
Executing cmd: bash NSGA2.sh instance_prob1.dat "" 1000000000.0000001 2147483647 251330698 -pc 0.5 -pm 0.3 > /tmp/tmp-2026-07-1422:22:47-0.5634903907775879
Result: instance_prob1.dat, 0, -650.27, 0, 251330698
now 2026-07-14 22:27:45 -0400; start 2026-07-12 21:39:27 -0400; time-start 175697.986852111; maxWall 8640000.0
getAlgoResultsForInstsAndParams.
  Trial 1 for calling: bash NSGA2.sh instance_param3.dat "" 1000000000.0000001 2147483647 1313848922 -pc 0.5 -pm 0.3 > /tmp/tmp-2026-07-1422:27:45-0.3092925548553467
Executing cmd: bash NSGA2.sh instance_param3.dat "" 1000000000.0000001 2147483647 1313848922 -pc 0.5 -pm 0.3 > /tmp/tmp-2026-07-1422:27:45-0.3092925548553467
Result: instance_param3.dat, 0, -705.56, 0, 1313848922
now 2026-07-14 22:27:45 -0400; start 2026-07-12 21:39:27 -0400; time-start 175698.063483181; maxWall 8640000.0
getAlgoResultsForInstsAndParams.
  Trial 1 for calling: bash NSGA2.sh instance_prob2.dat "" 1000000000.0000001 2147483647 557599983 -pc 0.5 -pm 0.3 > /tmp/tmp-2026-07-1422:27:45-0.4103505611419678
Executing cmd: bash NSGA2.sh instance_prob2.dat "" 1000000000.0000001 2147483647 557599983 -pc 0.5 -pm 0.3 > /tmp/tmp-2026-07-1422:27:45-0.4103505611419678
Result: instance_prob2.dat, 0, -695.75, 0, 557599983
now 2026-07-14 22:35:26 -0400; start 2026-07-12 21:39:27 -0400; time-start 176158.212216479; maxWall 8640000.0
getAlgoResultsForInstsAndParams.
  Trial 1 for calling: bash NSGA2.sh instance_param2.dat "" 1000000000.0000001 2147483647 789000552 -pc 0.5 -pm 0.3 > /tmp/tmp-2026-07-1422:35:26-0.956242561340332
Executing cmd: bash NSGA2.sh instance_param2.dat "" 1000000000.0000001 2147483647 789000552 -pc 0.5 -pm 0.3 > /tmp/tmp-2026-07-1422:35:26-0.956242561340332
Result: instance_param2.dat, 0, -717.59, 0, 789000552
now 2026-07-14 22:35:26 -0400; start 2026-07-12 21:39:27 -0400; time-start 176158.285941298; maxWall 8640000.0
getAlgoResultsForInstsAndParams.
  Trial 1 for calling: bash NSGA2.sh instance_prob1.dat "" 1000000000.0000001 2147483647 1764895294 -pc 0.5 -pm 0.3 > /tmp/tmp-2026-07-1422:35:26-0.009355545043945312
Executing cmd: bash NSGA2.sh instance_prob1.dat "" 1000000000.0000001 2147483647 1764895294 -pc 0.5 -pm 0.3 > /tmp/tmp-2026-07-1422:35:26-0.009355545043945312
Result: instance_prob1.dat, 0, -650.27, 0, 1764895294
now 2026-07-14 22:41:20 -0400; start 2026-07-12 21:39:27 -0400; time-start 176512.620613787; maxWall 8640000.0
getAlgoResultsForInstsAndParams.
  Trial 1 for calling: bash NSGA2.sh instance_param2.dat "" 1000000000.0000001 2147483647 149754666 -pc 0.5 -pm 0.3 > /tmp/tmp-2026-07-1422:41:20-0.7408440113067627
Executing cmd: bash NSGA2.sh instance_param2.dat "" 1000000000.0000001 2147483647 149754666 -pc 0.5 -pm 0.3 > /tmp/tmp-2026-07-1422:41:20-0.7408440113067627
Result: instance_param2.dat, 0, -717.59, 0, 149754666
now 2026-07-14 22:41:20 -0400; start 2026-07-12 21:39:27 -0400; time-start 176512.69611427; maxWall 8640000.0
getAlgoResultsForInstsAndParams.
  Trial 1 for calling: bash NSGA2.sh instance_prob3.dat "" 1000000000.0000001 2147483647 1523713353 -pc 0.5 -pm 0.3 > /tmp/tmp-2026-07-1422:41:20-0.7640013694763184
Executing cmd: bash NSGA2.sh instance_prob3.dat "" 1000000000.0000001 2147483647 1523713353 -pc 0.5 -pm 0.3 > /tmp/tmp-2026-07-1422:41:20-0.7640013694763184
Result: instance_prob3.dat, 0, -577.71, 0, 1523713353
now 2026-07-14 22:50:22 -0400; start 2026-07-12 21:39:27 -0400; time-start 177054.585499743; maxWall 8640000.0
getAlgoResultsForInstsAndParams.
  Trial 1 for calling: bash NSGA2.sh instance_prob4.dat "" 1000000000.0000001 2147483647 1868452773 -pc 0.5 -pm 0.3 > /tmp/tmp-2026-07-1422:50:22-0.3266878128051758
Executing cmd: bash NSGA2.sh instance_prob4.dat "" 1000000000.0000001 2147483647 1868452773 -pc 0.5 -pm 0.3 > /tmp/tmp-2026-07-1422:50:22-0.3266878128051758
Result: instance_prob4.dat, 0, -591.79, 0, 1868452773
          -> Take improving step to neighbour pc=0.5 pm=0.3 (-689.0566037735849 [based on 53 runs with cutoff 1000000000.0]) with flip 61

          
============= Performing 1 bonus runs of state: pc=0.5 pm=0.3 (-689.0566037735849 [based on 53 runs with cutoff 1000000000.0]) ============ 

now 2026-07-14 23:00:05 -0400; start 2026-07-12 21:39:27 -0400; time-start 177637.657337051; maxWall 8640000.0
State wants more detail (53+1) than incumbent (53), doing incumbent first:
pc=0.5 pm=0.3 (-689.0566037735849 [based on 53 runs with cutoff 1000000000.0])
pc=0.6 pm=0.1 (-689.0566037735849 [based on 53 runs with cutoff 1000000000.0])
getAlgoResultsForInstsAndParams.
  Trial 1 for calling: bash NSGA2.sh instance_prob2.dat "" 1000000000.0000001 2147483647 310084194 -pc 0.6 -pm 0.1 > /tmp/tmp-2026-07-1423:00:05-0.42996835708618164
Executing cmd: bash NSGA2.sh instance_prob2.dat "" 1000000000.0000001 2147483647 310084194 -pc 0.6 -pm 0.1 > /tmp/tmp-2026-07-1423:00:05-0.42996835708618164
Result: instance_prob2.dat, 0, -695.75, 0, 310084194
 Same incumbent, new precision:
New Incumbent: 82.1999999999996, -689.1666666666666 [54, 1000000000.0]. With state pc=0.6, pm=0.1
getAlgoResultsForInstsAndParams.
  Trial 1 for calling: bash NSGA2.sh instance_prob2.dat "" 1000000000.0000001 2147483647 310084194 -pc 0.5 -pm 0.3 > /tmp/tmp-2026-07-1423:05:06-0.18129730224609375
Executing cmd: bash NSGA2.sh instance_prob2.dat "" 1000000000.0000001 2147483647 310084194 -pc 0.5 -pm 0.3 > /tmp/tmp-2026-07-1423:05:06-0.18129730224609375
Result: instance_prob2.dat, 0, -695.75, 0, 310084194
          -> After 1 bonus runs: pc=0.5 pm=0.3 (-689.1666666666666 [based on 54 runs with cutoff 1000000000.0])

now 2026-07-14 23:12:46 -0400; start 2026-07-12 21:39:27 -0400; time-start 178398.589193174; maxWall 8640000.0
now 2026-07-14 23:12:46 -0400; start 2026-07-12 21:39:27 -0400; time-start 178398.589263879; maxWall 8640000.0
now 2026-07-14 23:12:46 -0400; start 2026-07-12 21:39:27 -0400; time-start 178398.58932547; maxWall 8640000.0
    Changing ["pc: 0.5->0.25"], evaluating ...
getAlgoResultsForInstsAndParams.
  Trial 1 for calling: bash NSGA2.sh instance_prob4.dat "" 1000000000.0000001 2147483647 1289636003 -pc 0.25 -pm 0.3 > /tmp/tmp-2026-07-1423:12:46-0.27524614334106445
Executing cmd: bash NSGA2.sh instance_prob4.dat "" 1000000000.0000001 2147483647 1289636003 -pc 0.25 -pm 0.3 > /tmp/tmp-2026-07-1423:12:46-0.27524614334106445
Result: instance_prob4.dat, 0, -591.79, 0, 1289636003
now 2026-07-14 23:22:12 -0400; start 2026-07-12 21:39:27 -0400; time-start 178964.695509026; maxWall 8640000.0
getAlgoResultsForInstsAndParams.
  Trial 1 for calling: bash NSGA2.sh instance_param1.dat "" 1000000000.0000001 2147483647 945548968 -pc 0.25 -pm 0.3 > /tmp/tmp-2026-07-1423:22:12-0.7277486324310303
Executing cmd: bash NSGA2.sh instance_param1.dat "" 1000000000.0000001 2147483647 945548968 -pc 0.25 -pm 0.3 > /tmp/tmp-2026-07-1423:22:12-0.7277486324310303
Result: instance_param1.dat, 0, -920.07, 0, 945548968
now 2026-07-14 23:22:12 -0400; start 2026-07-12 21:39:27 -0400; time-start 178964.778424419; maxWall 8640000.0
getAlgoResultsForInstsAndParams.
  Trial 1 for calling: bash NSGA2.sh instance_param2.dat "" 1000000000.0000001 2147483647 1036556068 -pc 0.25 -pm 0.3 > /tmp/tmp-2026-07-1423:22:12-0.3993520736694336
Executing cmd: bash NSGA2.sh instance_param2.dat "" 1000000000.0000001 2147483647 1036556068 -pc 0.25 -pm 0.3 > /tmp/tmp-2026-07-1423:22:12-0.3993520736694336
Result: instance_param2.dat, 0, -717.59, 0, 1036556068
now 2026-07-14 23:22:12 -0400; start 2026-07-12 21:39:27 -0400; time-start 178964.863262153; maxWall 8640000.0
getAlgoResultsForInstsAndParams.
  Trial 1 for calling: bash NSGA2.sh instance_param3.dat "" 1000000000.0000001 2147483647 82106444 -pc 0.25 -pm 0.3 > /tmp/tmp-2026-07-1423:22:12-0.9606101512908936
Executing cmd: bash NSGA2.sh instance_param3.dat "" 1000000000.0000001 2147483647 82106444 -pc 0.25 -pm 0.3 > /tmp/tmp-2026-07-1423:22:12-0.9606101512908936
Result: instance_param3.dat, 0, -705.56, 0, 82106444
now 2026-07-14 23:22:12 -0400; start 2026-07-12 21:39:27 -0400; time-start 178964.947473514; maxWall 8640000.0
getAlgoResultsForInstsAndParams.
  Trial 1 for calling: bash NSGA2.sh instance_prob4.dat "" 1000000000.0000001 2147483647 64315970 -pc 0.25 -pm 0.3 > /tmp/tmp-2026-07-1423:22:12-0.636433482170105
Executing cmd: bash NSGA2.sh instance_prob4.dat "" 1000000000.0000001 2147483647 64315970 -pc 0.25 -pm 0.3 > /tmp/tmp-2026-07-1423:22:12-0.636433482170105
Result: instance_prob4.dat, 0, -591.79, 0, 64315970
now 2026-07-14 23:31:06 -0400; start 2026-07-12 21:39:27 -0400; time-start 179498.940261541; maxWall 8640000.0
getAlgoResultsForInstsAndParams.
  Trial 1 for calling: bash NSGA2.sh instance_prob1.dat "" 1000000000.0000001 2147483647 205845687 -pc 0.25 -pm 0.3 > /tmp/tmp-2026-07-1423:31:06-0.23784208297729492
Executing cmd: bash NSGA2.sh instance_prob1.dat "" 1000000000.0000001 2147483647 205845687 -pc 0.25 -pm 0.3 > /tmp/tmp-2026-07-1423:31:06-0.23784208297729492
Result: instance_prob1.dat, 0, -650.27, 0, 205845687
now 2026-07-14 23:38:33 -0400; start 2026-07-12 21:39:27 -0400; time-start 179945.712497447; maxWall 8640000.0
getAlgoResultsForInstsAndParams.
  Trial 1 for calling: bash NSGA2.sh instance_param1.dat "" 1000000000.0000001 2147483647 673948927 -pc 0.25 -pm 0.3 > /tmp/tmp-2026-07-1423:38:33-0.4867391586303711
Executing cmd: bash NSGA2.sh instance_param1.dat "" 1000000000.0000001 2147483647 673948927 -pc 0.25 -pm 0.3 > /tmp/tmp-2026-07-1423:38:33-0.4867391586303711
Result: instance_param1.dat, 0, -920.07, 0, 673948927
now 2026-07-14 23:38:33 -0400; start 2026-07-12 21:39:27 -0400; time-start 179945.791684394; maxWall 8640000.0
getAlgoResultsForInstsAndParams.
  Trial 1 for calling: bash NSGA2.sh instance_prob2.dat "" 1000000000.0000001 2147483647 637566358 -pc 0.25 -pm 0.3 > /tmp/tmp-2026-07-1423:38:33-0.8669662475585938
Executing cmd: bash NSGA2.sh instance_prob2.dat "" 1000000000.0000001 2147483647 637566358 -pc 0.25 -pm 0.3 > /tmp/tmp-2026-07-1423:38:33-0.8669662475585938
Result: instance_prob2.dat, 0, -695.75, 0, 637566358
now 2026-07-14 23:46:11 -0400; start 2026-07-12 21:39:27 -0400; time-start 180403.786204954; maxWall 8640000.0
getAlgoResultsForInstsAndParams.
  Trial 1 for calling: bash NSGA2.sh instance_prob3.dat "" 1000000000.0000001 2147483647 720721666 -pc 0.25 -pm 0.3 > /tmp/tmp-2026-07-1423:46:11-0.9031708240509033
Executing cmd: bash NSGA2.sh instance_prob3.dat "" 1000000000.0000001 2147483647 720721666 -pc 0.25 -pm 0.3 > /tmp/tmp-2026-07-1423:46:11-0.9031708240509033
Result: instance_prob3.dat, 0, -577.71, 0, 720721666
now 2026-07-14 23:55:34 -0400; start 2026-07-12 21:39:27 -0400; time-start 180966.908283071; maxWall 8640000.0
getAlgoResultsForInstsAndParams.
  Trial 1 for calling: bash NSGA2.sh instance_param3.dat "" 1000000000.0000001 2147483647 2085269448 -pc 0.25 -pm 0.3 > /tmp/tmp-2026-07-1423:55:34-0.20874714851379395
Executing cmd: bash NSGA2.sh instance_param3.dat "" 1000000000.0000001 2147483647 2085269448 -pc 0.25 -pm 0.3 > /tmp/tmp-2026-07-1423:55:34-0.20874714851379395
Result: instance_param3.dat, 0, -705.56, 0, 2085269448
now 2026-07-14 23:55:34 -0400; start 2026-07-12 21:39:27 -0400; time-start 180966.986380352; maxWall 8640000.0
getAlgoResultsForInstsAndParams.
  Trial 1 for calling: bash NSGA2.sh instance_prob2.dat "" 1000000000.0000001 2147483647 2106584775 -pc 0.25 -pm 0.3 > /tmp/tmp-2026-07-1423:55:34-0.9714372158050537
Executing cmd: bash NSGA2.sh instance_prob2.dat "" 1000000000.0000001 2147483647 2106584775 -pc 0.25 -pm 0.3 > /tmp/tmp-2026-07-1423:55:34-0.9714372158050537
Result: instance_prob2.dat, 0, -695.75, 0, 2106584775
now 2026-07-15 00:06:24 -0400; start 2026-07-12 21:39:27 -0400; time-start 181616.166981267; maxWall 8640000.0
getAlgoResultsForInstsAndParams.
  Trial 1 for calling: bash NSGA2.sh instance_param2.dat "" 1000000000.0000001 2147483647 515552351 -pc 0.25 -pm 0.3 > /tmp/tmp-2026-07-1500:06:24-0.09914398193359375
Executing cmd: bash NSGA2.sh instance_param2.dat "" 1000000000.0000001 2147483647 515552351 -pc 0.25 -pm 0.3 > /tmp/tmp-2026-07-1500:06:24-0.09914398193359375
Result: instance_param2.dat, 0, -717.59, 0, 515552351
now 2026-07-15 00:06:24 -0400; start 2026-07-12 21:39:27 -0400; time-start 181616.24131884; maxWall 8640000.0
getAlgoResultsForInstsAndParams.
  Trial 1 for calling: bash NSGA2.sh instance_prob4.dat "" 1000000000.0000001 2147483647 129161248 -pc 0.25 -pm 0.3 > /tmp/tmp-2026-07-1500:06:24-0.9136390686035156
Executing cmd: bash NSGA2.sh instance_prob4.dat "" 1000000000.0000001 2147483647 129161248 -pc 0.25 -pm 0.3 > /tmp/tmp-2026-07-1500:06:24-0.9136390686035156
Result: instance_prob4.dat, 0, -591.79, 0, 129161248
now 2026-07-15 00:15:00 -0400; start 2026-07-12 21:39:27 -0400; time-start 182132.821709734; maxWall 8640000.0
getAlgoResultsForInstsAndParams.
  Trial 1 for calling: bash NSGA2.sh instance_param1.dat "" 1000000000.0000001 2147483647 1548605805 -pc 0.25 -pm 0.3 > /tmp/tmp-2026-07-1500:15:00-0.05276203155517578
Executing cmd: bash NSGA2.sh instance_param1.dat "" 1000000000.0000001 2147483647 1548605805 -pc 0.25 -pm 0.3 > /tmp/tmp-2026-07-1500:15:00-0.05276203155517578
Result: instance_param1.dat, 0, -920.07, 0, 1548605805
now 2026-07-15 00:15:00 -0400; start 2026-07-12 21:39:27 -0400; time-start 182132.900317431; maxWall 8640000.0
getAlgoResultsForInstsAndParams.
  Trial 1 for calling: bash NSGA2.sh instance_prob3.dat "" 1000000000.0000001 2147483647 222014735 -pc 0.25 -pm 0.3 > /tmp/tmp-2026-07-1500:15:00-0.656806468963623
Executing cmd: bash NSGA2.sh instance_prob3.dat "" 1000000000.0000001 2147483647 222014735 -pc 0.25 -pm 0.3 > /tmp/tmp-2026-07-1500:15:00-0.656806468963623
Result: instance_prob3.dat, 0, -577.71, 0, 222014735
now 2026-07-15 00:24:26 -0400; start 2026-07-12 21:39:27 -0400; time-start 182698.251103433; maxWall 8640000.0
getAlgoResultsForInstsAndParams.
  Trial 1 for calling: bash NSGA2.sh instance_prob1.dat "" 1000000000.0000001 2147483647 1686488978 -pc 0.25 -pm 0.3 > /tmp/tmp-2026-07-1500:24:26-0.5727634429931641
Executing cmd: bash NSGA2.sh instance_prob1.dat "" 1000000000.0000001 2147483647 1686488978 -pc 0.25 -pm 0.3 > /tmp/tmp-2026-07-1500:24:26-0.5727634429931641
Result: instance_prob1.dat, 0, -650.27, 0, 1686488978
now 2026-07-15 00:29:25 -0400; start 2026-07-12 21:39:27 -0400; time-start 182997.895255544; maxWall 8640000.0
getAlgoResultsForInstsAndParams.
  Trial 1 for calling: bash NSGA2.sh instance_param3.dat "" 1000000000.0000001 2147483647 1392514437 -pc 0.25 -pm 0.3 > /tmp/tmp-2026-07-1500:29:25-0.6220383644104004
Executing cmd: bash NSGA2.sh instance_param3.dat "" 1000000000.0000001 2147483647 1392514437 -pc 0.25 -pm 0.3 > /tmp/tmp-2026-07-1500:29:25-0.6220383644104004
Result: instance_param3.dat, 0, -705.56, 0, 1392514437
now 2026-07-15 00:29:25 -0400; start 2026-07-12 21:39:27 -0400; time-start 182997.981535979; maxWall 8640000.0
getAlgoResultsForInstsAndParams.
  Trial 1 for calling: bash NSGA2.sh instance_prob3.dat "" 1000000000.0000001 2147483647 1165131879 -pc 0.25 -pm 0.3 > /tmp/tmp-2026-07-1500:29:25-0.8330428600311279
Executing cmd: bash NSGA2.sh instance_prob3.dat "" 1000000000.0000001 2147483647 1165131879 -pc 0.25 -pm 0.3 > /tmp/tmp-2026-07-1500:29:25-0.8330428600311279
Result: instance_prob3.dat, 0, -577.71, 0, 1165131879
now 2026-07-15 00:38:32 -0400; start 2026-07-12 21:39:27 -0400; time-start 183545.081748127; maxWall 8640000.0
getAlgoResultsForInstsAndParams.
  Trial 1 for calling: bash NSGA2.sh instance_prob1.dat "" 1000000000.0000001 2147483647 1319408815 -pc 0.25 -pm 0.3 > /tmp/tmp-2026-07-1500:38:32-0.6883354187011719
Executing cmd: bash NSGA2.sh instance_prob1.dat "" 1000000000.0000001 2147483647 1319408815 -pc 0.25 -pm 0.3 > /tmp/tmp-2026-07-1500:38:32-0.6883354187011719
Result: instance_prob1.dat, 0, -650.27, 0, 1319408815
now 2026-07-15 00:45:05 -0400; start 2026-07-12 21:39:27 -0400; time-start 183937.456091427; maxWall 8640000.0
getAlgoResultsForInstsAndParams.
  Trial 1 for calling: bash NSGA2.sh instance_param1.dat "" 1000000000.0000001 2147483647 2074744000 -pc 0.25 -pm 0.3 > /tmp/tmp-2026-07-1500:45:05-0.5722184181213379
Executing cmd: bash NSGA2.sh instance_param1.dat "" 1000000000.0000001 2147483647 2074744000 -pc 0.25 -pm 0.3 > /tmp/tmp-2026-07-1500:45:05-0.5722184181213379
Result: instance_param1.dat, 0, -920.07, 0, 2074744000
now 2026-07-15 00:45:05 -0400; start 2026-07-12 21:39:27 -0400; time-start 183937.537497405; maxWall 8640000.0
getAlgoResultsForInstsAndParams.
  Trial 1 for calling: bash NSGA2.sh instance_param2.dat "" 1000000000.0000001 2147483647 1733138286 -pc 0.25 -pm 0.3 > /tmp/tmp-2026-07-1500:45:05-0.8821816444396973
Executing cmd: bash NSGA2.sh instance_param2.dat "" 1000000000.0000001 2147483647 1733138286 -pc 0.25 -pm 0.3 > /tmp/tmp-2026-07-1500:45:05-0.8821816444396973
Result: instance_param2.dat, 0, -717.59, 0, 1733138286
now 2026-07-15 00:45:05 -0400; start 2026-07-12 21:39:27 -0400; time-start 183937.616720081; maxWall 8640000.0
getAlgoResultsForInstsAndParams.
  Trial 1 for calling: bash NSGA2.sh instance_prob4.dat "" 1000000000.0000001 2147483647 685541044 -pc 0.25 -pm 0.3 > /tmp/tmp-2026-07-1500:45:05-0.3534820079803467
Executing cmd: bash NSGA2.sh instance_prob4.dat "" 1000000000.0000001 2147483647 685541044 -pc 0.25 -pm 0.3 > /tmp/tmp-2026-07-1500:45:05-0.3534820079803467
Result: instance_prob4.dat, 0, -591.79, 0, 685541044
now 2026-07-15 00:53:42 -0400; start 2026-07-12 21:39:27 -0400; time-start 184454.441749964; maxWall 8640000.0
getAlgoResultsForInstsAndParams.
  Trial 1 for calling: bash NSGA2.sh instance_prob2.dat "" 1000000000.0000001 2147483647 13935469 -pc 0.25 -pm 0.3 > /tmp/tmp-2026-07-1500:53:42-0.3094182014465332
Executing cmd: bash NSGA2.sh instance_prob2.dat "" 1000000000.0000001 2147483647 13935469 -pc 0.25 -pm 0.3 > /tmp/tmp-2026-07-1500:53:42-0.3094182014465332
Result: instance_prob2.dat, 0, -695.75, 0, 13935469
now 2026-07-15 01:02:48 -0400; start 2026-07-12 21:39:27 -0400; time-start 185000.54581759; maxWall 8640000.0
getAlgoResultsForInstsAndParams.
  Trial 1 for calling: bash NSGA2.sh instance_param1.dat "" 1000000000.0000001 2147483647 462720224 -pc 0.25 -pm 0.3 > /tmp/tmp-2026-07-1501:02:48-0.9886491298675537
Executing cmd: bash NSGA2.sh instance_param1.dat "" 1000000000.0000001 2147483647 462720224 -pc 0.25 -pm 0.3 > /tmp/tmp-2026-07-1501:02:48-0.9886491298675537
Result: instance_param1.dat, 0, -920.07, 0, 462720224
now 2026-07-15 01:02:48 -0400; start 2026-07-12 21:39:27 -0400; time-start 185000.623910476; maxWall 8640000.0
getAlgoResultsForInstsAndParams.
  Trial 1 for calling: bash NSGA2.sh instance_prob3.dat "" 1000000000.0000001 2147483647 1524734467 -pc 0.25 -pm 0.3 > /tmp/tmp-2026-07-1501:02:48-0.5684750080108643
Executing cmd: bash NSGA2.sh instance_prob3.dat "" 1000000000.0000001 2147483647 1524734467 -pc 0.25 -pm 0.3 > /tmp/tmp-2026-07-1501:02:48-0.5684750080108643
Result: instance_prob3.dat, 0, -577.71, 0, 1524734467
now 2026-07-15 01:19:19 -0400; start 2026-07-12 21:39:27 -0400; time-start 185991.348950205; maxWall 8640000.0
getAlgoResultsForInstsAndParams.
  Trial 1 for calling: bash NSGA2.sh instance_prob4.dat "" 1000000000.0000001 2147483647 1736731097 -pc 0.25 -pm 0.3 > /tmp/tmp-2026-07-1501:19:19-0.3660612106323242
Executing cmd: bash NSGA2.sh instance_prob4.dat "" 1000000000.0000001 2147483647 1736731097 -pc 0.25 -pm 0.3 > /tmp/tmp-2026-07-1501:19:19-0.3660612106323242
Result: instance_prob4.dat, 0, -591.79, 0, 1736731097
now 2026-07-15 01:27:56 -0400; start 2026-07-12 21:39:27 -0400; time-start 186509.050057026; maxWall 8640000.0
getAlgoResultsForInstsAndParams.
  Trial 1 for calling: bash NSGA2.sh instance_prob1.dat "" 1000000000.0000001 2147483647 251330698 -pc 0.25 -pm 0.3 > /tmp/tmp-2026-07-1501:27:56-0.20514583587646484
Executing cmd: bash NSGA2.sh instance_prob1.dat "" 1000000000.0000001 2147483647 251330698 -pc 0.25 -pm 0.3 > /tmp/tmp-2026-07-1501:27:56-0.20514583587646484
Result: instance_prob1.dat, 0, -650.27, 0, 251330698
now 2026-07-15 01:33:15 -0400; start 2026-07-12 21:39:27 -0400; time-start 186827.230519826; maxWall 8640000.0
getAlgoResultsForInstsAndParams.
  Trial 1 for calling: bash NSGA2.sh instance_param3.dat "" 1000000000.0000001 2147483647 1313848922 -pc 0.25 -pm 0.3 > /tmp/tmp-2026-07-1501:33:15-0.0778188705444336
Executing cmd: bash NSGA2.sh instance_param3.dat "" 1000000000.0000001 2147483647 1313848922 -pc 0.25 -pm 0.3 > /tmp/tmp-2026-07-1501:33:15-0.0778188705444336
Result: instance_param3.dat, 0, -705.56, 0, 1313848922
now 2026-07-15 01:33:15 -0400; start 2026-07-12 21:39:27 -0400; time-start 186827.308910935; maxWall 8640000.0
getAlgoResultsForInstsAndParams.
  Trial 1 for calling: bash NSGA2.sh instance_prob2.dat "" 1000000000.0000001 2147483647 557599983 -pc 0.25 -pm 0.3 > /tmp/tmp-2026-07-1501:33:15-0.6893448829650879
Executing cmd: bash NSGA2.sh instance_prob2.dat "" 1000000000.0000001 2147483647 557599983 -pc 0.25 -pm 0.3 > /tmp/tmp-2026-07-1501:33:15-0.6893448829650879
Result: instance_prob2.dat, 0, -695.75, 0, 557599983
now 2026-07-15 01:41:12 -0400; start 2026-07-12 21:39:27 -0400; time-start 187304.834666093; maxWall 8640000.0
getAlgoResultsForInstsAndParams.
  Trial 1 for calling: bash NSGA2.sh instance_param2.dat "" 1000000000.0000001 2147483647 789000552 -pc 0.25 -pm 0.3 > /tmp/tmp-2026-07-1501:41:12-0.5849530696868896
Executing cmd: bash NSGA2.sh instance_param2.dat "" 1000000000.0000001 2147483647 789000552 -pc 0.25 -pm 0.3 > /tmp/tmp-2026-07-1501:41:12-0.5849530696868896
Result: instance_param2.dat, 0, -717.59, 0, 789000552
now 2026-07-15 01:41:12 -0400; start 2026-07-12 21:39:27 -0400; time-start 187304.913269834; maxWall 8640000.0
getAlgoResultsForInstsAndParams.
  Trial 1 for calling: bash NSGA2.sh instance_prob1.dat "" 1000000000.0000001 2147483647 1764895294 -pc 0.25 -pm 0.3 > /tmp/tmp-2026-07-1501:41:12-0.8250348567962646
Executing cmd: bash NSGA2.sh instance_prob1.dat "" 1000000000.0000001 2147483647 1764895294 -pc 0.25 -pm 0.3 > /tmp/tmp-2026-07-1501:41:12-0.8250348567962646
Result: instance_prob1.dat, 0, -650.27, 0, 1764895294
now 2026-07-15 01:48:08 -0400; start 2026-07-12 21:39:27 -0400; time-start 187720.849202792; maxWall 8640000.0
getAlgoResultsForInstsAndParams.
  Trial 1 for calling: bash NSGA2.sh instance_param2.dat "" 1000000000.0000001 2147483647 149754666 -pc 0.25 -pm 0.3 > /tmp/tmp-2026-07-1501:48:08-0.7123539447784424
Executing cmd: bash NSGA2.sh instance_param2.dat "" 1000000000.0000001 2147483647 149754666 -pc 0.25 -pm 0.3 > /tmp/tmp-2026-07-1501:48:08-0.7123539447784424
Result: instance_param2.dat, 0, -717.59, 0, 149754666
now 2026-07-15 01:48:08 -0400; start 2026-07-12 21:39:27 -0400; time-start 187720.932202936; maxWall 8640000.0
getAlgoResultsForInstsAndParams.
  Trial 1 for calling: bash NSGA2.sh instance_prob3.dat "" 1000000000.0000001 2147483647 1523713353 -pc 0.25 -pm 0.3 > /tmp/tmp-2026-07-1501:48:08-0.9197044372558594
Executing cmd: bash NSGA2.sh instance_prob3.dat "" 1000000000.0000001 2147483647 1523713353 -pc 0.25 -pm 0.3 > /tmp/tmp-2026-07-1501:48:08-0.9197044372558594
Result: instance_prob3.dat, 0, -577.71, 0, 1523713353
now 2026-07-15 02:00:08 -0400; start 2026-07-12 21:39:27 -0400; time-start 188440.995765607; maxWall 8640000.0
getAlgoResultsForInstsAndParams.
  Trial 1 for calling: bash NSGA2.sh instance_prob4.dat "" 1000000000.0000001 2147483647 1868452773 -pc 0.25 -pm 0.3 > /tmp/tmp-2026-07-1502:00:08-0.1914736032485962
Executing cmd: bash NSGA2.sh instance_prob4.dat "" 1000000000.0000001 2147483647 1868452773 -pc 0.25 -pm 0.3 > /tmp/tmp-2026-07-1502:00:08-0.1914736032485962
Result: instance_prob4.dat, 0, -591.79, 0, 1868452773
now 2026-07-15 02:10:47 -0400; start 2026-07-12 21:39:27 -0400; time-start 189079.40616167; maxWall 8640000.0
getAlgoResultsForInstsAndParams.
  Trial 1 for calling: bash NSGA2.sh instance_prob2.dat "" 1000000000.0000001 2147483647 310084194 -pc 0.25 -pm 0.3 > /tmp/tmp-2026-07-1502:10:47-0.7970614433288574
Executing cmd: bash NSGA2.sh instance_prob2.dat "" 1000000000.0000001 2147483647 310084194 -pc 0.25 -pm 0.3 > /tmp/tmp-2026-07-1502:10:47-0.7970614433288574
Result: instance_prob2.dat, 0, -695.75, 0, 310084194
          -> Take improving step to neighbour pc=0.25 pm=0.3 (-689.1666666666666 [based on 54 runs with cutoff 1000000000.0]) with flip 62

          
============= Performing 1 bonus runs of state: pc=0.25 pm=0.3 (-689.1666666666666 [based on 54 runs with cutoff 1000000000.0]) ============ 

now 2026-07-15 02:19:23 -0400; start 2026-07-12 21:39:27 -0400; time-start 189595.87454451; maxWall 8640000.0
State wants more detail (54+1) than incumbent (54), doing incumbent first:
pc=0.25 pm=0.3 (-689.1666666666666 [based on 54 runs with cutoff 1000000000.0])
pc=0.6 pm=0.1 (-689.1666666666666 [based on 54 runs with cutoff 1000000000.0])
getAlgoResultsForInstsAndParams.
  Trial 1 for calling: bash NSGA2.sh instance_param1.dat "" 1000000000.0000001 2147483647 1927991028 -pc 0.6 -pm 0.1 > /tmp/tmp-2026-07-1502:19:23-0.6791589260101318
Executing cmd: bash NSGA2.sh instance_param1.dat "" 1000000000.0000001 2147483647 1927991028 -pc 0.6 -pm 0.1 > /tmp/tmp-2026-07-1502:19:23-0.6791589260101318
Result: instance_param1.dat, 0, -920.07, 0, 1927991028
 Same incumbent, new precision:
New Incumbent: 85.8999999999994, -693.3636363636364 [55, 1000000000.0]. With state pc=0.6, pm=0.1
getAlgoResultsForInstsAndParams.
  Trial 1 for calling: bash NSGA2.sh instance_param1.dat "" 1000000000.0000001 2147483647 1927991028 -pc 0.25 -pm 0.3 > /tmp/tmp-2026-07-1502:19:23-0.14172494411468506
Executing cmd: bash NSGA2.sh instance_param1.dat "" 1000000000.0000001 2147483647 1927991028 -pc 0.25 -pm 0.3 > /tmp/tmp-2026-07-1502:19:23-0.14172494411468506
Result: instance_param1.dat, 0, -920.07, 0, 1927991028
          -> After 1 bonus runs: pc=0.25 pm=0.3 (-693.3636363636364 [based on 55 runs with cutoff 1000000000.0])

now 2026-07-15 02:19:23 -0400; start 2026-07-12 21:39:27 -0400; time-start 189596.034390895; maxWall 8640000.0
now 2026-07-15 02:19:23 -0400; start 2026-07-12 21:39:27 -0400; time-start 189596.034477241; maxWall 8640000.0
now 2026-07-15 02:19:23 -0400; start 2026-07-12 21:39:27 -0400; time-start 189596.034561636; maxWall 8640000.0
    Changing ["pm: 0.3->0.5"], evaluating ...
getAlgoResultsForInstsAndParams.
  Trial 1 for calling: bash NSGA2.sh instance_prob3.dat "" 1000000000.0000001 2147483647 222014735 -pc 0.25 -pm 0.5 > /tmp/tmp-2026-07-1502:19:23-0.18275845050811768
Executing cmd: bash NSGA2.sh instance_prob3.dat "" 1000000000.0000001 2147483647 222014735 -pc 0.25 -pm 0.5 > /tmp/tmp-2026-07-1502:19:23-0.18275845050811768
Result: instance_prob3.dat, 0, -577.71, 0, 222014735
now 2026-07-15 02:31:13 -0400; start 2026-07-12 21:39:27 -0400; time-start 190305.494894256; maxWall 8640000.0
getAlgoResultsForInstsAndParams.
  Trial 1 for calling: bash NSGA2.sh instance_prob1.dat "" 1000000000.0000001 2147483647 1686488978 -pc 0.25 -pm 0.5 > /tmp/tmp-2026-07-1502:31:13-0.8170876502990723
Executing cmd: bash NSGA2.sh instance_prob1.dat "" 1000000000.0000001 2147483647 1686488978 -pc 0.25 -pm 0.5 > /tmp/tmp-2026-07-1502:31:13-0.8170876502990723
Result: instance_prob1.dat, 0, -650.27, 0, 1686488978
now 2026-07-15 02:38:42 -0400; start 2026-07-12 21:39:27 -0400; time-start 190754.08970128; maxWall 8640000.0
getAlgoResultsForInstsAndParams.
  Trial 1 for calling: bash NSGA2.sh instance_param3.dat "" 1000000000.0000001 2147483647 1392514437 -pc 0.25 -pm 0.5 > /tmp/tmp-2026-07-1502:38:42-0.368438720703125
Executing cmd: bash NSGA2.sh instance_param3.dat "" 1000000000.0000001 2147483647 1392514437 -pc 0.25 -pm 0.5 > /tmp/tmp-2026-07-1502:38:42-0.368438720703125
Result: instance_param3.dat, 0, -705.56, 0, 1392514437
now 2026-07-15 02:38:42 -0400; start 2026-07-12 21:39:27 -0400; time-start 190754.172008499; maxWall 8640000.0
getAlgoResultsForInstsAndParams.
  Trial 1 for calling: bash NSGA2.sh instance_prob3.dat "" 1000000000.0000001 2147483647 1165131879 -pc 0.25 -pm 0.5 > /tmp/tmp-2026-07-1502:38:42-0.3126106262207031
Executing cmd: bash NSGA2.sh instance_prob3.dat "" 1000000000.0000001 2147483647 1165131879 -pc 0.25 -pm 0.5 > /tmp/tmp-2026-07-1502:38:42-0.3126106262207031
Result: instance_prob3.dat, 0, -577.71, 0, 1165131879
now 2026-07-15 02:53:21 -0400; start 2026-07-12 21:39:27 -0400; time-start 191633.877087401; maxWall 8640000.0
getAlgoResultsForInstsAndParams.
  Trial 1 for calling: bash NSGA2.sh instance_prob1.dat "" 1000000000.0000001 2147483647 1319408815 -pc 0.25 -pm 0.5 > /tmp/tmp-2026-07-1502:53:21-0.8441824913024902
Executing cmd: bash NSGA2.sh instance_prob1.dat "" 1000000000.0000001 2147483647 1319408815 -pc 0.25 -pm 0.5 > /tmp/tmp-2026-07-1502:53:21-0.8441824913024902
Result: instance_prob1.dat, 0, -650.27, 0, 1319408815
now 2026-07-15 03:00:33 -0400; start 2026-07-12 21:39:27 -0400; time-start 192065.334675828; maxWall 8640000.0
getAlgoResultsForInstsAndParams.
  Trial 1 for calling: bash NSGA2.sh instance_param1.dat "" 1000000000.0000001 2147483647 2074744000 -pc 0.25 -pm 0.5 > /tmp/tmp-2026-07-1503:00:33-0.14717388153076172
Executing cmd: bash NSGA2.sh instance_param1.dat "" 1000000000.0000001 2147483647 2074744000 -pc 0.25 -pm 0.5 > /tmp/tmp-2026-07-1503:00:33-0.14717388153076172
Result: instance_param1.dat, 0, -920.07, 0, 2074744000
now 2026-07-15 03:00:33 -0400; start 2026-07-12 21:39:27 -0400; time-start 192065.417802474; maxWall 8640000.0
getAlgoResultsForInstsAndParams.
  Trial 1 for calling: bash NSGA2.sh instance_param2.dat "" 1000000000.0000001 2147483647 1733138286 -pc 0.25 -pm 0.5 > /tmp/tmp-2026-07-1503:00:33-0.6276555061340332
Executing cmd: bash NSGA2.sh instance_param2.dat "" 1000000000.0000001 2147483647 1733138286 -pc 0.25 -pm 0.5 > /tmp/tmp-2026-07-1503:00:33-0.6276555061340332
Result: instance_param2.dat, 0, -717.59, 0, 1733138286
now 2026-07-15 03:00:33 -0400; start 2026-07-12 21:39:27 -0400; time-start 192065.496821552; maxWall 8640000.0
getAlgoResultsForInstsAndParams.
  Trial 1 for calling: bash NSGA2.sh instance_prob4.dat "" 1000000000.0000001 2147483647 685541044 -pc 0.25 -pm 0.5 > /tmp/tmp-2026-07-1503:00:33-0.30837297439575195
Executing cmd: bash NSGA2.sh instance_prob4.dat "" 1000000000.0000001 2147483647 685541044 -pc 0.25 -pm 0.5 > /tmp/tmp-2026-07-1503:00:33-0.30837297439575195
Result: instance_prob4.dat, 0, -591.79, 0, 685541044
now 2026-07-15 03:12:32 -0400; start 2026-07-12 21:39:27 -0400; time-start 192784.295146908; maxWall 8640000.0
getAlgoResultsForInstsAndParams.
  Trial 1 for calling: bash NSGA2.sh instance_prob2.dat "" 1000000000.0000001 2147483647 13935469 -pc 0.25 -pm 0.5 > /tmp/tmp-2026-07-1503:12:32-0.6943330764770508
Executing cmd: bash NSGA2.sh instance_prob2.dat "" 1000000000.0000001 2147483647 13935469 -pc 0.25 -pm 0.5 > /tmp/tmp-2026-07-1503:12:32-0.6943330764770508
Result: instance_prob2.dat, 0, -695.75, 0, 13935469
now 2026-07-15 03:22:42 -0400; start 2026-07-12 21:39:27 -0400; time-start 193394.650215646; maxWall 8640000.0
getAlgoResultsForInstsAndParams.
  Trial 1 for calling: bash NSGA2.sh instance_param1.dat "" 1000000000.0000001 2147483647 462720224 -pc 0.25 -pm 0.5 > /tmp/tmp-2026-07-1503:22:42-0.6345140933990479
Executing cmd: bash NSGA2.sh instance_param1.dat "" 1000000000.0000001 2147483647 462720224 -pc 0.25 -pm 0.5 > /tmp/tmp-2026-07-1503:22:42-0.6345140933990479
Result: instance_param1.dat, 0, -920.07, 0, 462720224
now 2026-07-15 03:22:42 -0400; start 2026-07-12 21:39:27 -0400; time-start 193394.727880215; maxWall 8640000.0
getAlgoResultsForInstsAndParams.
  Trial 1 for calling: bash NSGA2.sh instance_prob3.dat "" 1000000000.0000001 2147483647 1524734467 -pc 0.25 -pm 0.5 > /tmp/tmp-2026-07-1503:22:42-0.08822965621948242
Executing cmd: bash NSGA2.sh instance_prob3.dat "" 1000000000.0000001 2147483647 1524734467 -pc 0.25 -pm 0.5 > /tmp/tmp-2026-07-1503:22:42-0.08822965621948242
Result: instance_prob3.dat, 0, -577.71, 0, 1524734467
now 2026-07-15 03:36:10 -0400; start 2026-07-12 21:39:27 -0400; time-start 194202.963867382; maxWall 8640000.0
getAlgoResultsForInstsAndParams.
  Trial 1 for calling: bash NSGA2.sh instance_prob4.dat "" 1000000000.0000001 2147483647 1736731097 -pc 0.25 -pm 0.5 > /tmp/tmp-2026-07-1503:36:10-0.15875470638275146
Executing cmd: bash NSGA2.sh instance_prob4.dat "" 1000000000.0000001 2147483647 1736731097 -pc 0.25 -pm 0.5 > /tmp/tmp-2026-07-1503:36:10-0.15875470638275146
Result: instance_prob4.dat, 0, -591.79, 0, 1736731097
now 2026-07-15 03:48:53 -0400; start 2026-07-12 21:39:27 -0400; time-start 194965.450531535; maxWall 8640000.0
getAlgoResultsForInstsAndParams.
  Trial 1 for calling: bash NSGA2.sh instance_prob1.dat "" 1000000000.0000001 2147483647 251330698 -pc 0.25 -pm 0.5 > /tmp/tmp-2026-07-1503:48:53-0.12246561050415039
Executing cmd: bash NSGA2.sh instance_prob1.dat "" 1000000000.0000001 2147483647 251330698 -pc 0.25 -pm 0.5 > /tmp/tmp-2026-07-1503:48:53-0.12246561050415039
Result: instance_prob1.dat, 0, -650.27, 0, 251330698
now 2026-07-15 03:57:30 -0400; start 2026-07-12 21:39:27 -0400; time-start 195482.92594993; maxWall 8640000.0
getAlgoResultsForInstsAndParams.
  Trial 1 for calling: bash NSGA2.sh instance_param3.dat "" 1000000000.0000001 2147483647 1313848922 -pc 0.25 -pm 0.5 > /tmp/tmp-2026-07-1503:57:30-0.27927350997924805
Executing cmd: bash NSGA2.sh instance_param3.dat "" 1000000000.0000001 2147483647 1313848922 -pc 0.25 -pm 0.5 > /tmp/tmp-2026-07-1503:57:30-0.27927350997924805
Result: instance_param3.dat, 0, -705.56, 0, 1313848922
now 2026-07-15 03:57:30 -0400; start 2026-07-12 21:39:27 -0400; time-start 195483.013491954; maxWall 8640000.0
getAlgoResultsForInstsAndParams.
  Trial 1 for calling: bash NSGA2.sh instance_prob2.dat "" 1000000000.0000001 2147483647 557599983 -pc 0.25 -pm 0.5 > /tmp/tmp-2026-07-1503:57:30-0.5080486536026001
Executing cmd: bash NSGA2.sh instance_prob2.dat "" 1000000000.0000001 2147483647 557599983 -pc 0.25 -pm 0.5 > /tmp/tmp-2026-07-1503:57:30-0.5080486536026001
Result: instance_prob2.dat, 0, -695.75, 0, 557599983
now 2026-07-15 04:10:34 -0400; start 2026-07-12 21:39:27 -0400; time-start 196266.218644606; maxWall 8640000.0
getAlgoResultsForInstsAndParams.
  Trial 1 for calling: bash NSGA2.sh instance_param2.dat "" 1000000000.0000001 2147483647 789000552 -pc 0.25 -pm 0.5 > /tmp/tmp-2026-07-1504:10:34-0.6665143966674805
Executing cmd: bash NSGA2.sh instance_param2.dat "" 1000000000.0000001 2147483647 789000552 -pc 0.25 -pm 0.5 > /tmp/tmp-2026-07-1504:10:34-0.6665143966674805
Result: instance_param2.dat, 0, -717.59, 0, 789000552
now 2026-07-15 04:10:34 -0400; start 2026-07-12 21:39:27 -0400; time-start 196266.300937286; maxWall 8640000.0
getAlgoResultsForInstsAndParams.
  Trial 1 for calling: bash NSGA2.sh instance_prob1.dat "" 1000000000.0000001 2147483647 1764895294 -pc 0.25 -pm 0.5 > /tmp/tmp-2026-07-1504:10:34-0.37843847274780273
Executing cmd: bash NSGA2.sh instance_prob1.dat "" 1000000000.0000001 2147483647 1764895294 -pc 0.25 -pm 0.5 > /tmp/tmp-2026-07-1504:10:34-0.37843847274780273
Result: instance_prob1.dat, 0, -650.27, 0, 1764895294
now 2026-07-15 04:20:08 -0400; start 2026-07-12 21:39:27 -0400; time-start 196840.152546685; maxWall 8640000.0
getAlgoResultsForInstsAndParams.
  Trial 1 for calling: bash NSGA2.sh instance_param2.dat "" 1000000000.0000001 2147483647 149754666 -pc 0.25 -pm 0.5 > /tmp/tmp-2026-07-1504:20:08-0.8075542449951172
Executing cmd: bash NSGA2.sh instance_param2.dat "" 1000000000.0000001 2147483647 149754666 -pc 0.25 -pm 0.5 > /tmp/tmp-2026-07-1504:20:08-0.8075542449951172
Result: instance_param2.dat, 0, -717.59, 0, 149754666
now 2026-07-15 04:20:08 -0400; start 2026-07-12 21:39:27 -0400; time-start 196840.196736127; maxWall 8640000.0
getAlgoResultsForInstsAndParams.
  Trial 1 for calling: bash NSGA2.sh instance_prob3.dat "" 1000000000.0000001 2147483647 1523713353 -pc 0.25 -pm 0.5 > /tmp/tmp-2026-07-1504:20:08-0.8368844985961914
Executing cmd: bash NSGA2.sh instance_prob3.dat "" 1000000000.0000001 2147483647 1523713353 -pc 0.25 -pm 0.5 > /tmp/tmp-2026-07-1504:20:08-0.8368844985961914
Result: instance_prob3.dat, 0, -577.71, 0, 1523713353
now 2026-07-15 04:32:40 -0400; start 2026-07-12 21:39:27 -0400; time-start 197592.7278622; maxWall 8640000.0
getAlgoResultsForInstsAndParams.
  Trial 1 for calling: bash NSGA2.sh instance_prob4.dat "" 1000000000.0000001 2147483647 1868452773 -pc 0.25 -pm 0.5 > /tmp/tmp-2026-07-1504:32:40-0.4037661552429199
Executing cmd: bash NSGA2.sh instance_prob4.dat "" 1000000000.0000001 2147483647 1868452773 -pc 0.25 -pm 0.5 > /tmp/tmp-2026-07-1504:32:40-0.4037661552429199
Result: instance_prob4.dat, 0, -591.79, 0, 1868452773
now 2026-07-15 04:45:34 -0400; start 2026-07-12 21:39:27 -0400; time-start 198367.063599827; maxWall 8640000.0
getAlgoResultsForInstsAndParams.
  Trial 1 for calling: bash NSGA2.sh instance_prob2.dat "" 1000000000.0000001 2147483647 310084194 -pc 0.25 -pm 0.5 > /tmp/tmp-2026-07-1504:45:34-0.48468017578125
Executing cmd: bash NSGA2.sh instance_prob2.dat "" 1000000000.0000001 2147483647 310084194 -pc 0.25 -pm 0.5 > /tmp/tmp-2026-07-1504:45:34-0.48468017578125
Result: instance_prob2.dat, 0, -695.75, 0, 310084194
now 2026-07-15 04:58:07 -0400; start 2026-07-12 21:39:27 -0400; time-start 199119.17863009; maxWall 8640000.0
getAlgoResultsForInstsAndParams.
  Trial 1 for calling: bash NSGA2.sh instance_param1.dat "" 1000000000.0000001 2147483647 1927991028 -pc 0.25 -pm 0.5 > /tmp/tmp-2026-07-1504:58:07-0.7351913452148438
Executing cmd: bash NSGA2.sh instance_param1.dat "" 1000000000.0000001 2147483647 1927991028 -pc 0.25 -pm 0.5 > /tmp/tmp-2026-07-1504:58:07-0.7351913452148438
Result: instance_param1.dat, 0, -920.07, 0, 1927991028
          -> Take improving step to neighbour pc=0.25 pm=0.5 (-693.3636363636364 [based on 55 runs with cutoff 1000000000.0]) with flip 63

          
============= Performing 1 bonus runs of state: pc=0.25 pm=0.5 (-693.3636363636364 [based on 55 runs with cutoff 1000000000.0]) ============ 

now 2026-07-15 04:58:07 -0400; start 2026-07-12 21:39:27 -0400; time-start 199119.258135609; maxWall 8640000.0
State wants more detail (55+1) than incumbent (55), doing incumbent first:
pc=0.25 pm=0.5 (-693.3636363636364 [based on 55 runs with cutoff 1000000000.0])
pc=0.6 pm=0.1 (-693.3636363636364 [based on 55 runs with cutoff 1000000000.0])
getAlgoResultsForInstsAndParams.
  Trial 1 for calling: bash NSGA2.sh instance_param3.dat "" 1000000000.0000001 2147483647 13543025 -pc 0.6 -pm 0.1 > /tmp/tmp-2026-07-1504:58:07-0.7277851104736328
Executing cmd: bash NSGA2.sh instance_param3.dat "" 1000000000.0000001 2147483647 13543025 -pc 0.6 -pm 0.1 > /tmp/tmp-2026-07-1504:58:07-0.7277851104736328
Result: instance_param3.dat, 0, -705.56, 0, 13543025
 Same incumbent, new precision:
New Incumbent: 88.29999999999926, -693.5714285714286 [56, 1000000000.0]. With state pc=0.6, pm=0.1
getAlgoResultsForInstsAndParams.
  Trial 1 for calling: bash NSGA2.sh instance_param3.dat "" 1000000000.0000001 2147483647 13543025 -pc 0.25 -pm 0.5 > /tmp/tmp-2026-07-1504:58:07-0.007274150848388672
Executing cmd: bash NSGA2.sh instance_param3.dat "" 1000000000.0000001 2147483647 13543025 -pc 0.25 -pm 0.5 > /tmp/tmp-2026-07-1504:58:07-0.007274150848388672
Result: instance_param3.dat, 0, -705.56, 0, 13543025
          -> After 1 bonus runs: pc=0.25 pm=0.5 (-693.5714285714286 [based on 56 runs with cutoff 1000000000.0])

now 2026-07-15 04:58:07 -0400; start 2026-07-12 21:39:27 -0400; time-start 199119.418863219; maxWall 8640000.0
now 2026-07-15 04:58:07 -0400; start 2026-07-12 21:39:27 -0400; time-start 199119.418934931; maxWall 8640000.0
    Changing ["pm: 0.5->0.05"], evaluating ...
getAlgoResultsForInstsAndParams.
  Trial 1 for calling: bash NSGA2.sh instance_param3.dat "" 1000000000.0000001 2147483647 1392514437 -pc 0.25 -pm 0.05 > /tmp/tmp-2026-07-1504:58:07-0.29822635650634766
Executing cmd: bash NSGA2.sh instance_param3.dat "" 1000000000.0000001 2147483647 1392514437 -pc 0.25 -pm 0.05 > /tmp/tmp-2026-07-1504:58:07-0.29822635650634766
Result: instance_param3.dat, 0, -705.56, 0, 1392514437
now 2026-07-15 04:58:07 -0400; start 2026-07-12 21:39:27 -0400; time-start 199119.498088311; maxWall 8640000.0
getAlgoResultsForInstsAndParams.
  Trial 1 for calling: bash NSGA2.sh instance_prob3.dat "" 1000000000.0000001 2147483647 1165131879 -pc 0.25 -pm 0.05 > /tmp/tmp-2026-07-1504:58:07-0.4802565574645996
Executing cmd: bash NSGA2.sh instance_prob3.dat "" 1000000000.0000001 2147483647 1165131879 -pc 0.25 -pm 0.05 > /tmp/tmp-2026-07-1504:58:07-0.4802565574645996
Result: instance_prob3.dat, 0, -577.71, 0, 1165131879
now 2026-07-15 05:03:39 -0400; start 2026-07-12 21:39:27 -0400; time-start 199451.386445023; maxWall 8640000.0
getAlgoResultsForInstsAndParams.
  Trial 1 for calling: bash NSGA2.sh instance_prob1.dat "" 1000000000.0000001 2147483647 1319408815 -pc 0.25 -pm 0.05 > /tmp/tmp-2026-07-1505:03:39-0.044635772705078125
Executing cmd: bash NSGA2.sh instance_prob1.dat "" 1000000000.0000001 2147483647 1319408815 -pc 0.25 -pm 0.05 > /tmp/tmp-2026-07-1505:03:39-0.044635772705078125
Result: instance_prob1.dat, 0, -650.27, 0, 1319408815
now 2026-07-15 05:07:06 -0400; start 2026-07-12 21:39:27 -0400; time-start 199658.318043584; maxWall 8640000.0
getAlgoResultsForInstsAndParams.
  Trial 1 for calling: bash NSGA2.sh instance_param1.dat "" 1000000000.0000001 2147483647 2074744000 -pc 0.25 -pm 0.05 > /tmp/tmp-2026-07-1505:07:06-0.08736848831176758
Executing cmd: bash NSGA2.sh instance_param1.dat "" 1000000000.0000001 2147483647 2074744000 -pc 0.25 -pm 0.05 > /tmp/tmp-2026-07-1505:07:06-0.08736848831176758
Result: instance_param1.dat, 0, -920.07, 0, 2074744000
now 2026-07-15 05:07:06 -0400; start 2026-07-12 21:39:27 -0400; time-start 199658.396115624; maxWall 8640000.0
getAlgoResultsForInstsAndParams.
  Trial 1 for calling: bash NSGA2.sh instance_param2.dat "" 1000000000.0000001 2147483647 1733138286 -pc 0.25 -pm 0.05 > /tmp/tmp-2026-07-1505:07:06-0.16291141510009766
Executing cmd: bash NSGA2.sh instance_param2.dat "" 1000000000.0000001 2147483647 1733138286 -pc 0.25 -pm 0.05 > /tmp/tmp-2026-07-1505:07:06-0.16291141510009766
Result: instance_param2.dat, 0, -717.59, 0, 1733138286
now 2026-07-15 05:07:06 -0400; start 2026-07-12 21:39:27 -0400; time-start 199658.475114566; maxWall 8640000.0
getAlgoResultsForInstsAndParams.
  Trial 1 for calling: bash NSGA2.sh instance_prob4.dat "" 1000000000.0000001 2147483647 685541044 -pc 0.25 -pm 0.05 > /tmp/tmp-2026-07-1505:07:06-0.8269286155700684
Executing cmd: bash NSGA2.sh instance_prob4.dat "" 1000000000.0000001 2147483647 685541044 -pc 0.25 -pm 0.05 > /tmp/tmp-2026-07-1505:07:06-0.8269286155700684
Result: instance_prob4.dat, 0, -591.79, 0, 685541044
now 2026-07-15 05:12:36 -0400; start 2026-07-12 21:39:27 -0400; time-start 199988.53937416; maxWall 8640000.0
getAlgoResultsForInstsAndParams.
  Trial 1 for calling: bash NSGA2.sh instance_prob2.dat "" 1000000000.0000001 2147483647 13935469 -pc 0.25 -pm 0.05 > /tmp/tmp-2026-07-1505:12:36-0.7761502265930176
Executing cmd: bash NSGA2.sh instance_prob2.dat "" 1000000000.0000001 2147483647 13935469 -pc 0.25 -pm 0.05 > /tmp/tmp-2026-07-1505:12:36-0.7761502265930176
Result: instance_prob2.dat, 0, -695.75, 0, 13935469
now 2026-07-15 05:16:25 -0400; start 2026-07-12 21:39:27 -0400; time-start 200217.431775319; maxWall 8640000.0
getAlgoResultsForInstsAndParams.
  Trial 1 for calling: bash NSGA2.sh instance_param1.dat "" 1000000000.0000001 2147483647 462720224 -pc 0.25 -pm 0.05 > /tmp/tmp-2026-07-1505:16:25-0.1548004150390625
Executing cmd: bash NSGA2.sh instance_param1.dat "" 1000000000.0000001 2147483647 462720224 -pc 0.25 -pm 0.05 > /tmp/tmp-2026-07-1505:16:25-0.1548004150390625
Result: instance_param1.dat, 0, -920.07, 0, 462720224
now 2026-07-15 05:16:25 -0400; start 2026-07-12 21:39:27 -0400; time-start 200217.513348208; maxWall 8640000.0
getAlgoResultsForInstsAndParams.
  Trial 1 for calling: bash NSGA2.sh instance_prob3.dat "" 1000000000.0000001 2147483647 1524734467 -pc 0.25 -pm 0.05 > /tmp/tmp-2026-07-1505:16:25-0.04940342903137207
Executing cmd: bash NSGA2.sh instance_prob3.dat "" 1000000000.0000001 2147483647 1524734467 -pc 0.25 -pm 0.05 > /tmp/tmp-2026-07-1505:16:25-0.04940342903137207
Result: instance_prob3.dat, 0, -577.71, 0, 1524734467
now 2026-07-15 05:21:51 -0400; start 2026-07-12 21:39:27 -0400; time-start 200543.369486573; maxWall 8640000.0
getAlgoResultsForInstsAndParams.
  Trial 1 for calling: bash NSGA2.sh instance_prob4.dat "" 1000000000.0000001 2147483647 1736731097 -pc 0.25 -pm 0.05 > /tmp/tmp-2026-07-1505:21:51-0.38048458099365234
Executing cmd: bash NSGA2.sh instance_prob4.dat "" 1000000000.0000001 2147483647 1736731097 -pc 0.25 -pm 0.05 > /tmp/tmp-2026-07-1505:21:51-0.38048458099365234
Result: instance_prob4.dat, 0, -591.79, 0, 1736731097
now 2026-07-15 05:27:21 -0400; start 2026-07-12 21:39:27 -0400; time-start 200873.648636454; maxWall 8640000.0
getAlgoResultsForInstsAndParams.
  Trial 1 for calling: bash NSGA2.sh instance_prob1.dat "" 1000000000.0000001 2147483647 251330698 -pc 0.25 -pm 0.05 > /tmp/tmp-2026-07-1505:27:21-0.21935200691223145
Executing cmd: bash NSGA2.sh instance_prob1.dat "" 1000000000.0000001 2147483647 251330698 -pc 0.25 -pm 0.05 > /tmp/tmp-2026-07-1505:27:21-0.21935200691223145
Result: instance_prob1.dat, 0, -650.27, 0, 251330698
now 2026-07-15 05:30:56 -0400; start 2026-07-12 21:39:27 -0400; time-start 201088.577064322; maxWall 8640000.0
getAlgoResultsForInstsAndParams.
  Trial 1 for calling: bash NSGA2.sh instance_param3.dat "" 1000000000.0000001 2147483647 1313848922 -pc 0.25 -pm 0.05 > /tmp/tmp-2026-07-1505:30:56-0.09570908546447754
Executing cmd: bash NSGA2.sh instance_param3.dat "" 1000000000.0000001 2147483647 1313848922 -pc 0.25 -pm 0.05 > /tmp/tmp-2026-07-1505:30:56-0.09570908546447754
Result: instance_param3.dat, 0, -705.56, 0, 1313848922
now 2026-07-15 05:30:56 -0400; start 2026-07-12 21:39:27 -0400; time-start 201088.66220746; maxWall 8640000.0
getAlgoResultsForInstsAndParams.
  Trial 1 for calling: bash NSGA2.sh instance_prob2.dat "" 1000000000.0000001 2147483647 557599983 -pc 0.25 -pm 0.05 > /tmp/tmp-2026-07-1505:30:56-0.24205946922302246
Executing cmd: bash NSGA2.sh instance_prob2.dat "" 1000000000.0000001 2147483647 557599983 -pc 0.25 -pm 0.05 > /tmp/tmp-2026-07-1505:30:56-0.24205946922302246
Result: instance_prob2.dat, 0, -695.75, 0, 557599983
now 2026-07-15 05:35:00 -0400; start 2026-07-12 21:39:27 -0400; time-start 201332.221301441; maxWall 8640000.0
getAlgoResultsForInstsAndParams.
  Trial 1 for calling: bash NSGA2.sh instance_param2.dat "" 1000000000.0000001 2147483647 789000552 -pc 0.25 -pm 0.05 > /tmp/tmp-2026-07-1505:35:00-0.6687107086181641
Executing cmd: bash NSGA2.sh instance_param2.dat "" 1000000000.0000001 2147483647 789000552 -pc 0.25 -pm 0.05 > /tmp/tmp-2026-07-1505:35:00-0.6687107086181641
Result: instance_param2.dat, 0, -717.59, 0, 789000552
now 2026-07-15 05:35:00 -0400; start 2026-07-12 21:39:27 -0400; time-start 201332.302013783; maxWall 8640000.0
getAlgoResultsForInstsAndParams.
  Trial 1 for calling: bash NSGA2.sh instance_prob1.dat "" 1000000000.0000001 2147483647 1764895294 -pc 0.25 -pm 0.05 > /tmp/tmp-2026-07-1505:35:00-0.9167814254760742
Executing cmd: bash NSGA2.sh instance_prob1.dat "" 1000000000.0000001 2147483647 1764895294 -pc 0.25 -pm 0.05 > /tmp/tmp-2026-07-1505:35:00-0.9167814254760742
Result: instance_prob1.dat, 0, -650.27, 0, 1764895294
now 2026-07-15 05:38:15 -0400; start 2026-07-12 21:39:27 -0400; time-start 201527.861938482; maxWall 8640000.0
getAlgoResultsForInstsAndParams.
  Trial 1 for calling: bash NSGA2.sh instance_param2.dat "" 1000000000.0000001 2147483647 149754666 -pc 0.25 -pm 0.05 > /tmp/tmp-2026-07-1505:38:15-0.9555559158325195
Executing cmd: bash NSGA2.sh instance_param2.dat "" 1000000000.0000001 2147483647 149754666 -pc 0.25 -pm 0.05 > /tmp/tmp-2026-07-1505:38:15-0.9555559158325195
Result: instance_param2.dat, 0, -717.59, 0, 149754666
now 2026-07-15 05:38:15 -0400; start 2026-07-12 21:39:27 -0400; time-start 201527.942730425; maxWall 8640000.0
getAlgoResultsForInstsAndParams.
  Trial 1 for calling: bash NSGA2.sh instance_prob3.dat "" 1000000000.0000001 2147483647 1523713353 -pc 0.25 -pm 0.05 > /tmp/tmp-2026-07-1505:38:15-0.1960669755935669
Executing cmd: bash NSGA2.sh instance_prob3.dat "" 1000000000.0000001 2147483647 1523713353 -pc 0.25 -pm 0.05 > /tmp/tmp-2026-07-1505:38:15-0.1960669755935669
Result: instance_prob3.dat, 0, -577.71, 0, 1523713353
now 2026-07-15 05:44:20 -0400; start 2026-07-12 21:39:27 -0400; time-start 201893.066590226; maxWall 8640000.0
getAlgoResultsForInstsAndParams.
  Trial 1 for calling: bash NSGA2.sh instance_prob4.dat "" 1000000000.0000001 2147483647 1868452773 -pc 0.25 -pm 0.05 > /tmp/tmp-2026-07-1505:44:20-0.6677150726318359
Executing cmd: bash NSGA2.sh instance_prob4.dat "" 1000000000.0000001 2147483647 1868452773 -pc 0.25 -pm 0.05 > /tmp/tmp-2026-07-1505:44:20-0.6677150726318359
Result: instance_prob4.dat, 0, -591.79, 0, 1868452773
now 2026-07-15 05:49:52 -0400; start 2026-07-12 21:39:27 -0400; time-start 202224.373593386; maxWall 8640000.0
getAlgoResultsForInstsAndParams.
  Trial 1 for calling: bash NSGA2.sh instance_prob2.dat "" 1000000000.0000001 2147483647 310084194 -pc 0.25 -pm 0.05 > /tmp/tmp-2026-07-1505:49:52-0.1412668228149414
Executing cmd: bash NSGA2.sh instance_prob2.dat "" 1000000000.0000001 2147483647 310084194 -pc 0.25 -pm 0.05 > /tmp/tmp-2026-07-1505:49:52-0.1412668228149414
Result: instance_prob2.dat, 0, -695.75, 0, 310084194
now 2026-07-15 05:53:51 -0400; start 2026-07-12 21:39:27 -0400; time-start 202463.737474119; maxWall 8640000.0
getAlgoResultsForInstsAndParams.
  Trial 1 for calling: bash NSGA2.sh instance_param1.dat "" 1000000000.0000001 2147483647 1927991028 -pc 0.25 -pm 0.05 > /tmp/tmp-2026-07-1505:53:51-0.19754576683044434
Executing cmd: bash NSGA2.sh instance_param1.dat "" 1000000000.0000001 2147483647 1927991028 -pc 0.25 -pm 0.05 > /tmp/tmp-2026-07-1505:53:51-0.19754576683044434
Result: instance_param1.dat, 0, -920.07, 0, 1927991028
904/100000, 90.39999999999914/100000000.0
now 2026-07-15 05:53:51 -0400; start 2026-07-12 21:39:27 -0400; time-start 202463.814411166; maxWall 8640000.0
getAlgoResultsForInstsAndParams.
  Trial 1 for calling: bash NSGA2.sh instance_param3.dat "" 1000000000.0000001 2147483647 13543025 -pc 0.25 -pm 0.05 > /tmp/tmp-2026-07-1505:53:51-0.738673210144043
Executing cmd: bash NSGA2.sh instance_param3.dat "" 1000000000.0000001 2147483647 13543025 -pc 0.25 -pm 0.05 > /tmp/tmp-2026-07-1505:53:51-0.738673210144043
Result: instance_param3.dat, 0, -705.56, 0, 13543025
          -> Take improving step to neighbour pc=0.25 pm=0.05 (-693.5714285714286 [based on 56 runs with cutoff 1000000000.0]) with flip 64

          
============= Performing 1 bonus runs of state: pc=0.25 pm=0.05 (-693.5714285714286 [based on 56 runs with cutoff 1000000000.0]) ============ 

now 2026-07-15 05:53:51 -0400; start 2026-07-12 21:39:27 -0400; time-start 202463.889834403; maxWall 8640000.0
State wants more detail (56+1) than incumbent (56), doing incumbent first:
pc=0.25 pm=0.05 (-693.5714285714286 [based on 56 runs with cutoff 1000000000.0])
pc=0.6 pm=0.1 (-693.5714285714286 [based on 56 runs with cutoff 1000000000.0])
getAlgoResultsForInstsAndParams.
  Trial 1 for calling: bash NSGA2.sh instance_param2.dat "" 1000000000.0000001 2147483647 1669015032 -pc 0.6 -pm 0.1 > /tmp/tmp-2026-07-1505:53:51-0.8691444396972656
Executing cmd: bash NSGA2.sh instance_param2.dat "" 1000000000.0000001 2147483647 1669015032 -pc 0.6 -pm 0.1 > /tmp/tmp-2026-07-1505:53:51-0.8691444396972656
Result: instance_param2.dat, 0, -717.59, 0, 1669015032
 Same incumbent, new precision:
New Incumbent: 90.59999999999913, -693.9824561403509 [57, 1000000000.0]. With state pc=0.6, pm=0.1
getAlgoResultsForInstsAndParams.
  Trial 1 for calling: bash NSGA2.sh instance_param2.dat "" 1000000000.0000001 2147483647 1669015032 -pc 0.25 -pm 0.05 > /tmp/tmp-2026-07-1505:53:51-0.6573951244354248
Executing cmd: bash NSGA2.sh instance_param2.dat "" 1000000000.0000001 2147483647 1669015032 -pc 0.25 -pm 0.05 > /tmp/tmp-2026-07-1505:53:51-0.6573951244354248
Result: instance_param2.dat, 0, -717.59, 0, 1669015032
          -> After 1 bonus runs: pc=0.25 pm=0.05 (-693.9824561403509 [based on 57 runs with cutoff 1000000000.0])

now 2026-07-15 05:53:51 -0400; start 2026-07-12 21:39:27 -0400; time-start 202464.04256708; maxWall 8640000.0
now 2026-07-15 05:53:51 -0400; start 2026-07-12 21:39:27 -0400; time-start 202464.042647026; maxWall 8640000.0
    Changing ["pm: 0.05->0.1"], evaluating ...
getAlgoResultsForInstsAndParams.
  Trial 1 for calling: bash NSGA2.sh instance_prob4.dat "" 1000000000.0000001 2147483647 1736731097 -pc 0.25 -pm 0.1 > /tmp/tmp-2026-07-1505:53:51-0.6250982284545898
Executing cmd: bash NSGA2.sh instance_prob4.dat "" 1000000000.0000001 2147483647 1736731097 -pc 0.25 -pm 0.1 > /tmp/tmp-2026-07-1505:53:51-0.6250982284545898
Result: instance_prob4.dat, 0, -591.79, 0, 1736731097
now 2026-07-15 06:00:01 -0400; start 2026-07-12 21:39:27 -0400; time-start 202834.075685483; maxWall 8640000.0
getAlgoResultsForInstsAndParams.
  Trial 1 for calling: bash NSGA2.sh instance_prob1.dat "" 1000000000.0000001 2147483647 251330698 -pc 0.25 -pm 0.1 > /tmp/tmp-2026-07-1506:00:01-0.02782309055328369
Executing cmd: bash NSGA2.sh instance_prob1.dat "" 1000000000.0000001 2147483647 251330698 -pc 0.25 -pm 0.1 > /tmp/tmp-2026-07-1506:00:01-0.02782309055328369
Result: instance_prob1.dat, 0, -650.27, 0, 251330698
now 2026-07-15 06:03:52 -0400; start 2026-07-12 21:39:27 -0400; time-start 203064.387481172; maxWall 8640000.0
getAlgoResultsForInstsAndParams.
  Trial 1 for calling: bash NSGA2.sh instance_param3.dat "" 1000000000.0000001 2147483647 1313848922 -pc 0.25 -pm 0.1 > /tmp/tmp-2026-07-1506:03:52-0.3933701515197754
Executing cmd: bash NSGA2.sh instance_param3.dat "" 1000000000.0000001 2147483647 1313848922 -pc 0.25 -pm 0.1 > /tmp/tmp-2026-07-1506:03:52-0.3933701515197754
Result: instance_param3.dat, 0, -705.56, 0, 1313848922
now 2026-07-15 06:03:52 -0400; start 2026-07-12 21:39:27 -0400; time-start 203064.465305016; maxWall 8640000.0
getAlgoResultsForInstsAndParams.
  Trial 1 for calling: bash NSGA2.sh instance_prob2.dat "" 1000000000.0000001 2147483647 557599983 -pc 0.25 -pm 0.1 > /tmp/tmp-2026-07-1506:03:52-0.26876115798950195
Executing cmd: bash NSGA2.sh instance_prob2.dat "" 1000000000.0000001 2147483647 557599983 -pc 0.25 -pm 0.1 > /tmp/tmp-2026-07-1506:03:52-0.26876115798950195
Result: instance_prob2.dat, 0, -695.75, 0, 557599983
now 2026-07-15 06:08:07 -0400; start 2026-07-12 21:39:27 -0400; time-start 203319.575072976; maxWall 8640000.0
getAlgoResultsForInstsAndParams.
  Trial 1 for calling: bash NSGA2.sh instance_param2.dat "" 1000000000.0000001 2147483647 789000552 -pc 0.25 -pm 0.1 > /tmp/tmp-2026-07-1506:08:07-0.02440667152404785
Executing cmd: bash NSGA2.sh instance_param2.dat "" 1000000000.0000001 2147483647 789000552 -pc 0.25 -pm 0.1 > /tmp/tmp-2026-07-1506:08:07-0.02440667152404785
Result: instance_param2.dat, 0, -717.59, 0, 789000552
now 2026-07-15 06:08:07 -0400; start 2026-07-12 21:39:27 -0400; time-start 203319.657133273; maxWall 8640000.0
getAlgoResultsForInstsAndParams.
  Trial 1 for calling: bash NSGA2.sh instance_prob1.dat "" 1000000000.0000001 2147483647 1764895294 -pc 0.25 -pm 0.1 > /tmp/tmp-2026-07-1506:08:07-0.7643544673919678
Executing cmd: bash NSGA2.sh instance_prob1.dat "" 1000000000.0000001 2147483647 1764895294 -pc 0.25 -pm 0.1 > /tmp/tmp-2026-07-1506:08:07-0.7643544673919678
Result: instance_prob1.dat, 0, -650.27, 0, 1764895294
now 2026-07-15 06:11:50 -0400; start 2026-07-12 21:39:27 -0400; time-start 203542.654747074; maxWall 8640000.0
getAlgoResultsForInstsAndParams.
  Trial 1 for calling: bash NSGA2.sh instance_param2.dat "" 1000000000.0000001 2147483647 149754666 -pc 0.25 -pm 0.1 > /tmp/tmp-2026-07-1506:11:50-0.2014760971069336
Executing cmd: bash NSGA2.sh instance_param2.dat "" 1000000000.0000001 2147483647 149754666 -pc 0.25 -pm 0.1 > /tmp/tmp-2026-07-1506:11:50-0.2014760971069336
Result: instance_param2.dat, 0, -717.59, 0, 149754666
now 2026-07-15 06:11:50 -0400; start 2026-07-12 21:39:27 -0400; time-start 203542.731767411; maxWall 8640000.0
getAlgoResultsForInstsAndParams.
  Trial 1 for calling: bash NSGA2.sh instance_prob3.dat "" 1000000000.0000001 2147483647 1523713353 -pc 0.25 -pm 0.1 > /tmp/tmp-2026-07-1506:11:50-0.49663853645324707
Executing cmd: bash NSGA2.sh instance_prob3.dat "" 1000000000.0000001 2147483647 1523713353 -pc 0.25 -pm 0.1 > /tmp/tmp-2026-07-1506:11:50-0.49663853645324707
Result: instance_prob3.dat, 0, -577.71, 0, 1523713353
now 2026-07-15 06:18:01 -0400; start 2026-07-12 21:39:27 -0400; time-start 203913.701234135; maxWall 8640000.0
getAlgoResultsForInstsAndParams.
  Trial 1 for calling: bash NSGA2.sh instance_prob4.dat "" 1000000000.0000001 2147483647 1868452773 -pc 0.25 -pm 0.1 > /tmp/tmp-2026-07-1506:18:01-0.029468536376953125
Executing cmd: bash NSGA2.sh instance_prob4.dat "" 1000000000.0000001 2147483647 1868452773 -pc 0.25 -pm 0.1 > /tmp/tmp-2026-07-1506:18:01-0.029468536376953125
Result: instance_prob4.dat, 0, -591.79, 0, 1868452773
now 2026-07-15 06:24:03 -0400; start 2026-07-12 21:39:27 -0400; time-start 204275.983611343; maxWall 8640000.0
getAlgoResultsForInstsAndParams.
  Trial 1 for calling: bash NSGA2.sh instance_prob2.dat "" 1000000000.0000001 2147483647 310084194 -pc 0.25 -pm 0.1 > /tmp/tmp-2026-07-1506:24:03-0.3016620874404907
Executing cmd: bash NSGA2.sh instance_prob2.dat "" 1000000000.0000001 2147483647 310084194 -pc 0.25 -pm 0.1 > /tmp/tmp-2026-07-1506:24:03-0.3016620874404907
Result: instance_prob2.dat, 0, -695.75, 0, 310084194
now 2026-07-15 06:29:09 -0400; start 2026-07-12 21:39:27 -0400; time-start 204581.584800946; maxWall 8640000.0
getAlgoResultsForInstsAndParams.
  Trial 1 for calling: bash NSGA2.sh instance_param1.dat "" 1000000000.0000001 2147483647 1927991028 -pc 0.25 -pm 0.1 > /tmp/tmp-2026-07-1506:29:09-0.12003469467163086
Executing cmd: bash NSGA2.sh instance_param1.dat "" 1000000000.0000001 2147483647 1927991028 -pc 0.25 -pm 0.1 > /tmp/tmp-2026-07-1506:29:09-0.12003469467163086
Result: instance_param1.dat, 0, -920.07, 0, 1927991028
now 2026-07-15 06:29:09 -0400; start 2026-07-12 21:39:27 -0400; time-start 204581.676105137; maxWall 8640000.0
getAlgoResultsForInstsAndParams.
  Trial 1 for calling: bash NSGA2.sh instance_param3.dat "" 1000000000.0000001 2147483647 13543025 -pc 0.25 -pm 0.1 > /tmp/tmp-2026-07-1506:29:09-0.38832950592041016
Executing cmd: bash NSGA2.sh instance_param3.dat "" 1000000000.0000001 2147483647 13543025 -pc 0.25 -pm 0.1 > /tmp/tmp-2026-07-1506:29:09-0.38832950592041016
Result: instance_param3.dat, 0, -705.56, 0, 13543025
now 2026-07-15 06:29:09 -0400; start 2026-07-12 21:39:27 -0400; time-start 204581.764294265; maxWall 8640000.0
getAlgoResultsForInstsAndParams.
  Trial 1 for calling: bash NSGA2.sh instance_param2.dat "" 1000000000.0000001 2147483647 1669015032 -pc 0.25 -pm 0.1 > /tmp/tmp-2026-07-1506:29:09-0.792243480682373
Executing cmd: bash NSGA2.sh instance_param2.dat "" 1000000000.0000001 2147483647 1669015032 -pc 0.25 -pm 0.1 > /tmp/tmp-2026-07-1506:29:09-0.792243480682373
Result: instance_param2.dat, 0, -717.59, 0, 1669015032
          -> Take improving step to neighbour pc=0.25 pm=0.1 (-693.9824561403509 [based on 57 runs with cutoff 1000000000.0]) with flip 65

          
============= Performing 1 bonus runs of state: pc=0.25 pm=0.1 (-693.9824561403509 [based on 57 runs with cutoff 1000000000.0]) ============ 

now 2026-07-15 06:29:09 -0400; start 2026-07-12 21:39:27 -0400; time-start 204581.852124958; maxWall 8640000.0
State wants more detail (57+1) than incumbent (57), doing incumbent first:
pc=0.25 pm=0.1 (-693.9824561403509 [based on 57 runs with cutoff 1000000000.0])
pc=0.6 pm=0.1 (-693.9824561403509 [based on 57 runs with cutoff 1000000000.0])
getAlgoResultsForInstsAndParams.
  Trial 1 for calling: bash NSGA2.sh instance_param1.dat "" 1000000000.0000001 2147483647 1186378232 -pc 0.6 -pm 0.1 > /tmp/tmp-2026-07-1506:29:09-0.8991298675537109
Executing cmd: bash NSGA2.sh instance_param1.dat "" 1000000000.0000001 2147483647 1186378232 -pc 0.6 -pm 0.1 > /tmp/tmp-2026-07-1506:29:09-0.8991298675537109
Result: instance_param1.dat, 0, -920.07, 0, 1186378232
 Same incumbent, new precision:
New Incumbent: 92.09999999999904, -697.8793103448276 [58, 1000000000.0]. With state pc=0.6, pm=0.1
getAlgoResultsForInstsAndParams.
  Trial 1 for calling: bash NSGA2.sh instance_param1.dat "" 1000000000.0000001 2147483647 1186378232 -pc 0.25 -pm 0.1 > /tmp/tmp-2026-07-1506:29:09-0.293872594833374
Executing cmd: bash NSGA2.sh instance_param1.dat "" 1000000000.0000001 2147483647 1186378232 -pc 0.25 -pm 0.1 > /tmp/tmp-2026-07-1506:29:09-0.293872594833374
Result: instance_param1.dat, 0, -920.07, 0, 1186378232
          -> After 1 bonus runs: pc=0.25 pm=0.1 (-697.8793103448276 [based on 58 runs with cutoff 1000000000.0])

now 2026-07-15 06:29:09 -0400; start 2026-07-12 21:39:27 -0400; time-start 204582.024590453; maxWall 8640000.0
now 2026-07-15 06:29:09 -0400; start 2026-07-12 21:39:27 -0400; time-start 204582.024678168; maxWall 8640000.0
now 2026-07-15 06:29:09 -0400; start 2026-07-12 21:39:27 -0400; time-start 204582.024761674; maxWall 8640000.0
now 2026-07-15 06:29:09 -0400; start 2026-07-12 21:39:27 -0400; time-start 204582.024796579; maxWall 8640000.0
now 2026-07-15 06:29:09 -0400; start 2026-07-12 21:39:27 -0400; time-start 204582.024828839; maxWall 8640000.0
    Changing ["pc: 0.25->0.8"], evaluating ...
getAlgoResultsForInstsAndParams.
  Trial 1 for calling: bash NSGA2.sh instance_param1.dat "" 1000000000.0000001 2147483647 462720224 -pc 0.8 -pm 0.1 > /tmp/tmp-2026-07-1506:29:09-0.9042718410491943
Executing cmd: bash NSGA2.sh instance_param1.dat "" 1000000000.0000001 2147483647 462720224 -pc 0.8 -pm 0.1 > /tmp/tmp-2026-07-1506:29:09-0.9042718410491943
Result: instance_param1.dat, 0, -920.07, 0, 462720224
now 2026-07-15 06:29:10 -0400; start 2026-07-12 21:39:27 -0400; time-start 204582.108034007; maxWall 8640000.0
getAlgoResultsForInstsAndParams.
  Trial 1 for calling: bash NSGA2.sh instance_prob3.dat "" 1000000000.0000001 2147483647 1524734467 -pc 0.8 -pm 0.1 > /tmp/tmp-2026-07-1506:29:10-0.7759780883789062
Executing cmd: bash NSGA2.sh instance_prob3.dat "" 1000000000.0000001 2147483647 1524734467 -pc 0.8 -pm 0.1 > /tmp/tmp-2026-07-1506:29:10-0.7759780883789062
Result: instance_prob3.dat, 0, -577.71, 0, 1524734467
now 2026-07-15 06:35:40 -0400; start 2026-07-12 21:39:27 -0400; time-start 204972.234262273; maxWall 8640000.0
getAlgoResultsForInstsAndParams.
  Trial 1 for calling: bash NSGA2.sh instance_prob4.dat "" 1000000000.0000001 2147483647 1736731097 -pc 0.8 -pm 0.1 > /tmp/tmp-2026-07-1506:35:40-0.8353052139282227
Executing cmd: bash NSGA2.sh instance_prob4.dat "" 1000000000.0000001 2147483647 1736731097 -pc 0.8 -pm 0.1 > /tmp/tmp-2026-07-1506:35:40-0.8353052139282227
Result: instance_prob4.dat, 0, -591.79, 0, 1736731097
now 2026-07-15 06:41:50 -0400; start 2026-07-12 21:39:27 -0400; time-start 205342.091663166; maxWall 8640000.0
getAlgoResultsForInstsAndParams.
  Trial 1 for calling: bash NSGA2.sh instance_prob1.dat "" 1000000000.0000001 2147483647 251330698 -pc 0.8 -pm 0.1 > /tmp/tmp-2026-07-1506:41:50-0.4311676025390625
Executing cmd: bash NSGA2.sh instance_prob1.dat "" 1000000000.0000001 2147483647 251330698 -pc 0.8 -pm 0.1 > /tmp/tmp-2026-07-1506:41:50-0.4311676025390625
Result: instance_prob1.dat, 0, -650.27, 0, 251330698
now 2026-07-15 06:45:54 -0400; start 2026-07-12 21:39:27 -0400; time-start 205587.06167664; maxWall 8640000.0
getAlgoResultsForInstsAndParams.
  Trial 1 for calling: bash NSGA2.sh instance_param3.dat "" 1000000000.0000001 2147483647 1313848922 -pc 0.8 -pm 0.1 > /tmp/tmp-2026-07-1506:45:54-0.7018699645996094
Executing cmd: bash NSGA2.sh instance_param3.dat "" 1000000000.0000001 2147483647 1313848922 -pc 0.8 -pm 0.1 > /tmp/tmp-2026-07-1506:45:54-0.7018699645996094
Result: instance_param3.dat, 0, -705.56, 0, 1313848922
now 2026-07-15 06:45:55 -0400; start 2026-07-12 21:39:27 -0400; time-start 205587.143088571; maxWall 8640000.0
getAlgoResultsForInstsAndParams.
  Trial 1 for calling: bash NSGA2.sh instance_prob2.dat "" 1000000000.0000001 2147483647 557599983 -pc 0.8 -pm 0.1 > /tmp/tmp-2026-07-1506:45:55-0.9093017578125
Executing cmd: bash NSGA2.sh instance_prob2.dat "" 1000000000.0000001 2147483647 557599983 -pc 0.8 -pm 0.1 > /tmp/tmp-2026-07-1506:45:55-0.9093017578125
Result: instance_prob2.dat, 0, -695.75, 0, 557599983
now 2026-07-15 06:51:34 -0400; start 2026-07-12 21:39:27 -0400; time-start 205926.564950962; maxWall 8640000.0
getAlgoResultsForInstsAndParams.
  Trial 1 for calling: bash NSGA2.sh instance_param2.dat "" 1000000000.0000001 2147483647 789000552 -pc 0.8 -pm 0.1 > /tmp/tmp-2026-07-1506:51:34-0.40138721466064453
Executing cmd: bash NSGA2.sh instance_param2.dat "" 1000000000.0000001 2147483647 789000552 -pc 0.8 -pm 0.1 > /tmp/tmp-2026-07-1506:51:34-0.40138721466064453
Result: instance_param2.dat, 0, -717.59, 0, 789000552
now 2026-07-15 06:51:34 -0400; start 2026-07-12 21:39:27 -0400; time-start 205926.647507241; maxWall 8640000.0
getAlgoResultsForInstsAndParams.
  Trial 1 for calling: bash NSGA2.sh instance_prob1.dat "" 1000000000.0000001 2147483647 1764895294 -pc 0.8 -pm 0.1 > /tmp/tmp-2026-07-1506:51:34-0.6107432842254639
Executing cmd: bash NSGA2.sh instance_prob1.dat "" 1000000000.0000001 2147483647 1764895294 -pc 0.8 -pm 0.1 > /tmp/tmp-2026-07-1506:51:34-0.6107432842254639
Result: instance_prob1.dat, 0, -650.27, 0, 1764895294
now 2026-07-15 06:55:48 -0400; start 2026-07-12 21:39:27 -0400; time-start 206180.912648103; maxWall 8640000.0
getAlgoResultsForInstsAndParams.
  Trial 1 for calling: bash NSGA2.sh instance_param2.dat "" 1000000000.0000001 2147483647 149754666 -pc 0.8 -pm 0.1 > /tmp/tmp-2026-07-1506:55:48-0.6770017147064209
Executing cmd: bash NSGA2.sh instance_param2.dat "" 1000000000.0000001 2147483647 149754666 -pc 0.8 -pm 0.1 > /tmp/tmp-2026-07-1506:55:48-0.6770017147064209
Result: instance_param2.dat, 0, -717.59, 0, 149754666
now 2026-07-15 06:55:48 -0400; start 2026-07-12 21:39:27 -0400; time-start 206180.997274721; maxWall 8640000.0
getAlgoResultsForInstsAndParams.
  Trial 1 for calling: bash NSGA2.sh instance_prob3.dat "" 1000000000.0000001 2147483647 1523713353 -pc 0.8 -pm 0.1 > /tmp/tmp-2026-07-1506:55:48-0.7897601127624512
Executing cmd: bash NSGA2.sh instance_prob3.dat "" 1000000000.0000001 2147483647 1523713353 -pc 0.8 -pm 0.1 > /tmp/tmp-2026-07-1506:55:48-0.7897601127624512
Result: instance_prob3.dat, 0, -577.71, 0, 1523713353
now 2026-07-15 07:02:39 -0400; start 2026-07-12 21:39:27 -0400; time-start 206591.592854364; maxWall 8640000.0
getAlgoResultsForInstsAndParams.
  Trial 1 for calling: bash NSGA2.sh instance_prob4.dat "" 1000000000.0000001 2147483647 1868452773 -pc 0.8 -pm 0.1 > /tmp/tmp-2026-07-1507:02:39-0.9424209594726562
Executing cmd: bash NSGA2.sh instance_prob4.dat "" 1000000000.0000001 2147483647 1868452773 -pc 0.8 -pm 0.1 > /tmp/tmp-2026-07-1507:02:39-0.9424209594726562
Result: instance_prob4.dat, 0, -591.79, 0, 1868452773
now 2026-07-15 07:09:06 -0400; start 2026-07-12 21:39:27 -0400; time-start 206978.914213689; maxWall 8640000.0
getAlgoResultsForInstsAndParams.
  Trial 1 for calling: bash NSGA2.sh instance_prob2.dat "" 1000000000.0000001 2147483647 310084194 -pc 0.8 -pm 0.1 > /tmp/tmp-2026-07-1507:09:06-0.5918822288513184
Executing cmd: bash NSGA2.sh instance_prob2.dat "" 1000000000.0000001 2147483647 310084194 -pc 0.8 -pm 0.1 > /tmp/tmp-2026-07-1507:09:06-0.5918822288513184
Result: instance_prob2.dat, 0, -695.75, 0, 310084194
now 2026-07-15 07:14:56 -0400; start 2026-07-12 21:39:27 -0400; time-start 207328.225664692; maxWall 8640000.0
getAlgoResultsForInstsAndParams.
  Trial 1 for calling: bash NSGA2.sh instance_param1.dat "" 1000000000.0000001 2147483647 1927991028 -pc 0.8 -pm 0.1 > /tmp/tmp-2026-07-1507:14:56-0.8764419555664062
Executing cmd: bash NSGA2.sh instance_param1.dat "" 1000000000.0000001 2147483647 1927991028 -pc 0.8 -pm 0.1 > /tmp/tmp-2026-07-1507:14:56-0.8764419555664062
Result: instance_param1.dat, 0, -920.07, 0, 1927991028
now 2026-07-15 07:14:56 -0400; start 2026-07-12 21:39:27 -0400; time-start 207328.310894738; maxWall 8640000.0
getAlgoResultsForInstsAndParams.
  Trial 1 for calling: bash NSGA2.sh instance_param3.dat "" 1000000000.0000001 2147483647 13543025 -pc 0.8 -pm 0.1 > /tmp/tmp-2026-07-1507:14:56-0.19942140579223633
Executing cmd: bash NSGA2.sh instance_param3.dat "" 1000000000.0000001 2147483647 13543025 -pc 0.8 -pm 0.1 > /tmp/tmp-2026-07-1507:14:56-0.19942140579223633
Result: instance_param3.dat, 0, -705.56, 0, 13543025
now 2026-07-15 07:14:56 -0400; start 2026-07-12 21:39:27 -0400; time-start 207328.396283828; maxWall 8640000.0
getAlgoResultsForInstsAndParams.
  Trial 1 for calling: bash NSGA2.sh instance_param2.dat "" 1000000000.0000001 2147483647 1669015032 -pc 0.8 -pm 0.1 > /tmp/tmp-2026-07-1507:14:56-0.06992244720458984
Executing cmd: bash NSGA2.sh instance_param2.dat "" 1000000000.0000001 2147483647 1669015032 -pc 0.8 -pm 0.1 > /tmp/tmp-2026-07-1507:14:56-0.06992244720458984
Result: instance_param2.dat, 0, -717.59, 0, 1669015032
now 2026-07-15 07:14:56 -0400; start 2026-07-12 21:39:27 -0400; time-start 207328.47659665; maxWall 8640000.0
getAlgoResultsForInstsAndParams.
  Trial 1 for calling: bash NSGA2.sh instance_param1.dat "" 1000000000.0000001 2147483647 1186378232 -pc 0.8 -pm 0.1 > /tmp/tmp-2026-07-1507:14:56-0.8738017082214355
Executing cmd: bash NSGA2.sh instance_param1.dat "" 1000000000.0000001 2147483647 1186378232 -pc 0.8 -pm 0.1 > /tmp/tmp-2026-07-1507:14:56-0.8738017082214355
Result: instance_param1.dat, 0, -920.07, 0, 1186378232
          -> Take improving step to neighbour pc=0.8 pm=0.1 (-697.8793103448276 [based on 58 runs with cutoff 1000000000.0]) with flip 66

          
============= Performing 1 bonus runs of state: pc=0.8 pm=0.1 (-697.8793103448276 [based on 58 runs with cutoff 1000000000.0]) ============ 

now 2026-07-15 07:14:56 -0400; start 2026-07-12 21:39:27 -0400; time-start 207328.554089173; maxWall 8640000.0
State wants more detail (58+1) than incumbent (58), doing incumbent first:
pc=0.8 pm=0.1 (-697.8793103448276 [based on 58 runs with cutoff 1000000000.0])
pc=0.6 pm=0.1 (-697.8793103448276 [based on 58 runs with cutoff 1000000000.0])
getAlgoResultsForInstsAndParams.
  Trial 1 for calling: bash NSGA2.sh instance_prob2.dat "" 1000000000.0000001 2147483647 1865128741 -pc 0.6 -pm 0.1 > /tmp/tmp-2026-07-1507:14:56-0.8065328598022461
Executing cmd: bash NSGA2.sh instance_prob2.dat "" 1000000000.0000001 2147483647 1865128741 -pc 0.6 -pm 0.1 > /tmp/tmp-2026-07-1507:14:56-0.8065328598022461
Result: instance_prob2.dat, 0, -695.75, 0, 1865128741
 Same incumbent, new precision:
New Incumbent: 93.89999999999894, -697.8305084745763 [59, 1000000000.0]. With state pc=0.6, pm=0.1
getAlgoResultsForInstsAndParams.
  Trial 1 for calling: bash NSGA2.sh instance_prob2.dat "" 1000000000.0000001 2147483647 1865128741 -pc 0.8 -pm 0.1 > /tmp/tmp-2026-07-1507:19:37-0.641430139541626
Executing cmd: bash NSGA2.sh instance_prob2.dat "" 1000000000.0000001 2147483647 1865128741 -pc 0.8 -pm 0.1 > /tmp/tmp-2026-07-1507:19:37-0.641430139541626
Result: instance_prob2.dat, 0, -695.75, 0, 1865128741
          -> After 1 bonus runs: pc=0.8 pm=0.1 (-697.8305084745763 [based on 59 runs with cutoff 1000000000.0])

now 2026-07-15 07:24:30 -0400; start 2026-07-12 21:39:27 -0400; time-start 207902.733934357; maxWall 8640000.0
now 2026-07-15 07:24:30 -0400; start 2026-07-12 21:39:27 -0400; time-start 207902.734016458; maxWall 8640000.0
now 2026-07-15 07:24:30 -0400; start 2026-07-12 21:39:27 -0400; time-start 207902.734088545; maxWall 8640000.0
    Changing ["pc: 0.8->0.6"], evaluating ...
State wants more detail (59+1) than incumbent (59), doing incumbent first:
pc=0.8 pm=0.1 (-697.8305084745763 [based on 59 runs with cutoff 1000000000.0])
pc=0.6 pm=0.1 (-697.8305084745763 [based on 59 runs with cutoff 1000000000.0])
getAlgoResultsForInstsAndParams.
  Trial 1 for calling: bash NSGA2.sh instance_prob1.dat "" 1000000000.0000001 2147483647 792652207 -pc 0.6 -pm 0.1 > /tmp/tmp-2026-07-1507:24:30-0.9352171421051025
Executing cmd: bash NSGA2.sh instance_prob1.dat "" 1000000000.0000001 2147483647 792652207 -pc 0.6 -pm 0.1 > /tmp/tmp-2026-07-1507:24:30-0.9352171421051025
Result: instance_prob1.dat, 0, -650.27, 0, 792652207
 Same incumbent, new precision:
New Incumbent: 94.09999999999893, -697.0333333333333 [60, 1000000000.0]. With state pc=0.6, pm=0.1
getAlgoResultsForInstsAndParams.
  Trial 1 for calling: bash NSGA2.sh instance_prob1.dat "" 1000000000.0000001 2147483647 792652207 -pc 0.8 -pm 0.1 > /tmp/tmp-2026-07-1507:28:30-0.2716953754425049
Executing cmd: bash NSGA2.sh instance_prob1.dat "" 1000000000.0000001 2147483647 792652207 -pc 0.8 -pm 0.1 > /tmp/tmp-2026-07-1507:28:30-0.2716953754425049
Result: instance_prob1.dat, 0, -650.27, 0, 792652207
          -> Take improving step to neighbour pc=0.6 pm=0.1 (-697.0333333333333 [based on 60 runs with cutoff 1000000000.0]) with flip 67

          
============= Performing 1 bonus runs of state: pc=0.6 pm=0.1 (-697.0333333333333 [based on 60 runs with cutoff 1000000000.0]) ============ 

now 2026-07-15 07:32:28 -0400; start 2026-07-12 21:39:27 -0400; time-start 208380.374968716; maxWall 8640000.0
getAlgoResultsForInstsAndParams.
  Trial 1 for calling: bash NSGA2.sh instance_prob3.dat "" 1000000000.0000001 2147483647 1591543198 -pc 0.6 -pm 0.1 > /tmp/tmp-2026-07-1507:32:28-0.16000795364379883
Executing cmd: bash NSGA2.sh instance_prob3.dat "" 1000000000.0000001 2147483647 1591543198 -pc 0.6 -pm 0.1 > /tmp/tmp-2026-07-1507:32:28-0.16000795364379883
Result: instance_prob3.dat, 0, -577.71, 0, 1591543198
 Same incumbent, new precision:
New Incumbent: 94.29999999999892, -695.0655737704918 [61, 1000000000.0]. With state pc=0.6, pm=0.1
          -> After 1 bonus runs: pc=0.6 pm=0.1 (-695.0655737704918 [based on 61 runs with cutoff 1000000000.0])

now 2026-07-15 07:38:51 -0400; start 2026-07-12 21:39:27 -0400; time-start 208763.638353522; maxWall 8640000.0
now 2026-07-15 07:38:51 -0400; start 2026-07-12 21:39:27 -0400; time-start 208763.638432983; maxWall 8640000.0
now 2026-07-15 07:38:51 -0400; start 2026-07-12 21:39:27 -0400; time-start 208763.638489119; maxWall 8640000.0
now 2026-07-15 07:38:51 -0400; start 2026-07-12 21:39:27 -0400; time-start 208763.638517071; maxWall 8640000.0
now 2026-07-15 07:38:51 -0400; start 2026-07-12 21:39:27 -0400; time-start 208763.638540647; maxWall 8640000.0
    Changing ["pm: 0.1->0.3"], evaluating ...
getAlgoResultsForInstsAndParams.
  Trial 1 for calling: bash NSGA2.sh instance_prob3.dat "" 1000000000.0000001 2147483647 720721666 -pc 0.6 -pm 0.3 > /tmp/tmp-2026-07-1507:38:51-0.9614872932434082
Executing cmd: bash NSGA2.sh instance_prob3.dat "" 1000000000.0000001 2147483647 720721666 -pc 0.6 -pm 0.3 > /tmp/tmp-2026-07-1507:38:51-0.9614872932434082
Result: instance_prob3.dat, 0, -577.71, 0, 720721666
now 2026-07-15 07:49:03 -0400; start 2026-07-12 21:39:27 -0400; time-start 209375.148510957; maxWall 8640000.0
getAlgoResultsForInstsAndParams.
  Trial 1 for calling: bash NSGA2.sh instance_param3.dat "" 1000000000.0000001 2147483647 2085269448 -pc 0.6 -pm 0.3 > /tmp/tmp-2026-07-1507:49:03-0.4024181365966797
Executing cmd: bash NSGA2.sh instance_param3.dat "" 1000000000.0000001 2147483647 2085269448 -pc 0.6 -pm 0.3 > /tmp/tmp-2026-07-1507:49:03-0.4024181365966797
Result: instance_param3.dat, 0, -705.56, 0, 2085269448
now 2026-07-15 07:49:03 -0400; start 2026-07-12 21:39:27 -0400; time-start 209375.232513194; maxWall 8640000.0
getAlgoResultsForInstsAndParams.
  Trial 1 for calling: bash NSGA2.sh instance_prob2.dat "" 1000000000.0000001 2147483647 2106584775 -pc 0.6 -pm 0.3 > /tmp/tmp-2026-07-1507:49:03-0.8427772521972656
Executing cmd: bash NSGA2.sh instance_prob2.dat "" 1000000000.0000001 2147483647 2106584775 -pc 0.6 -pm 0.3 > /tmp/tmp-2026-07-1507:49:03-0.8427772521972656
Result: instance_prob2.dat, 0, -695.75, 0, 2106584775
now 2026-07-15 07:57:45 -0400; start 2026-07-12 21:39:27 -0400; time-start 209897.832555667; maxWall 8640000.0
getAlgoResultsForInstsAndParams.
  Trial 1 for calling: bash NSGA2.sh instance_param2.dat "" 1000000000.0000001 2147483647 515552351 -pc 0.6 -pm 0.3 > /tmp/tmp-2026-07-1507:57:45-0.683027982711792
Executing cmd: bash NSGA2.sh instance_param2.dat "" 1000000000.0000001 2147483647 515552351 -pc 0.6 -pm 0.3 > /tmp/tmp-2026-07-1507:57:45-0.683027982711792
Result: instance_param2.dat, 0, -717.59, 0, 515552351
now 2026-07-15 07:57:45 -0400; start 2026-07-12 21:39:27 -0400; time-start 209897.90790058; maxWall 8640000.0
getAlgoResultsForInstsAndParams.
  Trial 1 for calling: bash NSGA2.sh instance_prob4.dat "" 1000000000.0000001 2147483647 129161248 -pc 0.6 -pm 0.3 > /tmp/tmp-2026-07-1507:57:45-0.08130764961242676
Executing cmd: bash NSGA2.sh instance_prob4.dat "" 1000000000.0000001 2147483647 129161248 -pc 0.6 -pm 0.3 > /tmp/tmp-2026-07-1507:57:45-0.08130764961242676
Result: instance_prob4.dat, 0, -591.79, 0, 129161248
now 2026-07-15 08:05:52 -0400; start 2026-07-12 21:39:27 -0400; time-start 210384.460842103; maxWall 8640000.0
getAlgoResultsForInstsAndParams.
  Trial 1 for calling: bash NSGA2.sh instance_param1.dat "" 1000000000.0000001 2147483647 1548605805 -pc 0.6 -pm 0.3 > /tmp/tmp-2026-07-1508:05:52-0.23397445678710938
Executing cmd: bash NSGA2.sh instance_param1.dat "" 1000000000.0000001 2147483647 1548605805 -pc 0.6 -pm 0.3 > /tmp/tmp-2026-07-1508:05:52-0.23397445678710938
Result: instance_param1.dat, 0, -920.07, 0, 1548605805
now 2026-07-15 08:05:52 -0400; start 2026-07-12 21:39:27 -0400; time-start 210384.544462725; maxWall 8640000.0
getAlgoResultsForInstsAndParams.
  Trial 1 for calling: bash NSGA2.sh instance_prob3.dat "" 1000000000.0000001 2147483647 222014735 -pc 0.6 -pm 0.3 > /tmp/tmp-2026-07-1508:05:52-0.5058434009552002
Executing cmd: bash NSGA2.sh instance_prob3.dat "" 1000000000.0000001 2147483647 222014735 -pc 0.6 -pm 0.3 > /tmp/tmp-2026-07-1508:05:52-0.5058434009552002
Result: instance_prob3.dat, 0, -577.71, 0, 222014735
now 2026-07-15 08:15:49 -0400; start 2026-07-12 21:39:27 -0400; time-start 210981.593694045; maxWall 8640000.0
getAlgoResultsForInstsAndParams.
  Trial 1 for calling: bash NSGA2.sh instance_prob1.dat "" 1000000000.0000001 2147483647 1686488978 -pc 0.6 -pm 0.3 > /tmp/tmp-2026-07-1508:15:49-0.6716897487640381
Executing cmd: bash NSGA2.sh instance_prob1.dat "" 1000000000.0000001 2147483647 1686488978 -pc 0.6 -pm 0.3 > /tmp/tmp-2026-07-1508:15:49-0.6716897487640381
Result: instance_prob1.dat, 0, -650.27, 0, 1686488978
now 2026-07-15 08:21:04 -0400; start 2026-07-12 21:39:27 -0400; time-start 211296.763928484; maxWall 8640000.0
getAlgoResultsForInstsAndParams.
  Trial 1 for calling: bash NSGA2.sh instance_param3.dat "" 1000000000.0000001 2147483647 1392514437 -pc 0.6 -pm 0.3 > /tmp/tmp-2026-07-1508:21:04-0.711012601852417
Executing cmd: bash NSGA2.sh instance_param3.dat "" 1000000000.0000001 2147483647 1392514437 -pc 0.6 -pm 0.3 > /tmp/tmp-2026-07-1508:21:04-0.711012601852417
Result: instance_param3.dat, 0, -705.56, 0, 1392514437
now 2026-07-15 08:21:04 -0400; start 2026-07-12 21:39:27 -0400; time-start 211296.841409617; maxWall 8640000.0
getAlgoResultsForInstsAndParams.
  Trial 1 for calling: bash NSGA2.sh instance_prob3.dat "" 1000000000.0000001 2147483647 1165131879 -pc 0.6 -pm 0.3 > /tmp/tmp-2026-07-1508:21:04-0.9665894508361816
Executing cmd: bash NSGA2.sh instance_prob3.dat "" 1000000000.0000001 2147483647 1165131879 -pc 0.6 -pm 0.3 > /tmp/tmp-2026-07-1508:21:04-0.9665894508361816
Result: instance_prob3.dat, 0, -577.71, 0, 1165131879
now 2026-07-15 08:30:18 -0400; start 2026-07-12 21:39:27 -0400; time-start 211850.227071709; maxWall 8640000.0
getAlgoResultsForInstsAndParams.
  Trial 1 for calling: bash NSGA2.sh instance_prob1.dat "" 1000000000.0000001 2147483647 1319408815 -pc 0.6 -pm 0.3 > /tmp/tmp-2026-07-1508:30:18-0.8884668350219727
Executing cmd: bash NSGA2.sh instance_prob1.dat "" 1000000000.0000001 2147483647 1319408815 -pc 0.6 -pm 0.3 > /tmp/tmp-2026-07-1508:30:18-0.8884668350219727
Result: instance_prob1.dat, 0, -650.27, 0, 1319408815
now 2026-07-15 08:35:36 -0400; start 2026-07-12 21:39:27 -0400; time-start 212168.660078857; maxWall 8640000.0
getAlgoResultsForInstsAndParams.
  Trial 1 for calling: bash NSGA2.sh instance_param1.dat "" 1000000000.0000001 2147483647 2074744000 -pc 0.6 -pm 0.3 > /tmp/tmp-2026-07-1508:35:36-0.721411943435669
Executing cmd: bash NSGA2.sh instance_param1.dat "" 1000000000.0000001 2147483647 2074744000 -pc 0.6 -pm 0.3 > /tmp/tmp-2026-07-1508:35:36-0.721411943435669
Result: instance_param1.dat, 0, -920.07, 0, 2074744000
now 2026-07-15 08:35:36 -0400; start 2026-07-12 21:39:27 -0400; time-start 212168.746757756; maxWall 8640000.0
getAlgoResultsForInstsAndParams.
  Trial 1 for calling: bash NSGA2.sh instance_param2.dat "" 1000000000.0000001 2147483647 1733138286 -pc 0.6 -pm 0.3 > /tmp/tmp-2026-07-1508:35:36-0.12351727485656738
Executing cmd: bash NSGA2.sh instance_param2.dat "" 1000000000.0000001 2147483647 1733138286 -pc 0.6 -pm 0.3 > /tmp/tmp-2026-07-1508:35:36-0.12351727485656738
Result: instance_param2.dat, 0, -717.59, 0, 1733138286
now 2026-07-15 08:35:36 -0400; start 2026-07-12 21:39:27 -0400; time-start 212168.833925998; maxWall 8640000.0
getAlgoResultsForInstsAndParams.
  Trial 1 for calling: bash NSGA2.sh instance_prob4.dat "" 1000000000.0000001 2147483647 685541044 -pc 0.6 -pm 0.3 > /tmp/tmp-2026-07-1508:35:36-0.19861507415771484
Executing cmd: bash NSGA2.sh instance_prob4.dat "" 1000000000.0000001 2147483647 685541044 -pc 0.6 -pm 0.3 > /tmp/tmp-2026-07-1508:35:36-0.19861507415771484
Result: instance_prob4.dat, 0, -591.79, 0, 685541044
now 2026-07-15 08:44:23 -0400; start 2026-07-12 21:39:27 -0400; time-start 212695.553749961; maxWall 8640000.0
getAlgoResultsForInstsAndParams.
  Trial 1 for calling: bash NSGA2.sh instance_prob2.dat "" 1000000000.0000001 2147483647 13935469 -pc 0.6 -pm 0.3 > /tmp/tmp-2026-07-1508:44:23-0.3633441925048828
Executing cmd: bash NSGA2.sh instance_prob2.dat "" 1000000000.0000001 2147483647 13935469 -pc 0.6 -pm 0.3 > /tmp/tmp-2026-07-1508:44:23-0.3633441925048828
Result: instance_prob2.dat, 0, -695.75, 0, 13935469
now 2026-07-15 08:52:41 -0400; start 2026-07-12 21:39:27 -0400; time-start 213193.92780299; maxWall 8640000.0
getAlgoResultsForInstsAndParams.
  Trial 1 for calling: bash NSGA2.sh instance_param1.dat "" 1000000000.0000001 2147483647 462720224 -pc 0.6 -pm 0.3 > /tmp/tmp-2026-07-1508:52:41-0.7965435981750488
Executing cmd: bash NSGA2.sh instance_param1.dat "" 1000000000.0000001 2147483647 462720224 -pc 0.6 -pm 0.3 > /tmp/tmp-2026-07-1508:52:41-0.7965435981750488
Result: instance_param1.dat, 0, -920.07, 0, 462720224
now 2026-07-15 08:52:41 -0400; start 2026-07-12 21:39:27 -0400; time-start 213193.965876927; maxWall 8640000.0
getAlgoResultsForInstsAndParams.
  Trial 1 for calling: bash NSGA2.sh instance_prob3.dat "" 1000000000.0000001 2147483647 1524734467 -pc 0.6 -pm 0.3 > /tmp/tmp-2026-07-1508:52:41-0.560309886932373
Executing cmd: bash NSGA2.sh instance_prob3.dat "" 1000000000.0000001 2147483647 1524734467 -pc 0.6 -pm 0.3 > /tmp/tmp-2026-07-1508:52:41-0.560309886932373
Result: instance_prob3.dat, 0, -577.71, 0, 1524734467
now 2026-07-15 09:03:10 -0400; start 2026-07-12 21:39:27 -0400; time-start 213822.085077074; maxWall 8640000.0
getAlgoResultsForInstsAndParams.
  Trial 1 for calling: bash NSGA2.sh instance_prob4.dat "" 1000000000.0000001 2147483647 1736731097 -pc 0.6 -pm 0.3 > /tmp/tmp-2026-07-1509:03:10-0.2308349609375
Executing cmd: bash NSGA2.sh instance_prob4.dat "" 1000000000.0000001 2147483647 1736731097 -pc 0.6 -pm 0.3 > /tmp/tmp-2026-07-1509:03:10-0.2308349609375
Result: instance_prob4.dat, 0, -591.79, 0, 1736731097
now 2026-07-15 09:12:19 -0400; start 2026-07-12 21:39:27 -0400; time-start 214371.558702703; maxWall 8640000.0
getAlgoResultsForInstsAndParams.
  Trial 1 for calling: bash NSGA2.sh instance_prob1.dat "" 1000000000.0000001 2147483647 251330698 -pc 0.6 -pm 0.3 > /tmp/tmp-2026-07-1509:12:19-0.4450201988220215
Executing cmd: bash NSGA2.sh instance_prob1.dat "" 1000000000.0000001 2147483647 251330698 -pc 0.6 -pm 0.3 > /tmp/tmp-2026-07-1509:12:19-0.4450201988220215
Result: instance_prob1.dat, 0, -650.27, 0, 251330698
now 2026-07-15 09:19:53 -0400; start 2026-07-12 21:39:27 -0400; time-start 214825.542165518; maxWall 8640000.0
getAlgoResultsForInstsAndParams.
  Trial 1 for calling: bash NSGA2.sh instance_param3.dat "" 1000000000.0000001 2147483647 1313848922 -pc 0.6 -pm 0.3 > /tmp/tmp-2026-07-1509:19:53-0.5350501537322998
Executing cmd: bash NSGA2.sh instance_param3.dat "" 1000000000.0000001 2147483647 1313848922 -pc 0.6 -pm 0.3 > /tmp/tmp-2026-07-1509:19:53-0.5350501537322998
Result: instance_param3.dat, 0, -705.56, 0, 1313848922
now 2026-07-15 09:19:53 -0400; start 2026-07-12 21:39:27 -0400; time-start 214825.618867981; maxWall 8640000.0
getAlgoResultsForInstsAndParams.
  Trial 1 for calling: bash NSGA2.sh instance_prob2.dat "" 1000000000.0000001 2147483647 557599983 -pc 0.6 -pm 0.3 > /tmp/tmp-2026-07-1509:19:53-0.6192083358764648
Executing cmd: bash NSGA2.sh instance_prob2.dat "" 1000000000.0000001 2147483647 557599983 -pc 0.6 -pm 0.3 > /tmp/tmp-2026-07-1509:19:53-0.6192083358764648
Result: instance_prob2.dat, 0, -695.75, 0, 557599983
now 2026-07-15 09:29:54 -0400; start 2026-07-12 21:39:27 -0400; time-start 215426.890086233; maxWall 8640000.0
getAlgoResultsForInstsAndParams.
  Trial 1 for calling: bash NSGA2.sh instance_param2.dat "" 1000000000.0000001 2147483647 789000552 -pc 0.6 -pm 0.3 > /tmp/tmp-2026-07-1509:29:54-0.3399839401245117
Executing cmd: bash NSGA2.sh instance_param2.dat "" 1000000000.0000001 2147483647 789000552 -pc 0.6 -pm 0.3 > /tmp/tmp-2026-07-1509:29:54-0.3399839401245117
Result: instance_param2.dat, 0, -717.59, 0, 789000552
now 2026-07-15 09:29:54 -0400; start 2026-07-12 21:39:27 -0400; time-start 215426.969723853; maxWall 8640000.0
getAlgoResultsForInstsAndParams.
  Trial 1 for calling: bash NSGA2.sh instance_prob1.dat "" 1000000000.0000001 2147483647 1764895294 -pc 0.6 -pm 0.3 > /tmp/tmp-2026-07-1509:29:54-0.6428228616714478
Executing cmd: bash NSGA2.sh instance_prob1.dat "" 1000000000.0000001 2147483647 1764895294 -pc 0.6 -pm 0.3 > /tmp/tmp-2026-07-1509:29:54-0.6428228616714478
Result: instance_prob1.dat, 0, -650.27, 0, 1764895294
now 2026-07-15 09:35:18 -0400; start 2026-07-12 21:39:27 -0400; time-start 215750.232736139; maxWall 8640000.0
getAlgoResultsForInstsAndParams.
  Trial 1 for calling: bash NSGA2.sh instance_param2.dat "" 1000000000.0000001 2147483647 149754666 -pc 0.6 -pm 0.3 > /tmp/tmp-2026-07-1509:35:18-0.1886739730834961
Executing cmd: bash NSGA2.sh instance_param2.dat "" 1000000000.0000001 2147483647 149754666 -pc 0.6 -pm 0.3 > /tmp/tmp-2026-07-1509:35:18-0.1886739730834961
Result: instance_param2.dat, 0, -717.59, 0, 149754666
now 2026-07-15 09:35:18 -0400; start 2026-07-12 21:39:27 -0400; time-start 215750.306291914; maxWall 8640000.0
getAlgoResultsForInstsAndParams.
  Trial 1 for calling: bash NSGA2.sh instance_prob3.dat "" 1000000000.0000001 2147483647 1523713353 -pc 0.6 -pm 0.3 > /tmp/tmp-2026-07-1509:35:18-0.8408498764038086
Executing cmd: bash NSGA2.sh instance_prob3.dat "" 1000000000.0000001 2147483647 1523713353 -pc 0.6 -pm 0.3 > /tmp/tmp-2026-07-1509:35:18-0.8408498764038086
Result: instance_prob3.dat, 0, -577.71, 0, 1523713353
now 2026-07-15 09:46:18 -0400; start 2026-07-12 21:39:27 -0400; time-start 216411.060216125; maxWall 8640000.0
getAlgoResultsForInstsAndParams.
  Trial 1 for calling: bash NSGA2.sh instance_prob4.dat "" 1000000000.0000001 2147483647 1868452773 -pc 0.6 -pm 0.3 > /tmp/tmp-2026-07-1509:46:18-0.22863757610321045
Executing cmd: bash NSGA2.sh instance_prob4.dat "" 1000000000.0000001 2147483647 1868452773 -pc 0.6 -pm 0.3 > /tmp/tmp-2026-07-1509:46:18-0.22863757610321045
Result: instance_prob4.dat, 0, -591.79, 0, 1868452773
now 2026-07-15 09:54:56 -0400; start 2026-07-12 21:39:27 -0400; time-start 216928.783807901; maxWall 8640000.0
getAlgoResultsForInstsAndParams.
  Trial 1 for calling: bash NSGA2.sh instance_prob2.dat "" 1000000000.0000001 2147483647 310084194 -pc 0.6 -pm 0.3 > /tmp/tmp-2026-07-1509:54:56-0.7000975608825684
Executing cmd: bash NSGA2.sh instance_prob2.dat "" 1000000000.0000001 2147483647 310084194 -pc 0.6 -pm 0.3 > /tmp/tmp-2026-07-1509:54:56-0.7000975608825684
Result: instance_prob2.dat, 0, -695.75, 0, 310084194
now 2026-07-15 10:04:00 -0400; start 2026-07-12 21:39:27 -0400; time-start 217472.581923108; maxWall 8640000.0
getAlgoResultsForInstsAndParams.
  Trial 1 for calling: bash NSGA2.sh instance_param1.dat "" 1000000000.0000001 2147483647 1927991028 -pc 0.6 -pm 0.3 > /tmp/tmp-2026-07-1510:04:00-0.5337502956390381
Executing cmd: bash NSGA2.sh instance_param1.dat "" 1000000000.0000001 2147483647 1927991028 -pc 0.6 -pm 0.3 > /tmp/tmp-2026-07-1510:04:00-0.5337502956390381
Result: instance_param1.dat, 0, -920.07, 0, 1927991028
now 2026-07-15 10:04:00 -0400; start 2026-07-12 21:39:27 -0400; time-start 217472.663859028; maxWall 8640000.0
getAlgoResultsForInstsAndParams.
  Trial 1 for calling: bash NSGA2.sh instance_param3.dat "" 1000000000.0000001 2147483647 13543025 -pc 0.6 -pm 0.3 > /tmp/tmp-2026-07-1510:04:00-0.6496932506561279
Executing cmd: bash NSGA2.sh instance_param3.dat "" 1000000000.0000001 2147483647 13543025 -pc 0.6 -pm 0.3 > /tmp/tmp-2026-07-1510:04:00-0.6496932506561279
Result: instance_param3.dat, 0, -705.56, 0, 13543025
now 2026-07-15 10:04:00 -0400; start 2026-07-12 21:39:27 -0400; time-start 217472.745753063; maxWall 8640000.0
getAlgoResultsForInstsAndParams.
  Trial 1 for calling: bash NSGA2.sh instance_param2.dat "" 1000000000.0000001 2147483647 1669015032 -pc 0.6 -pm 0.3 > /tmp/tmp-2026-07-1510:04:00-0.47722625732421875
Executing cmd: bash NSGA2.sh instance_param2.dat "" 1000000000.0000001 2147483647 1669015032 -pc 0.6 -pm 0.3 > /tmp/tmp-2026-07-1510:04:00-0.47722625732421875
Result: instance_param2.dat, 0, -717.59, 0, 1669015032
now 2026-07-15 10:04:00 -0400; start 2026-07-12 21:39:27 -0400; time-start 217472.827395355; maxWall 8640000.0
getAlgoResultsForInstsAndParams.
  Trial 1 for calling: bash NSGA2.sh instance_param1.dat "" 1000000000.0000001 2147483647 1186378232 -pc 0.6 -pm 0.3 > /tmp/tmp-2026-07-1510:04:00-0.5714614391326904
Executing cmd: bash NSGA2.sh instance_param1.dat "" 1000000000.0000001 2147483647 1186378232 -pc 0.6 -pm 0.3 > /tmp/tmp-2026-07-1510:04:00-0.5714614391326904
Result: instance_param1.dat, 0, -920.07, 0, 1186378232
now 2026-07-15 10:04:00 -0400; start 2026-07-12 21:39:27 -0400; time-start 217472.906684529; maxWall 8640000.0
getAlgoResultsForInstsAndParams.
  Trial 1 for calling: bash NSGA2.sh instance_prob2.dat "" 1000000000.0000001 2147483647 1865128741 -pc 0.6 -pm 0.3 > /tmp/tmp-2026-07-1510:04:00-0.7652499675750732
Executing cmd: bash NSGA2.sh instance_prob2.dat "" 1000000000.0000001 2147483647 1865128741 -pc 0.6 -pm 0.3 > /tmp/tmp-2026-07-1510:04:00-0.7652499675750732
Result: instance_prob2.dat, 0, -695.75, 0, 1865128741
now 2026-07-15 10:12:03 -0400; start 2026-07-12 21:39:27 -0400; time-start 217955.348131824; maxWall 8640000.0
getAlgoResultsForInstsAndParams.
  Trial 1 for calling: bash NSGA2.sh instance_prob1.dat "" 1000000000.0000001 2147483647 792652207 -pc 0.6 -pm 0.3 > /tmp/tmp-2026-07-1510:12:03-0.047635555267333984
Executing cmd: bash NSGA2.sh instance_prob1.dat "" 1000000000.0000001 2147483647 792652207 -pc 0.6 -pm 0.3 > /tmp/tmp-2026-07-1510:12:03-0.047635555267333984
Result: instance_prob1.dat, 0, -650.27, 0, 792652207
now 2026-07-15 10:18:19 -0400; start 2026-07-12 21:39:27 -0400; time-start 218332.050066986; maxWall 8640000.0
getAlgoResultsForInstsAndParams.
  Trial 1 for calling: bash NSGA2.sh instance_prob3.dat "" 1000000000.0000001 2147483647 1591543198 -pc 0.6 -pm 0.3 > /tmp/tmp-2026-07-1510:18:19-0.10803663730621338
Executing cmd: bash NSGA2.sh instance_prob3.dat "" 1000000000.0000001 2147483647 1591543198 -pc 0.6 -pm 0.3 > /tmp/tmp-2026-07-1510:18:19-0.10803663730621338
Result: instance_prob3.dat, 0, -577.71, 0, 1591543198
          -> Take improving step to neighbour pc=0.6 pm=0.3 (-695.0655737704918 [based on 61 runs with cutoff 1000000000.0]) with flip 68

          
============= Performing 1 bonus runs of state: pc=0.6 pm=0.3 (-695.0655737704918 [based on 61 runs with cutoff 1000000000.0]) ============ 

now 2026-07-15 10:29:03 -0400; start 2026-07-12 21:39:27 -0400; time-start 218975.104681869; maxWall 8640000.0
State wants more detail (61+1) than incumbent (61), doing incumbent first:
pc=0.6 pm=0.3 (-695.0655737704918 [based on 61 runs with cutoff 1000000000.0])
pc=0.6 pm=0.1 (-695.0655737704918 [based on 61 runs with cutoff 1000000000.0])
getAlgoResultsForInstsAndParams.
  Trial 1 for calling: bash NSGA2.sh instance_prob4.dat "" 1000000000.0000001 2147483647 1998353460 -pc 0.6 -pm 0.1 > /tmp/tmp-2026-07-1510:29:03-0.3651885986328125
Executing cmd: bash NSGA2.sh instance_prob4.dat "" 1000000000.0000001 2147483647 1998353460 -pc 0.6 -pm 0.1 > /tmp/tmp-2026-07-1510:29:03-0.3651885986328125
Result: instance_prob4.dat, 0, -591.79, 0, 1998353460
 Same incumbent, new precision:
New Incumbent: 97.79999999999872, -693.3870967741935 [62, 1000000000.0]. With state pc=0.6, pm=0.1
getAlgoResultsForInstsAndParams.
  Trial 1 for calling: bash NSGA2.sh instance_prob4.dat "" 1000000000.0000001 2147483647 1998353460 -pc 0.6 -pm 0.3 > /tmp/tmp-2026-07-1510:35:53-0.2709627151489258
Executing cmd: bash NSGA2.sh instance_prob4.dat "" 1000000000.0000001 2147483647 1998353460 -pc 0.6 -pm 0.3 > /tmp/tmp-2026-07-1510:35:53-0.2709627151489258
Result: instance_prob4.dat, 0, -591.79, 0, 1998353460
          -> After 1 bonus runs: pc=0.6 pm=0.3 (-693.3870967741935 [based on 62 runs with cutoff 1000000000.0])

now 2026-07-15 10:45:48 -0400; start 2026-07-12 21:39:27 -0400; time-start 219980.362641012; maxWall 8640000.0
now 2026-07-15 10:45:48 -0400; start 2026-07-12 21:39:27 -0400; time-start 219980.362731122; maxWall 8640000.0
now 2026-07-15 10:45:48 -0400; start 2026-07-12 21:39:27 -0400; time-start 219980.362815632; maxWall 8640000.0
    Changing ["pm: 0.3->0.5"], evaluating ...
getAlgoResultsForInstsAndParams.
  Trial 1 for calling: bash NSGA2.sh instance_prob4.dat "" 1000000000.0000001 2147483647 685541044 -pc 0.6 -pm 0.5 > /tmp/tmp-2026-07-1510:45:48-0.7674264907836914
Executing cmd: bash NSGA2.sh instance_prob4.dat "" 1000000000.0000001 2147483647 685541044 -pc 0.6 -pm 0.5 > /tmp/tmp-2026-07-1510:45:48-0.7674264907836914
Result: instance_prob4.dat, 0, -591.79, 0, 685541044
now 2026-07-15 10:57:22 -0400; start 2026-07-12 21:39:27 -0400; time-start 220674.804497268; maxWall 8640000.0
getAlgoResultsForInstsAndParams.
  Trial 1 for calling: bash NSGA2.sh instance_prob2.dat "" 1000000000.0000001 2147483647 13935469 -pc 0.6 -pm 0.5 > /tmp/tmp-2026-07-1510:57:22-0.42511534690856934
Executing cmd: bash NSGA2.sh instance_prob2.dat "" 1000000000.0000001 2147483647 13935469 -pc 0.6 -pm 0.5 > /tmp/tmp-2026-07-1510:57:22-0.42511534690856934
Result: instance_prob2.dat, 0, -695.75, 0, 13935469
now 2026-07-15 11:10:07 -0400; start 2026-07-12 21:39:27 -0400; time-start 221439.11643349; maxWall 8640000.0
getAlgoResultsForInstsAndParams.
  Trial 1 for calling: bash NSGA2.sh instance_param1.dat "" 1000000000.0000001 2147483647 462720224 -pc 0.6 -pm 0.5 > /tmp/tmp-2026-07-1511:10:07-0.2763214111328125
Executing cmd: bash NSGA2.sh instance_param1.dat "" 1000000000.0000001 2147483647 462720224 -pc 0.6 -pm 0.5 > /tmp/tmp-2026-07-1511:10:07-0.2763214111328125
Result: instance_param1.dat, 0, -920.07, 0, 462720224
now 2026-07-15 11:10:07 -0400; start 2026-07-12 21:39:27 -0400; time-start 221439.195689617; maxWall 8640000.0
getAlgoResultsForInstsAndParams.
  Trial 1 for calling: bash NSGA2.sh instance_prob3.dat "" 1000000000.0000001 2147483647 1524734467 -pc 0.6 -pm 0.5 > /tmp/tmp-2026-07-1511:10:07-0.4093904495239258
Executing cmd: bash NSGA2.sh instance_prob3.dat "" 1000000000.0000001 2147483647 1524734467 -pc 0.6 -pm 0.5 > /tmp/tmp-2026-07-1511:10:07-0.4093904495239258
Result: instance_prob3.dat, 0, -577.71, 0, 1524734467
now 2026-07-15 11:22:36 -0400; start 2026-07-12 21:39:27 -0400; time-start 222188.938767065; maxWall 8640000.0
getAlgoResultsForInstsAndParams.
  Trial 1 for calling: bash NSGA2.sh instance_prob4.dat "" 1000000000.0000001 2147483647 1736731097 -pc 0.6 -pm 0.5 > /tmp/tmp-2026-07-1511:22:36-0.5818501710891724
Executing cmd: bash NSGA2.sh instance_prob4.dat "" 1000000000.0000001 2147483647 1736731097 -pc 0.6 -pm 0.5 > /tmp/tmp-2026-07-1511:22:36-0.5818501710891724
Result: instance_prob4.dat, 0, -591.79, 0, 1736731097
now 2026-07-15 11:33:59 -0400; start 2026-07-12 21:39:27 -0400; time-start 222871.390681356; maxWall 8640000.0
getAlgoResultsForInstsAndParams.
  Trial 1 for calling: bash NSGA2.sh instance_prob1.dat "" 1000000000.0000001 2147483647 251330698 -pc 0.6 -pm 0.5 > /tmp/tmp-2026-07-1511:33:59-0.16957569122314453
Executing cmd: bash NSGA2.sh instance_prob1.dat "" 1000000000.0000001 2147483647 251330698 -pc 0.6 -pm 0.5 > /tmp/tmp-2026-07-1511:33:59-0.16957569122314453
Result: instance_prob1.dat, 0, -650.27, 0, 251330698
now 2026-07-15 11:42:01 -0400; start 2026-07-12 21:39:27 -0400; time-start 223353.74621081; maxWall 8640000.0
getAlgoResultsForInstsAndParams.
  Trial 1 for calling: bash NSGA2.sh instance_param3.dat "" 1000000000.0000001 2147483647 1313848922 -pc 0.6 -pm 0.5 > /tmp/tmp-2026-07-1511:42:01-0.47368526458740234
Executing cmd: bash NSGA2.sh instance_param3.dat "" 1000000000.0000001 2147483647 1313848922 -pc 0.6 -pm 0.5 > /tmp/tmp-2026-07-1511:42:01-0.47368526458740234
Result: instance_param3.dat, 0, -705.56, 0, 1313848922
now 2026-07-15 11:42:01 -0400; start 2026-07-12 21:39:27 -0400; time-start 223353.826678131; maxWall 8640000.0
getAlgoResultsForInstsAndParams.
  Trial 1 for calling: bash NSGA2.sh instance_prob2.dat "" 1000000000.0000001 2147483647 557599983 -pc 0.6 -pm 0.5 > /tmp/tmp-2026-07-1511:42:01-0.17420387268066406
Executing cmd: bash NSGA2.sh instance_prob2.dat "" 1000000000.0000001 2147483647 557599983 -pc 0.6 -pm 0.5 > /tmp/tmp-2026-07-1511:42:01-0.17420387268066406
Result: instance_prob2.dat, 0, -695.75, 0, 557599983
now 2026-07-15 11:50:51 -0400; start 2026-07-12 21:39:27 -0400; time-start 223883.202153487; maxWall 8640000.0
getAlgoResultsForInstsAndParams.
  Trial 1 for calling: bash NSGA2.sh instance_param2.dat "" 1000000000.0000001 2147483647 789000552 -pc 0.6 -pm 0.5 > /tmp/tmp-2026-07-1511:50:51-0.22275924682617188
Executing cmd: bash NSGA2.sh instance_param2.dat "" 1000000000.0000001 2147483647 789000552 -pc 0.6 -pm 0.5 > /tmp/tmp-2026-07-1511:50:51-0.22275924682617188
Result: instance_param2.dat, 0, -717.59, 0, 789000552
now 2026-07-15 11:50:51 -0400; start 2026-07-12 21:39:27 -0400; time-start 223883.281471943; maxWall 8640000.0
getAlgoResultsForInstsAndParams.
  Trial 1 for calling: bash NSGA2.sh instance_prob1.dat "" 1000000000.0000001 2147483647 1764895294 -pc 0.6 -pm 0.5 > /tmp/tmp-2026-07-1511:50:51-0.44708919525146484
Executing cmd: bash NSGA2.sh instance_prob1.dat "" 1000000000.0000001 2147483647 1764895294 -pc 0.6 -pm 0.5 > /tmp/tmp-2026-07-1511:50:51-0.44708919525146484
Result: instance_prob1.dat, 0, -650.27, 0, 1764895294
now 2026-07-15 11:56:50 -0400; start 2026-07-12 21:39:27 -0400; time-start 224242.261928756; maxWall 8640000.0
getAlgoResultsForInstsAndParams.
  Trial 1 for calling: bash NSGA2.sh instance_param2.dat "" 1000000000.0000001 2147483647 149754666 -pc 0.6 -pm 0.5 > /tmp/tmp-2026-07-1511:56:50-0.2654857635498047
Executing cmd: bash NSGA2.sh instance_param2.dat "" 1000000000.0000001 2147483647 149754666 -pc 0.6 -pm 0.5 > /tmp/tmp-2026-07-1511:56:50-0.2654857635498047
Result: instance_param2.dat, 0, -717.59, 0, 149754666
now 2026-07-15 11:56:50 -0400; start 2026-07-12 21:39:27 -0400; time-start 224242.347582809; maxWall 8640000.0
getAlgoResultsForInstsAndParams.
  Trial 1 for calling: bash NSGA2.sh instance_prob3.dat "" 1000000000.0000001 2147483647 1523713353 -pc 0.6 -pm 0.5 > /tmp/tmp-2026-07-1511:56:50-0.3003544807434082
Executing cmd: bash NSGA2.sh instance_prob3.dat "" 1000000000.0000001 2147483647 1523713353 -pc 0.6 -pm 0.5 > /tmp/tmp-2026-07-1511:56:50-0.3003544807434082
Result: instance_prob3.dat, 0, -577.71, 0, 1523713353
now 2026-07-15 12:09:14 -0400; start 2026-07-12 21:39:27 -0400; time-start 224986.246329844; maxWall 8640000.0
getAlgoResultsForInstsAndParams.
  Trial 1 for calling: bash NSGA2.sh instance_prob4.dat "" 1000000000.0000001 2147483647 1868452773 -pc 0.6 -pm 0.5 > /tmp/tmp-2026-07-1512:09:14-0.6252250671386719
Executing cmd: bash NSGA2.sh instance_prob4.dat "" 1000000000.0000001 2147483647 1868452773 -pc 0.6 -pm 0.5 > /tmp/tmp-2026-07-1512:09:14-0.6252250671386719
Result: instance_prob4.dat, 0, -591.79, 0, 1868452773
now 2026-07-15 12:19:29 -0400; start 2026-07-12 21:39:27 -0400; time-start 225601.284081734; maxWall 8640000.0
getAlgoResultsForInstsAndParams.
  Trial 1 for calling: bash NSGA2.sh instance_prob2.dat "" 1000000000.0000001 2147483647 310084194 -pc 0.6 -pm 0.5 > /tmp/tmp-2026-07-1512:19:29-0.8599920272827148
Executing cmd: bash NSGA2.sh instance_prob2.dat "" 1000000000.0000001 2147483647 310084194 -pc 0.6 -pm 0.5 > /tmp/tmp-2026-07-1512:19:29-0.8599920272827148
Result: instance_prob2.dat, 0, -695.75, 0, 310084194
now 2026-07-15 12:31:18 -0400; start 2026-07-12 21:39:27 -0400; time-start 226310.201050288; maxWall 8640000.0
getAlgoResultsForInstsAndParams.
  Trial 1 for calling: bash NSGA2.sh instance_param1.dat "" 1000000000.0000001 2147483647 1927991028 -pc 0.6 -pm 0.5 > /tmp/tmp-2026-07-1512:31:18-0.4736928939819336
Executing cmd: bash NSGA2.sh instance_param1.dat "" 1000000000.0000001 2147483647 1927991028 -pc 0.6 -pm 0.5 > /tmp/tmp-2026-07-1512:31:18-0.4736928939819336
Result: instance_param1.dat, 0, -920.07, 0, 1927991028
now 2026-07-15 12:31:18 -0400; start 2026-07-12 21:39:27 -0400; time-start 226310.283312061; maxWall 8640000.0
getAlgoResultsForInstsAndParams.
  Trial 1 for calling: bash NSGA2.sh instance_param3.dat "" 1000000000.0000001 2147483647 13543025 -pc 0.6 -pm 0.5 > /tmp/tmp-2026-07-1512:31:18-0.33106422424316406
Executing cmd: bash NSGA2.sh instance_param3.dat "" 1000000000.0000001 2147483647 13543025 -pc 0.6 -pm 0.5 > /tmp/tmp-2026-07-1512:31:18-0.33106422424316406
Result: instance_param3.dat, 0, -705.56, 0, 13543025
now 2026-07-15 12:31:18 -0400; start 2026-07-12 21:39:27 -0400; time-start 226310.366430876; maxWall 8640000.0
getAlgoResultsForInstsAndParams.
  Trial 1 for calling: bash NSGA2.sh instance_param2.dat "" 1000000000.0000001 2147483647 1669015032 -pc 0.6 -pm 0.5 > /tmp/tmp-2026-07-1512:31:18-0.9321475028991699
Executing cmd: bash NSGA2.sh instance_param2.dat "" 1000000000.0000001 2147483647 1669015032 -pc 0.6 -pm 0.5 > /tmp/tmp-2026-07-1512:31:18-0.9321475028991699
Result: instance_param2.dat, 0, -717.59, 0, 1669015032
now 2026-07-15 12:31:18 -0400; start 2026-07-12 21:39:27 -0400; time-start 226310.449646175; maxWall 8640000.0
getAlgoResultsForInstsAndParams.
  Trial 1 for calling: bash NSGA2.sh instance_param1.dat "" 1000000000.0000001 2147483647 1186378232 -pc 0.6 -pm 0.5 > /tmp/tmp-2026-07-1512:31:18-0.46069908142089844
Executing cmd: bash NSGA2.sh instance_param1.dat "" 1000000000.0000001 2147483647 1186378232 -pc 0.6 -pm 0.5 > /tmp/tmp-2026-07-1512:31:18-0.46069908142089844
Result: instance_param1.dat, 0, -920.07, 0, 1186378232
now 2026-07-15 12:31:18 -0400; start 2026-07-12 21:39:27 -0400; time-start 226310.533184217; maxWall 8640000.0
getAlgoResultsForInstsAndParams.
  Trial 1 for calling: bash NSGA2.sh instance_prob2.dat "" 1000000000.0000001 2147483647 1865128741 -pc 0.6 -pm 0.5 > /tmp/tmp-2026-07-1512:31:18-0.0883948802947998
Executing cmd: bash NSGA2.sh instance_prob2.dat "" 1000000000.0000001 2147483647 1865128741 -pc 0.6 -pm 0.5 > /tmp/tmp-2026-07-1512:31:18-0.0883948802947998
Result: instance_prob2.dat, 0, -695.75, 0, 1865128741
now 2026-07-15 12:43:25 -0400; start 2026-07-12 21:39:27 -0400; time-start 227037.924829075; maxWall 8640000.0
getAlgoResultsForInstsAndParams.
  Trial 1 for calling: bash NSGA2.sh instance_prob1.dat "" 1000000000.0000001 2147483647 792652207 -pc 0.6 -pm 0.5 > /tmp/tmp-2026-07-1512:43:25-0.31003856658935547
Executing cmd: bash NSGA2.sh instance_prob1.dat "" 1000000000.0000001 2147483647 792652207 -pc 0.6 -pm 0.5 > /tmp/tmp-2026-07-1512:43:25-0.31003856658935547
Result: instance_prob1.dat, 0, -650.27, 0, 792652207
now 2026-07-15 12:50:19 -0400; start 2026-07-12 21:39:27 -0400; time-start 227451.492690334; maxWall 8640000.0
getAlgoResultsForInstsAndParams.
  Trial 1 for calling: bash NSGA2.sh instance_prob3.dat "" 1000000000.0000001 2147483647 1591543198 -pc 0.6 -pm 0.5 > /tmp/tmp-2026-07-1512:50:19-0.005509853363037109
Executing cmd: bash NSGA2.sh instance_prob3.dat "" 1000000000.0000001 2147483647 1591543198 -pc 0.6 -pm 0.5 > /tmp/tmp-2026-07-1512:50:19-0.005509853363037109
Result: instance_prob3.dat, 0, -577.71, 0, 1591543198
now 2026-07-15 13:06:33 -0400; start 2026-07-12 21:39:27 -0400; time-start 228425.333256444; maxWall 8640000.0
getAlgoResultsForInstsAndParams.
  Trial 1 for calling: bash NSGA2.sh instance_prob4.dat "" 1000000000.0000001 2147483647 1998353460 -pc 0.6 -pm 0.5 > /tmp/tmp-2026-07-1513:06:33-0.5718417167663574
Executing cmd: bash NSGA2.sh instance_prob4.dat "" 1000000000.0000001 2147483647 1998353460 -pc 0.6 -pm 0.5 > /tmp/tmp-2026-07-1513:06:33-0.5718417167663574
Result: instance_prob4.dat, 0, -591.79, 0, 1998353460
          -> Take improving step to neighbour pc=0.6 pm=0.5 (-693.3870967741935 [based on 62 runs with cutoff 1000000000.0]) with flip 69

          
============= Performing 1 bonus runs of state: pc=0.6 pm=0.5 (-693.3870967741935 [based on 62 runs with cutoff 1000000000.0]) ============ 

now 2026-07-15 13:17:03 -0400; start 2026-07-12 21:39:27 -0400; time-start 229055.641767568; maxWall 8640000.0
State wants more detail (62+1) than incumbent (62), doing incumbent first:
pc=0.6 pm=0.5 (-693.3870967741935 [based on 62 runs with cutoff 1000000000.0])
pc=0.6 pm=0.1 (-693.3870967741935 [based on 62 runs with cutoff 1000000000.0])
getAlgoResultsForInstsAndParams.
  Trial 1 for calling: bash NSGA2.sh instance_param3.dat "" 1000000000.0000001 2147483647 998783798 -pc 0.6 -pm 0.1 > /tmp/tmp-2026-07-1513:17:03-0.9367010593414307
Executing cmd: bash NSGA2.sh instance_param3.dat "" 1000000000.0000001 2147483647 998783798 -pc 0.6 -pm 0.1 > /tmp/tmp-2026-07-1513:17:03-0.9367010593414307
Result: instance_param3.dat, 0, -705.56, 0, 998783798
 Same incumbent, new precision:
New Incumbent: 100.19999999999858, -693.5714285714286 [63, 1000000000.0]. With state pc=0.6, pm=0.1
getAlgoResultsForInstsAndParams.
  Trial 1 for calling: bash NSGA2.sh instance_param3.dat "" 1000000000.0000001 2147483647 998783798 -pc 0.6 -pm 0.5 > /tmp/tmp-2026-07-1513:17:03-0.15210390090942383
Executing cmd: bash NSGA2.sh instance_param3.dat "" 1000000000.0000001 2147483647 998783798 -pc 0.6 -pm 0.5 > /tmp/tmp-2026-07-1513:17:03-0.15210390090942383
Result: instance_param3.dat, 0, -705.56, 0, 998783798
          -> After 1 bonus runs: pc=0.6 pm=0.5 (-693.5714285714286 [based on 63 runs with cutoff 1000000000.0])

now 2026-07-15 13:17:03 -0400; start 2026-07-12 21:39:27 -0400; time-start 229055.798182372; maxWall 8640000.0
now 2026-07-15 13:17:03 -0400; start 2026-07-12 21:39:27 -0400; time-start 229055.798279674; maxWall 8640000.0
    Changing ["pc: 0.6->0.95"], evaluating ...
getAlgoResultsForInstsAndParams.
  Trial 1 for calling: bash NSGA2.sh instance_param1.dat "" 1000000000.0000001 2147483647 1548605805 -pc 0.95 -pm 0.5 > /tmp/tmp-2026-07-1513:17:03-0.8418290615081787
Executing cmd: bash NSGA2.sh instance_param1.dat "" 1000000000.0000001 2147483647 1548605805 -pc 0.95 -pm 0.5 > /tmp/tmp-2026-07-1513:17:03-0.8418290615081787
Result: instance_param1.dat, 0, -920.07, 0, 1548605805
now 2026-07-15 13:17:03 -0400; start 2026-07-12 21:39:27 -0400; time-start 229055.875322186; maxWall 8640000.0
getAlgoResultsForInstsAndParams.
  Trial 1 for calling: bash NSGA2.sh instance_prob3.dat "" 1000000000.0000001 2147483647 222014735 -pc 0.95 -pm 0.5 > /tmp/tmp-2026-07-1513:17:03-0.018465518951416016
Executing cmd: bash NSGA2.sh instance_prob3.dat "" 1000000000.0000001 2147483647 222014735 -pc 0.95 -pm 0.5 > /tmp/tmp-2026-07-1513:17:03-0.018465518951416016
Result: instance_prob3.dat, 0, -577.71, 0, 222014735
1005/100000, 100.49999999999856/100000000.0
now 2026-07-15 13:29:26 -0400; start 2026-07-12 21:39:27 -0400; time-start 229798.822457501; maxWall 8640000.0
getAlgoResultsForInstsAndParams.
  Trial 1 for calling: bash NSGA2.sh instance_prob1.dat "" 1000000000.0000001 2147483647 1686488978 -pc 0.95 -pm 0.5 > /tmp/tmp-2026-07-1513:29:26-0.14839625358581543
Executing cmd: bash NSGA2.sh instance_prob1.dat "" 1000000000.0000001 2147483647 1686488978 -pc 0.95 -pm 0.5 > /tmp/tmp-2026-07-1513:29:26-0.14839625358581543
Result: instance_prob1.dat, 0, -650.27, 0, 1686488978
now 2026-07-15 13:36:10 -0400; start 2026-07-12 21:39:27 -0400; time-start 230202.863994136; maxWall 8640000.0
getAlgoResultsForInstsAndParams.
  Trial 1 for calling: bash NSGA2.sh instance_param3.dat "" 1000000000.0000001 2147483647 1392514437 -pc 0.95 -pm 0.5 > /tmp/tmp-2026-07-1513:36:10-0.7284190654754639
Executing cmd: bash NSGA2.sh instance_param3.dat "" 1000000000.0000001 2147483647 1392514437 -pc 0.95 -pm 0.5 > /tmp/tmp-2026-07-1513:36:10-0.7284190654754639
Result: instance_param3.dat, 0, -705.56, 0, 1392514437
now 2026-07-15 13:36:10 -0400; start 2026-07-12 21:39:27 -0400; time-start 230202.942989952; maxWall 8640000.0
getAlgoResultsForInstsAndParams.
  Trial 1 for calling: bash NSGA2.sh instance_prob3.dat "" 1000000000.0000001 2147483647 1165131879 -pc 0.95 -pm 0.5 > /tmp/tmp-2026-07-1513:36:10-0.31751906871795654
Executing cmd: bash NSGA2.sh instance_prob3.dat "" 1000000000.0000001 2147483647 1165131879 -pc 0.95 -pm 0.5 > /tmp/tmp-2026-07-1513:36:10-0.31751906871795654
Result: instance_prob3.dat, 0, -577.71, 0, 1165131879
now 2026-07-15 13:47:21 -0400; start 2026-07-12 21:39:27 -0400; time-start 230873.790246734; maxWall 8640000.0
getAlgoResultsForInstsAndParams.
  Trial 1 for calling: bash NSGA2.sh instance_prob1.dat "" 1000000000.0000001 2147483647 1319408815 -pc 0.95 -pm 0.5 > /tmp/tmp-2026-07-1513:47:21-0.08510231971740723
Executing cmd: bash NSGA2.sh instance_prob1.dat "" 1000000000.0000001 2147483647 1319408815 -pc 0.95 -pm 0.5 > /tmp/tmp-2026-07-1513:47:21-0.08510231971740723
Result: instance_prob1.dat, 0, -650.27, 0, 1319408815
now 2026-07-15 13:53:40 -0400; start 2026-07-12 21:39:27 -0400; time-start 231252.776420262; maxWall 8640000.0
getAlgoResultsForInstsAndParams.
  Trial 1 for calling: bash NSGA2.sh instance_param1.dat "" 1000000000.0000001 2147483647 2074744000 -pc 0.95 -pm 0.5 > /tmp/tmp-2026-07-1513:53:40-0.8872685432434082
Executing cmd: bash NSGA2.sh instance_param1.dat "" 1000000000.0000001 2147483647 2074744000 -pc 0.95 -pm 0.5 > /tmp/tmp-2026-07-1513:53:40-0.8872685432434082
Result: instance_param1.dat, 0, -920.07, 0, 2074744000
now 2026-07-15 13:53:40 -0400; start 2026-07-12 21:39:27 -0400; time-start 231252.856150561; maxWall 8640000.0
getAlgoResultsForInstsAndParams.
  Trial 1 for calling: bash NSGA2.sh instance_param2.dat "" 1000000000.0000001 2147483647 1733138286 -pc 0.95 -pm 0.5 > /tmp/tmp-2026-07-1513:53:40-0.33257532119750977
Executing cmd: bash NSGA2.sh instance_param2.dat "" 1000000000.0000001 2147483647 1733138286 -pc 0.95 -pm 0.5 > /tmp/tmp-2026-07-1513:53:40-0.33257532119750977
Result: instance_param2.dat, 0, -717.59, 0, 1733138286
now 2026-07-15 13:53:40 -0400; start 2026-07-12 21:39:27 -0400; time-start 231252.931783526; maxWall 8640000.0
getAlgoResultsForInstsAndParams.
  Trial 1 for calling: bash NSGA2.sh instance_prob4.dat "" 1000000000.0000001 2147483647 685541044 -pc 0.95 -pm 0.5 > /tmp/tmp-2026-07-1513:53:40-0.7136600017547607
Executing cmd: bash NSGA2.sh instance_prob4.dat "" 1000000000.0000001 2147483647 685541044 -pc 0.95 -pm 0.5 > /tmp/tmp-2026-07-1513:53:40-0.7136600017547607
Result: instance_prob4.dat, 0, -591.79, 0, 685541044
now 2026-07-15 14:04:58 -0400; start 2026-07-12 21:39:27 -0400; time-start 231930.358547875; maxWall 8640000.0
getAlgoResultsForInstsAndParams.
  Trial 1 for calling: bash NSGA2.sh instance_prob2.dat "" 1000000000.0000001 2147483647 13935469 -pc 0.95 -pm 0.5 > /tmp/tmp-2026-07-1514:04:58-0.1459798812866211
Executing cmd: bash NSGA2.sh instance_prob2.dat "" 1000000000.0000001 2147483647 13935469 -pc 0.95 -pm 0.5 > /tmp/tmp-2026-07-1514:04:58-0.1459798812866211
Result: instance_prob2.dat, 0, -695.75, 0, 13935469
now 2026-07-15 14:15:31 -0400; start 2026-07-12 21:39:27 -0400; time-start 232563.532487977; maxWall 8640000.0
getAlgoResultsForInstsAndParams.
  Trial 1 for calling: bash NSGA2.sh instance_param1.dat "" 1000000000.0000001 2147483647 462720224 -pc 0.95 -pm 0.5 > /tmp/tmp-2026-07-1514:15:31-0.7036566734313965
Executing cmd: bash NSGA2.sh instance_param1.dat "" 1000000000.0000001 2147483647 462720224 -pc 0.95 -pm 0.5 > /tmp/tmp-2026-07-1514:15:31-0.7036566734313965
Result: instance_param1.dat, 0, -920.07, 0, 462720224
now 2026-07-15 14:15:31 -0400; start 2026-07-12 21:39:27 -0400; time-start 232563.60949858; maxWall 8640000.0
getAlgoResultsForInstsAndParams.
  Trial 1 for calling: bash NSGA2.sh instance_prob3.dat "" 1000000000.0000001 2147483647 1524734467 -pc 0.95 -pm 0.5 > /tmp/tmp-2026-07-1514:15:31-0.8499183654785156
Executing cmd: bash NSGA2.sh instance_prob3.dat "" 1000000000.0000001 2147483647 1524734467 -pc 0.95 -pm 0.5 > /tmp/tmp-2026-07-1514:15:31-0.8499183654785156
Result: instance_prob3.dat, 0, -577.71, 0, 1524734467
now 2026-07-15 14:26:58 -0400; start 2026-07-12 21:39:27 -0400; time-start 233250.65886339; maxWall 8640000.0
getAlgoResultsForInstsAndParams.
  Trial 1 for calling: bash NSGA2.sh instance_prob4.dat "" 1000000000.0000001 2147483647 1736731097 -pc 0.95 -pm 0.5 > /tmp/tmp-2026-07-1514:26:58-0.6942563056945801
Executing cmd: bash NSGA2.sh instance_prob4.dat "" 1000000000.0000001 2147483647 1736731097 -pc 0.95 -pm 0.5 > /tmp/tmp-2026-07-1514:26:58-0.6942563056945801
Result: instance_prob4.dat, 0, -591.79, 0, 1736731097
now 2026-07-15 14:39:57 -0400; start 2026-07-12 21:39:27 -0400; time-start 234029.170713717; maxWall 8640000.0
getAlgoResultsForInstsAndParams.
  Trial 1 for calling: bash NSGA2.sh instance_prob1.dat "" 1000000000.0000001 2147483647 251330698 -pc 0.95 -pm 0.5 > /tmp/tmp-2026-07-1514:39:57-0.019941329956054688
Executing cmd: bash NSGA2.sh instance_prob1.dat "" 1000000000.0000001 2147483647 251330698 -pc 0.95 -pm 0.5 > /tmp/tmp-2026-07-1514:39:57-0.019941329956054688
Result: instance_prob1.dat, 0, -650.27, 0, 251330698
now 2026-07-15 14:46:06 -0400; start 2026-07-12 21:39:27 -0400; time-start 234398.477438431; maxWall 8640000.0
getAlgoResultsForInstsAndParams.
  Trial 1 for calling: bash NSGA2.sh instance_param3.dat "" 1000000000.0000001 2147483647 1313848922 -pc 0.95 -pm 0.5 > /tmp/tmp-2026-07-1514:46:06-0.021504878997802734
Executing cmd: bash NSGA2.sh instance_param3.dat "" 1000000000.0000001 2147483647 1313848922 -pc 0.95 -pm 0.5 > /tmp/tmp-2026-07-1514:46:06-0.021504878997802734
Result: instance_param3.dat, 0, -705.56, 0, 1313848922
now 2026-07-15 14:46:06 -0400; start 2026-07-12 21:39:27 -0400; time-start 234398.557637834; maxWall 8640000.0
getAlgoResultsForInstsAndParams.
  Trial 1 for calling: bash NSGA2.sh instance_prob2.dat "" 1000000000.0000001 2147483647 557599983 -pc 0.95 -pm 0.5 > /tmp/tmp-2026-07-1514:46:06-0.11855077743530273
Executing cmd: bash NSGA2.sh instance_prob2.dat "" 1000000000.0000001 2147483647 557599983 -pc 0.95 -pm 0.5 > /tmp/tmp-2026-07-1514:46:06-0.11855077743530273
Result: instance_prob2.dat, 0, -695.75, 0, 557599983
now 2026-07-15 14:59:57 -0400; start 2026-07-12 21:39:27 -0400; time-start 235229.552803336; maxWall 8640000.0
getAlgoResultsForInstsAndParams.
  Trial 1 for calling: bash NSGA2.sh instance_param2.dat "" 1000000000.0000001 2147483647 789000552 -pc 0.95 -pm 0.5 > /tmp/tmp-2026-07-1514:59:57-0.689190149307251
Executing cmd: bash NSGA2.sh instance_param2.dat "" 1000000000.0000001 2147483647 789000552 -pc 0.95 -pm 0.5 > /tmp/tmp-2026-07-1514:59:57-0.689190149307251
Result: instance_param2.dat, 0, -717.59, 0, 789000552
now 2026-07-15 14:59:57 -0400; start 2026-07-12 21:39:27 -0400; time-start 235229.631738212; maxWall 8640000.0
getAlgoResultsForInstsAndParams.
  Trial 1 for calling: bash NSGA2.sh instance_prob1.dat "" 1000000000.0000001 2147483647 1764895294 -pc 0.95 -pm 0.5 > /tmp/tmp-2026-07-1514:59:57-0.922558069229126
Executing cmd: bash NSGA2.sh instance_prob1.dat "" 1000000000.0000001 2147483647 1764895294 -pc 0.95 -pm 0.5 > /tmp/tmp-2026-07-1514:59:57-0.922558069229126
Result: instance_prob1.dat, 0, -650.27, 0, 1764895294
now 2026-07-15 15:07:36 -0400; start 2026-07-12 21:39:27 -0400; time-start 235688.643845575; maxWall 8640000.0
getAlgoResultsForInstsAndParams.
  Trial 1 for calling: bash NSGA2.sh instance_param2.dat "" 1000000000.0000001 2147483647 149754666 -pc 0.95 -pm 0.5 > /tmp/tmp-2026-07-1515:07:36-0.47046899795532227
Executing cmd: bash NSGA2.sh instance_param2.dat "" 1000000000.0000001 2147483647 149754666 -pc 0.95 -pm 0.5 > /tmp/tmp-2026-07-1515:07:36-0.47046899795532227
Result: instance_param2.dat, 0, -717.59, 0, 149754666
now 2026-07-15 15:07:36 -0400; start 2026-07-12 21:39:27 -0400; time-start 235688.722865688; maxWall 8640000.0
getAlgoResultsForInstsAndParams.
  Trial 1 for calling: bash NSGA2.sh instance_prob3.dat "" 1000000000.0000001 2147483647 1523713353 -pc 0.95 -pm 0.5 > /tmp/tmp-2026-07-1515:07:36-0.7913126945495605
Executing cmd: bash NSGA2.sh instance_prob3.dat "" 1000000000.0000001 2147483647 1523713353 -pc 0.95 -pm 0.5 > /tmp/tmp-2026-07-1515:07:36-0.7913126945495605
Result: instance_prob3.dat, 0, -577.71, 0, 1523713353
now 2026-07-15 15:20:23 -0400; start 2026-07-12 21:39:27 -0400; time-start 236455.56848023; maxWall 8640000.0
getAlgoResultsForInstsAndParams.
  Trial 1 for calling: bash NSGA2.sh instance_prob4.dat "" 1000000000.0000001 2147483647 1868452773 -pc 0.95 -pm 0.5 > /tmp/tmp-2026-07-1515:20:23-0.5614686012268066
Executing cmd: bash NSGA2.sh instance_prob4.dat "" 1000000000.0000001 2147483647 1868452773 -pc 0.95 -pm 0.5 > /tmp/tmp-2026-07-1515:20:23-0.5614686012268066
Result: instance_prob4.dat, 0, -591.79, 0, 1868452773
now 2026-07-15 15:32:02 -0400; start 2026-07-12 21:39:27 -0400; time-start 237154.273517308; maxWall 8640000.0
getAlgoResultsForInstsAndParams.
  Trial 1 for calling: bash NSGA2.sh instance_prob2.dat "" 1000000000.0000001 2147483647 310084194 -pc 0.95 -pm 0.5 > /tmp/tmp-2026-07-1515:32:02-0.07155990600585938
Executing cmd: bash NSGA2.sh instance_prob2.dat "" 1000000000.0000001 2147483647 310084194 -pc 0.95 -pm 0.5 > /tmp/tmp-2026-07-1515:32:02-0.07155990600585938
Result: instance_prob2.dat, 0, -695.75, 0, 310084194
now 2026-07-15 15:48:13 -0400; start 2026-07-12 21:39:27 -0400; time-start 238125.461809369; maxWall 8640000.0
getAlgoResultsForInstsAndParams.
  Trial 1 for calling: bash NSGA2.sh instance_param1.dat "" 1000000000.0000001 2147483647 1927991028 -pc 0.95 -pm 0.5 > /tmp/tmp-2026-07-1515:48:13-0.38458681106567383
Executing cmd: bash NSGA2.sh instance_param1.dat "" 1000000000.0000001 2147483647 1927991028 -pc 0.95 -pm 0.5 > /tmp/tmp-2026-07-1515:48:13-0.38458681106567383
Result: instance_param1.dat, 0, -920.07, 0, 1927991028
now 2026-07-15 15:48:13 -0400; start 2026-07-12 21:39:27 -0400; time-start 238125.53776718; maxWall 8640000.0
getAlgoResultsForInstsAndParams.
  Trial 1 for calling: bash NSGA2.sh instance_param3.dat "" 1000000000.0000001 2147483647 13543025 -pc 0.95 -pm 0.5 > /tmp/tmp-2026-07-1515:48:13-0.7266829013824463
Executing cmd: bash NSGA2.sh instance_param3.dat "" 1000000000.0000001 2147483647 13543025 -pc 0.95 -pm 0.5 > /tmp/tmp-2026-07-1515:48:13-0.7266829013824463
Result: instance_param3.dat, 0, -705.56, 0, 13543025
now 2026-07-15 15:48:13 -0400; start 2026-07-12 21:39:27 -0400; time-start 238125.613020791; maxWall 8640000.0
getAlgoResultsForInstsAndParams.
  Trial 1 for calling: bash NSGA2.sh instance_param2.dat "" 1000000000.0000001 2147483647 1669015032 -pc 0.95 -pm 0.5 > /tmp/tmp-2026-07-1515:48:13-0.944260835647583
Executing cmd: bash NSGA2.sh instance_param2.dat "" 1000000000.0000001 2147483647 1669015032 -pc 0.95 -pm 0.5 > /tmp/tmp-2026-07-1515:48:13-0.944260835647583
Result: instance_param2.dat, 0, -717.59, 0, 1669015032
now 2026-07-15 15:48:13 -0400; start 2026-07-12 21:39:27 -0400; time-start 238125.687081992; maxWall 8640000.0
getAlgoResultsForInstsAndParams.
  Trial 1 for calling: bash NSGA2.sh instance_param1.dat "" 1000000000.0000001 2147483647 1186378232 -pc 0.95 -pm 0.5 > /tmp/tmp-2026-07-1515:48:13-0.6214325428009033
Executing cmd: bash NSGA2.sh instance_param1.dat "" 1000000000.0000001 2147483647 1186378232 -pc 0.95 -pm 0.5 > /tmp/tmp-2026-07-1515:48:13-0.6214325428009033
Result: instance_param1.dat, 0, -920.07, 0, 1186378232
now 2026-07-15 15:48:13 -0400; start 2026-07-12 21:39:27 -0400; time-start 238125.760749885; maxWall 8640000.0
getAlgoResultsForInstsAndParams.
  Trial 1 for calling: bash NSGA2.sh instance_prob2.dat "" 1000000000.0000001 2147483647 1865128741 -pc 0.95 -pm 0.5 > /tmp/tmp-2026-07-1515:48:13-0.8320207595825195
Executing cmd: bash NSGA2.sh instance_prob2.dat "" 1000000000.0000001 2147483647 1865128741 -pc 0.95 -pm 0.5 > /tmp/tmp-2026-07-1515:48:13-0.8320207595825195
Result: instance_prob2.dat, 0, -695.75, 0, 1865128741
now 2026-07-15 16:02:44 -0400; start 2026-07-12 21:39:27 -0400; time-start 238996.909867866; maxWall 8640000.0
getAlgoResultsForInstsAndParams.
  Trial 1 for calling: bash NSGA2.sh instance_prob1.dat "" 1000000000.0000001 2147483647 792652207 -pc 0.95 -pm 0.5 > /tmp/tmp-2026-07-1516:02:44-0.8838896751403809
Executing cmd: bash NSGA2.sh instance_prob1.dat "" 1000000000.0000001 2147483647 792652207 -pc 0.95 -pm 0.5 > /tmp/tmp-2026-07-1516:02:44-0.8838896751403809
Result: instance_prob1.dat, 0, -650.27, 0, 792652207
now 2026-07-15 16:09:23 -0400; start 2026-07-12 21:39:27 -0400; time-start 239395.369564768; maxWall 8640000.0
getAlgoResultsForInstsAndParams.
  Trial 1 for calling: bash NSGA2.sh instance_prob3.dat "" 1000000000.0000001 2147483647 1591543198 -pc 0.95 -pm 0.5 > /tmp/tmp-2026-07-1516:09:23-0.0025873184204101562
Executing cmd: bash NSGA2.sh instance_prob3.dat "" 1000000000.0000001 2147483647 1591543198 -pc 0.95 -pm 0.5 > /tmp/tmp-2026-07-1516:09:23-0.0025873184204101562
Result: instance_prob3.dat, 0, -577.71, 0, 1591543198
now 2026-07-15 16:25:18 -0400; start 2026-07-12 21:39:27 -0400; time-start 240350.992230422; maxWall 8640000.0
getAlgoResultsForInstsAndParams.
  Trial 1 for calling: bash NSGA2.sh instance_prob4.dat "" 1000000000.0000001 2147483647 1998353460 -pc 0.95 -pm 0.5 > /tmp/tmp-2026-07-1516:25:18-0.4610861539840698
Executing cmd: bash NSGA2.sh instance_prob4.dat "" 1000000000.0000001 2147483647 1998353460 -pc 0.95 -pm 0.5 > /tmp/tmp-2026-07-1516:25:18-0.4610861539840698
Result: instance_prob4.dat, 0, -591.79, 0, 1998353460
now 2026-07-15 16:36:27 -0400; start 2026-07-12 21:39:27 -0400; time-start 241019.682178539; maxWall 8640000.0
getAlgoResultsForInstsAndParams.
  Trial 1 for calling: bash NSGA2.sh instance_param3.dat "" 1000000000.0000001 2147483647 998783798 -pc 0.95 -pm 0.5 > /tmp/tmp-2026-07-1516:36:27-0.04977679252624512
Executing cmd: bash NSGA2.sh instance_param3.dat "" 1000000000.0000001 2147483647 998783798 -pc 0.95 -pm 0.5 > /tmp/tmp-2026-07-1516:36:27-0.04977679252624512
Result: instance_param3.dat, 0, -705.56, 0, 998783798
          -> Take improving step to neighbour pc=0.95 pm=0.5 (-693.5714285714286 [based on 63 runs with cutoff 1000000000.0]) with flip 70

          
============= Performing 1 bonus runs of state: pc=0.95 pm=0.5 (-693.5714285714286 [based on 63 runs with cutoff 1000000000.0]) ============ 

now 2026-07-15 16:36:27 -0400; start 2026-07-12 21:39:27 -0400; time-start 241019.764584586; maxWall 8640000.0
State wants more detail (63+1) than incumbent (63), doing incumbent first:
pc=0.95 pm=0.5 (-693.5714285714286 [based on 63 runs with cutoff 1000000000.0])
pc=0.6 pm=0.1 (-693.5714285714286 [based on 63 runs with cutoff 1000000000.0])
getAlgoResultsForInstsAndParams.
  Trial 1 for calling: bash NSGA2.sh instance_prob2.dat "" 1000000000.0000001 2147483647 1593267606 -pc 0.6 -pm 0.1 > /tmp/tmp-2026-07-1516:36:27-0.761845588684082
Executing cmd: bash NSGA2.sh instance_prob2.dat "" 1000000000.0000001 2147483647 1593267606 -pc 0.6 -pm 0.1 > /tmp/tmp-2026-07-1516:36:27-0.761845588684082
Result: instance_prob2.dat, 0, -695.75, 0, 1593267606
 Same incumbent, new precision:
New Incumbent: 103.4999999999984, -693.59375 [64, 1000000000.0]. With state pc=0.6, pm=0.1
getAlgoResultsForInstsAndParams.
  Trial 1 for calling: bash NSGA2.sh instance_prob2.dat "" 1000000000.0000001 2147483647 1593267606 -pc 0.95 -pm 0.5 > /tmp/tmp-2026-07-1516:40:36-0.578991174697876
Executing cmd: bash NSGA2.sh instance_prob2.dat "" 1000000000.0000001 2147483647 1593267606 -pc 0.95 -pm 0.5 > /tmp/tmp-2026-07-1516:40:36-0.578991174697876
Result: instance_prob2.dat, 0, -695.75, 0, 1593267606
          -> After 1 bonus runs: pc=0.95 pm=0.5 (-693.59375 [based on 64 runs with cutoff 1000000000.0])

now 2026-07-15 16:51:54 -0400; start 2026-07-12 21:39:27 -0400; time-start 241946.959421458; maxWall 8640000.0
now 2026-07-15 16:51:54 -0400; start 2026-07-12 21:39:27 -0400; time-start 241946.959497699; maxWall 8640000.0
now 2026-07-15 16:51:54 -0400; start 2026-07-12 21:39:27 -0400; time-start 241946.959568839; maxWall 8640000.0
now 2026-07-15 16:51:54 -0400; start 2026-07-12 21:39:27 -0400; time-start 241946.95960255; maxWall 8640000.0
now 2026-07-15 16:51:54 -0400; start 2026-07-12 21:39:27 -0400; time-start 241946.959635085; maxWall 8640000.0
now 2026-07-15 16:51:54 -0400; start 2026-07-12 21:39:27 -0400; time-start 241946.95966712; maxWall 8640000.0
now 2026-07-15 16:51:54 -0400; start 2026-07-12 21:39:27 -0400; time-start 241946.959699045; maxWall 8640000.0
now 2026-07-15 16:51:54 -0400; start 2026-07-12 21:39:27 -0400; time-start 241946.959731161; maxWall 8640000.0
          
============= Performing 0 bonus runs of state: pc=0.95 pm=0.5 (-693.59375 [based on 64 runs with cutoff 1000000000.0]) ============ 

          -> After 0 bonus runs for LM: pc=0.95 pm=0.5 (-693.59375 [based on 64 runs with cutoff 1000000000.0])

   LM for iteration 4: pc=0.95 pm=0.5 (-693.59375 [based on 64 runs with cutoff 1000000000.0])

========== DETAILED RESULTS (iteration 4): ==========
[["instance_param3.dat", 0.0, -705, 0.0, 76593332], ["instance_param3.dat", 0.0, -705, 0.0, 579399830], ["instance_param3.dat", 0.0, -705, 0.0, 1189509930], ["instance_param3.dat", 0.0, -705, 0.0, 82106444], ["instance_param3.dat", 0.0, -705, 0.0, 2085269448], ["instance_param3.dat", 0.0, -705, 0.0, 1392514437], ["instance_param3.dat", 0.0, -705, 0.0, 1313848922], ["instance_param3.dat", 0.0, -705, 0.0, 13543025], ["instance_param3.dat", 0.0, -705, 0.0, 998783798]]
[["instance_prob3.dat", 0.0, -577, 0.0, 2070231575], ["instance_prob3.dat", 0.0, -577, 0.0, 184242589], ["instance_prob3.dat", 0.0, -577, 0.0, 1729884984], ["instance_prob3.dat", 0.0, -577, 0.0, 720721666], ["instance_prob3.dat", 0.0, -577, 0.0, 222014735], ["instance_prob3.dat", 0.0, -577, 0.0, 1165131879], ["instance_prob3.dat", 0.0, -577, 0.0, 1524734467], ["instance_prob3.dat", 0.0, -577, 0.0, 1523713353], ["instance_prob3.dat", 0.0, -577, 0.0, 1591543198]]
[["instance_prob2.dat", 0.0, -695, 0.0, 678174566], ["instance_prob2.dat", 0.0, -695, 0.0, 936818155], ["instance_prob2.dat", 0.0, -695, 0.0, 45849524], ["instance_prob2.dat", 0.0, -695, 0.0, 637566358], ["instance_prob2.dat", 0.0, -695, 0.0, 2106584775], ["instance_prob2.dat", 0.0, -695, 0.0, 13935469], ["instance_prob2.dat", 0.0, -695, 0.0, 557599983], ["instance_prob2.dat", 0.0, -695, 0.0, 310084194], ["instance_prob2.dat", 0.0, -695, 0.0, 1865128741], ["instance_prob2.dat", 0.0, -695, 0.0, 1593267606]]
[["instance_param1.dat", 0.0, -920, 0.0, 1180947612], ["instance_param1.dat", 0.0, -920, 0.0, 1367662510], ["instance_param1.dat", 0.0, -920, 0.0, 945548968], ["instance_param1.dat", 0.0, -920, 0.0, 673948927], ["instance_param1.dat", 0.0, -920, 0.0, 1548605805], ["instance_param1.dat", 0.0, -920, 0.0, 2074744000], ["instance_param1.dat", 0.0, -920, 0.0, 462720224], ["instance_param1.dat", 0.0, -920, 0.0, 1927991028], ["instance_param1.dat", 0.0, -920, 0.0, 1186378232]]
[["instance_prob4.dat", 0.0, -591, 0.0, 1841889657], ["instance_prob4.dat", 0.0, -591, 0.0, 284264236], ["instance_prob4.dat", 0.0, -591, 0.0, 1289636003], ["instance_prob4.dat", 0.0, -591, 0.0, 64315970], ["instance_prob4.dat", 0.0, -591, 0.0, 129161248], ["instance_prob4.dat", 0.0, -591, 0.0, 685541044], ["instance_prob4.dat", 0.0, -591, 0.0, 1736731097], ["instance_prob4.dat", 0.0, -591, 0.0, 1868452773], ["instance_prob4.dat", 0.0, -591, 0.0, 1998353460]]
[["instance_param2.dat", 0.0, -717, 0.0, 1561765848], ["instance_param2.dat", 0.0, -717, 0.0, 371836214], ["instance_param2.dat", 0.0, -717, 0.0, 1526896590], ["instance_param2.dat", 0.0, -717, 0.0, 1036556068], ["instance_param2.dat", 0.0, -717, 0.0, 515552351], ["instance_param2.dat", 0.0, -717, 0.0, 1733138286], ["instance_param2.dat", 0.0, -717, 0.0, 789000552], ["instance_param2.dat", 0.0, -717, 0.0, 149754666], ["instance_param2.dat", 0.0, -717, 0.0, 1669015032]]
[["instance_prob1.dat", 0.0, -650, 0.0, 331991908], ["instance_prob1.dat", 0.0, -650, 0.0, 1970933906], ["instance_prob1.dat", 0.0, -650, 0.0, 1374493268], ["instance_prob1.dat", 0.0, -650, 0.0, 205845687], ["instance_prob1.dat", 0.0, -650, 0.0, 1686488978], ["instance_prob1.dat", 0.0, -650, 0.0, 1319408815], ["instance_prob1.dat", 0.0, -650, 0.0, 251330698], ["instance_prob1.dat", 0.0, -650, 0.0, 1764895294], ["instance_prob1.dat", 0.0, -650, 0.0, 792652207]]
instance_param3.dat: -705		[based on 9 runs]
instance_prob3.dat: -577		[based on 9 runs]
instance_prob2.dat: -695.0		[based on 10 runs]
instance_param1.dat: -920		[based on 9 runs]
instance_prob4.dat: -591		[based on 9 runs]
instance_param2.dat: -717		[based on 9 runs]
instance_prob1.dat: -650		[based on 9 runs]
================================================

==================================================================
Best parameter configuration found so far (end of iteration 4): pc=0.6, pm=0.1
==================================================================
Training quality of this incumbent parameter configuration: -693.59375, based on 64 runs with cutoff 1000000000.0
==================================================================

Comparing LM against incumbent:
pc=0.95 pm=0.5 (-693.59375 [based on 64 runs with cutoff 1000000000.0])
pc=0.6 pm=0.1 (-693.59375 [based on 64 runs with cutoff 1000000000.0])
LM better, change incumbent
New Incumbent: 103.59999999999839, -693.59375 [64, 1000000000.0]. With state pc=0.95, pm=0.5
   Accepting new better local optimum: pc=0.95 pm=0.5 (-693.59375 [based on 64 runs with cutoff 1000000000.0])
now 2026-07-15 16:51:54 -0400; start 2026-07-12 21:39:27 -0400; time-start 241946.960759328; maxWall 8640000.0
1036/100000, 103.59999999999839/100000000.0
iteration 5, flip 72, evaluation count 1036
    perturb to ---> pc=0.95 pm=0.05 (-693.5714285714286 [based on 49 runs with cutoff 1000000000.0])
    perturb to ---> pc=0.8 pm=0.05 (-693.1764705882352 [based on 51 runs with cutoff 1000000000.0])
    perturb to ---> pc=0.95 pm=0.05 (-693.5714285714286 [based on 49 runs with cutoff 1000000000.0])
getAlgoResultsForInstsAndParams.
  Trial 1 for calling: bash NSGA2.sh instance_prob1.dat "" 1000000000.0000001 2147483647 1764895294 -pc 0.95 -pm 0.05 > /tmp/tmp-2026-07-1516:51:54-0.038864850997924805
Executing cmd: bash NSGA2.sh instance_prob1.dat "" 1000000000.0000001 2147483647 1764895294 -pc 0.95 -pm 0.05 > /tmp/tmp-2026-07-1516:51:54-0.038864850997924805
Result: instance_prob1.dat, 0, -650.27, 0, 1764895294
   BLS in iteration 5, start with pc=0.95 pm=0.05 (-692.7 [based on 50 runs with cutoff 1000000000.0])
now 2026-07-15 16:55:30 -0400; start 2026-07-12 21:39:27 -0400; time-start 242162.17531276; maxWall 8640000.0
now 2026-07-15 16:55:30 -0400; start 2026-07-12 21:39:27 -0400; time-start 242162.175389278; maxWall 8640000.0
    Changing ["pm: 0.05->0.3"], evaluating ...
getAlgoResultsForInstsAndParams.
  Trial 1 for calling: bash NSGA2.sh instance_param2.dat "" 1000000000.0000001 2147483647 789000552 -pc 0.95 -pm 0.3 > /tmp/tmp-2026-07-1516:55:30-0.2179698944091797
Executing cmd: bash NSGA2.sh instance_param2.dat "" 1000000000.0000001 2147483647 789000552 -pc 0.95 -pm 0.3 > /tmp/tmp-2026-07-1516:55:30-0.2179698944091797
Result: instance_param2.dat, 0, -717.59, 0, 789000552
now 2026-07-15 16:55:30 -0400; start 2026-07-12 21:39:27 -0400; time-start 242162.262059731; maxWall 8640000.0
getAlgoResultsForInstsAndParams.
  Trial 1 for calling: bash NSGA2.sh instance_prob1.dat "" 1000000000.0000001 2147483647 1764895294 -pc 0.95 -pm 0.3 > /tmp/tmp-2026-07-1516:55:30-0.3148536682128906
Executing cmd: bash NSGA2.sh instance_prob1.dat "" 1000000000.0000001 2147483647 1764895294 -pc 0.95 -pm 0.3 > /tmp/tmp-2026-07-1516:55:30-0.3148536682128906
Result: instance_prob1.dat, 0, -650.27, 0, 1764895294
          -> Take improving step to neighbour pc=0.95 pm=0.3 (-692.7 [based on 50 runs with cutoff 1000000000.0]) with flip 72

          
============= Performing 1 bonus runs of state: pc=0.95 pm=0.3 (-692.7 [based on 50 runs with cutoff 1000000000.0]) ============ 

now 2026-07-15 17:00:57 -0400; start 2026-07-12 21:39:27 -0400; time-start 242489.297769901; maxWall 8640000.0
getAlgoResultsForInstsAndParams.
  Trial 1 for calling: bash NSGA2.sh instance_param2.dat "" 1000000000.0000001 2147483647 149754666 -pc 0.95 -pm 0.3 > /tmp/tmp-2026-07-1517:00:57-0.2267742156982422
Executing cmd: bash NSGA2.sh instance_param2.dat "" 1000000000.0000001 2147483647 149754666 -pc 0.95 -pm 0.3 > /tmp/tmp-2026-07-1517:00:57-0.2267742156982422
Result: instance_param2.dat, 0, -717.59, 0, 149754666
          -> After 1 bonus runs: pc=0.95 pm=0.3 (-693.1764705882352 [based on 51 runs with cutoff 1000000000.0])

now 2026-07-15 17:00:57 -0400; start 2026-07-12 21:39:27 -0400; time-start 242489.382813198; maxWall 8640000.0
now 2026-07-15 17:00:57 -0400; start 2026-07-12 21:39:27 -0400; time-start 242489.382888735; maxWall 8640000.0
    Changing ["pc: 0.95->0.25"], evaluating ...
getAlgoResultsForInstsAndParams.
  Trial 1 for calling: bash NSGA2.sh instance_prob3.dat "" 1000000000.0000001 2147483647 1523713353 -pc 0.95 -pm 0.3 > /tmp/tmp-2026-07-1517:00:57-0.9115610122680664
Executing cmd: bash NSGA2.sh instance_prob3.dat "" 1000000000.0000001 2147483647 1523713353 -pc 0.95 -pm 0.3 > /tmp/tmp-2026-07-1517:00:57-0.9115610122680664
Result: instance_prob3.dat, 0, -577.71, 0, 1523713353
          -> Take improving step to neighbour pc=0.25 pm=0.3 (-693.3636363636364 [based on 55 runs with cutoff 1000000000.0]) with flip 73

          
============= Performing 1 bonus runs of state: pc=0.25 pm=0.3 (-693.3636363636364 [based on 55 runs with cutoff 1000000000.0]) ============ 

now 2026-07-15 17:09:19 -0400; start 2026-07-12 21:39:27 -0400; time-start 242991.215528589; maxWall 8640000.0
getAlgoResultsForInstsAndParams.
  Trial 1 for calling: bash NSGA2.sh instance_param3.dat "" 1000000000.0000001 2147483647 13543025 -pc 0.25 -pm 0.3 > /tmp/tmp-2026-07-1517:09:19-0.004094123840332031
Executing cmd: bash NSGA2.sh instance_param3.dat "" 1000000000.0000001 2147483647 13543025 -pc 0.25 -pm 0.3 > /tmp/tmp-2026-07-1517:09:19-0.004094123840332031
Result: instance_param3.dat, 0, -705.56, 0, 13543025
          -> After 1 bonus runs: pc=0.25 pm=0.3 (-693.5714285714286 [based on 56 runs with cutoff 1000000000.0])

now 2026-07-15 17:09:19 -0400; start 2026-07-12 21:39:27 -0400; time-start 242991.293427165; maxWall 8640000.0
now 2026-07-15 17:09:19 -0400; start 2026-07-12 21:39:27 -0400; time-start 242991.293497989; maxWall 8640000.0
    Changing ["pc: 0.25->0.8"], evaluating ...
getAlgoResultsForInstsAndParams.
  Trial 1 for calling: bash NSGA2.sh instance_prob2.dat "" 1000000000.0000001 2147483647 2106584775 -pc 0.8 -pm 0.3 > /tmp/tmp-2026-07-1517:09:19-0.5696334838867188
Executing cmd: bash NSGA2.sh instance_prob2.dat "" 1000000000.0000001 2147483647 2106584775 -pc 0.8 -pm 0.3 > /tmp/tmp-2026-07-1517:09:19-0.5696334838867188
Result: instance_prob2.dat, 0, -695.75, 0, 2106584775
now 2026-07-15 17:16:14 -0400; start 2026-07-12 21:39:27 -0400; time-start 243406.645461964; maxWall 8640000.0
getAlgoResultsForInstsAndParams.
  Trial 1 for calling: bash NSGA2.sh instance_param2.dat "" 1000000000.0000001 2147483647 515552351 -pc 0.8 -pm 0.3 > /tmp/tmp-2026-07-1517:16:14-0.5194659233093262
Executing cmd: bash NSGA2.sh instance_param2.dat "" 1000000000.0000001 2147483647 515552351 -pc 0.8 -pm 0.3 > /tmp/tmp-2026-07-1517:16:14-0.5194659233093262
Result: instance_param2.dat, 0, -717.59, 0, 515552351
now 2026-07-15 17:16:14 -0400; start 2026-07-12 21:39:27 -0400; time-start 243406.728024417; maxWall 8640000.0
getAlgoResultsForInstsAndParams.
  Trial 1 for calling: bash NSGA2.sh instance_prob4.dat "" 1000000000.0000001 2147483647 129161248 -pc 0.8 -pm 0.3 > /tmp/tmp-2026-07-1517:16:14-0.3970334529876709
Executing cmd: bash NSGA2.sh instance_prob4.dat "" 1000000000.0000001 2147483647 129161248 -pc 0.8 -pm 0.3 > /tmp/tmp-2026-07-1517:16:14-0.3970334529876709
Result: instance_prob4.dat, 0, -591.79, 0, 129161248
now 2026-07-15 17:25:24 -0400; start 2026-07-12 21:39:27 -0400; time-start 243956.684743363; maxWall 8640000.0
getAlgoResultsForInstsAndParams.
  Trial 1 for calling: bash NSGA2.sh instance_param1.dat "" 1000000000.0000001 2147483647 1548605805 -pc 0.8 -pm 0.3 > /tmp/tmp-2026-07-1517:25:24-0.40042781829833984
Executing cmd: bash NSGA2.sh instance_param1.dat "" 1000000000.0000001 2147483647 1548605805 -pc 0.8 -pm 0.3 > /tmp/tmp-2026-07-1517:25:24-0.40042781829833984
Result: instance_param1.dat, 0, -920.07, 0, 1548605805
now 2026-07-15 17:25:24 -0400; start 2026-07-12 21:39:27 -0400; time-start 243956.759949427; maxWall 8640000.0
getAlgoResultsForInstsAndParams.
  Trial 1 for calling: bash NSGA2.sh instance_prob3.dat "" 1000000000.0000001 2147483647 222014735 -pc 0.8 -pm 0.3 > /tmp/tmp-2026-07-1517:25:24-0.284343957901001
Executing cmd: bash NSGA2.sh instance_prob3.dat "" 1000000000.0000001 2147483647 222014735 -pc 0.8 -pm 0.3 > /tmp/tmp-2026-07-1517:25:24-0.284343957901001
Result: instance_prob3.dat, 0, -577.71, 0, 222014735
now 2026-07-15 17:33:51 -0400; start 2026-07-12 21:39:27 -0400; time-start 244463.328937403; maxWall 8640000.0
getAlgoResultsForInstsAndParams.
  Trial 1 for calling: bash NSGA2.sh instance_prob1.dat "" 1000000000.0000001 2147483647 1686488978 -pc 0.8 -pm 0.3 > /tmp/tmp-2026-07-1517:33:51-0.9113364219665527
Executing cmd: bash NSGA2.sh instance_prob1.dat "" 1000000000.0000001 2147483647 1686488978 -pc 0.8 -pm 0.3 > /tmp/tmp-2026-07-1517:33:51-0.9113364219665527
Result: instance_prob1.dat, 0, -650.27, 0, 1686488978
now 2026-07-15 17:39:41 -0400; start 2026-07-12 21:39:27 -0400; time-start 244813.206820739; maxWall 8640000.0
getAlgoResultsForInstsAndParams.
  Trial 1 for calling: bash NSGA2.sh instance_param3.dat "" 1000000000.0000001 2147483647 1392514437 -pc 0.8 -pm 0.3 > /tmp/tmp-2026-07-1517:39:41-0.12081623077392578
Executing cmd: bash NSGA2.sh instance_param3.dat "" 1000000000.0000001 2147483647 1392514437 -pc 0.8 -pm 0.3 > /tmp/tmp-2026-07-1517:39:41-0.12081623077392578
Result: instance_param3.dat, 0, -705.56, 0, 1392514437
now 2026-07-15 17:39:41 -0400; start 2026-07-12 21:39:27 -0400; time-start 244813.278497585; maxWall 8640000.0
getAlgoResultsForInstsAndParams.
  Trial 1 for calling: bash NSGA2.sh instance_prob3.dat "" 1000000000.0000001 2147483647 1165131879 -pc 0.8 -pm 0.3 > /tmp/tmp-2026-07-1517:39:41-0.1063241958618164
Executing cmd: bash NSGA2.sh instance_prob3.dat "" 1000000000.0000001 2147483647 1165131879 -pc 0.8 -pm 0.3 > /tmp/tmp-2026-07-1517:39:41-0.1063241958618164
Result: instance_prob3.dat, 0, -577.71, 0, 1165131879
now 2026-07-15 17:47:49 -0400; start 2026-07-12 21:39:27 -0400; time-start 245301.7280695; maxWall 8640000.0
getAlgoResultsForInstsAndParams.
  Trial 1 for calling: bash NSGA2.sh instance_prob1.dat "" 1000000000.0000001 2147483647 1319408815 -pc 0.8 -pm 0.3 > /tmp/tmp-2026-07-1517:47:49-0.5648725032806396
Executing cmd: bash NSGA2.sh instance_prob1.dat "" 1000000000.0000001 2147483647 1319408815 -pc 0.8 -pm 0.3 > /tmp/tmp-2026-07-1517:47:49-0.5648725032806396
Result: instance_prob1.dat, 0, -650.27, 0, 1319408815
now 2026-07-15 17:53:13 -0400; start 2026-07-12 21:39:27 -0400; time-start 245625.233490799; maxWall 8640000.0
getAlgoResultsForInstsAndParams.
  Trial 1 for calling: bash NSGA2.sh instance_param1.dat "" 1000000000.0000001 2147483647 2074744000 -pc 0.8 -pm 0.3 > /tmp/tmp-2026-07-1517:53:13-0.43247222900390625
Executing cmd: bash NSGA2.sh instance_param1.dat "" 1000000000.0000001 2147483647 2074744000 -pc 0.8 -pm 0.3 > /tmp/tmp-2026-07-1517:53:13-0.43247222900390625
Result: instance_param1.dat, 0, -920.07, 0, 2074744000
now 2026-07-15 17:53:13 -0400; start 2026-07-12 21:39:27 -0400; time-start 245625.312338897; maxWall 8640000.0
getAlgoResultsForInstsAndParams.
  Trial 1 for calling: bash NSGA2.sh instance_param2.dat "" 1000000000.0000001 2147483647 1733138286 -pc 0.8 -pm 0.3 > /tmp/tmp-2026-07-1517:53:13-0.344785213470459
Executing cmd: bash NSGA2.sh instance_param2.dat "" 1000000000.0000001 2147483647 1733138286 -pc 0.8 -pm 0.3 > /tmp/tmp-2026-07-1517:53:13-0.344785213470459
Result: instance_param2.dat, 0, -717.59, 0, 1733138286
now 2026-07-15 17:53:13 -0400; start 2026-07-12 21:39:27 -0400; time-start 245625.387956193; maxWall 8640000.0
getAlgoResultsForInstsAndParams.
  Trial 1 for calling: bash NSGA2.sh instance_prob4.dat "" 1000000000.0000001 2147483647 685541044 -pc 0.8 -pm 0.3 > /tmp/tmp-2026-07-1517:53:13-0.19441938400268555
Executing cmd: bash NSGA2.sh instance_prob4.dat "" 1000000000.0000001 2147483647 685541044 -pc 0.8 -pm 0.3 > /tmp/tmp-2026-07-1517:53:13-0.19441938400268555
Result: instance_prob4.dat, 0, -591.79, 0, 685541044
now 2026-07-15 18:01:17 -0400; start 2026-07-12 21:39:27 -0400; time-start 246109.613430579; maxWall 8640000.0
getAlgoResultsForInstsAndParams.
  Trial 1 for calling: bash NSGA2.sh instance_prob2.dat "" 1000000000.0000001 2147483647 13935469 -pc 0.8 -pm 0.3 > /tmp/tmp-2026-07-1518:01:17-0.2005767822265625
Executing cmd: bash NSGA2.sh instance_prob2.dat "" 1000000000.0000001 2147483647 13935469 -pc 0.8 -pm 0.3 > /tmp/tmp-2026-07-1518:01:17-0.2005767822265625
Result: instance_prob2.dat, 0, -695.75, 0, 13935469
now 2026-07-15 18:09:58 -0400; start 2026-07-12 21:39:27 -0400; time-start 246630.272091088; maxWall 8640000.0
getAlgoResultsForInstsAndParams.
  Trial 1 for calling: bash NSGA2.sh instance_param1.dat "" 1000000000.0000001 2147483647 462720224 -pc 0.8 -pm 0.3 > /tmp/tmp-2026-07-1518:09:58-0.27866172790527344
Executing cmd: bash NSGA2.sh instance_param1.dat "" 1000000000.0000001 2147483647 462720224 -pc 0.8 -pm 0.3 > /tmp/tmp-2026-07-1518:09:58-0.27866172790527344
Result: instance_param1.dat, 0, -920.07, 0, 462720224
now 2026-07-15 18:09:58 -0400; start 2026-07-12 21:39:27 -0400; time-start 246630.356268801; maxWall 8640000.0
getAlgoResultsForInstsAndParams.
  Trial 1 for calling: bash NSGA2.sh instance_prob3.dat "" 1000000000.0000001 2147483647 1524734467 -pc 0.8 -pm 0.3 > /tmp/tmp-2026-07-1518:09:58-0.3679194450378418
Executing cmd: bash NSGA2.sh instance_prob3.dat "" 1000000000.0000001 2147483647 1524734467 -pc 0.8 -pm 0.3 > /tmp/tmp-2026-07-1518:09:58-0.3679194450378418
Result: instance_prob3.dat, 0, -577.71, 0, 1524734467
now 2026-07-15 18:19:16 -0400; start 2026-07-12 21:39:27 -0400; time-start 247188.143666988; maxWall 8640000.0
getAlgoResultsForInstsAndParams.
  Trial 1 for calling: bash NSGA2.sh instance_prob4.dat "" 1000000000.0000001 2147483647 1736731097 -pc 0.8 -pm 0.3 > /tmp/tmp-2026-07-1518:19:16-0.2657756805419922
Executing cmd: bash NSGA2.sh instance_prob4.dat "" 1000000000.0000001 2147483647 1736731097 -pc 0.8 -pm 0.3 > /tmp/tmp-2026-07-1518:19:16-0.2657756805419922
Result: instance_prob4.dat, 0, -591.79, 0, 1736731097
now 2026-07-15 18:27:06 -0400; start 2026-07-12 21:39:27 -0400; time-start 247658.665141156; maxWall 8640000.0
getAlgoResultsForInstsAndParams.
  Trial 1 for calling: bash NSGA2.sh instance_prob1.dat "" 1000000000.0000001 2147483647 251330698 -pc 0.8 -pm 0.3 > /tmp/tmp-2026-07-1518:27:06-0.7717483043670654
Executing cmd: bash NSGA2.sh instance_prob1.dat "" 1000000000.0000001 2147483647 251330698 -pc 0.8 -pm 0.3 > /tmp/tmp-2026-07-1518:27:06-0.7717483043670654
Result: instance_prob1.dat, 0, -650.27, 0, 251330698
now 2026-07-15 18:31:29 -0400; start 2026-07-12 21:39:27 -0400; time-start 247921.219741332; maxWall 8640000.0
getAlgoResultsForInstsAndParams.
  Trial 1 for calling: bash NSGA2.sh instance_param3.dat "" 1000000000.0000001 2147483647 1313848922 -pc 0.8 -pm 0.3 > /tmp/tmp-2026-07-1518:31:29-0.12358856201171875
Executing cmd: bash NSGA2.sh instance_param3.dat "" 1000000000.0000001 2147483647 1313848922 -pc 0.8 -pm 0.3 > /tmp/tmp-2026-07-1518:31:29-0.12358856201171875
Result: instance_param3.dat, 0, -705.56, 0, 1313848922
now 2026-07-15 18:31:29 -0400; start 2026-07-12 21:39:27 -0400; time-start 247921.296004538; maxWall 8640000.0
getAlgoResultsForInstsAndParams.
  Trial 1 for calling: bash NSGA2.sh instance_prob2.dat "" 1000000000.0000001 2147483647 557599983 -pc 0.8 -pm 0.3 > /tmp/tmp-2026-07-1518:31:29-0.46648406982421875
Executing cmd: bash NSGA2.sh instance_prob2.dat "" 1000000000.0000001 2147483647 557599983 -pc 0.8 -pm 0.3 > /tmp/tmp-2026-07-1518:31:29-0.46648406982421875
Result: instance_prob2.dat, 0, -695.75, 0, 557599983
now 2026-07-15 18:38:53 -0400; start 2026-07-12 21:39:27 -0400; time-start 248365.860199639; maxWall 8640000.0
getAlgoResultsForInstsAndParams.
  Trial 1 for calling: bash NSGA2.sh instance_param2.dat "" 1000000000.0000001 2147483647 789000552 -pc 0.8 -pm 0.3 > /tmp/tmp-2026-07-1518:38:53-0.16179251670837402
Executing cmd: bash NSGA2.sh instance_param2.dat "" 1000000000.0000001 2147483647 789000552 -pc 0.8 -pm 0.3 > /tmp/tmp-2026-07-1518:38:53-0.16179251670837402
Result: instance_param2.dat, 0, -717.59, 0, 789000552
now 2026-07-15 18:38:53 -0400; start 2026-07-12 21:39:27 -0400; time-start 248365.935902003; maxWall 8640000.0
getAlgoResultsForInstsAndParams.
  Trial 1 for calling: bash NSGA2.sh instance_prob1.dat "" 1000000000.0000001 2147483647 1764895294 -pc 0.8 -pm 0.3 > /tmp/tmp-2026-07-1518:38:53-0.7849857807159424
Executing cmd: bash NSGA2.sh instance_prob1.dat "" 1000000000.0000001 2147483647 1764895294 -pc 0.8 -pm 0.3 > /tmp/tmp-2026-07-1518:38:53-0.7849857807159424
Result: instance_prob1.dat, 0, -650.27, 0, 1764895294
now 2026-07-15 18:43:18 -0400; start 2026-07-12 21:39:27 -0400; time-start 248630.896665892; maxWall 8640000.0
getAlgoResultsForInstsAndParams.
  Trial 1 for calling: bash NSGA2.sh instance_param2.dat "" 1000000000.0000001 2147483647 149754666 -pc 0.8 -pm 0.3 > /tmp/tmp-2026-07-1518:43:18-0.8666062355041504
Executing cmd: bash NSGA2.sh instance_param2.dat "" 1000000000.0000001 2147483647 149754666 -pc 0.8 -pm 0.3 > /tmp/tmp-2026-07-1518:43:18-0.8666062355041504
Result: instance_param2.dat, 0, -717.59, 0, 149754666
now 2026-07-15 18:43:18 -0400; start 2026-07-12 21:39:27 -0400; time-start 248630.971846616; maxWall 8640000.0
getAlgoResultsForInstsAndParams.
  Trial 1 for calling: bash NSGA2.sh instance_prob3.dat "" 1000000000.0000001 2147483647 1523713353 -pc 0.8 -pm 0.3 > /tmp/tmp-2026-07-1518:43:18-0.014293074607849121
Executing cmd: bash NSGA2.sh instance_prob3.dat "" 1000000000.0000001 2147483647 1523713353 -pc 0.8 -pm 0.3 > /tmp/tmp-2026-07-1518:43:18-0.014293074607849121
Result: instance_prob3.dat, 0, -577.71, 0, 1523713353
now 2026-07-15 18:52:02 -0400; start 2026-07-12 21:39:27 -0400; time-start 249154.307882905; maxWall 8640000.0
getAlgoResultsForInstsAndParams.
  Trial 1 for calling: bash NSGA2.sh instance_prob4.dat "" 1000000000.0000001 2147483647 1868452773 -pc 0.8 -pm 0.3 > /tmp/tmp-2026-07-1518:52:02-0.6081814765930176
Executing cmd: bash NSGA2.sh instance_prob4.dat "" 1000000000.0000001 2147483647 1868452773 -pc 0.8 -pm 0.3 > /tmp/tmp-2026-07-1518:52:02-0.6081814765930176
Result: instance_prob4.dat, 0, -591.79, 0, 1868452773
now 2026-07-15 18:59:59 -0400; start 2026-07-12 21:39:27 -0400; time-start 249631.204252167; maxWall 8640000.0
getAlgoResultsForInstsAndParams.
  Trial 1 for calling: bash NSGA2.sh instance_prob2.dat "" 1000000000.0000001 2147483647 310084194 -pc 0.8 -pm 0.3 > /tmp/tmp-2026-07-1518:59:59-0.8527307510375977
Executing cmd: bash NSGA2.sh instance_prob2.dat "" 1000000000.0000001 2147483647 310084194 -pc 0.8 -pm 0.3 > /tmp/tmp-2026-07-1518:59:59-0.8527307510375977
Result: instance_prob2.dat, 0, -695.75, 0, 310084194
now 2026-07-15 19:06:42 -0400; start 2026-07-12 21:39:27 -0400; time-start 250034.442073413; maxWall 8640000.0
getAlgoResultsForInstsAndParams.
  Trial 1 for calling: bash NSGA2.sh instance_param1.dat "" 1000000000.0000001 2147483647 1927991028 -pc 0.8 -pm 0.3 > /tmp/tmp-2026-07-1519:06:42-0.011239051818847656
Executing cmd: bash NSGA2.sh instance_param1.dat "" 1000000000.0000001 2147483647 1927991028 -pc 0.8 -pm 0.3 > /tmp/tmp-2026-07-1519:06:42-0.011239051818847656
Result: instance_param1.dat, 0, -920.07, 0, 1927991028
now 2026-07-15 19:06:42 -0400; start 2026-07-12 21:39:27 -0400; time-start 250034.517946288; maxWall 8640000.0
getAlgoResultsForInstsAndParams.
  Trial 1 for calling: bash NSGA2.sh instance_param3.dat "" 1000000000.0000001 2147483647 13543025 -pc 0.8 -pm 0.3 > /tmp/tmp-2026-07-1519:06:42-0.11897134780883789
Executing cmd: bash NSGA2.sh instance_param3.dat "" 1000000000.0000001 2147483647 13543025 -pc 0.8 -pm 0.3 > /tmp/tmp-2026-07-1519:06:42-0.11897134780883789
Result: instance_param3.dat, 0, -705.56, 0, 13543025
          -> Take improving step to neighbour pc=0.8 pm=0.3 (-693.5714285714286 [based on 56 runs with cutoff 1000000000.0]) with flip 74

          
============= Performing 1 bonus runs of state: pc=0.8 pm=0.3 (-693.5714285714286 [based on 56 runs with cutoff 1000000000.0]) ============ 

now 2026-07-15 19:06:42 -0400; start 2026-07-12 21:39:27 -0400; time-start 250034.593138621; maxWall 8640000.0
getAlgoResultsForInstsAndParams.
  Trial 1 for calling: bash NSGA2.sh instance_param2.dat "" 1000000000.0000001 2147483647 1669015032 -pc 0.8 -pm 0.3 > /tmp/tmp-2026-07-1519:06:42-0.6513175964355469
Executing cmd: bash NSGA2.sh instance_param2.dat "" 1000000000.0000001 2147483647 1669015032 -pc 0.8 -pm 0.3 > /tmp/tmp-2026-07-1519:06:42-0.6513175964355469
Result: instance_param2.dat, 0, -717.59, 0, 1669015032
          -> After 1 bonus runs: pc=0.8 pm=0.3 (-693.9824561403509 [based on 57 runs with cutoff 1000000000.0])

now 2026-07-15 19:06:42 -0400; start 2026-07-12 21:39:27 -0400; time-start 250034.668057311; maxWall 8640000.0
now 2026-07-15 19:06:42 -0400; start 2026-07-12 21:39:27 -0400; time-start 250034.668135007; maxWall 8640000.0
now 2026-07-15 19:06:42 -0400; start 2026-07-12 21:39:27 -0400; time-start 250034.668195538; maxWall 8640000.0
now 2026-07-15 19:06:42 -0400; start 2026-07-12 21:39:27 -0400; time-start 250034.668229247; maxWall 8640000.0
    Changing ["pm: 0.3->0.05"], evaluating ...
getAlgoResultsForInstsAndParams.
  Trial 1 for calling: bash NSGA2.sh instance_prob3.dat "" 1000000000.0000001 2147483647 1523713353 -pc 0.8 -pm 0.05 > /tmp/tmp-2026-07-1519:06:42-0.47571420669555664
Executing cmd: bash NSGA2.sh instance_prob3.dat "" 1000000000.0000001 2147483647 1523713353 -pc 0.8 -pm 0.05 > /tmp/tmp-2026-07-1519:06:42-0.47571420669555664
Result: instance_prob3.dat, 0, -577.71, 0, 1523713353
now 2026-07-15 19:12:09 -0400; start 2026-07-12 21:39:27 -0400; time-start 250361.283036139; maxWall 8640000.0
getAlgoResultsForInstsAndParams.
  Trial 1 for calling: bash NSGA2.sh instance_prob4.dat "" 1000000000.0000001 2147483647 1868452773 -pc 0.8 -pm 0.05 > /tmp/tmp-2026-07-1519:12:09-0.28823184967041016
Executing cmd: bash NSGA2.sh instance_prob4.dat "" 1000000000.0000001 2147483647 1868452773 -pc 0.8 -pm 0.05 > /tmp/tmp-2026-07-1519:12:09-0.28823184967041016
Result: instance_prob4.dat, 0, -591.79, 0, 1868452773
now 2026-07-15 19:16:52 -0400; start 2026-07-12 21:39:27 -0400; time-start 250644.351729403; maxWall 8640000.0
getAlgoResultsForInstsAndParams.
  Trial 1 for calling: bash NSGA2.sh instance_prob2.dat "" 1000000000.0000001 2147483647 310084194 -pc 0.8 -pm 0.05 > /tmp/tmp-2026-07-1519:16:52-0.4582371711730957
Executing cmd: bash NSGA2.sh instance_prob2.dat "" 1000000000.0000001 2147483647 310084194 -pc 0.8 -pm 0.05 > /tmp/tmp-2026-07-1519:16:52-0.4582371711730957
Result: instance_prob2.dat, 0, -695.75, 0, 310084194
now 2026-07-15 19:20:20 -0400; start 2026-07-12 21:39:27 -0400; time-start 250852.263468517; maxWall 8640000.0
getAlgoResultsForInstsAndParams.
  Trial 1 for calling: bash NSGA2.sh instance_param1.dat "" 1000000000.0000001 2147483647 1927991028 -pc 0.8 -pm 0.05 > /tmp/tmp-2026-07-1519:20:20-0.8835544586181641
Executing cmd: bash NSGA2.sh instance_param1.dat "" 1000000000.0000001 2147483647 1927991028 -pc 0.8 -pm 0.05 > /tmp/tmp-2026-07-1519:20:20-0.8835544586181641
Result: instance_param1.dat, 0, -920.07, 0, 1927991028
now 2026-07-15 19:20:20 -0400; start 2026-07-12 21:39:27 -0400; time-start 250852.338717973; maxWall 8640000.0
getAlgoResultsForInstsAndParams.
  Trial 1 for calling: bash NSGA2.sh instance_param3.dat "" 1000000000.0000001 2147483647 13543025 -pc 0.8 -pm 0.05 > /tmp/tmp-2026-07-1519:20:20-0.802217960357666
Executing cmd: bash NSGA2.sh instance_param3.dat "" 1000000000.0000001 2147483647 13543025 -pc 0.8 -pm 0.05 > /tmp/tmp-2026-07-1519:20:20-0.802217960357666
Result: instance_param3.dat, 0, -705.56, 0, 13543025
now 2026-07-15 19:20:20 -0400; start 2026-07-12 21:39:27 -0400; time-start 250852.413249533; maxWall 8640000.0
getAlgoResultsForInstsAndParams.
  Trial 1 for calling: bash NSGA2.sh instance_param2.dat "" 1000000000.0000001 2147483647 1669015032 -pc 0.8 -pm 0.05 > /tmp/tmp-2026-07-1519:20:20-0.05240821838378906
Executing cmd: bash NSGA2.sh instance_param2.dat "" 1000000000.0000001 2147483647 1669015032 -pc 0.8 -pm 0.05 > /tmp/tmp-2026-07-1519:20:20-0.05240821838378906
Result: instance_param2.dat, 0, -717.59, 0, 1669015032
          -> Take improving step to neighbour pc=0.8 pm=0.05 (-693.9824561403509 [based on 57 runs with cutoff 1000000000.0]) with flip 75

          
============= Performing 1 bonus runs of state: pc=0.8 pm=0.05 (-693.9824561403509 [based on 57 runs with cutoff 1000000000.0]) ============ 

now 2026-07-15 19:20:20 -0400; start 2026-07-12 21:39:27 -0400; time-start 250852.488174253; maxWall 8640000.0
getAlgoResultsForInstsAndParams.
  Trial 1 for calling: bash NSGA2.sh instance_param1.dat "" 1000000000.0000001 2147483647 1186378232 -pc 0.8 -pm 0.05 > /tmp/tmp-2026-07-1519:20:20-0.29062938690185547
Executing cmd: bash NSGA2.sh instance_param1.dat "" 1000000000.0000001 2147483647 1186378232 -pc 0.8 -pm 0.05 > /tmp/tmp-2026-07-1519:20:20-0.29062938690185547
Result: instance_param1.dat, 0, -920.07, 0, 1186378232
          -> After 1 bonus runs: pc=0.8 pm=0.05 (-697.8793103448276 [based on 58 runs with cutoff 1000000000.0])

now 2026-07-15 19:20:20 -0400; start 2026-07-12 21:39:27 -0400; time-start 250852.562726435; maxWall 8640000.0
now 2026-07-15 19:20:20 -0400; start 2026-07-12 21:39:27 -0400; time-start 250852.562800186; maxWall 8640000.0
now 2026-07-15 19:20:20 -0400; start 2026-07-12 21:39:27 -0400; time-start 250852.562861982; maxWall 8640000.0
    Changing ["pc: 0.8->0.6"], evaluating ...
getAlgoResultsForInstsAndParams.
  Trial 1 for calling: bash NSGA2.sh instance_param2.dat "" 1000000000.0000001 2147483647 149754666 -pc 0.6 -pm 0.05 > /tmp/tmp-2026-07-1519:20:20-0.39556455612182617
Executing cmd: bash NSGA2.sh instance_param2.dat "" 1000000000.0000001 2147483647 149754666 -pc 0.6 -pm 0.05 > /tmp/tmp-2026-07-1519:20:20-0.39556455612182617
Result: instance_param2.dat, 0, -717.59, 0, 149754666
now 2026-07-15 19:20:20 -0400; start 2026-07-12 21:39:27 -0400; time-start 250852.636504319; maxWall 8640000.0
getAlgoResultsForInstsAndParams.
  Trial 1 for calling: bash NSGA2.sh instance_prob3.dat "" 1000000000.0000001 2147483647 1523713353 -pc 0.6 -pm 0.05 > /tmp/tmp-2026-07-1519:20:20-0.32823872566223145
Executing cmd: bash NSGA2.sh instance_prob3.dat "" 1000000000.0000001 2147483647 1523713353 -pc 0.6 -pm 0.05 > /tmp/tmp-2026-07-1519:20:20-0.32823872566223145
Result: instance_prob3.dat, 0, -577.71, 0, 1523713353
now 2026-07-15 19:25:04 -0400; start 2026-07-12 21:39:27 -0400; time-start 251137.059322238; maxWall 8640000.0
getAlgoResultsForInstsAndParams.
  Trial 1 for calling: bash NSGA2.sh instance_prob4.dat "" 1000000000.0000001 2147483647 1868452773 -pc 0.6 -pm 0.05 > /tmp/tmp-2026-07-1519:25:04-0.9428858757019043
Executing cmd: bash NSGA2.sh instance_prob4.dat "" 1000000000.0000001 2147483647 1868452773 -pc 0.6 -pm 0.05 > /tmp/tmp-2026-07-1519:25:04-0.9428858757019043
Result: instance_prob4.dat, 0, -591.79, 0, 1868452773
now 2026-07-15 19:29:47 -0400; start 2026-07-12 21:39:27 -0400; time-start 251419.740289295; maxWall 8640000.0
getAlgoResultsForInstsAndParams.
  Trial 1 for calling: bash NSGA2.sh instance_prob2.dat "" 1000000000.0000001 2147483647 310084194 -pc 0.6 -pm 0.05 > /tmp/tmp-2026-07-1519:29:47-0.6866011619567871
Executing cmd: bash NSGA2.sh instance_prob2.dat "" 1000000000.0000001 2147483647 310084194 -pc 0.6 -pm 0.05 > /tmp/tmp-2026-07-1519:29:47-0.6866011619567871
Result: instance_prob2.dat, 0, -695.75, 0, 310084194
now 2026-07-15 19:33:05 -0400; start 2026-07-12 21:39:27 -0400; time-start 251617.826761305; maxWall 8640000.0
getAlgoResultsForInstsAndParams.
  Trial 1 for calling: bash NSGA2.sh instance_param1.dat "" 1000000000.0000001 2147483647 1927991028 -pc 0.6 -pm 0.05 > /tmp/tmp-2026-07-1519:33:05-0.3868134021759033
Executing cmd: bash NSGA2.sh instance_param1.dat "" 1000000000.0000001 2147483647 1927991028 -pc 0.6 -pm 0.05 > /tmp/tmp-2026-07-1519:33:05-0.3868134021759033
Result: instance_param1.dat, 0, -920.07, 0, 1927991028
now 2026-07-15 19:33:05 -0400; start 2026-07-12 21:39:27 -0400; time-start 251617.902237876; maxWall 8640000.0
getAlgoResultsForInstsAndParams.
  Trial 1 for calling: bash NSGA2.sh instance_param3.dat "" 1000000000.0000001 2147483647 13543025 -pc 0.6 -pm 0.05 > /tmp/tmp-2026-07-1519:33:05-0.8142344951629639
Executing cmd: bash NSGA2.sh instance_param3.dat "" 1000000000.0000001 2147483647 13543025 -pc 0.6 -pm 0.05 > /tmp/tmp-2026-07-1519:33:05-0.8142344951629639
Result: instance_param3.dat, 0, -705.56, 0, 13543025
now 2026-07-15 19:33:05 -0400; start 2026-07-12 21:39:27 -0400; time-start 251617.977965219; maxWall 8640000.0
getAlgoResultsForInstsAndParams.
  Trial 1 for calling: bash NSGA2.sh instance_param2.dat "" 1000000000.0000001 2147483647 1669015032 -pc 0.6 -pm 0.05 > /tmp/tmp-2026-07-1519:33:05-0.26866722106933594
Executing cmd: bash NSGA2.sh instance_param2.dat "" 1000000000.0000001 2147483647 1669015032 -pc 0.6 -pm 0.05 > /tmp/tmp-2026-07-1519:33:05-0.26866722106933594
Result: instance_param2.dat, 0, -717.59, 0, 1669015032
now 2026-07-15 19:33:05 -0400; start 2026-07-12 21:39:27 -0400; time-start 251618.052130276; maxWall 8640000.0
getAlgoResultsForInstsAndParams.
  Trial 1 for calling: bash NSGA2.sh instance_param1.dat "" 1000000000.0000001 2147483647 1186378232 -pc 0.6 -pm 0.05 > /tmp/tmp-2026-07-1519:33:05-0.7207753658294678
Executing cmd: bash NSGA2.sh instance_param1.dat "" 1000000000.0000001 2147483647 1186378232 -pc 0.6 -pm 0.05 > /tmp/tmp-2026-07-1519:33:05-0.7207753658294678
Result: instance_param1.dat, 0, -920.07, 0, 1186378232
          -> Take improving step to neighbour pc=0.6 pm=0.05 (-697.8793103448276 [based on 58 runs with cutoff 1000000000.0]) with flip 76

          
============= Performing 1 bonus runs of state: pc=0.6 pm=0.05 (-697.8793103448276 [based on 58 runs with cutoff 1000000000.0]) ============ 

now 2026-07-15 19:33:06 -0400; start 2026-07-12 21:39:27 -0400; time-start 251618.127277468; maxWall 8640000.0
getAlgoResultsForInstsAndParams.
  Trial 1 for calling: bash NSGA2.sh instance_prob2.dat "" 1000000000.0000001 2147483647 1865128741 -pc 0.6 -pm 0.05 > /tmp/tmp-2026-07-1519:33:06-0.1445159912109375
Executing cmd: bash NSGA2.sh instance_prob2.dat "" 1000000000.0000001 2147483647 1865128741 -pc 0.6 -pm 0.05 > /tmp/tmp-2026-07-1519:33:06-0.1445159912109375
Result: instance_prob2.dat, 0, -695.75, 0, 1865128741
          -> After 1 bonus runs: pc=0.6 pm=0.05 (-697.8305084745763 [based on 59 runs with cutoff 1000000000.0])

now 2026-07-15 19:36:27 -0400; start 2026-07-12 21:39:27 -0400; time-start 251819.251015321; maxWall 8640000.0
now 2026-07-15 19:36:27 -0400; start 2026-07-12 21:39:27 -0400; time-start 251819.251086863; maxWall 8640000.0
    Changing ["pm: 0.05->0.3"], evaluating ...
getAlgoResultsForInstsAndParams.
  Trial 1 for calling: bash NSGA2.sh instance_prob1.dat "" 1000000000.0000001 2147483647 792652207 -pc 0.6 -pm 0.05 > /tmp/tmp-2026-07-1519:36:27-0.7738122940063477
Executing cmd: bash NSGA2.sh instance_prob1.dat "" 1000000000.0000001 2147483647 792652207 -pc 0.6 -pm 0.05 > /tmp/tmp-2026-07-1519:36:27-0.7738122940063477
Result: instance_prob1.dat, 0, -650.27, 0, 792652207
          -> Take improving step to neighbour pc=0.6 pm=0.3 (-693.3870967741935 [based on 62 runs with cutoff 1000000000.0]) with flip 77

          
============= Performing 1 bonus runs of state: pc=0.6 pm=0.3 (-693.3870967741935 [based on 62 runs with cutoff 1000000000.0]) ============ 

now 2026-07-15 19:39:24 -0400; start 2026-07-12 21:39:27 -0400; time-start 251996.26275691; maxWall 8640000.0
getAlgoResultsForInstsAndParams.
  Trial 1 for calling: bash NSGA2.sh instance_param3.dat "" 1000000000.0000001 2147483647 998783798 -pc 0.6 -pm 0.3 > /tmp/tmp-2026-07-1519:39:24-0.8659782409667969
Executing cmd: bash NSGA2.sh instance_param3.dat "" 1000000000.0000001 2147483647 998783798 -pc 0.6 -pm 0.3 > /tmp/tmp-2026-07-1519:39:24-0.8659782409667969
Result: instance_param3.dat, 0, -705.56, 0, 998783798
          -> After 1 bonus runs: pc=0.6 pm=0.3 (-693.5714285714286 [based on 63 runs with cutoff 1000000000.0])

now 2026-07-15 19:39:24 -0400; start 2026-07-12 21:39:27 -0400; time-start 251996.328561192; maxWall 8640000.0
now 2026-07-15 19:39:24 -0400; start 2026-07-12 21:39:27 -0400; time-start 251996.328593959; maxWall 8640000.0
    Changing ["pc: 0.6->0.5"], evaluating ...
getAlgoResultsForInstsAndParams.
  Trial 1 for calling: bash NSGA2.sh instance_param1.dat "" 1000000000.0000001 2147483647 1927991028 -pc 0.5 -pm 0.3 > /tmp/tmp-2026-07-1519:39:24-0.5123138427734375
Executing cmd: bash NSGA2.sh instance_param1.dat "" 1000000000.0000001 2147483647 1927991028 -pc 0.5 -pm 0.3 > /tmp/tmp-2026-07-1519:39:24-0.5123138427734375
Result: instance_param1.dat, 0, -920.07, 0, 1927991028
now 2026-07-15 19:39:24 -0400; start 2026-07-12 21:39:27 -0400; time-start 251996.410950397; maxWall 8640000.0
getAlgoResultsForInstsAndParams.
  Trial 1 for calling: bash NSGA2.sh instance_param3.dat "" 1000000000.0000001 2147483647 13543025 -pc 0.5 -pm 0.3 > /tmp/tmp-2026-07-1519:39:24-0.26890993118286133
Executing cmd: bash NSGA2.sh instance_param3.dat "" 1000000000.0000001 2147483647 13543025 -pc 0.5 -pm 0.3 > /tmp/tmp-2026-07-1519:39:24-0.26890993118286133
Result: instance_param3.dat, 0, -705.56, 0, 13543025
now 2026-07-15 19:39:24 -0400; start 2026-07-12 21:39:27 -0400; time-start 251996.481925243; maxWall 8640000.0
getAlgoResultsForInstsAndParams.
  Trial 1 for calling: bash NSGA2.sh instance_param2.dat "" 1000000000.0000001 2147483647 1669015032 -pc 0.5 -pm 0.3 > /tmp/tmp-2026-07-1519:39:24-0.8307256698608398
Executing cmd: bash NSGA2.sh instance_param2.dat "" 1000000000.0000001 2147483647 1669015032 -pc 0.5 -pm 0.3 > /tmp/tmp-2026-07-1519:39:24-0.8307256698608398
Result: instance_param2.dat, 0, -717.59, 0, 1669015032
now 2026-07-15 19:39:24 -0400; start 2026-07-12 21:39:27 -0400; time-start 251996.558502948; maxWall 8640000.0
getAlgoResultsForInstsAndParams.
  Trial 1 for calling: bash NSGA2.sh instance_param1.dat "" 1000000000.0000001 2147483647 1186378232 -pc 0.5 -pm 0.3 > /tmp/tmp-2026-07-1519:39:24-0.46858978271484375
Executing cmd: bash NSGA2.sh instance_param1.dat "" 1000000000.0000001 2147483647 1186378232 -pc 0.5 -pm 0.3 > /tmp/tmp-2026-07-1519:39:24-0.46858978271484375
Result: instance_param1.dat, 0, -920.07, 0, 1186378232
now 2026-07-15 19:39:24 -0400; start 2026-07-12 21:39:27 -0400; time-start 251996.633300615; maxWall 8640000.0
getAlgoResultsForInstsAndParams.
  Trial 1 for calling: bash NSGA2.sh instance_prob2.dat "" 1000000000.0000001 2147483647 1865128741 -pc 0.5 -pm 0.3 > /tmp/tmp-2026-07-1519:39:24-0.4768655300140381
Executing cmd: bash NSGA2.sh instance_prob2.dat "" 1000000000.0000001 2147483647 1865128741 -pc 0.5 -pm 0.3 > /tmp/tmp-2026-07-1519:39:24-0.4768655300140381
Result: instance_prob2.dat, 0, -695.75, 0, 1865128741
now 2026-07-15 19:46:01 -0400; start 2026-07-12 21:39:27 -0400; time-start 252393.994990606; maxWall 8640000.0
getAlgoResultsForInstsAndParams.
  Trial 1 for calling: bash NSGA2.sh instance_prob1.dat "" 1000000000.0000001 2147483647 792652207 -pc 0.5 -pm 0.3 > /tmp/tmp-2026-07-1519:46:01-0.4797482490539551
Executing cmd: bash NSGA2.sh instance_prob1.dat "" 1000000000.0000001 2147483647 792652207 -pc 0.5 -pm 0.3 > /tmp/tmp-2026-07-1519:46:01-0.4797482490539551
Result: instance_prob1.dat, 0, -650.27, 0, 792652207
now 2026-07-15 19:50:29 -0400; start 2026-07-12 21:39:27 -0400; time-start 252661.349359354; maxWall 8640000.0
getAlgoResultsForInstsAndParams.
  Trial 1 for calling: bash NSGA2.sh instance_prob3.dat "" 1000000000.0000001 2147483647 1591543198 -pc 0.5 -pm 0.3 > /tmp/tmp-2026-07-1519:50:29-0.13920259475708008
Executing cmd: bash NSGA2.sh instance_prob3.dat "" 1000000000.0000001 2147483647 1591543198 -pc 0.5 -pm 0.3 > /tmp/tmp-2026-07-1519:50:29-0.13920259475708008
Result: instance_prob3.dat, 0, -577.71, 0, 1591543198
now 2026-07-15 19:57:52 -0400; start 2026-07-12 21:39:27 -0400; time-start 253104.567408122; maxWall 8640000.0
getAlgoResultsForInstsAndParams.
  Trial 1 for calling: bash NSGA2.sh instance_prob4.dat "" 1000000000.0000001 2147483647 1998353460 -pc 0.5 -pm 0.3 > /tmp/tmp-2026-07-1519:57:52-0.855694055557251
Executing cmd: bash NSGA2.sh instance_prob4.dat "" 1000000000.0000001 2147483647 1998353460 -pc 0.5 -pm 0.3 > /tmp/tmp-2026-07-1519:57:52-0.855694055557251
Result: instance_prob4.dat, 0, -591.79, 0, 1998353460
now 2026-07-15 20:05:10 -0400; start 2026-07-12 21:39:27 -0400; time-start 253542.784200637; maxWall 8640000.0
getAlgoResultsForInstsAndParams.
  Trial 1 for calling: bash NSGA2.sh instance_param3.dat "" 1000000000.0000001 2147483647 998783798 -pc 0.5 -pm 0.3 > /tmp/tmp-2026-07-1520:05:10-0.1550593376159668
Executing cmd: bash NSGA2.sh instance_param3.dat "" 1000000000.0000001 2147483647 998783798 -pc 0.5 -pm 0.3 > /tmp/tmp-2026-07-1520:05:10-0.1550593376159668
Result: instance_param3.dat, 0, -705.56, 0, 998783798
          -> Take improving step to neighbour pc=0.5 pm=0.3 (-693.5714285714286 [based on 63 runs with cutoff 1000000000.0]) with flip 78

          
============= Performing 1 bonus runs of state: pc=0.5 pm=0.3 (-693.5714285714286 [based on 63 runs with cutoff 1000000000.0]) ============ 

now 2026-07-15 20:05:10 -0400; start 2026-07-12 21:39:27 -0400; time-start 253542.859602541; maxWall 8640000.0
getAlgoResultsForInstsAndParams.
  Trial 1 for calling: bash NSGA2.sh instance_prob2.dat "" 1000000000.0000001 2147483647 1593267606 -pc 0.5 -pm 0.3 > /tmp/tmp-2026-07-1520:05:10-0.9271016120910645
Executing cmd: bash NSGA2.sh instance_prob2.dat "" 1000000000.0000001 2147483647 1593267606 -pc 0.5 -pm 0.3 > /tmp/tmp-2026-07-1520:05:10-0.9271016120910645
Result: instance_prob2.dat, 0, -695.75, 0, 1593267606
          -> After 1 bonus runs: pc=0.5 pm=0.3 (-693.59375 [based on 64 runs with cutoff 1000000000.0])

now 2026-07-15 20:12:10 -0400; start 2026-07-12 21:39:27 -0400; time-start 253962.832962011; maxWall 8640000.0
now 2026-07-15 20:12:10 -0400; start 2026-07-12 21:39:27 -0400; time-start 253962.833032146; maxWall 8640000.0
    Changing ["pm: 0.3->0.5"], evaluating ...
getAlgoResultsForInstsAndParams.
  Trial 1 for calling: bash NSGA2.sh instance_prob2.dat "" 1000000000.0000001 2147483647 310084194 -pc 0.5 -pm 0.5 > /tmp/tmp-2026-07-1520:12:10-0.20763349533081055
Executing cmd: bash NSGA2.sh instance_prob2.dat "" 1000000000.0000001 2147483647 310084194 -pc 0.5 -pm 0.5 > /tmp/tmp-2026-07-1520:12:10-0.20763349533081055
Result: instance_prob2.dat, 0, -695.75, 0, 310084194
now 2026-07-15 20:23:15 -0400; start 2026-07-12 21:39:27 -0400; time-start 254627.957053784; maxWall 8640000.0
getAlgoResultsForInstsAndParams.
  Trial 1 for calling: bash NSGA2.sh instance_param1.dat "" 1000000000.0000001 2147483647 1927991028 -pc 0.5 -pm 0.5 > /tmp/tmp-2026-07-1520:23:15-0.18155288696289062
Executing cmd: bash NSGA2.sh instance_param1.dat "" 1000000000.0000001 2147483647 1927991028 -pc 0.5 -pm 0.5 > /tmp/tmp-2026-07-1520:23:15-0.18155288696289062
Result: instance_param1.dat, 0, -920.07, 0, 1927991028
now 2026-07-15 20:23:15 -0400; start 2026-07-12 21:39:27 -0400; time-start 254628.033052344; maxWall 8640000.0
getAlgoResultsForInstsAndParams.
  Trial 1 for calling: bash NSGA2.sh instance_param3.dat "" 1000000000.0000001 2147483647 13543025 -pc 0.5 -pm 0.5 > /tmp/tmp-2026-07-1520:23:15-0.8408938646316528
Executing cmd: bash NSGA2.sh instance_param3.dat "" 1000000000.0000001 2147483647 13543025 -pc 0.5 -pm 0.5 > /tmp/tmp-2026-07-1520:23:15-0.8408938646316528
Result: instance_param3.dat, 0, -705.56, 0, 13543025
now 2026-07-15 20:23:16 -0400; start 2026-07-12 21:39:27 -0400; time-start 254628.108836875; maxWall 8640000.0
getAlgoResultsForInstsAndParams.
  Trial 1 for calling: bash NSGA2.sh instance_param2.dat "" 1000000000.0000001 2147483647 1669015032 -pc 0.5 -pm 0.5 > /tmp/tmp-2026-07-1520:23:16-0.9586563110351562
Executing cmd: bash NSGA2.sh instance_param2.dat "" 1000000000.0000001 2147483647 1669015032 -pc 0.5 -pm 0.5 > /tmp/tmp-2026-07-1520:23:16-0.9586563110351562
Result: instance_param2.dat, 0, -717.59, 0, 1669015032
now 2026-07-15 20:23:16 -0400; start 2026-07-12 21:39:27 -0400; time-start 254628.183743362; maxWall 8640000.0
getAlgoResultsForInstsAndParams.
  Trial 1 for calling: bash NSGA2.sh instance_param1.dat "" 1000000000.0000001 2147483647 1186378232 -pc 0.5 -pm 0.5 > /tmp/tmp-2026-07-1520:23:16-0.7516098022460938
Executing cmd: bash NSGA2.sh instance_param1.dat "" 1000000000.0000001 2147483647 1186378232 -pc 0.5 -pm 0.5 > /tmp/tmp-2026-07-1520:23:16-0.7516098022460938
Result: instance_param1.dat, 0, -920.07, 0, 1186378232
now 2026-07-15 20:23:16 -0400; start 2026-07-12 21:39:27 -0400; time-start 254628.259837709; maxWall 8640000.0
getAlgoResultsForInstsAndParams.
  Trial 1 for calling: bash NSGA2.sh instance_prob2.dat "" 1000000000.0000001 2147483647 1865128741 -pc 0.5 -pm 0.5 > /tmp/tmp-2026-07-1520:23:16-0.30631065368652344
Executing cmd: bash NSGA2.sh instance_prob2.dat "" 1000000000.0000001 2147483647 1865128741 -pc 0.5 -pm 0.5 > /tmp/tmp-2026-07-1520:23:16-0.30631065368652344
Result: instance_prob2.dat, 0, -695.75, 0, 1865128741
now 2026-07-15 20:36:23 -0400; start 2026-07-12 21:39:27 -0400; time-start 255415.155620808; maxWall 8640000.0
getAlgoResultsForInstsAndParams.
  Trial 1 for calling: bash NSGA2.sh instance_prob1.dat "" 1000000000.0000001 2147483647 792652207 -pc 0.5 -pm 0.5 > /tmp/tmp-2026-07-1520:36:23-0.7410507202148438
Executing cmd: bash NSGA2.sh instance_prob1.dat "" 1000000000.0000001 2147483647 792652207 -pc 0.5 -pm 0.5 > /tmp/tmp-2026-07-1520:36:23-0.7410507202148438
Result: instance_prob1.dat, 0, -650.27, 0, 792652207
now 2026-07-15 20:42:07 -0400; start 2026-07-12 21:39:27 -0400; time-start 255759.771143213; maxWall 8640000.0
getAlgoResultsForInstsAndParams.
  Trial 1 for calling: bash NSGA2.sh instance_prob3.dat "" 1000000000.0000001 2147483647 1591543198 -pc 0.5 -pm 0.5 > /tmp/tmp-2026-07-1520:42:07-0.9549903869628906
Executing cmd: bash NSGA2.sh instance_prob3.dat "" 1000000000.0000001 2147483647 1591543198 -pc 0.5 -pm 0.5 > /tmp/tmp-2026-07-1520:42:07-0.9549903869628906
Result: instance_prob3.dat, 0, -577.71, 0, 1591543198
1106/100000, 110.59999999999799/100000000.0
now 2026-07-15 20:53:12 -0400; start 2026-07-12 21:39:27 -0400; time-start 256424.74502864; maxWall 8640000.0
getAlgoResultsForInstsAndParams.
  Trial 1 for calling: bash NSGA2.sh instance_prob4.dat "" 1000000000.0000001 2147483647 1998353460 -pc 0.5 -pm 0.5 > /tmp/tmp-2026-07-1520:53:12-0.17207908630371094
Executing cmd: bash NSGA2.sh instance_prob4.dat "" 1000000000.0000001 2147483647 1998353460 -pc 0.5 -pm 0.5 > /tmp/tmp-2026-07-1520:53:12-0.17207908630371094
Result: instance_prob4.dat, 0, -591.79, 0, 1998353460
now 2026-07-15 21:03:14 -0400; start 2026-07-12 21:39:27 -0400; time-start 257026.145309313; maxWall 8640000.0
getAlgoResultsForInstsAndParams.
  Trial 1 for calling: bash NSGA2.sh instance_param3.dat "" 1000000000.0000001 2147483647 998783798 -pc 0.5 -pm 0.5 > /tmp/tmp-2026-07-1521:03:14-0.7851467132568359
Executing cmd: bash NSGA2.sh instance_param3.dat "" 1000000000.0000001 2147483647 998783798 -pc 0.5 -pm 0.5 > /tmp/tmp-2026-07-1521:03:14-0.7851467132568359
Result: instance_param3.dat, 0, -705.56, 0, 998783798
now 2026-07-15 21:03:14 -0400; start 2026-07-12 21:39:27 -0400; time-start 257026.221406105; maxWall 8640000.0
getAlgoResultsForInstsAndParams.
  Trial 1 for calling: bash NSGA2.sh instance_prob2.dat "" 1000000000.0000001 2147483647 1593267606 -pc 0.5 -pm 0.5 > /tmp/tmp-2026-07-1521:03:14-0.9111967086791992
Executing cmd: bash NSGA2.sh instance_prob2.dat "" 1000000000.0000001 2147483647 1593267606 -pc 0.5 -pm 0.5 > /tmp/tmp-2026-07-1521:03:14-0.9111967086791992
Result: instance_prob2.dat, 0, -695.75, 0, 1593267606
          -> Take improving step to neighbour pc=0.5 pm=0.5 (-693.59375 [based on 64 runs with cutoff 1000000000.0]) with flip 79

          
============= Performing 1 bonus runs of state: pc=0.5 pm=0.5 (-693.59375 [based on 64 runs with cutoff 1000000000.0]) ============ 

now 2026-07-15 21:12:52 -0400; start 2026-07-12 21:39:27 -0400; time-start 257604.198883832; maxWall 8640000.0
State wants more detail (64+1) than incumbent (64), doing incumbent first:
pc=0.5 pm=0.5 (-693.59375 [based on 64 runs with cutoff 1000000000.0])
pc=0.95 pm=0.5 (-693.59375 [based on 64 runs with cutoff 1000000000.0])
getAlgoResultsForInstsAndParams.
  Trial 1 for calling: bash NSGA2.sh instance_prob4.dat "" 1000000000.0000001 2147483647 769705430 -pc 0.95 -pm 0.5 > /tmp/tmp-2026-07-1521:12:52-0.9561052322387695
Executing cmd: bash NSGA2.sh instance_prob4.dat "" 1000000000.0000001 2147483647 769705430 -pc 0.95 -pm 0.5 > /tmp/tmp-2026-07-1521:12:52-0.9561052322387695
Result: instance_prob4.dat, 0, -591.79, 0, 769705430
 Same incumbent, new precision:
New Incumbent: 110.99999999999797, -692.0153846153846 [65, 1000000000.0]. With state pc=0.95, pm=0.5
getAlgoResultsForInstsAndParams.
  Trial 1 for calling: bash NSGA2.sh instance_prob4.dat "" 1000000000.0000001 2147483647 769705430 -pc 0.5 -pm 0.5 > /tmp/tmp-2026-07-1521:28:28-0.9803004264831543
Executing cmd: bash NSGA2.sh instance_prob4.dat "" 1000000000.0000001 2147483647 769705430 -pc 0.5 -pm 0.5 > /tmp/tmp-2026-07-1521:28:28-0.9803004264831543
Result: instance_prob4.dat, 0, -591.79, 0, 769705430
          -> After 1 bonus runs: pc=0.5 pm=0.5 (-692.0153846153846 [based on 65 runs with cutoff 1000000000.0])

now 2026-07-15 21:37:13 -0400; start 2026-07-12 21:39:27 -0400; time-start 259065.473652355; maxWall 8640000.0
now 2026-07-15 21:37:13 -0400; start 2026-07-12 21:39:27 -0400; time-start 259065.473723917; maxWall 8640000.0
    Changing ["pm: 0.5->0.05"], evaluating ...
getAlgoResultsForInstsAndParams.
  Trial 1 for calling: bash NSGA2.sh instance_param3.dat "" 1000000000.0000001 2147483647 1189509930 -pc 0.5 -pm 0.05 > /tmp/tmp-2026-07-1521:37:13-0.3625316619873047
Executing cmd: bash NSGA2.sh instance_param3.dat "" 1000000000.0000001 2147483647 1189509930 -pc 0.5 -pm 0.05 > /tmp/tmp-2026-07-1521:37:13-0.3625316619873047
Result: instance_param3.dat, 0, -705.56, 0, 1189509930
now 2026-07-15 21:37:13 -0400; start 2026-07-12 21:39:27 -0400; time-start 259065.54955567; maxWall 8640000.0
getAlgoResultsForInstsAndParams.
  Trial 1 for calling: bash NSGA2.sh instance_prob4.dat "" 1000000000.0000001 2147483647 1289636003 -pc 0.5 -pm 0.05 > /tmp/tmp-2026-07-1521:37:13-0.834101676940918
Executing cmd: bash NSGA2.sh instance_prob4.dat "" 1000000000.0000001 2147483647 1289636003 -pc 0.5 -pm 0.05 > /tmp/tmp-2026-07-1521:37:13-0.834101676940918
Result: instance_prob4.dat, 0, -591.79, 0, 1289636003
now 2026-07-15 21:41:50 -0400; start 2026-07-12 21:39:27 -0400; time-start 259342.2861848; maxWall 8640000.0
getAlgoResultsForInstsAndParams.
  Trial 1 for calling: bash NSGA2.sh instance_param1.dat "" 1000000000.0000001 2147483647 945548968 -pc 0.5 -pm 0.05 > /tmp/tmp-2026-07-1521:41:50-0.02711963653564453
Executing cmd: bash NSGA2.sh instance_param1.dat "" 1000000000.0000001 2147483647 945548968 -pc 0.5 -pm 0.05 > /tmp/tmp-2026-07-1521:41:50-0.02711963653564453
Result: instance_param1.dat, 0, -920.07, 0, 945548968
now 2026-07-15 21:41:50 -0400; start 2026-07-12 21:39:27 -0400; time-start 259342.360513667; maxWall 8640000.0
getAlgoResultsForInstsAndParams.
  Trial 1 for calling: bash NSGA2.sh instance_param2.dat "" 1000000000.0000001 2147483647 1036556068 -pc 0.5 -pm 0.05 > /tmp/tmp-2026-07-1521:41:50-0.0171051025390625
Executing cmd: bash NSGA2.sh instance_param2.dat "" 1000000000.0000001 2147483647 1036556068 -pc 0.5 -pm 0.05 > /tmp/tmp-2026-07-1521:41:50-0.0171051025390625
Result: instance_param2.dat, 0, -717.59, 0, 1036556068
now 2026-07-15 21:41:50 -0400; start 2026-07-12 21:39:27 -0400; time-start 259342.43486812; maxWall 8640000.0
getAlgoResultsForInstsAndParams.
  Trial 1 for calling: bash NSGA2.sh instance_param3.dat "" 1000000000.0000001 2147483647 82106444 -pc 0.5 -pm 0.05 > /tmp/tmp-2026-07-1521:41:50-0.8904695510864258
Executing cmd: bash NSGA2.sh instance_param3.dat "" 1000000000.0000001 2147483647 82106444 -pc 0.5 -pm 0.05 > /tmp/tmp-2026-07-1521:41:50-0.8904695510864258
Result: instance_param3.dat, 0, -705.56, 0, 82106444
now 2026-07-15 21:41:50 -0400; start 2026-07-12 21:39:27 -0400; time-start 259342.50949613; maxWall 8640000.0
getAlgoResultsForInstsAndParams.
  Trial 1 for calling: bash NSGA2.sh instance_prob4.dat "" 1000000000.0000001 2147483647 64315970 -pc 0.5 -pm 0.05 > /tmp/tmp-2026-07-1521:41:50-0.2545475959777832
Executing cmd: bash NSGA2.sh instance_prob4.dat "" 1000000000.0000001 2147483647 64315970 -pc 0.5 -pm 0.05 > /tmp/tmp-2026-07-1521:41:50-0.2545475959777832
Result: instance_prob4.dat, 0, -591.79, 0, 64315970
now 2026-07-15 21:46:20 -0400; start 2026-07-12 21:39:27 -0400; time-start 259612.528383481; maxWall 8640000.0
getAlgoResultsForInstsAndParams.
  Trial 1 for calling: bash NSGA2.sh instance_prob1.dat "" 1000000000.0000001 2147483647 205845687 -pc 0.5 -pm 0.05 > /tmp/tmp-2026-07-1521:46:20-0.35660767555236816
Executing cmd: bash NSGA2.sh instance_prob1.dat "" 1000000000.0000001 2147483647 205845687 -pc 0.5 -pm 0.05 > /tmp/tmp-2026-07-1521:46:20-0.35660767555236816
Result: instance_prob1.dat, 0, -650.27, 0, 205845687
now 2026-07-15 21:49:15 -0400; start 2026-07-12 21:39:27 -0400; time-start 259787.661806816; maxWall 8640000.0
getAlgoResultsForInstsAndParams.
  Trial 1 for calling: bash NSGA2.sh instance_param1.dat "" 1000000000.0000001 2147483647 673948927 -pc 0.5 -pm 0.05 > /tmp/tmp-2026-07-1521:49:15-0.22249174118041992
Executing cmd: bash NSGA2.sh instance_param1.dat "" 1000000000.0000001 2147483647 673948927 -pc 0.5 -pm 0.05 > /tmp/tmp-2026-07-1521:49:15-0.22249174118041992
Result: instance_param1.dat, 0, -920.07, 0, 673948927
now 2026-07-15 21:49:15 -0400; start 2026-07-12 21:39:27 -0400; time-start 259787.736228103; maxWall 8640000.0
getAlgoResultsForInstsAndParams.
  Trial 1 for calling: bash NSGA2.sh instance_prob2.dat "" 1000000000.0000001 2147483647 637566358 -pc 0.5 -pm 0.05 > /tmp/tmp-2026-07-1521:49:15-0.18225336074829102
Executing cmd: bash NSGA2.sh instance_prob2.dat "" 1000000000.0000001 2147483647 637566358 -pc 0.5 -pm 0.05 > /tmp/tmp-2026-07-1521:49:15-0.18225336074829102
Result: instance_prob2.dat, 0, -695.75, 0, 637566358
now 2026-07-15 21:52:36 -0400; start 2026-07-12 21:39:27 -0400; time-start 259988.338064828; maxWall 8640000.0
getAlgoResultsForInstsAndParams.
  Trial 1 for calling: bash NSGA2.sh instance_prob3.dat "" 1000000000.0000001 2147483647 720721666 -pc 0.5 -pm 0.05 > /tmp/tmp-2026-07-1521:52:36-0.6915626525878906
Executing cmd: bash NSGA2.sh instance_prob3.dat "" 1000000000.0000001 2147483647 720721666 -pc 0.5 -pm 0.05 > /tmp/tmp-2026-07-1521:52:36-0.6915626525878906
Result: instance_prob3.dat, 0, -577.71, 0, 720721666
now 2026-07-15 21:57:13 -0400; start 2026-07-12 21:39:27 -0400; time-start 260265.248299518; maxWall 8640000.0
getAlgoResultsForInstsAndParams.
  Trial 1 for calling: bash NSGA2.sh instance_param3.dat "" 1000000000.0000001 2147483647 2085269448 -pc 0.5 -pm 0.05 > /tmp/tmp-2026-07-1521:57:13-0.07384300231933594
Executing cmd: bash NSGA2.sh instance_param3.dat "" 1000000000.0000001 2147483647 2085269448 -pc 0.5 -pm 0.05 > /tmp/tmp-2026-07-1521:57:13-0.07384300231933594
Result: instance_param3.dat, 0, -705.56, 0, 2085269448
now 2026-07-15 21:57:13 -0400; start 2026-07-12 21:39:27 -0400; time-start 260265.322027323; maxWall 8640000.0
getAlgoResultsForInstsAndParams.
  Trial 1 for calling: bash NSGA2.sh instance_prob2.dat "" 1000000000.0000001 2147483647 2106584775 -pc 0.5 -pm 0.05 > /tmp/tmp-2026-07-1521:57:13-0.6345186233520508
Executing cmd: bash NSGA2.sh instance_prob2.dat "" 1000000000.0000001 2147483647 2106584775 -pc 0.5 -pm 0.05 > /tmp/tmp-2026-07-1521:57:13-0.6345186233520508
Result: instance_prob2.dat, 0, -695.75, 0, 2106584775
now 2026-07-15 22:00:34 -0400; start 2026-07-12 21:39:27 -0400; time-start 260466.426982866; maxWall 8640000.0
getAlgoResultsForInstsAndParams.
  Trial 1 for calling: bash NSGA2.sh instance_param2.dat "" 1000000000.0000001 2147483647 515552351 -pc 0.5 -pm 0.05 > /tmp/tmp-2026-07-1522:00:34-0.7524237632751465
Executing cmd: bash NSGA2.sh instance_param2.dat "" 1000000000.0000001 2147483647 515552351 -pc 0.5 -pm 0.05 > /tmp/tmp-2026-07-1522:00:34-0.7524237632751465
Result: instance_param2.dat, 0, -717.59, 0, 515552351
now 2026-07-15 22:00:34 -0400; start 2026-07-12 21:39:27 -0400; time-start 260466.502971026; maxWall 8640000.0
getAlgoResultsForInstsAndParams.
  Trial 1 for calling: bash NSGA2.sh instance_prob4.dat "" 1000000000.0000001 2147483647 129161248 -pc 0.5 -pm 0.05 > /tmp/tmp-2026-07-1522:00:34-0.6197867393493652
Executing cmd: bash NSGA2.sh instance_prob4.dat "" 1000000000.0000001 2147483647 129161248 -pc 0.5 -pm 0.05 > /tmp/tmp-2026-07-1522:00:34-0.6197867393493652
Result: instance_prob4.dat, 0, -591.79, 0, 129161248
now 2026-07-15 22:05:18 -0400; start 2026-07-12 21:39:27 -0400; time-start 260750.297456996; maxWall 8640000.0
getAlgoResultsForInstsAndParams.
  Trial 1 for calling: bash NSGA2.sh instance_param1.dat "" 1000000000.0000001 2147483647 1548605805 -pc 0.5 -pm 0.05 > /tmp/tmp-2026-07-1522:05:18-0.060860633850097656
Executing cmd: bash NSGA2.sh instance_param1.dat "" 1000000000.0000001 2147483647 1548605805 -pc 0.5 -pm 0.05 > /tmp/tmp-2026-07-1522:05:18-0.060860633850097656
Result: instance_param1.dat, 0, -920.07, 0, 1548605805
now 2026-07-15 22:05:18 -0400; start 2026-07-12 21:39:27 -0400; time-start 260750.372135879; maxWall 8640000.0
getAlgoResultsForInstsAndParams.
  Trial 1 for calling: bash NSGA2.sh instance_prob3.dat "" 1000000000.0000001 2147483647 222014735 -pc 0.5 -pm 0.05 > /tmp/tmp-2026-07-1522:05:18-0.5972704887390137
Executing cmd: bash NSGA2.sh instance_prob3.dat "" 1000000000.0000001 2147483647 222014735 -pc 0.5 -pm 0.05 > /tmp/tmp-2026-07-1522:05:18-0.5972704887390137
Result: instance_prob3.dat, 0, -577.71, 0, 222014735
now 2026-07-15 22:10:06 -0400; start 2026-07-12 21:39:27 -0400; time-start 261038.632945912; maxWall 8640000.0
getAlgoResultsForInstsAndParams.
  Trial 1 for calling: bash NSGA2.sh instance_prob1.dat "" 1000000000.0000001 2147483647 1686488978 -pc 0.5 -pm 0.05 > /tmp/tmp-2026-07-1522:10:06-0.9421284198760986
Executing cmd: bash NSGA2.sh instance_prob1.dat "" 1000000000.0000001 2147483647 1686488978 -pc 0.5 -pm 0.05 > /tmp/tmp-2026-07-1522:10:06-0.9421284198760986
Result: instance_prob1.dat, 0, -650.27, 0, 1686488978
now 2026-07-15 22:13:01 -0400; start 2026-07-12 21:39:27 -0400; time-start 261214.005311214; maxWall 8640000.0
getAlgoResultsForInstsAndParams.
  Trial 1 for calling: bash NSGA2.sh instance_param3.dat "" 1000000000.0000001 2147483647 1392514437 -pc 0.5 -pm 0.05 > /tmp/tmp-2026-07-1522:13:01-0.8532848358154297
Executing cmd: bash NSGA2.sh instance_param3.dat "" 1000000000.0000001 2147483647 1392514437 -pc 0.5 -pm 0.05 > /tmp/tmp-2026-07-1522:13:01-0.8532848358154297
Result: instance_param3.dat, 0, -705.56, 0, 1392514437
now 2026-07-15 22:13:01 -0400; start 2026-07-12 21:39:27 -0400; time-start 261214.080656028; maxWall 8640000.0
getAlgoResultsForInstsAndParams.
  Trial 1 for calling: bash NSGA2.sh instance_prob3.dat "" 1000000000.0000001 2147483647 1165131879 -pc 0.5 -pm 0.05 > /tmp/tmp-2026-07-1522:13:01-0.004466652870178223
Executing cmd: bash NSGA2.sh instance_prob3.dat "" 1000000000.0000001 2147483647 1165131879 -pc 0.5 -pm 0.05 > /tmp/tmp-2026-07-1522:13:01-0.004466652870178223
Result: instance_prob3.dat, 0, -577.71, 0, 1165131879
now 2026-07-15 22:17:40 -0400; start 2026-07-12 21:39:27 -0400; time-start 261493.079698647; maxWall 8640000.0
getAlgoResultsForInstsAndParams.
  Trial 1 for calling: bash NSGA2.sh instance_prob1.dat "" 1000000000.0000001 2147483647 1319408815 -pc 0.5 -pm 0.05 > /tmp/tmp-2026-07-1522:17:40-0.8768234252929688
Executing cmd: bash NSGA2.sh instance_prob1.dat "" 1000000000.0000001 2147483647 1319408815 -pc 0.5 -pm 0.05 > /tmp/tmp-2026-07-1522:17:40-0.8768234252929688
Result: instance_prob1.dat, 0, -650.27, 0, 1319408815
now 2026-07-15 22:20:49 -0400; start 2026-07-12 21:39:27 -0400; time-start 261681.103750762; maxWall 8640000.0
getAlgoResultsForInstsAndParams.
  Trial 1 for calling: bash NSGA2.sh instance_param1.dat "" 1000000000.0000001 2147483647 2074744000 -pc 0.5 -pm 0.05 > /tmp/tmp-2026-07-1522:20:49-0.40183258056640625
Executing cmd: bash NSGA2.sh instance_param1.dat "" 1000000000.0000001 2147483647 2074744000 -pc 0.5 -pm 0.05 > /tmp/tmp-2026-07-1522:20:49-0.40183258056640625
Result: instance_param1.dat, 0, -920.07, 0, 2074744000
now 2026-07-15 22:20:49 -0400; start 2026-07-12 21:39:27 -0400; time-start 261681.180574617; maxWall 8640000.0
getAlgoResultsForInstsAndParams.
  Trial 1 for calling: bash NSGA2.sh instance_param2.dat "" 1000000000.0000001 2147483647 1733138286 -pc 0.5 -pm 0.05 > /tmp/tmp-2026-07-1522:20:49-0.894012451171875
Executing cmd: bash NSGA2.sh instance_param2.dat "" 1000000000.0000001 2147483647 1733138286 -pc 0.5 -pm 0.05 > /tmp/tmp-2026-07-1522:20:49-0.894012451171875
Result: instance_param2.dat, 0, -717.59, 0, 1733138286
now 2026-07-15 22:20:49 -0400; start 2026-07-12 21:39:27 -0400; time-start 261681.255751741; maxWall 8640000.0
getAlgoResultsForInstsAndParams.
  Trial 1 for calling: bash NSGA2.sh instance_prob4.dat "" 1000000000.0000001 2147483647 685541044 -pc 0.5 -pm 0.05 > /tmp/tmp-2026-07-1522:20:49-0.5352993011474609
Executing cmd: bash NSGA2.sh instance_prob4.dat "" 1000000000.0000001 2147483647 685541044 -pc 0.5 -pm 0.05 > /tmp/tmp-2026-07-1522:20:49-0.5352993011474609
Result: instance_prob4.dat, 0, -591.79, 0, 685541044
now 2026-07-15 22:25:21 -0400; start 2026-07-12 21:39:27 -0400; time-start 261953.908226965; maxWall 8640000.0
getAlgoResultsForInstsAndParams.
  Trial 1 for calling: bash NSGA2.sh instance_prob2.dat "" 1000000000.0000001 2147483647 13935469 -pc 0.5 -pm 0.05 > /tmp/tmp-2026-07-1522:25:21-0.26908326148986816
Executing cmd: bash NSGA2.sh instance_prob2.dat "" 1000000000.0000001 2147483647 13935469 -pc 0.5 -pm 0.05 > /tmp/tmp-2026-07-1522:25:21-0.26908326148986816
Result: instance_prob2.dat, 0, -695.75, 0, 13935469
now 2026-07-15 22:28:55 -0400; start 2026-07-12 21:39:27 -0400; time-start 262167.883893269; maxWall 8640000.0
getAlgoResultsForInstsAndParams.
  Trial 1 for calling: bash NSGA2.sh instance_param1.dat "" 1000000000.0000001 2147483647 462720224 -pc 0.5 -pm 0.05 > /tmp/tmp-2026-07-1522:28:55-0.24674510955810547
Executing cmd: bash NSGA2.sh instance_param1.dat "" 1000000000.0000001 2147483647 462720224 -pc 0.5 -pm 0.05 > /tmp/tmp-2026-07-1522:28:55-0.24674510955810547
Result: instance_param1.dat, 0, -920.07, 0, 462720224
now 2026-07-15 22:28:55 -0400; start 2026-07-12 21:39:27 -0400; time-start 262167.957923465; maxWall 8640000.0
getAlgoResultsForInstsAndParams.
  Trial 1 for calling: bash NSGA2.sh instance_prob3.dat "" 1000000000.0000001 2147483647 1524734467 -pc 0.5 -pm 0.05 > /tmp/tmp-2026-07-1522:28:55-0.3821796178817749
Executing cmd: bash NSGA2.sh instance_prob3.dat "" 1000000000.0000001 2147483647 1524734467 -pc 0.5 -pm 0.05 > /tmp/tmp-2026-07-1522:28:55-0.3821796178817749
Result: instance_prob3.dat, 0, -577.71, 0, 1524734467
now 2026-07-15 22:34:21 -0400; start 2026-07-12 21:39:27 -0400; time-start 262493.450029216; maxWall 8640000.0
getAlgoResultsForInstsAndParams.
  Trial 1 for calling: bash NSGA2.sh instance_prob4.dat "" 1000000000.0000001 2147483647 1736731097 -pc 0.5 -pm 0.05 > /tmp/tmp-2026-07-1522:34:21-0.8726944923400879
Executing cmd: bash NSGA2.sh instance_prob4.dat "" 1000000000.0000001 2147483647 1736731097 -pc 0.5 -pm 0.05 > /tmp/tmp-2026-07-1522:34:21-0.8726944923400879
Result: instance_prob4.dat, 0, -591.79, 0, 1736731097
now 2026-07-15 22:38:53 -0400; start 2026-07-12 21:39:27 -0400; time-start 262765.486709823; maxWall 8640000.0
getAlgoResultsForInstsAndParams.
  Trial 1 for calling: bash NSGA2.sh instance_prob1.dat "" 1000000000.0000001 2147483647 251330698 -pc 0.5 -pm 0.05 > /tmp/tmp-2026-07-1522:38:53-0.07599067687988281
Executing cmd: bash NSGA2.sh instance_prob1.dat "" 1000000000.0000001 2147483647 251330698 -pc 0.5 -pm 0.05 > /tmp/tmp-2026-07-1522:38:53-0.07599067687988281
Result: instance_prob1.dat, 0, -650.27, 0, 251330698
now 2026-07-15 22:41:43 -0400; start 2026-07-12 21:39:27 -0400; time-start 262935.43137077; maxWall 8640000.0
getAlgoResultsForInstsAndParams.
  Trial 1 for calling: bash NSGA2.sh instance_param3.dat "" 1000000000.0000001 2147483647 1313848922 -pc 0.5 -pm 0.05 > /tmp/tmp-2026-07-1522:41:43-0.04578876495361328
Executing cmd: bash NSGA2.sh instance_param3.dat "" 1000000000.0000001 2147483647 1313848922 -pc 0.5 -pm 0.05 > /tmp/tmp-2026-07-1522:41:43-0.04578876495361328
Result: instance_param3.dat, 0, -705.56, 0, 1313848922
now 2026-07-15 22:41:43 -0400; start 2026-07-12 21:39:27 -0400; time-start 262935.508656266; maxWall 8640000.0
getAlgoResultsForInstsAndParams.
  Trial 1 for calling: bash NSGA2.sh instance_prob2.dat "" 1000000000.0000001 2147483647 557599983 -pc 0.5 -pm 0.05 > /tmp/tmp-2026-07-1522:41:43-0.3552107810974121
Executing cmd: bash NSGA2.sh instance_prob2.dat "" 1000000000.0000001 2147483647 557599983 -pc 0.5 -pm 0.05 > /tmp/tmp-2026-07-1522:41:43-0.3552107810974121
Result: instance_prob2.dat, 0, -695.75, 0, 557599983
now 2026-07-15 22:45:07 -0400; start 2026-07-12 21:39:27 -0400; time-start 263139.842509214; maxWall 8640000.0
getAlgoResultsForInstsAndParams.
  Trial 1 for calling: bash NSGA2.sh instance_param2.dat "" 1000000000.0000001 2147483647 789000552 -pc 0.5 -pm 0.05 > /tmp/tmp-2026-07-1522:45:07-0.14926743507385254
Executing cmd: bash NSGA2.sh instance_param2.dat "" 1000000000.0000001 2147483647 789000552 -pc 0.5 -pm 0.05 > /tmp/tmp-2026-07-1522:45:07-0.14926743507385254
Result: instance_param2.dat, 0, -717.59, 0, 789000552
now 2026-07-15 22:45:07 -0400; start 2026-07-12 21:39:27 -0400; time-start 263139.917694626; maxWall 8640000.0
getAlgoResultsForInstsAndParams.
  Trial 1 for calling: bash NSGA2.sh instance_prob1.dat "" 1000000000.0000001 2147483647 1764895294 -pc 0.5 -pm 0.05 > /tmp/tmp-2026-07-1522:45:07-0.3118612766265869
Executing cmd: bash NSGA2.sh instance_prob1.dat "" 1000000000.0000001 2147483647 1764895294 -pc 0.5 -pm 0.05 > /tmp/tmp-2026-07-1522:45:07-0.3118612766265869
Result: instance_prob1.dat, 0, -650.27, 0, 1764895294
now 2026-07-15 22:48:05 -0400; start 2026-07-12 21:39:27 -0400; time-start 263317.1476957; maxWall 8640000.0
getAlgoResultsForInstsAndParams.
  Trial 1 for calling: bash NSGA2.sh instance_param2.dat "" 1000000000.0000001 2147483647 149754666 -pc 0.5 -pm 0.05 > /tmp/tmp-2026-07-1522:48:05-0.9008102416992188
Executing cmd: bash NSGA2.sh instance_param2.dat "" 1000000000.0000001 2147483647 149754666 -pc 0.5 -pm 0.05 > /tmp/tmp-2026-07-1522:48:05-0.9008102416992188
Result: instance_param2.dat, 0, -717.59, 0, 149754666
now 2026-07-15 22:48:05 -0400; start 2026-07-12 21:39:27 -0400; time-start 263317.223411633; maxWall 8640000.0
getAlgoResultsForInstsAndParams.
  Trial 1 for calling: bash NSGA2.sh instance_prob3.dat "" 1000000000.0000001 2147483647 1523713353 -pc 0.5 -pm 0.05 > /tmp/tmp-2026-07-1522:48:05-0.8018093109130859
Executing cmd: bash NSGA2.sh instance_prob3.dat "" 1000000000.0000001 2147483647 1523713353 -pc 0.5 -pm 0.05 > /tmp/tmp-2026-07-1522:48:05-0.8018093109130859
Result: instance_prob3.dat, 0, -577.71, 0, 1523713353
now 2026-07-15 22:52:42 -0400; start 2026-07-12 21:39:27 -0400; time-start 263594.598977396; maxWall 8640000.0
getAlgoResultsForInstsAndParams.
  Trial 1 for calling: bash NSGA2.sh instance_prob4.dat "" 1000000000.0000001 2147483647 1868452773 -pc 0.5 -pm 0.05 > /tmp/tmp-2026-07-1522:52:42-0.8014147281646729
Executing cmd: bash NSGA2.sh instance_prob4.dat "" 1000000000.0000001 2147483647 1868452773 -pc 0.5 -pm 0.05 > /tmp/tmp-2026-07-1522:52:42-0.8014147281646729
Result: instance_prob4.dat, 0, -591.79, 0, 1868452773
now 2026-07-15 22:57:19 -0400; start 2026-07-12 21:39:27 -0400; time-start 263871.680160998; maxWall 8640000.0
getAlgoResultsForInstsAndParams.
  Trial 1 for calling: bash NSGA2.sh instance_prob2.dat "" 1000000000.0000001 2147483647 310084194 -pc 0.5 -pm 0.05 > /tmp/tmp-2026-07-1522:57:19-0.1402430534362793
Executing cmd: bash NSGA2.sh instance_prob2.dat "" 1000000000.0000001 2147483647 310084194 -pc 0.5 -pm 0.05 > /tmp/tmp-2026-07-1522:57:19-0.1402430534362793
Result: instance_prob2.dat, 0, -695.75, 0, 310084194
now 2026-07-15 23:00:38 -0400; start 2026-07-12 21:39:27 -0400; time-start 264070.620160702; maxWall 8640000.0
getAlgoResultsForInstsAndParams.
  Trial 1 for calling: bash NSGA2.sh instance_param1.dat "" 1000000000.0000001 2147483647 1927991028 -pc 0.5 -pm 0.05 > /tmp/tmp-2026-07-1523:00:38-0.2294623851776123
Executing cmd: bash NSGA2.sh instance_param1.dat "" 1000000000.0000001 2147483647 1927991028 -pc 0.5 -pm 0.05 > /tmp/tmp-2026-07-1523:00:38-0.2294623851776123
Result: instance_param1.dat, 0, -920.07, 0, 1927991028
now 2026-07-15 23:00:38 -0400; start 2026-07-12 21:39:27 -0400; time-start 264070.696411396; maxWall 8640000.0
getAlgoResultsForInstsAndParams.
  Trial 1 for calling: bash NSGA2.sh instance_param3.dat "" 1000000000.0000001 2147483647 13543025 -pc 0.5 -pm 0.05 > /tmp/tmp-2026-07-1523:00:38-0.0596463680267334
Executing cmd: bash NSGA2.sh instance_param3.dat "" 1000000000.0000001 2147483647 13543025 -pc 0.5 -pm 0.05 > /tmp/tmp-2026-07-1523:00:38-0.0596463680267334
Result: instance_param3.dat, 0, -705.56, 0, 13543025
now 2026-07-15 23:00:38 -0400; start 2026-07-12 21:39:27 -0400; time-start 264070.771203768; maxWall 8640000.0
getAlgoResultsForInstsAndParams.
  Trial 1 for calling: bash NSGA2.sh instance_param2.dat "" 1000000000.0000001 2147483647 1669015032 -pc 0.5 -pm 0.05 > /tmp/tmp-2026-07-1523:00:38-0.9671840667724609
Executing cmd: bash NSGA2.sh instance_param2.dat "" 1000000000.0000001 2147483647 1669015032 -pc 0.5 -pm 0.05 > /tmp/tmp-2026-07-1523:00:38-0.9671840667724609
Result: instance_param2.dat, 0, -717.59, 0, 1669015032
now 2026-07-15 23:00:38 -0400; start 2026-07-12 21:39:27 -0400; time-start 264070.845495367; maxWall 8640000.0
getAlgoResultsForInstsAndParams.
  Trial 1 for calling: bash NSGA2.sh instance_param1.dat "" 1000000000.0000001 2147483647 1186378232 -pc 0.5 -pm 0.05 > /tmp/tmp-2026-07-1523:00:38-0.3881213665008545
Executing cmd: bash NSGA2.sh instance_param1.dat "" 1000000000.0000001 2147483647 1186378232 -pc 0.5 -pm 0.05 > /tmp/tmp-2026-07-1523:00:38-0.3881213665008545
Result: instance_param1.dat, 0, -920.07, 0, 1186378232
now 2026-07-15 23:00:38 -0400; start 2026-07-12 21:39:27 -0400; time-start 264070.921413511; maxWall 8640000.0
getAlgoResultsForInstsAndParams.
  Trial 1 for calling: bash NSGA2.sh instance_prob2.dat "" 1000000000.0000001 2147483647 1865128741 -pc 0.5 -pm 0.05 > /tmp/tmp-2026-07-1523:00:38-0.4484438896179199
Executing cmd: bash NSGA2.sh instance_prob2.dat "" 1000000000.0000001 2147483647 1865128741 -pc 0.5 -pm 0.05 > /tmp/tmp-2026-07-1523:00:38-0.4484438896179199
Result: instance_prob2.dat, 0, -695.75, 0, 1865128741
now 2026-07-15 23:04:10 -0400; start 2026-07-12 21:39:27 -0400; time-start 264282.122250173; maxWall 8640000.0
getAlgoResultsForInstsAndParams.
  Trial 1 for calling: bash NSGA2.sh instance_prob1.dat "" 1000000000.0000001 2147483647 792652207 -pc 0.5 -pm 0.05 > /tmp/tmp-2026-07-1523:04:10-0.8088722229003906
Executing cmd: bash NSGA2.sh instance_prob1.dat "" 1000000000.0000001 2147483647 792652207 -pc 0.5 -pm 0.05 > /tmp/tmp-2026-07-1523:04:10-0.8088722229003906
Result: instance_prob1.dat, 0, -650.27, 0, 792652207
now 2026-07-15 23:07:08 -0400; start 2026-07-12 21:39:27 -0400; time-start 264460.320668277; maxWall 8640000.0
getAlgoResultsForInstsAndParams.
  Trial 1 for calling: bash NSGA2.sh instance_prob3.dat "" 1000000000.0000001 2147483647 1591543198 -pc 0.5 -pm 0.05 > /tmp/tmp-2026-07-1523:07:08-0.009122848510742188
Executing cmd: bash NSGA2.sh instance_prob3.dat "" 1000000000.0000001 2147483647 1591543198 -pc 0.5 -pm 0.05 > /tmp/tmp-2026-07-1523:07:08-0.009122848510742188
Result: instance_prob3.dat, 0, -577.71, 0, 1591543198
now 2026-07-15 23:12:02 -0400; start 2026-07-12 21:39:27 -0400; time-start 264754.326948355; maxWall 8640000.0
getAlgoResultsForInstsAndParams.
  Trial 1 for calling: bash NSGA2.sh instance_prob4.dat "" 1000000000.0000001 2147483647 1998353460 -pc 0.5 -pm 0.05 > /tmp/tmp-2026-07-1523:12:02-0.9072279930114746
Executing cmd: bash NSGA2.sh instance_prob4.dat "" 1000000000.0000001 2147483647 1998353460 -pc 0.5 -pm 0.05 > /tmp/tmp-2026-07-1523:12:02-0.9072279930114746
Result: instance_prob4.dat, 0, -591.79, 0, 1998353460
now 2026-07-15 23:16:41 -0400; start 2026-07-12 21:39:27 -0400; time-start 265033.836936112; maxWall 8640000.0
getAlgoResultsForInstsAndParams.
  Trial 1 for calling: bash NSGA2.sh instance_param3.dat "" 1000000000.0000001 2147483647 998783798 -pc 0.5 -pm 0.05 > /tmp/tmp-2026-07-1523:16:41-0.41255688667297363
Executing cmd: bash NSGA2.sh instance_param3.dat "" 1000000000.0000001 2147483647 998783798 -pc 0.5 -pm 0.05 > /tmp/tmp-2026-07-1523:16:41-0.41255688667297363
Result: instance_param3.dat, 0, -705.56, 0, 998783798
now 2026-07-15 23:16:41 -0400; start 2026-07-12 21:39:27 -0400; time-start 265033.914620923; maxWall 8640000.0
getAlgoResultsForInstsAndParams.
  Trial 1 for calling: bash NSGA2.sh instance_prob2.dat "" 1000000000.0000001 2147483647 1593267606 -pc 0.5 -pm 0.05 > /tmp/tmp-2026-07-1523:16:41-0.3162801265716553
Executing cmd: bash NSGA2.sh instance_prob2.dat "" 1000000000.0000001 2147483647 1593267606 -pc 0.5 -pm 0.05 > /tmp/tmp-2026-07-1523:16:41-0.3162801265716553
Result: instance_prob2.dat, 0, -695.75, 0, 1593267606
now 2026-07-15 23:20:12 -0400; start 2026-07-12 21:39:27 -0400; time-start 265244.710800189; maxWall 8640000.0
getAlgoResultsForInstsAndParams.
  Trial 1 for calling: bash NSGA2.sh instance_prob4.dat "" 1000000000.0000001 2147483647 769705430 -pc 0.5 -pm 0.05 > /tmp/tmp-2026-07-1523:20:12-0.0047681331634521484
Executing cmd: bash NSGA2.sh instance_prob4.dat "" 1000000000.0000001 2147483647 769705430 -pc 0.5 -pm 0.05 > /tmp/tmp-2026-07-1523:20:12-0.0047681331634521484
Result: instance_prob4.dat, 0, -591.79, 0, 769705430
          -> Take improving step to neighbour pc=0.5 pm=0.05 (-692.0153846153846 [based on 65 runs with cutoff 1000000000.0]) with flip 80

          
============= Performing 1 bonus runs of state: pc=0.5 pm=0.05 (-692.0153846153846 [based on 65 runs with cutoff 1000000000.0]) ============ 

now 2026-07-15 23:25:17 -0400; start 2026-07-12 21:39:27 -0400; time-start 265550.078623894; maxWall 8640000.0
State wants more detail (65+1) than incumbent (65), doing incumbent first:
pc=0.5 pm=0.05 (-692.0153846153846 [based on 65 runs with cutoff 1000000000.0])
pc=0.95 pm=0.5 (-692.0153846153846 [based on 65 runs with cutoff 1000000000.0])
getAlgoResultsForInstsAndParams.
  Trial 1 for calling: bash NSGA2.sh instance_param3.dat "" 1000000000.0000001 2147483647 1967747329 -pc 0.95 -pm 0.5 > /tmp/tmp-2026-07-1523:25:17-0.48230457305908203
Executing cmd: bash NSGA2.sh instance_param3.dat "" 1000000000.0000001 2147483647 1967747329 -pc 0.95 -pm 0.5 > /tmp/tmp-2026-07-1523:25:17-0.48230457305908203
Result: instance_param3.dat, 0, -705.56, 0, 1967747329
 Same incumbent, new precision:
New Incumbent: 115.89999999999769, -692.2121212121212 [66, 1000000000.0]. With state pc=0.95, pm=0.5
getAlgoResultsForInstsAndParams.
  Trial 1 for calling: bash NSGA2.sh instance_param3.dat "" 1000000000.0000001 2147483647 1967747329 -pc 0.5 -pm 0.05 > /tmp/tmp-2026-07-1523:25:18-0.31512451171875
Executing cmd: bash NSGA2.sh instance_param3.dat "" 1000000000.0000001 2147483647 1967747329 -pc 0.5 -pm 0.05 > /tmp/tmp-2026-07-1523:25:18-0.31512451171875
Result: instance_param3.dat, 0, -705.56, 0, 1967747329
          -> After 1 bonus runs: pc=0.5 pm=0.05 (-692.2121212121212 [based on 66 runs with cutoff 1000000000.0])

now 2026-07-15 23:25:18 -0400; start 2026-07-12 21:39:27 -0400; time-start 265550.240134015; maxWall 8640000.0
now 2026-07-15 23:25:18 -0400; start 2026-07-12 21:39:27 -0400; time-start 265550.240207211; maxWall 8640000.0
now 2026-07-15 23:25:18 -0400; start 2026-07-12 21:39:27 -0400; time-start 265550.240269822; maxWall 8640000.0
now 2026-07-15 23:25:18 -0400; start 2026-07-12 21:39:27 -0400; time-start 265550.240303353; maxWall 8640000.0
now 2026-07-15 23:25:18 -0400; start 2026-07-12 21:39:27 -0400; time-start 265550.240334152; maxWall 8640000.0
now 2026-07-15 23:25:18 -0400; start 2026-07-12 21:39:27 -0400; time-start 265550.240365787; maxWall 8640000.0
    Changing ["pm: 0.05->0.1"], evaluating ...
getAlgoResultsForInstsAndParams.
  Trial 1 for calling: bash NSGA2.sh instance_param3.dat "" 1000000000.0000001 2147483647 1313848922 -pc 0.5 -pm 0.1 > /tmp/tmp-2026-07-1523:25:18-0.4399566650390625
Executing cmd: bash NSGA2.sh instance_param3.dat "" 1000000000.0000001 2147483647 1313848922 -pc 0.5 -pm 0.1 > /tmp/tmp-2026-07-1523:25:18-0.4399566650390625
Result: instance_param3.dat, 0, -705.56, 0, 1313848922
now 2026-07-15 23:25:18 -0400; start 2026-07-12 21:39:27 -0400; time-start 265550.321875746; maxWall 8640000.0
getAlgoResultsForInstsAndParams.
  Trial 1 for calling: bash NSGA2.sh instance_prob2.dat "" 1000000000.0000001 2147483647 557599983 -pc 0.5 -pm 0.1 > /tmp/tmp-2026-07-1523:25:18-0.2681717872619629
Executing cmd: bash NSGA2.sh instance_prob2.dat "" 1000000000.0000001 2147483647 557599983 -pc 0.5 -pm 0.1 > /tmp/tmp-2026-07-1523:25:18-0.2681717872619629
Result: instance_prob2.dat, 0, -695.75, 0, 557599983
now 2026-07-15 23:30:39 -0400; start 2026-07-12 21:39:27 -0400; time-start 265871.752744885; maxWall 8640000.0
getAlgoResultsForInstsAndParams.
  Trial 1 for calling: bash NSGA2.sh instance_param2.dat "" 1000000000.0000001 2147483647 789000552 -pc 0.5 -pm 0.1 > /tmp/tmp-2026-07-1523:30:39-0.329575777053833
Executing cmd: bash NSGA2.sh instance_param2.dat "" 1000000000.0000001 2147483647 789000552 -pc 0.5 -pm 0.1 > /tmp/tmp-2026-07-1523:30:39-0.329575777053833
Result: instance_param2.dat, 0, -717.59, 0, 789000552
now 2026-07-15 23:30:39 -0400; start 2026-07-12 21:39:27 -0400; time-start 265871.836161652; maxWall 8640000.0
getAlgoResultsForInstsAndParams.
  Trial 1 for calling: bash NSGA2.sh instance_prob1.dat "" 1000000000.0000001 2147483647 1764895294 -pc 0.5 -pm 0.1 > /tmp/tmp-2026-07-1523:30:39-0.07296347618103027
Executing cmd: bash NSGA2.sh instance_prob1.dat "" 1000000000.0000001 2147483647 1764895294 -pc 0.5 -pm 0.1 > /tmp/tmp-2026-07-1523:30:39-0.07296347618103027
Result: instance_prob1.dat, 0, -650.27, 0, 1764895294
now 2026-07-15 23:34:16 -0400; start 2026-07-12 21:39:27 -0400; time-start 266088.207848573; maxWall 8640000.0
getAlgoResultsForInstsAndParams.
  Trial 1 for calling: bash NSGA2.sh instance_param2.dat "" 1000000000.0000001 2147483647 149754666 -pc 0.5 -pm 0.1 > /tmp/tmp-2026-07-1523:34:16-0.5225687026977539
Executing cmd: bash NSGA2.sh instance_param2.dat "" 1000000000.0000001 2147483647 149754666 -pc 0.5 -pm 0.1 > /tmp/tmp-2026-07-1523:34:16-0.5225687026977539
Result: instance_param2.dat, 0, -717.59, 0, 149754666
now 2026-07-15 23:34:16 -0400; start 2026-07-12 21:39:27 -0400; time-start 266088.292002951; maxWall 8640000.0
getAlgoResultsForInstsAndParams.
  Trial 1 for calling: bash NSGA2.sh instance_prob3.dat "" 1000000000.0000001 2147483647 1523713353 -pc 0.5 -pm 0.1 > /tmp/tmp-2026-07-1523:34:16-0.5609970092773438
Executing cmd: bash NSGA2.sh instance_prob3.dat "" 1000000000.0000001 2147483647 1523713353 -pc 0.5 -pm 0.1 > /tmp/tmp-2026-07-1523:34:16-0.5609970092773438
Result: instance_prob3.dat, 0, -577.71, 0, 1523713353
now 2026-07-15 23:40:48 -0400; start 2026-07-12 21:39:27 -0400; time-start 266480.423709051; maxWall 8640000.0
getAlgoResultsForInstsAndParams.
  Trial 1 for calling: bash NSGA2.sh instance_prob4.dat "" 1000000000.0000001 2147483647 1868452773 -pc 0.5 -pm 0.1 > /tmp/tmp-2026-07-1523:40:48-0.025759220123291016
Executing cmd: bash NSGA2.sh instance_prob4.dat "" 1000000000.0000001 2147483647 1868452773 -pc 0.5 -pm 0.1 > /tmp/tmp-2026-07-1523:40:48-0.025759220123291016
Result: instance_prob4.dat, 0, -591.79, 0, 1868452773
now 2026-07-15 23:46:42 -0400; start 2026-07-12 21:39:27 -0400; time-start 266834.520459551; maxWall 8640000.0
getAlgoResultsForInstsAndParams.
  Trial 1 for calling: bash NSGA2.sh instance_prob2.dat "" 1000000000.0000001 2147483647 310084194 -pc 0.5 -pm 0.1 > /tmp/tmp-2026-07-1523:46:42-0.24582719802856445
Executing cmd: bash NSGA2.sh instance_prob2.dat "" 1000000000.0000001 2147483647 310084194 -pc 0.5 -pm 0.1 > /tmp/tmp-2026-07-1523:46:42-0.24582719802856445
Result: instance_prob2.dat, 0, -695.75, 0, 310084194
now 2026-07-15 23:51:25 -0400; start 2026-07-12 21:39:27 -0400; time-start 267117.973021889; maxWall 8640000.0
getAlgoResultsForInstsAndParams.
  Trial 1 for calling: bash NSGA2.sh instance_param1.dat "" 1000000000.0000001 2147483647 1927991028 -pc 0.5 -pm 0.1 > /tmp/tmp-2026-07-1523:51:25-0.2294541597366333
Executing cmd: bash NSGA2.sh instance_param1.dat "" 1000000000.0000001 2147483647 1927991028 -pc 0.5 -pm 0.1 > /tmp/tmp-2026-07-1523:51:25-0.2294541597366333
Result: instance_param1.dat, 0, -920.07, 0, 1927991028
now 2026-07-15 23:51:25 -0400; start 2026-07-12 21:39:27 -0400; time-start 267118.05790126; maxWall 8640000.0
getAlgoResultsForInstsAndParams.
  Trial 1 for calling: bash NSGA2.sh instance_param3.dat "" 1000000000.0000001 2147483647 13543025 -pc 0.5 -pm 0.1 > /tmp/tmp-2026-07-1523:51:25-0.19253742694854736
Executing cmd: bash NSGA2.sh instance_param3.dat "" 1000000000.0000001 2147483647 13543025 -pc 0.5 -pm 0.1 > /tmp/tmp-2026-07-1523:51:25-0.19253742694854736
Result: instance_param3.dat, 0, -705.56, 0, 13543025
now 2026-07-15 23:51:26 -0400; start 2026-07-12 21:39:27 -0400; time-start 267118.140912655; maxWall 8640000.0
getAlgoResultsForInstsAndParams.
  Trial 1 for calling: bash NSGA2.sh instance_param2.dat "" 1000000000.0000001 2147483647 1669015032 -pc 0.5 -pm 0.1 > /tmp/tmp-2026-07-1523:51:26-0.3482646942138672
Executing cmd: bash NSGA2.sh instance_param2.dat "" 1000000000.0000001 2147483647 1669015032 -pc 0.5 -pm 0.1 > /tmp/tmp-2026-07-1523:51:26-0.3482646942138672
Result: instance_param2.dat, 0, -717.59, 0, 1669015032
now 2026-07-15 23:51:26 -0400; start 2026-07-12 21:39:27 -0400; time-start 267118.225091486; maxWall 8640000.0
getAlgoResultsForInstsAndParams.
  Trial 1 for calling: bash NSGA2.sh instance_param1.dat "" 1000000000.0000001 2147483647 1186378232 -pc 0.5 -pm 0.1 > /tmp/tmp-2026-07-1523:51:26-0.13337230682373047
Executing cmd: bash NSGA2.sh instance_param1.dat "" 1000000000.0000001 2147483647 1186378232 -pc 0.5 -pm 0.1 > /tmp/tmp-2026-07-1523:51:26-0.13337230682373047
Result: instance_param1.dat, 0, -920.07, 0, 1186378232
now 2026-07-15 23:51:26 -0400; start 2026-07-12 21:39:27 -0400; time-start 267118.307438929; maxWall 8640000.0
getAlgoResultsForInstsAndParams.
  Trial 1 for calling: bash NSGA2.sh instance_prob2.dat "" 1000000000.0000001 2147483647 1865128741 -pc 0.5 -pm 0.1 > /tmp/tmp-2026-07-1523:51:26-0.8088479042053223
Executing cmd: bash NSGA2.sh instance_prob2.dat "" 1000000000.0000001 2147483647 1865128741 -pc 0.5 -pm 0.1 > /tmp/tmp-2026-07-1523:51:26-0.8088479042053223
Result: instance_prob2.dat, 0, -695.75, 0, 1865128741
now 2026-07-15 23:56:06 -0400; start 2026-07-12 21:39:27 -0400; time-start 267398.390393801; maxWall 8640000.0
getAlgoResultsForInstsAndParams.
  Trial 1 for calling: bash NSGA2.sh instance_prob1.dat "" 1000000000.0000001 2147483647 792652207 -pc 0.5 -pm 0.1 > /tmp/tmp-2026-07-1523:56:06-0.6239609718322754
Executing cmd: bash NSGA2.sh instance_prob1.dat "" 1000000000.0000001 2147483647 792652207 -pc 0.5 -pm 0.1 > /tmp/tmp-2026-07-1523:56:06-0.6239609718322754
Result: instance_prob1.dat, 0, -650.27, 0, 792652207
now 2026-07-15 23:59:42 -0400; start 2026-07-12 21:39:27 -0400; time-start 267614.95362505; maxWall 8640000.0
getAlgoResultsForInstsAndParams.
  Trial 1 for calling: bash NSGA2.sh instance_prob3.dat "" 1000000000.0000001 2147483647 1591543198 -pc 0.5 -pm 0.1 > /tmp/tmp-2026-07-1523:59:42-0.10078155994415283
Executing cmd: bash NSGA2.sh instance_prob3.dat "" 1000000000.0000001 2147483647 1591543198 -pc 0.5 -pm 0.1 > /tmp/tmp-2026-07-1523:59:42-0.10078155994415283
Result: instance_prob3.dat, 0, -577.71, 0, 1591543198
now 2026-07-16 00:05:19 -0400; start 2026-07-12 21:39:27 -0400; time-start 267951.567318083; maxWall 8640000.0
getAlgoResultsForInstsAndParams.
  Trial 1 for calling: bash NSGA2.sh instance_prob4.dat "" 1000000000.0000001 2147483647 1998353460 -pc 0.5 -pm 0.1 > /tmp/tmp-2026-07-1600:05:19-0.025347471237182617
Executing cmd: bash NSGA2.sh instance_prob4.dat "" 1000000000.0000001 2147483647 1998353460 -pc 0.5 -pm 0.1 > /tmp/tmp-2026-07-1600:05:19-0.025347471237182617
Result: instance_prob4.dat, 0, -591.79, 0, 1998353460
now 2026-07-16 00:11:55 -0400; start 2026-07-12 21:39:27 -0400; time-start 268347.32322468; maxWall 8640000.0
getAlgoResultsForInstsAndParams.
  Trial 1 for calling: bash NSGA2.sh instance_param3.dat "" 1000000000.0000001 2147483647 998783798 -pc 0.5 -pm 0.1 > /tmp/tmp-2026-07-1600:11:55-0.8864426612854004
Executing cmd: bash NSGA2.sh instance_param3.dat "" 1000000000.0000001 2147483647 998783798 -pc 0.5 -pm 0.1 > /tmp/tmp-2026-07-1600:11:55-0.8864426612854004
Result: instance_param3.dat, 0, -705.56, 0, 998783798
now 2026-07-16 00:11:55 -0400; start 2026-07-12 21:39:27 -0400; time-start 268347.410497626; maxWall 8640000.0
getAlgoResultsForInstsAndParams.
  Trial 1 for calling: bash NSGA2.sh instance_prob2.dat "" 1000000000.0000001 2147483647 1593267606 -pc 0.5 -pm 0.1 > /tmp/tmp-2026-07-1600:11:55-0.4950523376464844
Executing cmd: bash NSGA2.sh instance_prob2.dat "" 1000000000.0000001 2147483647 1593267606 -pc 0.5 -pm 0.1 > /tmp/tmp-2026-07-1600:11:55-0.4950523376464844
Result: instance_prob2.dat, 0, -695.75, 0, 1593267606
now 2026-07-16 00:16:09 -0400; start 2026-07-12 21:39:27 -0400; time-start 268601.362629847; maxWall 8640000.0
getAlgoResultsForInstsAndParams.
  Trial 1 for calling: bash NSGA2.sh instance_prob4.dat "" 1000000000.0000001 2147483647 769705430 -pc 0.5 -pm 0.1 > /tmp/tmp-2026-07-1600:16:09-0.03502988815307617
Executing cmd: bash NSGA2.sh instance_prob4.dat "" 1000000000.0000001 2147483647 769705430 -pc 0.5 -pm 0.1 > /tmp/tmp-2026-07-1600:16:09-0.03502988815307617
Result: instance_prob4.dat, 0, -591.79, 0, 769705430
now 2026-07-16 00:22:07 -0400; start 2026-07-12 21:39:27 -0400; time-start 268959.468501997; maxWall 8640000.0
getAlgoResultsForInstsAndParams.
  Trial 1 for calling: bash NSGA2.sh instance_param3.dat "" 1000000000.0000001 2147483647 1967747329 -pc 0.5 -pm 0.1 > /tmp/tmp-2026-07-1600:22:07-0.037169456481933594
Executing cmd: bash NSGA2.sh instance_param3.dat "" 1000000000.0000001 2147483647 1967747329 -pc 0.5 -pm 0.1 > /tmp/tmp-2026-07-1600:22:07-0.037169456481933594
Result: instance_param3.dat, 0, -705.56, 0, 1967747329
          -> Take improving step to neighbour pc=0.5 pm=0.1 (-692.2121212121212 [based on 66 runs with cutoff 1000000000.0]) with flip 81

          
============= Performing 1 bonus runs of state: pc=0.5 pm=0.1 (-692.2121212121212 [based on 66 runs with cutoff 1000000000.0]) ============ 

now 2026-07-16 00:22:07 -0400; start 2026-07-12 21:39:27 -0400; time-start 268959.554008988; maxWall 8640000.0
State wants more detail (66+1) than incumbent (66), doing incumbent first:
pc=0.5 pm=0.1 (-692.2121212121212 [based on 66 runs with cutoff 1000000000.0])
pc=0.95 pm=0.5 (-692.2121212121212 [based on 66 runs with cutoff 1000000000.0])
getAlgoResultsForInstsAndParams.
  Trial 1 for calling: bash NSGA2.sh instance_prob3.dat "" 1000000000.0000001 2147483647 1382366317 -pc 0.95 -pm 0.5 > /tmp/tmp-2026-07-1600:22:07-0.7977137565612793
Executing cmd: bash NSGA2.sh instance_prob3.dat "" 1000000000.0000001 2147483647 1382366317 -pc 0.95 -pm 0.5 > /tmp/tmp-2026-07-1600:22:07-0.7977137565612793
Result: instance_prob3.dat, 0, -577.71, 0, 1382366317
 Same incumbent, new precision:
New Incumbent: 118.09999999999756, -690.4925373134329 [67, 1000000000.0]. With state pc=0.95, pm=0.5
getAlgoResultsForInstsAndParams.
  Trial 1 for calling: bash NSGA2.sh instance_prob3.dat "" 1000000000.0000001 2147483647 1382366317 -pc 0.5 -pm 0.1 > /tmp/tmp-2026-07-1600:34:51-0.555617094039917
Executing cmd: bash NSGA2.sh instance_prob3.dat "" 1000000000.0000001 2147483647 1382366317 -pc 0.5 -pm 0.1 > /tmp/tmp-2026-07-1600:34:51-0.555617094039917
Result: instance_prob3.dat, 0, -577.71, 0, 1382366317
          -> After 1 bonus runs: pc=0.5 pm=0.1 (-690.4925373134329 [based on 67 runs with cutoff 1000000000.0])

now 2026-07-16 00:40:44 -0400; start 2026-07-12 21:39:27 -0400; time-start 270076.610468705; maxWall 8640000.0
now 2026-07-16 00:40:44 -0400; start 2026-07-12 21:39:27 -0400; time-start 270076.61054223; maxWall 8640000.0
now 2026-07-16 00:40:44 -0400; start 2026-07-12 21:39:27 -0400; time-start 270076.610608215; maxWall 8640000.0
now 2026-07-16 00:40:44 -0400; start 2026-07-12 21:39:27 -0400; time-start 270076.610643369; maxWall 8640000.0
    Changing ["pc: 0.5->0.25"], evaluating ...
getAlgoResultsForInstsAndParams.
  Trial 1 for calling: bash NSGA2.sh instance_prob2.dat "" 1000000000.0000001 2147483647 1865128741 -pc 0.25 -pm 0.1 > /tmp/tmp-2026-07-1600:40:44-0.9984080791473389
Executing cmd: bash NSGA2.sh instance_prob2.dat "" 1000000000.0000001 2147483647 1865128741 -pc 0.25 -pm 0.1 > /tmp/tmp-2026-07-1600:40:44-0.9984080791473389
Result: instance_prob2.dat, 0, -695.75, 0, 1865128741
now 2026-07-16 00:45:18 -0400; start 2026-07-12 21:39:27 -0400; time-start 270350.804457326; maxWall 8640000.0
getAlgoResultsForInstsAndParams.
  Trial 1 for calling: bash NSGA2.sh instance_prob1.dat "" 1000000000.0000001 2147483647 792652207 -pc 0.25 -pm 0.1 > /tmp/tmp-2026-07-1600:45:18-0.44635605812072754
Executing cmd: bash NSGA2.sh instance_prob1.dat "" 1000000000.0000001 2147483647 792652207 -pc 0.25 -pm 0.1 > /tmp/tmp-2026-07-1600:45:18-0.44635605812072754
Result: instance_prob1.dat, 0, -650.27, 0, 792652207
now 2026-07-16 00:48:48 -0400; start 2026-07-12 21:39:27 -0400; time-start 270560.801981728; maxWall 8640000.0
getAlgoResultsForInstsAndParams.
  Trial 1 for calling: bash NSGA2.sh instance_prob3.dat "" 1000000000.0000001 2147483647 1591543198 -pc 0.25 -pm 0.1 > /tmp/tmp-2026-07-1600:48:48-0.3366093635559082
Executing cmd: bash NSGA2.sh instance_prob3.dat "" 1000000000.0000001 2147483647 1591543198 -pc 0.25 -pm 0.1 > /tmp/tmp-2026-07-1600:48:48-0.3366093635559082
Result: instance_prob3.dat, 0, -577.71, 0, 1591543198
now 2026-07-16 00:54:32 -0400; start 2026-07-12 21:39:27 -0400; time-start 270904.135021447; maxWall 8640000.0
getAlgoResultsForInstsAndParams.
  Trial 1 for calling: bash NSGA2.sh instance_prob4.dat "" 1000000000.0000001 2147483647 1998353460 -pc 0.25 -pm 0.1 > /tmp/tmp-2026-07-1600:54:32-0.3307609558105469
Executing cmd: bash NSGA2.sh instance_prob4.dat "" 1000000000.0000001 2147483647 1998353460 -pc 0.25 -pm 0.1 > /tmp/tmp-2026-07-1600:54:32-0.3307609558105469
Result: instance_prob4.dat, 0, -591.79, 0, 1998353460
now 2026-07-16 01:00:09 -0400; start 2026-07-12 21:39:27 -0400; time-start 271241.880034689; maxWall 8640000.0
getAlgoResultsForInstsAndParams.
  Trial 1 for calling: bash NSGA2.sh instance_param3.dat "" 1000000000.0000001 2147483647 998783798 -pc 0.25 -pm 0.1 > /tmp/tmp-2026-07-1601:00:09-0.8679287433624268
Executing cmd: bash NSGA2.sh instance_param3.dat "" 1000000000.0000001 2147483647 998783798 -pc 0.25 -pm 0.1 > /tmp/tmp-2026-07-1601:00:09-0.8679287433624268
Result: instance_param3.dat, 0, -705.56, 0, 998783798
now 2026-07-16 01:00:09 -0400; start 2026-07-12 21:39:27 -0400; time-start 271241.96749737; maxWall 8640000.0
getAlgoResultsForInstsAndParams.
  Trial 1 for calling: bash NSGA2.sh instance_prob2.dat "" 1000000000.0000001 2147483647 1593267606 -pc 0.25 -pm 0.1 > /tmp/tmp-2026-07-1601:00:09-0.70841383934021
Executing cmd: bash NSGA2.sh instance_prob2.dat "" 1000000000.0000001 2147483647 1593267606 -pc 0.25 -pm 0.1 > /tmp/tmp-2026-07-1601:00:09-0.70841383934021
Result: instance_prob2.dat, 0, -695.75, 0, 1593267606
now 2026-07-16 01:04:37 -0400; start 2026-07-12 21:39:27 -0400; time-start 271509.264143217; maxWall 8640000.0
getAlgoResultsForInstsAndParams.
  Trial 1 for calling: bash NSGA2.sh instance_prob4.dat "" 1000000000.0000001 2147483647 769705430 -pc 0.25 -pm 0.1 > /tmp/tmp-2026-07-1601:04:37-0.8785400390625
Executing cmd: bash NSGA2.sh instance_prob4.dat "" 1000000000.0000001 2147483647 769705430 -pc 0.25 -pm 0.1 > /tmp/tmp-2026-07-1601:04:37-0.8785400390625
Result: instance_prob4.dat, 0, -591.79, 0, 769705430
now 2026-07-16 01:10:08 -0400; start 2026-07-12 21:39:27 -0400; time-start 271840.213510435; maxWall 8640000.0
getAlgoResultsForInstsAndParams.
  Trial 1 for calling: bash NSGA2.sh instance_param3.dat "" 1000000000.0000001 2147483647 1967747329 -pc 0.25 -pm 0.1 > /tmp/tmp-2026-07-1601:10:08-0.5362176895141602
Executing cmd: bash NSGA2.sh instance_param3.dat "" 1000000000.0000001 2147483647 1967747329 -pc 0.25 -pm 0.1 > /tmp/tmp-2026-07-1601:10:08-0.5362176895141602
Result: instance_param3.dat, 0, -705.56, 0, 1967747329
now 2026-07-16 01:10:08 -0400; start 2026-07-12 21:39:27 -0400; time-start 271840.274957987; maxWall 8640000.0
getAlgoResultsForInstsAndParams.
  Trial 1 for calling: bash NSGA2.sh instance_prob3.dat "" 1000000000.0000001 2147483647 1382366317 -pc 0.25 -pm 0.1 > /tmp/tmp-2026-07-1601:10:08-0.2025890350341797
Executing cmd: bash NSGA2.sh instance_prob3.dat "" 1000000000.0000001 2147483647 1382366317 -pc 0.25 -pm 0.1 > /tmp/tmp-2026-07-1601:10:08-0.2025890350341797
Result: instance_prob3.dat, 0, -577.71, 0, 1382366317
          -> Take improving step to neighbour pc=0.25 pm=0.1 (-690.4925373134329 [based on 67 runs with cutoff 1000000000.0]) with flip 82

          
============= Performing 1 bonus runs of state: pc=0.25 pm=0.1 (-690.4925373134329 [based on 67 runs with cutoff 1000000000.0]) ============ 

now 2026-07-16 01:16:06 -0400; start 2026-07-12 21:39:27 -0400; time-start 272198.95968333; maxWall 8640000.0
State wants more detail (67+1) than incumbent (67), doing incumbent first:
pc=0.25 pm=0.1 (-690.4925373134329 [based on 67 runs with cutoff 1000000000.0])
pc=0.95 pm=0.5 (-690.4925373134329 [based on 67 runs with cutoff 1000000000.0])
getAlgoResultsForInstsAndParams.
  Trial 1 for calling: bash NSGA2.sh instance_param1.dat "" 1000000000.0000001 2147483647 2022633737 -pc 0.95 -pm 0.5 > /tmp/tmp-2026-07-1601:16:06-0.5363006591796875
Executing cmd: bash NSGA2.sh instance_param1.dat "" 1000000000.0000001 2147483647 2022633737 -pc 0.95 -pm 0.5 > /tmp/tmp-2026-07-1601:16:06-0.5363006591796875
Result: instance_param1.dat, 0, -920.07, 0, 2022633737
 Same incumbent, new precision:
New Incumbent: 119.1999999999975, -693.8676470588235 [68, 1000000000.0]. With state pc=0.95, pm=0.5
getAlgoResultsForInstsAndParams.
  Trial 1 for calling: bash NSGA2.sh instance_param1.dat "" 1000000000.0000001 2147483647 2022633737 -pc 0.25 -pm 0.1 > /tmp/tmp-2026-07-1601:16:06-0.15327215194702148
Executing cmd: bash NSGA2.sh instance_param1.dat "" 1000000000.0000001 2147483647 2022633737 -pc 0.25 -pm 0.1 > /tmp/tmp-2026-07-1601:16:06-0.15327215194702148
Result: instance_param1.dat, 0, -920.07, 0, 2022633737
          -> After 1 bonus runs: pc=0.25 pm=0.1 (-693.8676470588235 [based on 68 runs with cutoff 1000000000.0])

now 2026-07-16 01:16:07 -0400; start 2026-07-12 21:39:27 -0400; time-start 272199.130966373; maxWall 8640000.0
now 2026-07-16 01:16:07 -0400; start 2026-07-12 21:39:27 -0400; time-start 272199.131124264; maxWall 8640000.0
    Changing ["pc: 0.25->0.6"], evaluating ...
getAlgoResultsForInstsAndParams.
  Trial 1 for calling: bash NSGA2.sh instance_prob4.dat "" 1000000000.0000001 2147483647 769705430 -pc 0.6 -pm 0.1 > /tmp/tmp-2026-07-1601:16:07-0.7078475952148438
Executing cmd: bash NSGA2.sh instance_prob4.dat "" 1000000000.0000001 2147483647 769705430 -pc 0.6 -pm 0.1 > /tmp/tmp-2026-07-1601:16:07-0.7078475952148438
Result: instance_prob4.dat, 0, -591.79, 0, 769705430
now 2026-07-16 01:21:52 -0400; start 2026-07-12 21:39:27 -0400; time-start 272544.54401429; maxWall 8640000.0
getAlgoResultsForInstsAndParams.
  Trial 1 for calling: bash NSGA2.sh instance_param3.dat "" 1000000000.0000001 2147483647 1967747329 -pc 0.6 -pm 0.1 > /tmp/tmp-2026-07-1601:21:52-0.9122824668884277
Executing cmd: bash NSGA2.sh instance_param3.dat "" 1000000000.0000001 2147483647 1967747329 -pc 0.6 -pm 0.1 > /tmp/tmp-2026-07-1601:21:52-0.9122824668884277
Result: instance_param3.dat, 0, -705.56, 0, 1967747329
now 2026-07-16 01:21:52 -0400; start 2026-07-12 21:39:27 -0400; time-start 272544.630695628; maxWall 8640000.0
getAlgoResultsForInstsAndParams.
  Trial 1 for calling: bash NSGA2.sh instance_prob3.dat "" 1000000000.0000001 2147483647 1382366317 -pc 0.6 -pm 0.1 > /tmp/tmp-2026-07-1601:21:52-0.8515596389770508
Executing cmd: bash NSGA2.sh instance_prob3.dat "" 1000000000.0000001 2147483647 1382366317 -pc 0.6 -pm 0.1 > /tmp/tmp-2026-07-1601:21:52-0.8515596389770508
Result: instance_prob3.dat, 0, -577.71, 0, 1382366317
now 2026-07-16 01:27:58 -0400; start 2026-07-12 21:39:27 -0400; time-start 272910.524837061; maxWall 8640000.0
getAlgoResultsForInstsAndParams.
  Trial 1 for calling: bash NSGA2.sh instance_param1.dat "" 1000000000.0000001 2147483647 2022633737 -pc 0.6 -pm 0.1 > /tmp/tmp-2026-07-1601:27:58-0.03239560127258301
Executing cmd: bash NSGA2.sh instance_param1.dat "" 1000000000.0000001 2147483647 2022633737 -pc 0.6 -pm 0.1 > /tmp/tmp-2026-07-1601:27:58-0.03239560127258301
Result: instance_param1.dat, 0, -920.07, 0, 2022633737
          -> Take improving step to neighbour pc=0.6 pm=0.1 (-693.8676470588235 [based on 68 runs with cutoff 1000000000.0]) with flip 83

          
============= Performing 1 bonus runs of state: pc=0.6 pm=0.1 (-693.8676470588235 [based on 68 runs with cutoff 1000000000.0]) ============ 

now 2026-07-16 01:27:58 -0400; start 2026-07-12 21:39:27 -0400; time-start 272910.607772336; maxWall 8640000.0
State wants more detail (68+1) than incumbent (68), doing incumbent first:
pc=0.6 pm=0.1 (-693.8676470588235 [based on 68 runs with cutoff 1000000000.0])
pc=0.95 pm=0.5 (-693.8676470588235 [based on 68 runs with cutoff 1000000000.0])
getAlgoResultsForInstsAndParams.
  Trial 1 for calling: bash NSGA2.sh instance_prob1.dat "" 1000000000.0000001 2147483647 30692456 -pc 0.95 -pm 0.5 > /tmp/tmp-2026-07-1601:27:58-0.6581790447235107
Executing cmd: bash NSGA2.sh instance_prob1.dat "" 1000000000.0000001 2147483647 30692456 -pc 0.95 -pm 0.5 > /tmp/tmp-2026-07-1601:27:58-0.6581790447235107
Result: instance_prob1.dat, 0, -650.27, 0, 30692456
 Same incumbent, new precision:
New Incumbent: 119.79999999999747, -693.231884057971 [69, 1000000000.0]. With state pc=0.95, pm=0.5
getAlgoResultsForInstsAndParams.
  Trial 1 for calling: bash NSGA2.sh instance_prob1.dat "" 1000000000.0000001 2147483647 30692456 -pc 0.6 -pm 0.1 > /tmp/tmp-2026-07-1601:34:09-0.9242876768112183
Executing cmd: bash NSGA2.sh instance_prob1.dat "" 1000000000.0000001 2147483647 30692456 -pc 0.6 -pm 0.1 > /tmp/tmp-2026-07-1601:34:09-0.9242876768112183
Result: instance_prob1.dat, 0, -650.27, 0, 30692456
          -> After 1 bonus runs: pc=0.6 pm=0.1 (-693.231884057971 [based on 69 runs with cutoff 1000000000.0])

now 2026-07-16 01:38:13 -0400; start 2026-07-12 21:39:27 -0400; time-start 273525.285103653; maxWall 8640000.0
now 2026-07-16 01:38:13 -0400; start 2026-07-12 21:39:27 -0400; time-start 273525.28517814; maxWall 8640000.0
now 2026-07-16 01:38:13 -0400; start 2026-07-12 21:39:27 -0400; time-start 273525.28524695; maxWall 8640000.0
now 2026-07-16 01:38:13 -0400; start 2026-07-12 21:39:27 -0400; time-start 273525.285280734; maxWall 8640000.0
    Changing ["pc: 0.6->0.8"], evaluating ...
getAlgoResultsForInstsAndParams.
  Trial 1 for calling: bash NSGA2.sh instance_prob3.dat "" 1000000000.0000001 2147483647 1591543198 -pc 0.8 -pm 0.1 > /tmp/tmp-2026-07-1601:38:13-0.22359275817871094
Executing cmd: bash NSGA2.sh instance_prob3.dat "" 1000000000.0000001 2147483647 1591543198 -pc 0.8 -pm 0.1 > /tmp/tmp-2026-07-1601:38:13-0.22359275817871094
Result: instance_prob3.dat, 0, -577.71, 0, 1591543198
now 2026-07-16 01:44:38 -0400; start 2026-07-12 21:39:27 -0400; time-start 273910.723435333; maxWall 8640000.0
getAlgoResultsForInstsAndParams.
  Trial 1 for calling: bash NSGA2.sh instance_prob4.dat "" 1000000000.0000001 2147483647 1998353460 -pc 0.8 -pm 0.1 > /tmp/tmp-2026-07-1601:44:38-0.5032329559326172
Executing cmd: bash NSGA2.sh instance_prob4.dat "" 1000000000.0000001 2147483647 1998353460 -pc 0.8 -pm 0.1 > /tmp/tmp-2026-07-1601:44:38-0.5032329559326172
Result: instance_prob4.dat, 0, -591.79, 0, 1998353460
now 2026-07-16 01:50:51 -0400; start 2026-07-12 21:39:27 -0400; time-start 274284.040238322; maxWall 8640000.0
getAlgoResultsForInstsAndParams.
  Trial 1 for calling: bash NSGA2.sh instance_param3.dat "" 1000000000.0000001 2147483647 998783798 -pc 0.8 -pm 0.1 > /tmp/tmp-2026-07-1601:50:51-0.3629530668258667
Executing cmd: bash NSGA2.sh instance_param3.dat "" 1000000000.0000001 2147483647 998783798 -pc 0.8 -pm 0.1 > /tmp/tmp-2026-07-1601:50:51-0.3629530668258667
Result: instance_param3.dat, 0, -705.56, 0, 998783798
now 2026-07-16 01:50:52 -0400; start 2026-07-12 21:39:27 -0400; time-start 274284.12704707; maxWall 8640000.0
getAlgoResultsForInstsAndParams.
  Trial 1 for calling: bash NSGA2.sh instance_prob2.dat "" 1000000000.0000001 2147483647 1593267606 -pc 0.8 -pm 0.1 > /tmp/tmp-2026-07-1601:50:52-0.3287239074707031
Executing cmd: bash NSGA2.sh instance_prob2.dat "" 1000000000.0000001 2147483647 1593267606 -pc 0.8 -pm 0.1 > /tmp/tmp-2026-07-1601:50:52-0.3287239074707031
Result: instance_prob2.dat, 0, -695.75, 0, 1593267606
now 2026-07-16 01:55:29 -0400; start 2026-07-12 21:39:27 -0400; time-start 274561.692584842; maxWall 8640000.0
getAlgoResultsForInstsAndParams.
  Trial 1 for calling: bash NSGA2.sh instance_prob4.dat "" 1000000000.0000001 2147483647 769705430 -pc 0.8 -pm 0.1 > /tmp/tmp-2026-07-1601:55:29-0.12329411506652832
Executing cmd: bash NSGA2.sh instance_prob4.dat "" 1000000000.0000001 2147483647 769705430 -pc 0.8 -pm 0.1 > /tmp/tmp-2026-07-1601:55:29-0.12329411506652832
Result: instance_prob4.dat, 0, -591.79, 0, 769705430
now 2026-07-16 02:01:29 -0400; start 2026-07-12 21:39:27 -0400; time-start 274921.367030086; maxWall 8640000.0
getAlgoResultsForInstsAndParams.
  Trial 1 for calling: bash NSGA2.sh instance_param3.dat "" 1000000000.0000001 2147483647 1967747329 -pc 0.8 -pm 0.1 > /tmp/tmp-2026-07-1602:01:29-0.5490078926086426
Executing cmd: bash NSGA2.sh instance_param3.dat "" 1000000000.0000001 2147483647 1967747329 -pc 0.8 -pm 0.1 > /tmp/tmp-2026-07-1602:01:29-0.5490078926086426
Result: instance_param3.dat, 0, -705.56, 0, 1967747329
now 2026-07-16 02:01:29 -0400; start 2026-07-12 21:39:27 -0400; time-start 274921.451518965; maxWall 8640000.0
getAlgoResultsForInstsAndParams.
  Trial 1 for calling: bash NSGA2.sh instance_prob3.dat "" 1000000000.0000001 2147483647 1382366317 -pc 0.8 -pm 0.1 > /tmp/tmp-2026-07-1602:01:29-0.11620807647705078
Executing cmd: bash NSGA2.sh instance_prob3.dat "" 1000000000.0000001 2147483647 1382366317 -pc 0.8 -pm 0.1 > /tmp/tmp-2026-07-1602:01:29-0.11620807647705078
Result: instance_prob3.dat, 0, -577.71, 0, 1382366317
now 2026-07-16 02:07:28 -0400; start 2026-07-12 21:39:27 -0400; time-start 275280.503012486; maxWall 8640000.0
getAlgoResultsForInstsAndParams.
  Trial 1 for calling: bash NSGA2.sh instance_param1.dat "" 1000000000.0000001 2147483647 2022633737 -pc 0.8 -pm 0.1 > /tmp/tmp-2026-07-1602:07:28-0.939976692199707
Executing cmd: bash NSGA2.sh instance_param1.dat "" 1000000000.0000001 2147483647 2022633737 -pc 0.8 -pm 0.1 > /tmp/tmp-2026-07-1602:07:28-0.939976692199707
Result: instance_param1.dat, 0, -920.07, 0, 2022633737
1207/100000, 120.69999999999742/100000000.0
now 2026-07-16 02:07:28 -0400; start 2026-07-12 21:39:27 -0400; time-start 275280.580091651; maxWall 8640000.0
getAlgoResultsForInstsAndParams.
  Trial 1 for calling: bash NSGA2.sh instance_prob1.dat "" 1000000000.0000001 2147483647 30692456 -pc 0.8 -pm 0.1 > /tmp/tmp-2026-07-1602:07:28-0.17427730560302734
Executing cmd: bash NSGA2.sh instance_prob1.dat "" 1000000000.0000001 2147483647 30692456 -pc 0.8 -pm 0.1 > /tmp/tmp-2026-07-1602:07:28-0.17427730560302734
Result: instance_prob1.dat, 0, -650.27, 0, 30692456
          -> Take improving step to neighbour pc=0.8 pm=0.1 (-693.231884057971 [based on 69 runs with cutoff 1000000000.0]) with flip 84

          
============= Performing 1 bonus runs of state: pc=0.8 pm=0.1 (-693.231884057971 [based on 69 runs with cutoff 1000000000.0]) ============ 

now 2026-07-16 02:11:28 -0400; start 2026-07-12 21:39:27 -0400; time-start 275521.029130712; maxWall 8640000.0
State wants more detail (69+1) than incumbent (69), doing incumbent first:
pc=0.8 pm=0.1 (-693.231884057971 [based on 69 runs with cutoff 1000000000.0])
pc=0.95 pm=0.5 (-693.231884057971 [based on 69 runs with cutoff 1000000000.0])
getAlgoResultsForInstsAndParams.
  Trial 1 for calling: bash NSGA2.sh instance_param2.dat "" 1000000000.0000001 2147483647 829560014 -pc 0.95 -pm 0.5 > /tmp/tmp-2026-07-1602:11:28-0.748930811882019
Executing cmd: bash NSGA2.sh instance_param2.dat "" 1000000000.0000001 2147483647 829560014 -pc 0.95 -pm 0.5 > /tmp/tmp-2026-07-1602:11:28-0.748930811882019
Result: instance_param2.dat, 0, -717.59, 0, 829560014
 Same incumbent, new precision:
New Incumbent: 120.8999999999974, -693.5714285714286 [70, 1000000000.0]. With state pc=0.95, pm=0.5
getAlgoResultsForInstsAndParams.
  Trial 1 for calling: bash NSGA2.sh instance_param2.dat "" 1000000000.0000001 2147483647 829560014 -pc 0.8 -pm 0.1 > /tmp/tmp-2026-07-1602:11:29-0.3874473571777344
Executing cmd: bash NSGA2.sh instance_param2.dat "" 1000000000.0000001 2147483647 829560014 -pc 0.8 -pm 0.1 > /tmp/tmp-2026-07-1602:11:29-0.3874473571777344
Result: instance_param2.dat, 0, -717.59, 0, 829560014
          -> After 1 bonus runs: pc=0.8 pm=0.1 (-693.5714285714286 [based on 70 runs with cutoff 1000000000.0])

now 2026-07-16 02:11:29 -0400; start 2026-07-12 21:39:27 -0400; time-start 275521.192670412; maxWall 8640000.0
now 2026-07-16 02:11:29 -0400; start 2026-07-12 21:39:27 -0400; time-start 275521.192752324; maxWall 8640000.0
now 2026-07-16 02:11:29 -0400; start 2026-07-12 21:39:27 -0400; time-start 275521.192827049; maxWall 8640000.0
    Changing ["pc: 0.8->0.95"], evaluating ...
getAlgoResultsForInstsAndParams.
  Trial 1 for calling: bash NSGA2.sh instance_prob2.dat "" 1000000000.0000001 2147483647 557599983 -pc 0.95 -pm 0.1 > /tmp/tmp-2026-07-1602:11:29-0.35576915740966797
Executing cmd: bash NSGA2.sh instance_prob2.dat "" 1000000000.0000001 2147483647 557599983 -pc 0.95 -pm 0.1 > /tmp/tmp-2026-07-1602:11:29-0.35576915740966797
Result: instance_prob2.dat, 0, -695.75, 0, 557599983
now 2026-07-16 02:15:46 -0400; start 2026-07-12 21:39:27 -0400; time-start 275779.083978428; maxWall 8640000.0
getAlgoResultsForInstsAndParams.
  Trial 1 for calling: bash NSGA2.sh instance_param2.dat "" 1000000000.0000001 2147483647 789000552 -pc 0.95 -pm 0.1 > /tmp/tmp-2026-07-1602:15:46-0.6825590133666992
Executing cmd: bash NSGA2.sh instance_param2.dat "" 1000000000.0000001 2147483647 789000552 -pc 0.95 -pm 0.1 > /tmp/tmp-2026-07-1602:15:46-0.6825590133666992
Result: instance_param2.dat, 0, -717.59, 0, 789000552
now 2026-07-16 02:15:47 -0400; start 2026-07-12 21:39:27 -0400; time-start 275779.169985311; maxWall 8640000.0
getAlgoResultsForInstsAndParams.
  Trial 1 for calling: bash NSGA2.sh instance_prob1.dat "" 1000000000.0000001 2147483647 1764895294 -pc 0.95 -pm 0.1 > /tmp/tmp-2026-07-1602:15:47-0.9522514343261719
Executing cmd: bash NSGA2.sh instance_prob1.dat "" 1000000000.0000001 2147483647 1764895294 -pc 0.95 -pm 0.1 > /tmp/tmp-2026-07-1602:15:47-0.9522514343261719
Result: instance_prob1.dat, 0, -650.27, 0, 1764895294
now 2026-07-16 02:19:58 -0400; start 2026-07-12 21:39:27 -0400; time-start 276030.475959963; maxWall 8640000.0
getAlgoResultsForInstsAndParams.
  Trial 1 for calling: bash NSGA2.sh instance_param2.dat "" 1000000000.0000001 2147483647 149754666 -pc 0.95 -pm 0.1 > /tmp/tmp-2026-07-1602:19:58-0.4459986686706543
Executing cmd: bash NSGA2.sh instance_param2.dat "" 1000000000.0000001 2147483647 149754666 -pc 0.95 -pm 0.1 > /tmp/tmp-2026-07-1602:19:58-0.4459986686706543
Result: instance_param2.dat, 0, -717.59, 0, 149754666
now 2026-07-16 02:19:58 -0400; start 2026-07-12 21:39:27 -0400; time-start 276030.558973829; maxWall 8640000.0
getAlgoResultsForInstsAndParams.
  Trial 1 for calling: bash NSGA2.sh instance_prob3.dat "" 1000000000.0000001 2147483647 1523713353 -pc 0.95 -pm 0.1 > /tmp/tmp-2026-07-1602:19:58-0.8558521270751953
Executing cmd: bash NSGA2.sh instance_prob3.dat "" 1000000000.0000001 2147483647 1523713353 -pc 0.95 -pm 0.1 > /tmp/tmp-2026-07-1602:19:58-0.8558521270751953
Result: instance_prob3.dat, 0, -577.71, 0, 1523713353
now 2026-07-16 02:26:30 -0400; start 2026-07-12 21:39:27 -0400; time-start 276422.980554096; maxWall 8640000.0
getAlgoResultsForInstsAndParams.
  Trial 1 for calling: bash NSGA2.sh instance_prob4.dat "" 1000000000.0000001 2147483647 1868452773 -pc 0.95 -pm 0.1 > /tmp/tmp-2026-07-1602:26:30-0.04022109508514404
Executing cmd: bash NSGA2.sh instance_prob4.dat "" 1000000000.0000001 2147483647 1868452773 -pc 0.95 -pm 0.1 > /tmp/tmp-2026-07-1602:26:30-0.04022109508514404
Result: instance_prob4.dat, 0, -591.79, 0, 1868452773
now 2026-07-16 02:32:25 -0400; start 2026-07-12 21:39:27 -0400; time-start 276777.722416011; maxWall 8640000.0
getAlgoResultsForInstsAndParams.
  Trial 1 for calling: bash NSGA2.sh instance_prob2.dat "" 1000000000.0000001 2147483647 310084194 -pc 0.95 -pm 0.1 > /tmp/tmp-2026-07-1602:32:25-0.2688453197479248
Executing cmd: bash NSGA2.sh instance_prob2.dat "" 1000000000.0000001 2147483647 310084194 -pc 0.95 -pm 0.1 > /tmp/tmp-2026-07-1602:32:25-0.2688453197479248
Result: instance_prob2.dat, 0, -695.75, 0, 310084194
now 2026-07-16 02:37:04 -0400; start 2026-07-12 21:39:27 -0400; time-start 277056.562847547; maxWall 8640000.0
getAlgoResultsForInstsAndParams.
  Trial 1 for calling: bash NSGA2.sh instance_param1.dat "" 1000000000.0000001 2147483647 1927991028 -pc 0.95 -pm 0.1 > /tmp/tmp-2026-07-1602:37:04-0.6045818328857422
Executing cmd: bash NSGA2.sh instance_param1.dat "" 1000000000.0000001 2147483647 1927991028 -pc 0.95 -pm 0.1 > /tmp/tmp-2026-07-1602:37:04-0.6045818328857422
Result: instance_param1.dat, 0, -920.07, 0, 1927991028
now 2026-07-16 02:37:04 -0400; start 2026-07-12 21:39:27 -0400; time-start 277056.646170246; maxWall 8640000.0
getAlgoResultsForInstsAndParams.
  Trial 1 for calling: bash NSGA2.sh instance_param3.dat "" 1000000000.0000001 2147483647 13543025 -pc 0.95 -pm 0.1 > /tmp/tmp-2026-07-1602:37:04-0.9944522380828857
Executing cmd: bash NSGA2.sh instance_param3.dat "" 1000000000.0000001 2147483647 13543025 -pc 0.95 -pm 0.1 > /tmp/tmp-2026-07-1602:37:04-0.9944522380828857
Result: instance_param3.dat, 0, -705.56, 0, 13543025
now 2026-07-16 02:37:04 -0400; start 2026-07-12 21:39:27 -0400; time-start 277056.728678841; maxWall 8640000.0
getAlgoResultsForInstsAndParams.
  Trial 1 for calling: bash NSGA2.sh instance_param2.dat "" 1000000000.0000001 2147483647 1669015032 -pc 0.95 -pm 0.1 > /tmp/tmp-2026-07-1602:37:04-0.6474440097808838
Executing cmd: bash NSGA2.sh instance_param2.dat "" 1000000000.0000001 2147483647 1669015032 -pc 0.95 -pm 0.1 > /tmp/tmp-2026-07-1602:37:04-0.6474440097808838
Result: instance_param2.dat, 0, -717.59, 0, 1669015032
now 2026-07-16 02:37:04 -0400; start 2026-07-12 21:39:27 -0400; time-start 277056.813694776; maxWall 8640000.0
getAlgoResultsForInstsAndParams.
  Trial 1 for calling: bash NSGA2.sh instance_param1.dat "" 1000000000.0000001 2147483647 1186378232 -pc 0.95 -pm 0.1 > /tmp/tmp-2026-07-1602:37:04-0.643303632736206
Executing cmd: bash NSGA2.sh instance_param1.dat "" 1000000000.0000001 2147483647 1186378232 -pc 0.95 -pm 0.1 > /tmp/tmp-2026-07-1602:37:04-0.643303632736206
Result: instance_param1.dat, 0, -920.07, 0, 1186378232
now 2026-07-16 02:37:04 -0400; start 2026-07-12 21:39:27 -0400; time-start 277056.896432112; maxWall 8640000.0
getAlgoResultsForInstsAndParams.
  Trial 1 for calling: bash NSGA2.sh instance_prob2.dat "" 1000000000.0000001 2147483647 1865128741 -pc 0.95 -pm 0.1 > /tmp/tmp-2026-07-1602:37:04-0.6584856510162354
Executing cmd: bash NSGA2.sh instance_prob2.dat "" 1000000000.0000001 2147483647 1865128741 -pc 0.95 -pm 0.1 > /tmp/tmp-2026-07-1602:37:04-0.6584856510162354
Result: instance_prob2.dat, 0, -695.75, 0, 1865128741
now 2026-07-16 02:41:44 -0400; start 2026-07-12 21:39:27 -0400; time-start 277336.494766676; maxWall 8640000.0
getAlgoResultsForInstsAndParams.
  Trial 1 for calling: bash NSGA2.sh instance_prob1.dat "" 1000000000.0000001 2147483647 792652207 -pc 0.95 -pm 0.1 > /tmp/tmp-2026-07-1602:41:44-0.857975959777832
Executing cmd: bash NSGA2.sh instance_prob1.dat "" 1000000000.0000001 2147483647 792652207 -pc 0.95 -pm 0.1 > /tmp/tmp-2026-07-1602:41:44-0.857975959777832
Result: instance_prob1.dat, 0, -650.27, 0, 792652207
now 2026-07-16 02:45:28 -0400; start 2026-07-12 21:39:27 -0400; time-start 277560.26779586; maxWall 8640000.0
getAlgoResultsForInstsAndParams.
  Trial 1 for calling: bash NSGA2.sh instance_prob3.dat "" 1000000000.0000001 2147483647 1591543198 -pc 0.95 -pm 0.1 > /tmp/tmp-2026-07-1602:45:28-0.8412294387817383
Executing cmd: bash NSGA2.sh instance_prob3.dat "" 1000000000.0000001 2147483647 1591543198 -pc 0.95 -pm 0.1 > /tmp/tmp-2026-07-1602:45:28-0.8412294387817383
Result: instance_prob3.dat, 0, -577.71, 0, 1591543198
now 2026-07-16 02:51:47 -0400; start 2026-07-12 21:39:27 -0400; time-start 277940.055012154; maxWall 8640000.0
getAlgoResultsForInstsAndParams.
  Trial 1 for calling: bash NSGA2.sh instance_prob4.dat "" 1000000000.0000001 2147483647 1998353460 -pc 0.95 -pm 0.1 > /tmp/tmp-2026-07-1602:51:47-0.5295548439025879
Executing cmd: bash NSGA2.sh instance_prob4.dat "" 1000000000.0000001 2147483647 1998353460 -pc 0.95 -pm 0.1 > /tmp/tmp-2026-07-1602:51:47-0.5295548439025879
Result: instance_prob4.dat, 0, -591.79, 0, 1998353460
now 2026-07-16 02:57:48 -0400; start 2026-07-12 21:39:27 -0400; time-start 278300.776401932; maxWall 8640000.0
getAlgoResultsForInstsAndParams.
  Trial 1 for calling: bash NSGA2.sh instance_param3.dat "" 1000000000.0000001 2147483647 998783798 -pc 0.95 -pm 0.1 > /tmp/tmp-2026-07-1602:57:48-0.48514771461486816
Executing cmd: bash NSGA2.sh instance_param3.dat "" 1000000000.0000001 2147483647 998783798 -pc 0.95 -pm 0.1 > /tmp/tmp-2026-07-1602:57:48-0.48514771461486816
Result: instance_param3.dat, 0, -705.56, 0, 998783798
now 2026-07-16 02:57:48 -0400; start 2026-07-12 21:39:27 -0400; time-start 278300.858595365; maxWall 8640000.0
getAlgoResultsForInstsAndParams.
  Trial 1 for calling: bash NSGA2.sh instance_prob2.dat "" 1000000000.0000001 2147483647 1593267606 -pc 0.95 -pm 0.1 > /tmp/tmp-2026-07-1602:57:48-0.09912371635437012
Executing cmd: bash NSGA2.sh instance_prob2.dat "" 1000000000.0000001 2147483647 1593267606 -pc 0.95 -pm 0.1 > /tmp/tmp-2026-07-1602:57:48-0.09912371635437012
Result: instance_prob2.dat, 0, -695.75, 0, 1593267606
now 2026-07-16 03:02:39 -0400; start 2026-07-12 21:39:27 -0400; time-start 278591.325807904; maxWall 8640000.0
getAlgoResultsForInstsAndParams.
  Trial 1 for calling: bash NSGA2.sh instance_prob4.dat "" 1000000000.0000001 2147483647 769705430 -pc 0.95 -pm 0.1 > /tmp/tmp-2026-07-1603:02:39-0.9288821220397949
Executing cmd: bash NSGA2.sh instance_prob4.dat "" 1000000000.0000001 2147483647 769705430 -pc 0.95 -pm 0.1 > /tmp/tmp-2026-07-1603:02:39-0.9288821220397949
Result: instance_prob4.dat, 0, -591.79, 0, 769705430
now 2026-07-16 03:09:05 -0400; start 2026-07-12 21:39:27 -0400; time-start 278977.141443857; maxWall 8640000.0
getAlgoResultsForInstsAndParams.
  Trial 1 for calling: bash NSGA2.sh instance_param3.dat "" 1000000000.0000001 2147483647 1967747329 -pc 0.95 -pm 0.1 > /tmp/tmp-2026-07-1603:09:05-0.4290790557861328
Executing cmd: bash NSGA2.sh instance_param3.dat "" 1000000000.0000001 2147483647 1967747329 -pc 0.95 -pm 0.1 > /tmp/tmp-2026-07-1603:09:05-0.4290790557861328
Result: instance_param3.dat, 0, -705.56, 0, 1967747329
now 2026-07-16 03:09:05 -0400; start 2026-07-12 21:39:27 -0400; time-start 278977.223939545; maxWall 8640000.0
getAlgoResultsForInstsAndParams.
  Trial 1 for calling: bash NSGA2.sh instance_prob3.dat "" 1000000000.0000001 2147483647 1382366317 -pc 0.95 -pm 0.1 > /tmp/tmp-2026-07-1603:09:05-0.91424560546875
Executing cmd: bash NSGA2.sh instance_prob3.dat "" 1000000000.0000001 2147483647 1382366317 -pc 0.95 -pm 0.1 > /tmp/tmp-2026-07-1603:09:05-0.91424560546875
Result: instance_prob3.dat, 0, -577.71, 0, 1382366317
now 2026-07-16 03:15:57 -0400; start 2026-07-12 21:39:27 -0400; time-start 279389.390552789; maxWall 8640000.0
getAlgoResultsForInstsAndParams.
  Trial 1 for calling: bash NSGA2.sh instance_param1.dat "" 1000000000.0000001 2147483647 2022633737 -pc 0.95 -pm 0.1 > /tmp/tmp-2026-07-1603:15:57-0.038031578063964844
Executing cmd: bash NSGA2.sh instance_param1.dat "" 1000000000.0000001 2147483647 2022633737 -pc 0.95 -pm 0.1 > /tmp/tmp-2026-07-1603:15:57-0.038031578063964844
Result: instance_param1.dat, 0, -920.07, 0, 2022633737
now 2026-07-16 03:15:57 -0400; start 2026-07-12 21:39:27 -0400; time-start 279389.477700556; maxWall 8640000.0
getAlgoResultsForInstsAndParams.
  Trial 1 for calling: bash NSGA2.sh instance_prob1.dat "" 1000000000.0000001 2147483647 30692456 -pc 0.95 -pm 0.1 > /tmp/tmp-2026-07-1603:15:57-0.0455479621887207
Executing cmd: bash NSGA2.sh instance_prob1.dat "" 1000000000.0000001 2147483647 30692456 -pc 0.95 -pm 0.1 > /tmp/tmp-2026-07-1603:15:57-0.0455479621887207
Result: instance_prob1.dat, 0, -650.27, 0, 30692456
now 2026-07-16 03:19:43 -0400; start 2026-07-12 21:39:27 -0400; time-start 279615.402022106; maxWall 8640000.0
getAlgoResultsForInstsAndParams.
  Trial 1 for calling: bash NSGA2.sh instance_param2.dat "" 1000000000.0000001 2147483647 829560014 -pc 0.95 -pm 0.1 > /tmp/tmp-2026-07-1603:19:43-0.5353398323059082
Executing cmd: bash NSGA2.sh instance_param2.dat "" 1000000000.0000001 2147483647 829560014 -pc 0.95 -pm 0.1 > /tmp/tmp-2026-07-1603:19:43-0.5353398323059082
Result: instance_param2.dat, 0, -717.59, 0, 829560014
          -> Take improving step to neighbour pc=0.95 pm=0.1 (-693.5714285714286 [based on 70 runs with cutoff 1000000000.0]) with flip 85

          
============= Performing 1 bonus runs of state: pc=0.95 pm=0.1 (-693.5714285714286 [based on 70 runs with cutoff 1000000000.0]) ============ 

now 2026-07-16 03:19:43 -0400; start 2026-07-12 21:39:27 -0400; time-start 279615.488507507; maxWall 8640000.0
State wants more detail (70+1) than incumbent (70), doing incumbent first:
pc=0.95 pm=0.1 (-693.5714285714286 [based on 70 runs with cutoff 1000000000.0])
pc=0.95 pm=0.5 (-693.5714285714286 [based on 70 runs with cutoff 1000000000.0])
getAlgoResultsForInstsAndParams.
  Trial 1 for calling: bash NSGA2.sh instance_param2.dat "" 1000000000.0000001 2147483647 2046748760 -pc 0.95 -pm 0.5 > /tmp/tmp-2026-07-1603:19:43-0.7655649185180664
Executing cmd: bash NSGA2.sh instance_param2.dat "" 1000000000.0000001 2147483647 2046748760 -pc 0.95 -pm 0.5 > /tmp/tmp-2026-07-1603:19:43-0.7655649185180664
Result: instance_param2.dat, 0, -717.59, 0, 2046748760
 Same incumbent, new precision:
New Incumbent: 123.39999999999726, -693.9014084507043 [71, 1000000000.0]. With state pc=0.95, pm=0.5
getAlgoResultsForInstsAndParams.
  Trial 1 for calling: bash NSGA2.sh instance_param2.dat "" 1000000000.0000001 2147483647 2046748760 -pc 0.95 -pm 0.1 > /tmp/tmp-2026-07-1603:19:43-0.9947118759155273
Executing cmd: bash NSGA2.sh instance_param2.dat "" 1000000000.0000001 2147483647 2046748760 -pc 0.95 -pm 0.1 > /tmp/tmp-2026-07-1603:19:43-0.9947118759155273
Result: instance_param2.dat, 0, -717.59, 0, 2046748760
          -> After 1 bonus runs: pc=0.95 pm=0.1 (-693.9014084507043 [based on 71 runs with cutoff 1000000000.0])

now 2026-07-16 03:19:43 -0400; start 2026-07-12 21:39:27 -0400; time-start 279615.659391544; maxWall 8640000.0
now 2026-07-16 03:19:43 -0400; start 2026-07-12 21:39:27 -0400; time-start 279615.659470735; maxWall 8640000.0
    Changing ["pm: 0.1->0.5"], evaluating ...
State wants more detail (71+1) than incumbent (71), doing incumbent first:
pc=0.95 pm=0.1 (-693.9014084507043 [based on 71 runs with cutoff 1000000000.0])
pc=0.95 pm=0.5 (-693.9014084507043 [based on 71 runs with cutoff 1000000000.0])
getAlgoResultsForInstsAndParams.
  Trial 1 for calling: bash NSGA2.sh instance_param1.dat "" 1000000000.0000001 2147483647 838628597 -pc 0.95 -pm 0.5 > /tmp/tmp-2026-07-1603:19:43-0.567734956741333
Executing cmd: bash NSGA2.sh instance_param1.dat "" 1000000000.0000001 2147483647 838628597 -pc 0.95 -pm 0.5 > /tmp/tmp-2026-07-1603:19:43-0.567734956741333
Result: instance_param1.dat, 0, -920.07, 0, 838628597
 Same incumbent, new precision:
New Incumbent: 123.59999999999725, -697.0416666666666 [72, 1000000000.0]. With state pc=0.95, pm=0.5
getAlgoResultsForInstsAndParams.
  Trial 1 for calling: bash NSGA2.sh instance_param1.dat "" 1000000000.0000001 2147483647 838628597 -pc 0.95 -pm 0.1 > /tmp/tmp-2026-07-1603:19:43-0.29400134086608887
Executing cmd: bash NSGA2.sh instance_param1.dat "" 1000000000.0000001 2147483647 838628597 -pc 0.95 -pm 0.1 > /tmp/tmp-2026-07-1603:19:43-0.29400134086608887
Result: instance_param1.dat, 0, -920.07, 0, 838628597
          -> Take improving step to neighbour pc=0.95 pm=0.5 (-697.0416666666666 [based on 72 runs with cutoff 1000000000.0]) with flip 86

          
============= Performing 1 bonus runs of state: pc=0.95 pm=0.5 (-697.0416666666666 [based on 72 runs with cutoff 1000000000.0]) ============ 

now 2026-07-16 03:19:43 -0400; start 2026-07-12 21:39:27 -0400; time-start 279615.830548925; maxWall 8640000.0
getAlgoResultsForInstsAndParams.
  Trial 1 for calling: bash NSGA2.sh instance_prob2.dat "" 1000000000.0000001 2147483647 1266764447 -pc 0.95 -pm 0.5 > /tmp/tmp-2026-07-1603:19:43-0.1171407699584961
Executing cmd: bash NSGA2.sh instance_prob2.dat "" 1000000000.0000001 2147483647 1266764447 -pc 0.95 -pm 0.5 > /tmp/tmp-2026-07-1603:19:43-0.1171407699584961
Result: instance_prob2.dat, 0, -695.75, 0, 1266764447
 Same incumbent, new precision:
New Incumbent: 123.79999999999724, -697.013698630137 [73, 1000000000.0]. With state pc=0.95, pm=0.5
          -> After 1 bonus runs: pc=0.95 pm=0.5 (-697.013698630137 [based on 73 runs with cutoff 1000000000.0])

now 2026-07-16 03:31:51 -0400; start 2026-07-12 21:39:27 -0400; time-start 280343.410607629; maxWall 8640000.0
now 2026-07-16 03:31:51 -0400; start 2026-07-12 21:39:27 -0400; time-start 280343.410641784; maxWall 8640000.0
    Changing ["pc: 0.95->0.8"], evaluating ...
getAlgoResultsForInstsAndParams.
  Trial 1 for calling: bash NSGA2.sh instance_prob4.dat "" 1000000000.0000001 2147483647 1868452773 -pc 0.8 -pm 0.5 > /tmp/tmp-2026-07-1603:31:51-0.01593303680419922
Executing cmd: bash NSGA2.sh instance_prob4.dat "" 1000000000.0000001 2147483647 1868452773 -pc 0.8 -pm 0.5 > /tmp/tmp-2026-07-1603:31:51-0.01593303680419922
Result: instance_prob4.dat, 0, -591.79, 0, 1868452773
now 2026-07-16 03:42:34 -0400; start 2026-07-12 21:39:27 -0400; time-start 280986.797766609; maxWall 8640000.0
getAlgoResultsForInstsAndParams.
  Trial 1 for calling: bash NSGA2.sh instance_prob2.dat "" 1000000000.0000001 2147483647 310084194 -pc 0.8 -pm 0.5 > /tmp/tmp-2026-07-1603:42:34-0.2694265842437744
Executing cmd: bash NSGA2.sh instance_prob2.dat "" 1000000000.0000001 2147483647 310084194 -pc 0.8 -pm 0.5 > /tmp/tmp-2026-07-1603:42:34-0.2694265842437744
Result: instance_prob2.dat, 0, -695.75, 0, 310084194
now 2026-07-16 03:57:12 -0400; start 2026-07-12 21:39:27 -0400; time-start 281864.564600149; maxWall 8640000.0
getAlgoResultsForInstsAndParams.
  Trial 1 for calling: bash NSGA2.sh instance_param1.dat "" 1000000000.0000001 2147483647 1927991028 -pc 0.8 -pm 0.5 > /tmp/tmp-2026-07-1603:57:12-0.0503084659576416
Executing cmd: bash NSGA2.sh instance_param1.dat "" 1000000000.0000001 2147483647 1927991028 -pc 0.8 -pm 0.5 > /tmp/tmp-2026-07-1603:57:12-0.0503084659576416
Result: instance_param1.dat, 0, -920.07, 0, 1927991028
now 2026-07-16 03:57:12 -0400; start 2026-07-12 21:39:27 -0400; time-start 281864.650701682; maxWall 8640000.0
getAlgoResultsForInstsAndParams.
  Trial 1 for calling: bash NSGA2.sh instance_param3.dat "" 1000000000.0000001 2147483647 13543025 -pc 0.8 -pm 0.5 > /tmp/tmp-2026-07-1603:57:12-0.5624227523803711
Executing cmd: bash NSGA2.sh instance_param3.dat "" 1000000000.0000001 2147483647 13543025 -pc 0.8 -pm 0.5 > /tmp/tmp-2026-07-1603:57:12-0.5624227523803711
Result: instance_param3.dat, 0, -705.56, 0, 13543025
now 2026-07-16 03:57:12 -0400; start 2026-07-12 21:39:27 -0400; time-start 281864.737323233; maxWall 8640000.0
getAlgoResultsForInstsAndParams.
  Trial 1 for calling: bash NSGA2.sh instance_param2.dat "" 1000000000.0000001 2147483647 1669015032 -pc 0.8 -pm 0.5 > /tmp/tmp-2026-07-1603:57:12-0.8660223484039307
Executing cmd: bash NSGA2.sh instance_param2.dat "" 1000000000.0000001 2147483647 1669015032 -pc 0.8 -pm 0.5 > /tmp/tmp-2026-07-1603:57:12-0.8660223484039307
Result: instance_param2.dat, 0, -717.59, 0, 1669015032
now 2026-07-16 03:57:12 -0400; start 2026-07-12 21:39:27 -0400; time-start 281864.823543874; maxWall 8640000.0
getAlgoResultsForInstsAndParams.
  Trial 1 for calling: bash NSGA2.sh instance_param1.dat "" 1000000000.0000001 2147483647 1186378232 -pc 0.8 -pm 0.5 > /tmp/tmp-2026-07-1603:57:12-0.895291805267334
Executing cmd: bash NSGA2.sh instance_param1.dat "" 1000000000.0000001 2147483647 1186378232 -pc 0.8 -pm 0.5 > /tmp/tmp-2026-07-1603:57:12-0.895291805267334
Result: instance_param1.dat, 0, -920.07, 0, 1186378232
now 2026-07-16 03:57:12 -0400; start 2026-07-12 21:39:27 -0400; time-start 281864.910343243; maxWall 8640000.0
getAlgoResultsForInstsAndParams.
  Trial 1 for calling: bash NSGA2.sh instance_prob2.dat "" 1000000000.0000001 2147483647 1865128741 -pc 0.8 -pm 0.5 > /tmp/tmp-2026-07-1603:57:12-0.6754405498504639
Executing cmd: bash NSGA2.sh instance_prob2.dat "" 1000000000.0000001 2147483647 1865128741 -pc 0.8 -pm 0.5 > /tmp/tmp-2026-07-1603:57:12-0.6754405498504639
Result: instance_prob2.dat, 0, -695.75, 0, 1865128741
now 2026-07-16 04:07:33 -0400; start 2026-07-12 21:39:27 -0400; time-start 282485.32051318; maxWall 8640000.0
getAlgoResultsForInstsAndParams.
  Trial 1 for calling: bash NSGA2.sh instance_prob1.dat "" 1000000000.0000001 2147483647 792652207 -pc 0.8 -pm 0.5 > /tmp/tmp-2026-07-1604:07:33-0.1752777099609375
Executing cmd: bash NSGA2.sh instance_prob1.dat "" 1000000000.0000001 2147483647 792652207 -pc 0.8 -pm 0.5 > /tmp/tmp-2026-07-1604:07:33-0.1752777099609375
Result: instance_prob1.dat, 0, -650.27, 0, 792652207
now 2026-07-16 04:13:41 -0400; start 2026-07-12 21:39:27 -0400; time-start 282853.135550431; maxWall 8640000.0
getAlgoResultsForInstsAndParams.
  Trial 1 for calling: bash NSGA2.sh instance_prob3.dat "" 1000000000.0000001 2147483647 1591543198 -pc 0.8 -pm 0.5 > /tmp/tmp-2026-07-1604:13:41-0.7965965270996094
Executing cmd: bash NSGA2.sh instance_prob3.dat "" 1000000000.0000001 2147483647 1591543198 -pc 0.8 -pm 0.5 > /tmp/tmp-2026-07-1604:13:41-0.7965965270996094
Result: instance_prob3.dat, 0, -577.71, 0, 1591543198
now 2026-07-16 04:24:42 -0400; start 2026-07-12 21:39:27 -0400; time-start 283514.177218662; maxWall 8640000.0
getAlgoResultsForInstsAndParams.
  Trial 1 for calling: bash NSGA2.sh instance_prob4.dat "" 1000000000.0000001 2147483647 1998353460 -pc 0.8 -pm 0.5 > /tmp/tmp-2026-07-1604:24:42-0.4453582763671875
Executing cmd: bash NSGA2.sh instance_prob4.dat "" 1000000000.0000001 2147483647 1998353460 -pc 0.8 -pm 0.5 > /tmp/tmp-2026-07-1604:24:42-0.4453582763671875
Result: instance_prob4.dat, 0, -591.79, 0, 1998353460
now 2026-07-16 04:35:10 -0400; start 2026-07-12 21:39:27 -0400; time-start 284143.081973757; maxWall 8640000.0
getAlgoResultsForInstsAndParams.
  Trial 1 for calling: bash NSGA2.sh instance_param3.dat "" 1000000000.0000001 2147483647 998783798 -pc 0.8 -pm 0.5 > /tmp/tmp-2026-07-1604:35:10-0.20297467708587646
Executing cmd: bash NSGA2.sh instance_param3.dat "" 1000000000.0000001 2147483647 998783798 -pc 0.8 -pm 0.5 > /tmp/tmp-2026-07-1604:35:10-0.20297467708587646
Result: instance_param3.dat, 0, -705.56, 0, 998783798
now 2026-07-16 04:35:11 -0400; start 2026-07-12 21:39:27 -0400; time-start 284143.165007985; maxWall 8640000.0
getAlgoResultsForInstsAndParams.
  Trial 1 for calling: bash NSGA2.sh instance_prob2.dat "" 1000000000.0000001 2147483647 1593267606 -pc 0.8 -pm 0.5 > /tmp/tmp-2026-07-1604:35:11-0.8636054992675781
Executing cmd: bash NSGA2.sh instance_prob2.dat "" 1000000000.0000001 2147483647 1593267606 -pc 0.8 -pm 0.5 > /tmp/tmp-2026-07-1604:35:11-0.8636054992675781
Result: instance_prob2.dat, 0, -695.75, 0, 1593267606
now 2026-07-16 04:46:41 -0400; start 2026-07-12 21:39:27 -0400; time-start 284833.834816856; maxWall 8640000.0
getAlgoResultsForInstsAndParams.
  Trial 1 for calling: bash NSGA2.sh instance_prob4.dat "" 1000000000.0000001 2147483647 769705430 -pc 0.8 -pm 0.5 > /tmp/tmp-2026-07-1604:46:41-0.38243556022644043
Executing cmd: bash NSGA2.sh instance_prob4.dat "" 1000000000.0000001 2147483647 769705430 -pc 0.8 -pm 0.5 > /tmp/tmp-2026-07-1604:46:41-0.38243556022644043
Result: instance_prob4.dat, 0, -591.79, 0, 769705430
now 2026-07-16 04:57:32 -0400; start 2026-07-12 21:39:27 -0400; time-start 285484.72948477; maxWall 8640000.0
getAlgoResultsForInstsAndParams.
  Trial 1 for calling: bash NSGA2.sh instance_param3.dat "" 1000000000.0000001 2147483647 1967747329 -pc 0.8 -pm 0.5 > /tmp/tmp-2026-07-1604:57:32-0.6048660278320312
Executing cmd: bash NSGA2.sh instance_param3.dat "" 1000000000.0000001 2147483647 1967747329 -pc 0.8 -pm 0.5 > /tmp/tmp-2026-07-1604:57:32-0.6048660278320312
Result: instance_param3.dat, 0, -705.56, 0, 1967747329
now 2026-07-16 04:57:32 -0400; start 2026-07-12 21:39:27 -0400; time-start 285484.807690513; maxWall 8640000.0
getAlgoResultsForInstsAndParams.
  Trial 1 for calling: bash NSGA2.sh instance_prob3.dat "" 1000000000.0000001 2147483647 1382366317 -pc 0.8 -pm 0.5 > /tmp/tmp-2026-07-1604:57:32-0.9543499946594238
Executing cmd: bash NSGA2.sh instance_prob3.dat "" 1000000000.0000001 2147483647 1382366317 -pc 0.8 -pm 0.5 > /tmp/tmp-2026-07-1604:57:32-0.9543499946594238
Result: instance_prob3.dat, 0, -577.71, 0, 1382366317
now 2026-07-16 05:08:12 -0400; start 2026-07-12 21:39:27 -0400; time-start 286124.130030477; maxWall 8640000.0
getAlgoResultsForInstsAndParams.
  Trial 1 for calling: bash NSGA2.sh instance_param1.dat "" 1000000000.0000001 2147483647 2022633737 -pc 0.8 -pm 0.5 > /tmp/tmp-2026-07-1605:08:12-0.6187515258789062
Executing cmd: bash NSGA2.sh instance_param1.dat "" 1000000000.0000001 2147483647 2022633737 -pc 0.8 -pm 0.5 > /tmp/tmp-2026-07-1605:08:12-0.6187515258789062
Result: instance_param1.dat, 0, -920.07, 0, 2022633737
now 2026-07-16 05:08:12 -0400; start 2026-07-12 21:39:27 -0400; time-start 286124.206327035; maxWall 8640000.0
getAlgoResultsForInstsAndParams.
  Trial 1 for calling: bash NSGA2.sh instance_prob1.dat "" 1000000000.0000001 2147483647 30692456 -pc 0.8 -pm 0.5 > /tmp/tmp-2026-07-1605:08:12-0.2393360137939453
Executing cmd: bash NSGA2.sh instance_prob1.dat "" 1000000000.0000001 2147483647 30692456 -pc 0.8 -pm 0.5 > /tmp/tmp-2026-07-1605:08:12-0.2393360137939453
Result: instance_prob1.dat, 0, -650.27, 0, 30692456
now 2026-07-16 05:13:41 -0400; start 2026-07-12 21:39:27 -0400; time-start 286453.635140758; maxWall 8640000.0
getAlgoResultsForInstsAndParams.
  Trial 1 for calling: bash NSGA2.sh instance_param2.dat "" 1000000000.0000001 2147483647 829560014 -pc 0.8 -pm 0.5 > /tmp/tmp-2026-07-1605:13:41-0.8820626735687256
Executing cmd: bash NSGA2.sh instance_param2.dat "" 1000000000.0000001 2147483647 829560014 -pc 0.8 -pm 0.5 > /tmp/tmp-2026-07-1605:13:41-0.8820626735687256
Result: instance_param2.dat, 0, -717.59, 0, 829560014
now 2026-07-16 05:13:41 -0400; start 2026-07-12 21:39:27 -0400; time-start 286453.712399336; maxWall 8640000.0
getAlgoResultsForInstsAndParams.
  Trial 1 for calling: bash NSGA2.sh instance_param2.dat "" 1000000000.0000001 2147483647 2046748760 -pc 0.8 -pm 0.5 > /tmp/tmp-2026-07-1605:13:41-0.5526776313781738
Executing cmd: bash NSGA2.sh instance_param2.dat "" 1000000000.0000001 2147483647 2046748760 -pc 0.8 -pm 0.5 > /tmp/tmp-2026-07-1605:13:41-0.5526776313781738
Result: instance_param2.dat, 0, -717.59, 0, 2046748760
now 2026-07-16 05:13:41 -0400; start 2026-07-12 21:39:27 -0400; time-start 286453.789228476; maxWall 8640000.0
getAlgoResultsForInstsAndParams.
  Trial 1 for calling: bash NSGA2.sh instance_param1.dat "" 1000000000.0000001 2147483647 838628597 -pc 0.8 -pm 0.5 > /tmp/tmp-2026-07-1605:13:41-0.26407599449157715
Executing cmd: bash NSGA2.sh instance_param1.dat "" 1000000000.0000001 2147483647 838628597 -pc 0.8 -pm 0.5 > /tmp/tmp-2026-07-1605:13:41-0.26407599449157715
Result: instance_param1.dat, 0, -920.07, 0, 838628597
now 2026-07-16 05:13:41 -0400; start 2026-07-12 21:39:27 -0400; time-start 286453.86370794; maxWall 8640000.0
getAlgoResultsForInstsAndParams.
  Trial 1 for calling: bash NSGA2.sh instance_prob2.dat "" 1000000000.0000001 2147483647 1266764447 -pc 0.8 -pm 0.5 > /tmp/tmp-2026-07-1605:13:41-0.9528684616088867
Executing cmd: bash NSGA2.sh instance_prob2.dat "" 1000000000.0000001 2147483647 1266764447 -pc 0.8 -pm 0.5 > /tmp/tmp-2026-07-1605:13:41-0.9528684616088867
Result: instance_prob2.dat, 0, -695.75, 0, 1266764447
          -> Take improving step to neighbour pc=0.8 pm=0.5 (-697.013698630137 [based on 73 runs with cutoff 1000000000.0]) with flip 87

          
============= Performing 1 bonus runs of state: pc=0.8 pm=0.5 (-697.013698630137 [based on 73 runs with cutoff 1000000000.0]) ============ 

now 2026-07-16 05:24:03 -0400; start 2026-07-12 21:39:27 -0400; time-start 287075.720685891; maxWall 8640000.0
State wants more detail (73+1) than incumbent (73), doing incumbent first:
pc=0.8 pm=0.5 (-697.013698630137 [based on 73 runs with cutoff 1000000000.0])
pc=0.95 pm=0.5 (-697.013698630137 [based on 73 runs with cutoff 1000000000.0])
getAlgoResultsForInstsAndParams.
  Trial 1 for calling: bash NSGA2.sh instance_prob1.dat "" 1000000000.0000001 2147483647 1404532994 -pc 0.95 -pm 0.5 > /tmp/tmp-2026-07-1605:24:03-0.929603099822998
Executing cmd: bash NSGA2.sh instance_prob1.dat "" 1000000000.0000001 2147483647 1404532994 -pc 0.95 -pm 0.5 > /tmp/tmp-2026-07-1605:24:03-0.929603099822998
Result: instance_prob1.dat, 0, -650.27, 0, 1404532994
 Same incumbent, new precision:
New Incumbent: 125.99999999999712, -696.3783783783783 [74, 1000000000.0]. With state pc=0.95, pm=0.5
getAlgoResultsForInstsAndParams.
  Trial 1 for calling: bash NSGA2.sh instance_prob1.dat "" 1000000000.0000001 2147483647 1404532994 -pc 0.8 -pm 0.5 > /tmp/tmp-2026-07-1605:29:47-0.8326482772827148
Executing cmd: bash NSGA2.sh instance_prob1.dat "" 1000000000.0000001 2147483647 1404532994 -pc 0.8 -pm 0.5 > /tmp/tmp-2026-07-1605:29:47-0.8326482772827148
Result: instance_prob1.dat, 0, -650.27, 0, 1404532994
          -> After 1 bonus runs: pc=0.8 pm=0.5 (-696.3783783783783 [based on 74 runs with cutoff 1000000000.0])

now 2026-07-16 05:35:08 -0400; start 2026-07-12 21:39:27 -0400; time-start 287740.769693647; maxWall 8640000.0
now 2026-07-16 05:35:08 -0400; start 2026-07-12 21:39:27 -0400; time-start 287740.769765096; maxWall 8640000.0
    Changing ["pc: 0.8->0.25"], evaluating ...
getAlgoResultsForInstsAndParams.
  Trial 1 for calling: bash NSGA2.sh instance_param2.dat "" 1000000000.0000001 2147483647 1669015032 -pc 0.25 -pm 0.5 > /tmp/tmp-2026-07-1605:35:08-0.4485158920288086
Executing cmd: bash NSGA2.sh instance_param2.dat "" 1000000000.0000001 2147483647 1669015032 -pc 0.25 -pm 0.5 > /tmp/tmp-2026-07-1605:35:08-0.4485158920288086
Result: instance_param2.dat, 0, -717.59, 0, 1669015032
now 2026-07-16 05:35:08 -0400; start 2026-07-12 21:39:27 -0400; time-start 287740.847194907; maxWall 8640000.0
getAlgoResultsForInstsAndParams.
  Trial 1 for calling: bash NSGA2.sh instance_param1.dat "" 1000000000.0000001 2147483647 1186378232 -pc 0.25 -pm 0.5 > /tmp/tmp-2026-07-1605:35:08-0.24974870681762695
Executing cmd: bash NSGA2.sh instance_param1.dat "" 1000000000.0000001 2147483647 1186378232 -pc 0.25 -pm 0.5 > /tmp/tmp-2026-07-1605:35:08-0.24974870681762695
Result: instance_param1.dat, 0, -920.07, 0, 1186378232
now 2026-07-16 05:35:08 -0400; start 2026-07-12 21:39:27 -0400; time-start 287740.923736887; maxWall 8640000.0
getAlgoResultsForInstsAndParams.
  Trial 1 for calling: bash NSGA2.sh instance_prob2.dat "" 1000000000.0000001 2147483647 1865128741 -pc 0.25 -pm 0.5 > /tmp/tmp-2026-07-1605:35:08-0.4111137390136719
Executing cmd: bash NSGA2.sh instance_prob2.dat "" 1000000000.0000001 2147483647 1865128741 -pc 0.25 -pm 0.5 > /tmp/tmp-2026-07-1605:35:08-0.4111137390136719
Result: instance_prob2.dat, 0, -695.75, 0, 1865128741
now 2026-07-16 05:45:30 -0400; start 2026-07-12 21:39:27 -0400; time-start 288362.326490584; maxWall 8640000.0
getAlgoResultsForInstsAndParams.
  Trial 1 for calling: bash NSGA2.sh instance_prob1.dat "" 1000000000.0000001 2147483647 792652207 -pc 0.25 -pm 0.5 > /tmp/tmp-2026-07-1605:45:30-0.9427251815795898
Executing cmd: bash NSGA2.sh instance_prob1.dat "" 1000000000.0000001 2147483647 792652207 -pc 0.25 -pm 0.5 > /tmp/tmp-2026-07-1605:45:30-0.9427251815795898
Result: instance_prob1.dat, 0, -650.27, 0, 792652207
now 2026-07-16 05:50:48 -0400; start 2026-07-12 21:39:27 -0400; time-start 288680.885146574; maxWall 8640000.0
getAlgoResultsForInstsAndParams.
  Trial 1 for calling: bash NSGA2.sh instance_prob3.dat "" 1000000000.0000001 2147483647 1591543198 -pc 0.25 -pm 0.5 > /tmp/tmp-2026-07-1605:50:48-0.4689316749572754
Executing cmd: bash NSGA2.sh instance_prob3.dat "" 1000000000.0000001 2147483647 1591543198 -pc 0.25 -pm 0.5 > /tmp/tmp-2026-07-1605:50:48-0.4689316749572754
Result: instance_prob3.dat, 0, -577.71, 0, 1591543198
now 2026-07-16 06:00:27 -0400; start 2026-07-12 21:39:27 -0400; time-start 289259.973114157; maxWall 8640000.0
getAlgoResultsForInstsAndParams.
  Trial 1 for calling: bash NSGA2.sh instance_prob4.dat "" 1000000000.0000001 2147483647 1998353460 -pc 0.25 -pm 0.5 > /tmp/tmp-2026-07-1606:00:27-0.0016237497329711914
Executing cmd: bash NSGA2.sh instance_prob4.dat "" 1000000000.0000001 2147483647 1998353460 -pc 0.25 -pm 0.5 > /tmp/tmp-2026-07-1606:00:27-0.0016237497329711914
Result: instance_prob4.dat, 0, -591.79, 0, 1998353460
now 2026-07-16 06:10:26 -0400; start 2026-07-12 21:39:27 -0400; time-start 289858.665972767; maxWall 8640000.0
getAlgoResultsForInstsAndParams.
  Trial 1 for calling: bash NSGA2.sh instance_param3.dat "" 1000000000.0000001 2147483647 998783798 -pc 0.25 -pm 0.5 > /tmp/tmp-2026-07-1606:10:26-0.9688992500305176
Executing cmd: bash NSGA2.sh instance_param3.dat "" 1000000000.0000001 2147483647 998783798 -pc 0.25 -pm 0.5 > /tmp/tmp-2026-07-1606:10:26-0.9688992500305176
Result: instance_param3.dat, 0, -705.56, 0, 998783798
now 2026-07-16 06:10:26 -0400; start 2026-07-12 21:39:27 -0400; time-start 289858.741834492; maxWall 8640000.0
getAlgoResultsForInstsAndParams.
  Trial 1 for calling: bash NSGA2.sh instance_prob2.dat "" 1000000000.0000001 2147483647 1593267606 -pc 0.25 -pm 0.5 > /tmp/tmp-2026-07-1606:10:26-0.4243955612182617
Executing cmd: bash NSGA2.sh instance_prob2.dat "" 1000000000.0000001 2147483647 1593267606 -pc 0.25 -pm 0.5 > /tmp/tmp-2026-07-1606:10:26-0.4243955612182617
Result: instance_prob2.dat, 0, -695.75, 0, 1593267606
now 2026-07-16 06:20:51 -0400; start 2026-07-12 21:39:27 -0400; time-start 290483.637193273; maxWall 8640000.0
getAlgoResultsForInstsAndParams.
  Trial 1 for calling: bash NSGA2.sh instance_prob4.dat "" 1000000000.0000001 2147483647 769705430 -pc 0.25 -pm 0.5 > /tmp/tmp-2026-07-1606:20:51-0.5665056705474854
Executing cmd: bash NSGA2.sh instance_prob4.dat "" 1000000000.0000001 2147483647 769705430 -pc 0.25 -pm 0.5 > /tmp/tmp-2026-07-1606:20:51-0.5665056705474854
Result: instance_prob4.dat, 0, -591.79, 0, 769705430
now 2026-07-16 06:30:08 -0400; start 2026-07-12 21:39:27 -0400; time-start 291040.218928876; maxWall 8640000.0
getAlgoResultsForInstsAndParams.
  Trial 1 for calling: bash NSGA2.sh instance_param3.dat "" 1000000000.0000001 2147483647 1967747329 -pc 0.25 -pm 0.5 > /tmp/tmp-2026-07-1606:30:08-0.5420150756835938
Executing cmd: bash NSGA2.sh instance_param3.dat "" 1000000000.0000001 2147483647 1967747329 -pc 0.25 -pm 0.5 > /tmp/tmp-2026-07-1606:30:08-0.5420150756835938
Result: instance_param3.dat, 0, -705.56, 0, 1967747329
now 2026-07-16 06:30:08 -0400; start 2026-07-12 21:39:27 -0400; time-start 291040.295470076; maxWall 8640000.0
getAlgoResultsForInstsAndParams.
  Trial 1 for calling: bash NSGA2.sh instance_prob3.dat "" 1000000000.0000001 2147483647 1382366317 -pc 0.25 -pm 0.5 > /tmp/tmp-2026-07-1606:30:08-0.18988704681396484
Executing cmd: bash NSGA2.sh instance_prob3.dat "" 1000000000.0000001 2147483647 1382366317 -pc 0.25 -pm 0.5 > /tmp/tmp-2026-07-1606:30:08-0.18988704681396484
Result: instance_prob3.dat, 0, -577.71, 0, 1382366317
now 2026-07-16 06:39:15 -0400; start 2026-07-12 21:39:27 -0400; time-start 291587.461493456; maxWall 8640000.0
getAlgoResultsForInstsAndParams.
  Trial 1 for calling: bash NSGA2.sh instance_param1.dat "" 1000000000.0000001 2147483647 2022633737 -pc 0.25 -pm 0.5 > /tmp/tmp-2026-07-1606:39:15-0.022356033325195312
Executing cmd: bash NSGA2.sh instance_param1.dat "" 1000000000.0000001 2147483647 2022633737 -pc 0.25 -pm 0.5 > /tmp/tmp-2026-07-1606:39:15-0.022356033325195312
Result: instance_param1.dat, 0, -920.07, 0, 2022633737
now 2026-07-16 06:39:15 -0400; start 2026-07-12 21:39:27 -0400; time-start 291587.538009316; maxWall 8640000.0
getAlgoResultsForInstsAndParams.
  Trial 1 for calling: bash NSGA2.sh instance_prob1.dat "" 1000000000.0000001 2147483647 30692456 -pc 0.25 -pm 0.5 > /tmp/tmp-2026-07-1606:39:15-0.6584756374359131
Executing cmd: bash NSGA2.sh instance_prob1.dat "" 1000000000.0000001 2147483647 30692456 -pc 0.25 -pm 0.5 > /tmp/tmp-2026-07-1606:39:15-0.6584756374359131
Result: instance_prob1.dat, 0, -650.27, 0, 30692456
now 2026-07-16 06:48:58 -0400; start 2026-07-12 21:39:27 -0400; time-start 292170.938791415; maxWall 8640000.0
getAlgoResultsForInstsAndParams.
  Trial 1 for calling: bash NSGA2.sh instance_param2.dat "" 1000000000.0000001 2147483647 829560014 -pc 0.25 -pm 0.5 > /tmp/tmp-2026-07-1606:48:58-0.7856041193008423
Executing cmd: bash NSGA2.sh instance_param2.dat "" 1000000000.0000001 2147483647 829560014 -pc 0.25 -pm 0.5 > /tmp/tmp-2026-07-1606:48:58-0.7856041193008423
Result: instance_param2.dat, 0, -717.59, 0, 829560014
now 2026-07-16 06:48:58 -0400; start 2026-07-12 21:39:27 -0400; time-start 292171.00959439; maxWall 8640000.0
getAlgoResultsForInstsAndParams.
  Trial 1 for calling: bash NSGA2.sh instance_param2.dat "" 1000000000.0000001 2147483647 2046748760 -pc 0.25 -pm 0.5 > /tmp/tmp-2026-07-1606:48:58-0.725196361541748
Executing cmd: bash NSGA2.sh instance_param2.dat "" 1000000000.0000001 2147483647 2046748760 -pc 0.25 -pm 0.5 > /tmp/tmp-2026-07-1606:48:58-0.725196361541748
Result: instance_param2.dat, 0, -717.59, 0, 2046748760
now 2026-07-16 06:48:58 -0400; start 2026-07-12 21:39:27 -0400; time-start 292171.082167631; maxWall 8640000.0
getAlgoResultsForInstsAndParams.
  Trial 1 for calling: bash NSGA2.sh instance_param1.dat "" 1000000000.0000001 2147483647 838628597 -pc 0.25 -pm 0.5 > /tmp/tmp-2026-07-1606:48:58-0.09998464584350586
Executing cmd: bash NSGA2.sh instance_param1.dat "" 1000000000.0000001 2147483647 838628597 -pc 0.25 -pm 0.5 > /tmp/tmp-2026-07-1606:48:58-0.09998464584350586
Result: instance_param1.dat, 0, -920.07, 0, 838628597
now 2026-07-16 06:48:59 -0400; start 2026-07-12 21:39:27 -0400; time-start 292171.154561557; maxWall 8640000.0
getAlgoResultsForInstsAndParams.
  Trial 1 for calling: bash NSGA2.sh instance_prob2.dat "" 1000000000.0000001 2147483647 1266764447 -pc 0.25 -pm 0.5 > /tmp/tmp-2026-07-1606:48:59-0.42970848083496094
Executing cmd: bash NSGA2.sh instance_prob2.dat "" 1000000000.0000001 2147483647 1266764447 -pc 0.25 -pm 0.5 > /tmp/tmp-2026-07-1606:48:59-0.42970848083496094
Result: instance_prob2.dat, 0, -695.75, 0, 1266764447
now 2026-07-16 06:56:11 -0400; start 2026-07-12 21:39:27 -0400; time-start 292603.98236172; maxWall 8640000.0
getAlgoResultsForInstsAndParams.
  Trial 1 for calling: bash NSGA2.sh instance_prob1.dat "" 1000000000.0000001 2147483647 1404532994 -pc 0.25 -pm 0.5 > /tmp/tmp-2026-07-1606:56:11-0.6355221271514893
Executing cmd: bash NSGA2.sh instance_prob1.dat "" 1000000000.0000001 2147483647 1404532994 -pc 0.25 -pm 0.5 > /tmp/tmp-2026-07-1606:56:11-0.6355221271514893
Result: instance_prob1.dat, 0, -650.27, 0, 1404532994
          -> Take improving step to neighbour pc=0.25 pm=0.5 (-696.3783783783783 [based on 74 runs with cutoff 1000000000.0]) with flip 88

          
============= Performing 1 bonus runs of state: pc=0.25 pm=0.5 (-696.3783783783783 [based on 74 runs with cutoff 1000000000.0]) ============ 

now 2026-07-16 07:03:16 -0400; start 2026-07-12 21:39:27 -0400; time-start 293028.285116025; maxWall 8640000.0
State wants more detail (74+1) than incumbent (74), doing incumbent first:
pc=0.25 pm=0.5 (-696.3783783783783 [based on 74 runs with cutoff 1000000000.0])
pc=0.95 pm=0.5 (-696.3783783783783 [based on 74 runs with cutoff 1000000000.0])
getAlgoResultsForInstsAndParams.
  Trial 1 for calling: bash NSGA2.sh instance_prob4.dat "" 1000000000.0000001 2147483647 49173726 -pc 0.95 -pm 0.5 > /tmp/tmp-2026-07-1607:03:16-0.12565135955810547
Executing cmd: bash NSGA2.sh instance_prob4.dat "" 1000000000.0000001 2147483647 49173726 -pc 0.95 -pm 0.5 > /tmp/tmp-2026-07-1607:03:16-0.12565135955810547
Result: instance_prob4.dat, 0, -591.79, 0, 49173726
 Same incumbent, new precision:
New Incumbent: 127.999999999997, -694.9733333333334 [75, 1000000000.0]. With state pc=0.95, pm=0.5
getAlgoResultsForInstsAndParams.
  Trial 1 for calling: bash NSGA2.sh instance_prob4.dat "" 1000000000.0000001 2147483647 49173726 -pc 0.25 -pm 0.5 > /tmp/tmp-2026-07-1607:12:41-0.09345102310180664
Executing cmd: bash NSGA2.sh instance_prob4.dat "" 1000000000.0000001 2147483647 49173726 -pc 0.25 -pm 0.5 > /tmp/tmp-2026-07-1607:12:41-0.09345102310180664
Result: instance_prob4.dat, 0, -591.79, 0, 49173726
          -> After 1 bonus runs: pc=0.25 pm=0.5 (-694.9733333333334 [based on 75 runs with cutoff 1000000000.0])

now 2026-07-16 07:21:20 -0400; start 2026-07-12 21:39:27 -0400; time-start 294113.056727382; maxWall 8640000.0
now 2026-07-16 07:21:20 -0400; start 2026-07-12 21:39:27 -0400; time-start 294113.056799568; maxWall 8640000.0
now 2026-07-16 07:21:20 -0400; start 2026-07-12 21:39:27 -0400; time-start 294113.056861903; maxWall 8640000.0
now 2026-07-16 07:21:20 -0400; start 2026-07-12 21:39:27 -0400; time-start 294113.056895048; maxWall 8640000.0
now 2026-07-16 07:21:20 -0400; start 2026-07-12 21:39:27 -0400; time-start 294113.056926039; maxWall 8640000.0
    Changing ["pm: 0.5->0.05"], evaluating ...
getAlgoResultsForInstsAndParams.
  Trial 1 for calling: bash NSGA2.sh instance_param1.dat "" 1000000000.0000001 2147483647 1186378232 -pc 0.25 -pm 0.05 > /tmp/tmp-2026-07-1607:21:20-0.33762121200561523
Executing cmd: bash NSGA2.sh instance_param1.dat "" 1000000000.0000001 2147483647 1186378232 -pc 0.25 -pm 0.05 > /tmp/tmp-2026-07-1607:21:20-0.33762121200561523
Result: instance_param1.dat, 0, -920.07, 0, 1186378232
now 2026-07-16 07:21:21 -0400; start 2026-07-12 21:39:27 -0400; time-start 294113.133681763; maxWall 8640000.0
getAlgoResultsForInstsAndParams.
  Trial 1 for calling: bash NSGA2.sh instance_prob2.dat "" 1000000000.0000001 2147483647 1865128741 -pc 0.25 -pm 0.05 > /tmp/tmp-2026-07-1607:21:21-0.3047943115234375
Executing cmd: bash NSGA2.sh instance_prob2.dat "" 1000000000.0000001 2147483647 1865128741 -pc 0.25 -pm 0.05 > /tmp/tmp-2026-07-1607:21:21-0.3047943115234375
Result: instance_prob2.dat, 0, -695.75, 0, 1865128741
now 2026-07-16 07:24:32 -0400; start 2026-07-12 21:39:27 -0400; time-start 294304.885043803; maxWall 8640000.0
getAlgoResultsForInstsAndParams.
  Trial 1 for calling: bash NSGA2.sh instance_prob1.dat "" 1000000000.0000001 2147483647 792652207 -pc 0.25 -pm 0.05 > /tmp/tmp-2026-07-1607:24:32-0.24841737747192383
Executing cmd: bash NSGA2.sh instance_prob1.dat "" 1000000000.0000001 2147483647 792652207 -pc 0.25 -pm 0.05 > /tmp/tmp-2026-07-1607:24:32-0.24841737747192383
Result: instance_prob1.dat, 0, -650.27, 0, 792652207
now 2026-07-16 07:27:28 -0400; start 2026-07-12 21:39:27 -0400; time-start 294480.45332696; maxWall 8640000.0
getAlgoResultsForInstsAndParams.
  Trial 1 for calling: bash NSGA2.sh instance_prob3.dat "" 1000000000.0000001 2147483647 1591543198 -pc 0.25 -pm 0.05 > /tmp/tmp-2026-07-1607:27:28-0.4218711853027344
Executing cmd: bash NSGA2.sh instance_prob3.dat "" 1000000000.0000001 2147483647 1591543198 -pc 0.25 -pm 0.05 > /tmp/tmp-2026-07-1607:27:28-0.4218711853027344
Result: instance_prob3.dat, 0, -577.71, 0, 1591543198
now 2026-07-16 07:32:00 -0400; start 2026-07-12 21:39:27 -0400; time-start 294752.497031627; maxWall 8640000.0
getAlgoResultsForInstsAndParams.
  Trial 1 for calling: bash NSGA2.sh instance_prob4.dat "" 1000000000.0000001 2147483647 1998353460 -pc 0.25 -pm 0.05 > /tmp/tmp-2026-07-1607:32:00-0.09073734283447266
Executing cmd: bash NSGA2.sh instance_prob4.dat "" 1000000000.0000001 2147483647 1998353460 -pc 0.25 -pm 0.05 > /tmp/tmp-2026-07-1607:32:00-0.09073734283447266
Result: instance_prob4.dat, 0, -591.79, 0, 1998353460
now 2026-07-16 07:36:30 -0400; start 2026-07-12 21:39:27 -0400; time-start 295022.964557443; maxWall 8640000.0
getAlgoResultsForInstsAndParams.
  Trial 1 for calling: bash NSGA2.sh instance_param3.dat "" 1000000000.0000001 2147483647 998783798 -pc 0.25 -pm 0.05 > /tmp/tmp-2026-07-1607:36:30-0.1804143190383911
Executing cmd: bash NSGA2.sh instance_param3.dat "" 1000000000.0000001 2147483647 998783798 -pc 0.25 -pm 0.05 > /tmp/tmp-2026-07-1607:36:30-0.1804143190383911
Result: instance_param3.dat, 0, -705.56, 0, 998783798
now 2026-07-16 07:36:30 -0400; start 2026-07-12 21:39:27 -0400; time-start 295023.041409683; maxWall 8640000.0
getAlgoResultsForInstsAndParams.
  Trial 1 for calling: bash NSGA2.sh instance_prob2.dat "" 1000000000.0000001 2147483647 1593267606 -pc 0.25 -pm 0.05 > /tmp/tmp-2026-07-1607:36:30-0.6540411710739136
Executing cmd: bash NSGA2.sh instance_prob2.dat "" 1000000000.0000001 2147483647 1593267606 -pc 0.25 -pm 0.05 > /tmp/tmp-2026-07-1607:36:30-0.6540411710739136
Result: instance_prob2.dat, 0, -695.75, 0, 1593267606
now 2026-07-16 07:39:47 -0400; start 2026-07-12 21:39:27 -0400; time-start 295219.742767825; maxWall 8640000.0
getAlgoResultsForInstsAndParams.
  Trial 1 for calling: bash NSGA2.sh instance_prob4.dat "" 1000000000.0000001 2147483647 769705430 -pc 0.25 -pm 0.05 > /tmp/tmp-2026-07-1607:39:47-0.42253828048706055
Executing cmd: bash NSGA2.sh instance_prob4.dat "" 1000000000.0000001 2147483647 769705430 -pc 0.25 -pm 0.05 > /tmp/tmp-2026-07-1607:39:47-0.42253828048706055
Result: instance_prob4.dat, 0, -591.79, 0, 769705430
now 2026-07-16 07:44:35 -0400; start 2026-07-12 21:39:27 -0400; time-start 295507.182632385; maxWall 8640000.0
getAlgoResultsForInstsAndParams.
  Trial 1 for calling: bash NSGA2.sh instance_param3.dat "" 1000000000.0000001 2147483647 1967747329 -pc 0.25 -pm 0.05 > /tmp/tmp-2026-07-1607:44:35-0.7179794311523438
Executing cmd: bash NSGA2.sh instance_param3.dat "" 1000000000.0000001 2147483647 1967747329 -pc 0.25 -pm 0.05 > /tmp/tmp-2026-07-1607:44:35-0.7179794311523438
Result: instance_param3.dat, 0, -705.56, 0, 1967747329
now 2026-07-16 07:44:35 -0400; start 2026-07-12 21:39:27 -0400; time-start 295507.26074131; maxWall 8640000.0
getAlgoResultsForInstsAndParams.
  Trial 1 for calling: bash NSGA2.sh instance_prob3.dat "" 1000000000.0000001 2147483647 1382366317 -pc 0.25 -pm 0.05 > /tmp/tmp-2026-07-1607:44:35-0.6661643981933594
Executing cmd: bash NSGA2.sh instance_prob3.dat "" 1000000000.0000001 2147483647 1382366317 -pc 0.25 -pm 0.05 > /tmp/tmp-2026-07-1607:44:35-0.6661643981933594
Result: instance_prob3.dat, 0, -577.71, 0, 1382366317
now 2026-07-16 07:49:08 -0400; start 2026-07-12 21:39:27 -0400; time-start 295780.796232309; maxWall 8640000.0
getAlgoResultsForInstsAndParams.
  Trial 1 for calling: bash NSGA2.sh instance_param1.dat "" 1000000000.0000001 2147483647 2022633737 -pc 0.25 -pm 0.05 > /tmp/tmp-2026-07-1607:49:08-0.9342098236083984
Executing cmd: bash NSGA2.sh instance_param1.dat "" 1000000000.0000001 2147483647 2022633737 -pc 0.25 -pm 0.05 > /tmp/tmp-2026-07-1607:49:08-0.9342098236083984
Result: instance_param1.dat, 0, -920.07, 0, 2022633737
now 2026-07-16 07:49:08 -0400; start 2026-07-12 21:39:27 -0400; time-start 295780.873479798; maxWall 8640000.0
getAlgoResultsForInstsAndParams.
  Trial 1 for calling: bash NSGA2.sh instance_prob1.dat "" 1000000000.0000001 2147483647 30692456 -pc 0.25 -pm 0.05 > /tmp/tmp-2026-07-1607:49:08-0.795490026473999
Executing cmd: bash NSGA2.sh instance_prob1.dat "" 1000000000.0000001 2147483647 30692456 -pc 0.25 -pm 0.05 > /tmp/tmp-2026-07-1607:49:08-0.795490026473999
Result: instance_prob1.dat, 0, -650.27, 0, 30692456
now 2026-07-16 07:52:19 -0400; start 2026-07-12 21:39:27 -0400; time-start 295971.783660404; maxWall 8640000.0
getAlgoResultsForInstsAndParams.
  Trial 1 for calling: bash NSGA2.sh instance_param2.dat "" 1000000000.0000001 2147483647 829560014 -pc 0.25 -pm 0.05 > /tmp/tmp-2026-07-1607:52:19-0.3811936378479004
Executing cmd: bash NSGA2.sh instance_param2.dat "" 1000000000.0000001 2147483647 829560014 -pc 0.25 -pm 0.05 > /tmp/tmp-2026-07-1607:52:19-0.3811936378479004
Result: instance_param2.dat, 0, -717.59, 0, 829560014
now 2026-07-16 07:52:19 -0400; start 2026-07-12 21:39:27 -0400; time-start 295971.859755292; maxWall 8640000.0
getAlgoResultsForInstsAndParams.
  Trial 1 for calling: bash NSGA2.sh instance_param2.dat "" 1000000000.0000001 2147483647 2046748760 -pc 0.25 -pm 0.05 > /tmp/tmp-2026-07-1607:52:19-0.10736775398254395
Executing cmd: bash NSGA2.sh instance_param2.dat "" 1000000000.0000001 2147483647 2046748760 -pc 0.25 -pm 0.05 > /tmp/tmp-2026-07-1607:52:19-0.10736775398254395
Result: instance_param2.dat, 0, -717.59, 0, 2046748760
now 2026-07-16 07:52:19 -0400; start 2026-07-12 21:39:27 -0400; time-start 295971.936742632; maxWall 8640000.0
getAlgoResultsForInstsAndParams.
  Trial 1 for calling: bash NSGA2.sh instance_param1.dat "" 1000000000.0000001 2147483647 838628597 -pc 0.25 -pm 0.05 > /tmp/tmp-2026-07-1607:52:19-0.7959921360015869
Executing cmd: bash NSGA2.sh instance_param1.dat "" 1000000000.0000001 2147483647 838628597 -pc 0.25 -pm 0.05 > /tmp/tmp-2026-07-1607:52:19-0.7959921360015869
Result: instance_param1.dat, 0, -920.07, 0, 838628597
now 2026-07-16 07:52:19 -0400; start 2026-07-12 21:39:27 -0400; time-start 295972.012881136; maxWall 8640000.0
getAlgoResultsForInstsAndParams.
  Trial 1 for calling: bash NSGA2.sh instance_prob2.dat "" 1000000000.0000001 2147483647 1266764447 -pc 0.25 -pm 0.05 > /tmp/tmp-2026-07-1607:52:19-0.6582860946655273
Executing cmd: bash NSGA2.sh instance_prob2.dat "" 1000000000.0000001 2147483647 1266764447 -pc 0.25 -pm 0.05 > /tmp/tmp-2026-07-1607:52:19-0.6582860946655273
Result: instance_prob2.dat, 0, -695.75, 0, 1266764447
now 2026-07-16 07:55:30 -0400; start 2026-07-12 21:39:27 -0400; time-start 296162.541560304; maxWall 8640000.0
getAlgoResultsForInstsAndParams.
  Trial 1 for calling: bash NSGA2.sh instance_prob1.dat "" 1000000000.0000001 2147483647 1404532994 -pc 0.25 -pm 0.05 > /tmp/tmp-2026-07-1607:55:30-0.8833074569702148
Executing cmd: bash NSGA2.sh instance_prob1.dat "" 1000000000.0000001 2147483647 1404532994 -pc 0.25 -pm 0.05 > /tmp/tmp-2026-07-1607:55:30-0.8833074569702148
Result: instance_prob1.dat, 0, -650.27, 0, 1404532994
now 2026-07-16 07:58:49 -0400; start 2026-07-12 21:39:27 -0400; time-start 296361.987694706; maxWall 8640000.0
getAlgoResultsForInstsAndParams.
  Trial 1 for calling: bash NSGA2.sh instance_prob4.dat "" 1000000000.0000001 2147483647 49173726 -pc 0.25 -pm 0.05 > /tmp/tmp-2026-07-1607:58:49-0.6026337146759033
Executing cmd: bash NSGA2.sh instance_prob4.dat "" 1000000000.0000001 2147483647 49173726 -pc 0.25 -pm 0.05 > /tmp/tmp-2026-07-1607:58:49-0.6026337146759033
Result: instance_prob4.dat, 0, -591.79, 0, 49173726
          -> Take improving step to neighbour pc=0.25 pm=0.05 (-694.9733333333334 [based on 75 runs with cutoff 1000000000.0]) with flip 89

          
============= Performing 1 bonus runs of state: pc=0.25 pm=0.05 (-694.9733333333334 [based on 75 runs with cutoff 1000000000.0]) ============ 

now 2026-07-16 08:03:18 -0400; start 2026-07-12 21:39:27 -0400; time-start 296630.366730701; maxWall 8640000.0
State wants more detail (75+1) than incumbent (75), doing incumbent first:
pc=0.25 pm=0.05 (-694.9733333333334 [based on 75 runs with cutoff 1000000000.0])
pc=0.95 pm=0.5 (-694.9733333333334 [based on 75 runs with cutoff 1000000000.0])
getAlgoResultsForInstsAndParams.
  Trial 1 for calling: bash NSGA2.sh instance_param3.dat "" 1000000000.0000001 2147483647 1799566890 -pc 0.95 -pm 0.5 > /tmp/tmp-2026-07-1608:03:18-0.9099764823913574
Executing cmd: bash NSGA2.sh instance_param3.dat "" 1000000000.0000001 2147483647 1799566890 -pc 0.95 -pm 0.5 > /tmp/tmp-2026-07-1608:03:18-0.9099764823913574
Result: instance_param3.dat, 0, -705.56, 0, 1799566890
 Same incumbent, new precision:
New Incumbent: 129.9999999999969, -695.1052631578947 [76, 1000000000.0]. With state pc=0.95, pm=0.5
getAlgoResultsForInstsAndParams.
  Trial 1 for calling: bash NSGA2.sh instance_param3.dat "" 1000000000.0000001 2147483647 1799566890 -pc 0.25 -pm 0.05 > /tmp/tmp-2026-07-1608:03:18-0.41175031661987305
Executing cmd: bash NSGA2.sh instance_param3.dat "" 1000000000.0000001 2147483647 1799566890 -pc 0.25 -pm 0.05 > /tmp/tmp-2026-07-1608:03:18-0.41175031661987305
Result: instance_param3.dat, 0, -705.56, 0, 1799566890
          -> After 1 bonus runs: pc=0.25 pm=0.05 (-695.1052631578947 [based on 76 runs with cutoff 1000000000.0])

now 2026-07-16 08:03:18 -0400; start 2026-07-12 21:39:27 -0400; time-start 296630.521130835; maxWall 8640000.0
now 2026-07-16 08:03:18 -0400; start 2026-07-12 21:39:27 -0400; time-start 296630.521201455; maxWall 8640000.0
now 2026-07-16 08:03:18 -0400; start 2026-07-12 21:39:27 -0400; time-start 296630.521262481; maxWall 8640000.0
now 2026-07-16 08:03:18 -0400; start 2026-07-12 21:39:27 -0400; time-start 296630.521296071; maxWall 8640000.0
now 2026-07-16 08:03:18 -0400; start 2026-07-12 21:39:27 -0400; time-start 296630.521327297; maxWall 8640000.0
now 2026-07-16 08:03:18 -0400; start 2026-07-12 21:39:27 -0400; time-start 296630.521357446; maxWall 8640000.0
now 2026-07-16 08:03:18 -0400; start 2026-07-12 21:39:27 -0400; time-start 296630.521389386; maxWall 8640000.0
now 2026-07-16 08:03:18 -0400; start 2026-07-12 21:39:27 -0400; time-start 296630.521419617; maxWall 8640000.0
          
============= Performing 0 bonus runs of state: pc=0.25 pm=0.05 (-695.1052631578947 [based on 76 runs with cutoff 1000000000.0]) ============ 

          -> After 0 bonus runs for LM: pc=0.25 pm=0.05 (-695.1052631578947 [based on 76 runs with cutoff 1000000000.0])

   LM for iteration 5: pc=0.25 pm=0.05 (-695.1052631578947 [based on 76 runs with cutoff 1000000000.0])

========== DETAILED RESULTS (iteration 5): ==========
[["instance_param3.dat", 0.0, -705, 0.0, 76593332], ["instance_param3.dat", 0.0, -705, 0.0, 579399830], ["instance_param3.dat", 0.0, -705, 0.0, 1189509930], ["instance_param3.dat", 0.0, -705, 0.0, 82106444], ["instance_param3.dat", 0.0, -705, 0.0, 2085269448], ["instance_param3.dat", 0.0, -705, 0.0, 1392514437], ["instance_param3.dat", 0.0, -705, 0.0, 1313848922], ["instance_param3.dat", 0.0, -705, 0.0, 13543025], ["instance_param3.dat", 0.0, -705, 0.0, 998783798], ["instance_param3.dat", 0.0, -705, 0.0, 1967747329], ["instance_param3.dat", 0.0, -705, 0.0, 1799566890]]
[["instance_prob3.dat", 0.0, -577, 0.0, 2070231575], ["instance_prob3.dat", 0.0, -577, 0.0, 184242589], ["instance_prob3.dat", 0.0, -577, 0.0, 1729884984], ["instance_prob3.dat", 0.0, -577, 0.0, 720721666], ["instance_prob3.dat", 0.0, -577, 0.0, 222014735], ["instance_prob3.dat", 0.0, -577, 0.0, 1165131879], ["instance_prob3.dat", 0.0, -577, 0.0, 1524734467], ["instance_prob3.dat", 0.0, -577, 0.0, 1523713353], ["instance_prob3.dat", 0.0, -577, 0.0, 1591543198], ["instance_prob3.dat", 0.0, -577, 0.0, 1382366317]]
[["instance_prob2.dat", 0.0, -695, 0.0, 678174566], ["instance_prob2.dat", 0.0, -695, 0.0, 936818155], ["instance_prob2.dat", 0.0, -695, 0.0, 45849524], ["instance_prob2.dat", 0.0, -695, 0.0, 637566358], ["instance_prob2.dat", 0.0, -695, 0.0, 2106584775], ["instance_prob2.dat", 0.0, -695, 0.0, 13935469], ["instance_prob2.dat", 0.0, -695, 0.0, 557599983], ["instance_prob2.dat", 0.0, -695, 0.0, 310084194], ["instance_prob2.dat", 0.0, -695, 0.0, 1865128741], ["instance_prob2.dat", 0.0, -695, 0.0, 1593267606], ["instance_prob2.dat", 0.0, -695, 0.0, 1266764447]]
[["instance_param1.dat", 0.0, -920, 0.0, 1180947612], ["instance_param1.dat", 0.0, -920, 0.0, 1367662510], ["instance_param1.dat", 0.0, -920, 0.0, 945548968], ["instance_param1.dat", 0.0, -920, 0.0, 673948927], ["instance_param1.dat", 0.0, -920, 0.0, 1548605805], ["instance_param1.dat", 0.0, -920, 0.0, 2074744000], ["instance_param1.dat", 0.0, -920, 0.0, 462720224], ["instance_param1.dat", 0.0, -920, 0.0, 1927991028], ["instance_param1.dat", 0.0, -920, 0.0, 1186378232], ["instance_param1.dat", 0.0, -920, 0.0, 2022633737], ["instance_param1.dat", 0.0, -920, 0.0, 838628597]]
[["instance_prob4.dat", 0.0, -591, 0.0, 1841889657], ["instance_prob4.dat", 0.0, -591, 0.0, 284264236], ["instance_prob4.dat", 0.0, -591, 0.0, 1289636003], ["instance_prob4.dat", 0.0, -591, 0.0, 64315970], ["instance_prob4.dat", 0.0, -591, 0.0, 129161248], ["instance_prob4.dat", 0.0, -591, 0.0, 685541044], ["instance_prob4.dat", 0.0, -591, 0.0, 1736731097], ["instance_prob4.dat", 0.0, -591, 0.0, 1868452773], ["instance_prob4.dat", 0.0, -591, 0.0, 1998353460], ["instance_prob4.dat", 0.0, -591, 0.0, 769705430], ["instance_prob4.dat", 0.0, -591, 0.0, 49173726]]
[["instance_param2.dat", 0.0, -717, 0.0, 1561765848], ["instance_param2.dat", 0.0, -717, 0.0, 371836214], ["instance_param2.dat", 0.0, -717, 0.0, 1526896590], ["instance_param2.dat", 0.0, -717, 0.0, 1036556068], ["instance_param2.dat", 0.0, -717, 0.0, 515552351], ["instance_param2.dat", 0.0, -717, 0.0, 1733138286], ["instance_param2.dat", 0.0, -717, 0.0, 789000552], ["instance_param2.dat", 0.0, -717, 0.0, 149754666], ["instance_param2.dat", 0.0, -717, 0.0, 1669015032], ["instance_param2.dat", 0.0, -717, 0.0, 829560014], ["instance_param2.dat", 0.0, -717, 0.0, 2046748760]]
[["instance_prob1.dat", 0.0, -650, 0.0, 331991908], ["instance_prob1.dat", 0.0, -650, 0.0, 1970933906], ["instance_prob1.dat", 0.0, -650, 0.0, 1374493268], ["instance_prob1.dat", 0.0, -650, 0.0, 205845687], ["instance_prob1.dat", 0.0, -650, 0.0, 1686488978], ["instance_prob1.dat", 0.0, -650, 0.0, 1319408815], ["instance_prob1.dat", 0.0, -650, 0.0, 251330698], ["instance_prob1.dat", 0.0, -650, 0.0, 1764895294], ["instance_prob1.dat", 0.0, -650, 0.0, 792652207], ["instance_prob1.dat", 0.0, -650, 0.0, 30692456], ["instance_prob1.dat", 0.0, -650, 0.0, 1404532994]]
instance_param3.dat: -705		[based on 11 runs]
instance_prob3.dat: -577.0		[based on 10 runs]
instance_prob2.dat: -695		[based on 11 runs]
instance_param1.dat: -920		[based on 11 runs]
instance_prob4.dat: -591		[based on 11 runs]
instance_param2.dat: -717		[based on 11 runs]
instance_prob1.dat: -650		[based on 11 runs]
================================================

==================================================================
Best parameter configuration found so far (end of iteration 5): pc=0.95, pm=0.5
==================================================================
Training quality of this incumbent parameter configuration: -695.1052631578947, based on 76 runs with cutoff 1000000000.0
==================================================================

Comparing LM against incumbent:
pc=0.25 pm=0.05 (-695.1052631578947 [based on 76 runs with cutoff 1000000000.0])
pc=0.95 pm=0.5 (-695.1052631578947 [based on 76 runs with cutoff 1000000000.0])
LM better, change incumbent
New Incumbent: 130.0999999999969, -695.1052631578947 [76, 1000000000.0]. With state pc=0.25, pm=0.05
   Accepting new better local optimum: pc=0.25 pm=0.05 (-695.1052631578947 [based on 76 runs with cutoff 1000000000.0])
now 2026-07-16 08:03:18 -0400; start 2026-07-12 21:39:27 -0400; time-start 296630.522964488; maxWall 8640000.0
1301/100000, 130.0999999999969/100000000.0
iteration 6, flip 91, evaluation count 1301
    perturb to ---> pc=0.6 pm=0.05 (-697.0333333333333 [based on 60 runs with cutoff 1000000000.0])
    perturb to ---> pc=0.6 pm=0.1 (-693.231884057971 [based on 69 runs with cutoff 1000000000.0])
    perturb to ---> pc=0.95 pm=0.1 (-697.0416666666666 [based on 72 runs with cutoff 1000000000.0])
getAlgoResultsForInstsAndParams.
  Trial 1 for calling: bash NSGA2.sh instance_prob2.dat "" 1000000000.0000001 2147483647 1266764447 -pc 0.95 -pm 0.1 > /tmp/tmp-2026-07-1608:03:18-0.3992946147918701
Executing cmd: bash NSGA2.sh instance_prob2.dat "" 1000000000.0000001 2147483647 1266764447 -pc 0.95 -pm 0.1 > /tmp/tmp-2026-07-1608:03:18-0.3992946147918701
Result: instance_prob2.dat, 0, -695.75, 0, 1266764447
   BLS in iteration 6, start with pc=0.95 pm=0.1 (-697.013698630137 [based on 73 runs with cutoff 1000000000.0])
now 2026-07-16 08:07:38 -0400; start 2026-07-12 21:39:27 -0400; time-start 296890.689004518; maxWall 8640000.0
now 2026-07-16 08:07:38 -0400; start 2026-07-12 21:39:27 -0400; time-start 296890.689075168; maxWall 8640000.0
    Changing ["pc: 0.95->0.25"], evaluating ...
getAlgoResultsForInstsAndParams.
  Trial 1 for calling: bash NSGA2.sh instance_prob1.dat "" 1000000000.0000001 2147483647 30692456 -pc 0.25 -pm 0.1 > /tmp/tmp-2026-07-1608:07:38-0.7837786674499512
Executing cmd: bash NSGA2.sh instance_prob1.dat "" 1000000000.0000001 2147483647 30692456 -pc 0.25 -pm 0.1 > /tmp/tmp-2026-07-1608:07:38-0.7837786674499512
Result: instance_prob1.dat, 0, -650.27, 0, 30692456
now 2026-07-16 08:10:54 -0400; start 2026-07-12 21:39:27 -0400; time-start 297086.966380485; maxWall 8640000.0
getAlgoResultsForInstsAndParams.
  Trial 1 for calling: bash NSGA2.sh instance_param2.dat "" 1000000000.0000001 2147483647 829560014 -pc 0.25 -pm 0.1 > /tmp/tmp-2026-07-1608:10:54-0.41203808784484863
Executing cmd: bash NSGA2.sh instance_param2.dat "" 1000000000.0000001 2147483647 829560014 -pc 0.25 -pm 0.1 > /tmp/tmp-2026-07-1608:10:54-0.41203808784484863
Result: instance_param2.dat, 0, -717.59, 0, 829560014
now 2026-07-16 08:10:54 -0400; start 2026-07-12 21:39:27 -0400; time-start 297087.043014278; maxWall 8640000.0
getAlgoResultsForInstsAndParams.
  Trial 1 for calling: bash NSGA2.sh instance_param2.dat "" 1000000000.0000001 2147483647 2046748760 -pc 0.25 -pm 0.1 > /tmp/tmp-2026-07-1608:10:54-0.1744767427444458
Executing cmd: bash NSGA2.sh instance_param2.dat "" 1000000000.0000001 2147483647 2046748760 -pc 0.25 -pm 0.1 > /tmp/tmp-2026-07-1608:10:54-0.1744767427444458
Result: instance_param2.dat, 0, -717.59, 0, 2046748760
now 2026-07-16 08:10:55 -0400; start 2026-07-12 21:39:27 -0400; time-start 297087.118988725; maxWall 8640000.0
getAlgoResultsForInstsAndParams.
  Trial 1 for calling: bash NSGA2.sh instance_param1.dat "" 1000000000.0000001 2147483647 838628597 -pc 0.25 -pm 0.1 > /tmp/tmp-2026-07-1608:10:55-0.6912727355957031
Executing cmd: bash NSGA2.sh instance_param1.dat "" 1000000000.0000001 2147483647 838628597 -pc 0.25 -pm 0.1 > /tmp/tmp-2026-07-1608:10:55-0.6912727355957031
Result: instance_param1.dat, 0, -920.07, 0, 838628597
now 2026-07-16 08:10:55 -0400; start 2026-07-12 21:39:27 -0400; time-start 297087.196969706; maxWall 8640000.0
getAlgoResultsForInstsAndParams.
  Trial 1 for calling: bash NSGA2.sh instance_prob2.dat "" 1000000000.0000001 2147483647 1266764447 -pc 0.25 -pm 0.1 > /tmp/tmp-2026-07-1608:10:55-0.28086376190185547
Executing cmd: bash NSGA2.sh instance_prob2.dat "" 1000000000.0000001 2147483647 1266764447 -pc 0.25 -pm 0.1 > /tmp/tmp-2026-07-1608:10:55-0.28086376190185547
Result: instance_prob2.dat, 0, -695.75, 0, 1266764447
          -> Take improving step to neighbour pc=0.25 pm=0.1 (-697.013698630137 [based on 73 runs with cutoff 1000000000.0]) with flip 91

          
============= Performing 1 bonus runs of state: pc=0.25 pm=0.1 (-697.013698630137 [based on 73 runs with cutoff 1000000000.0]) ============ 

now 2026-07-16 08:14:27 -0400; start 2026-07-12 21:39:27 -0400; time-start 297300.037625001; maxWall 8640000.0
getAlgoResultsForInstsAndParams.
  Trial 1 for calling: bash NSGA2.sh instance_prob1.dat "" 1000000000.0000001 2147483647 1404532994 -pc 0.25 -pm 0.1 > /tmp/tmp-2026-07-1608:14:27-0.7549582719802856
Executing cmd: bash NSGA2.sh instance_prob1.dat "" 1000000000.0000001 2147483647 1404532994 -pc 0.25 -pm 0.1 > /tmp/tmp-2026-07-1608:14:27-0.7549582719802856
Result: instance_prob1.dat, 0, -650.27, 0, 1404532994
1308/100000, 130.79999999999686/100000000.0
          -> After 1 bonus runs: pc=0.25 pm=0.1 (-696.3783783783783 [based on 74 runs with cutoff 1000000000.0])

now 2026-07-16 08:17:54 -0400; start 2026-07-12 21:39:27 -0400; time-start 297506.970400208; maxWall 8640000.0
now 2026-07-16 08:17:54 -0400; start 2026-07-12 21:39:27 -0400; time-start 297506.970428332; maxWall 8640000.0
    Changing ["pc: 0.25->0.5"], evaluating ...
getAlgoResultsForInstsAndParams.
  Trial 1 for calling: bash NSGA2.sh instance_param1.dat "" 1000000000.0000001 2147483647 2022633737 -pc 0.5 -pm 0.1 > /tmp/tmp-2026-07-1608:17:54-0.5175503492355347
Executing cmd: bash NSGA2.sh instance_param1.dat "" 1000000000.0000001 2147483647 2022633737 -pc 0.5 -pm 0.1 > /tmp/tmp-2026-07-1608:17:54-0.5175503492355347
Result: instance_param1.dat, 0, -920.07, 0, 2022633737
now 2026-07-16 08:17:54 -0400; start 2026-07-12 21:39:27 -0400; time-start 297507.00314936; maxWall 8640000.0
getAlgoResultsForInstsAndParams.
  Trial 1 for calling: bash NSGA2.sh instance_prob1.dat "" 1000000000.0000001 2147483647 30692456 -pc 0.5 -pm 0.1 > /tmp/tmp-2026-07-1608:17:54-0.6709010601043701
Executing cmd: bash NSGA2.sh instance_prob1.dat "" 1000000000.0000001 2147483647 30692456 -pc 0.5 -pm 0.1 > /tmp/tmp-2026-07-1608:17:54-0.6709010601043701
Result: instance_prob1.dat, 0, -650.27, 0, 30692456
now 2026-07-16 08:21:23 -0400; start 2026-07-12 21:39:27 -0400; time-start 297715.142603386; maxWall 8640000.0
getAlgoResultsForInstsAndParams.
  Trial 1 for calling: bash NSGA2.sh instance_param2.dat "" 1000000000.0000001 2147483647 829560014 -pc 0.5 -pm 0.1 > /tmp/tmp-2026-07-1608:21:23-0.8791313171386719
Executing cmd: bash NSGA2.sh instance_param2.dat "" 1000000000.0000001 2147483647 829560014 -pc 0.5 -pm 0.1 > /tmp/tmp-2026-07-1608:21:23-0.8791313171386719
Result: instance_param2.dat, 0, -717.59, 0, 829560014
now 2026-07-16 08:21:23 -0400; start 2026-07-12 21:39:27 -0400; time-start 297715.22052785; maxWall 8640000.0
getAlgoResultsForInstsAndParams.
  Trial 1 for calling: bash NSGA2.sh instance_param2.dat "" 1000000000.0000001 2147483647 2046748760 -pc 0.5 -pm 0.1 > /tmp/tmp-2026-07-1608:21:23-0.6124992370605469
Executing cmd: bash NSGA2.sh instance_param2.dat "" 1000000000.0000001 2147483647 2046748760 -pc 0.5 -pm 0.1 > /tmp/tmp-2026-07-1608:21:23-0.6124992370605469
Result: instance_param2.dat, 0, -717.59, 0, 2046748760
now 2026-07-16 08:21:23 -0400; start 2026-07-12 21:39:27 -0400; time-start 297715.294974682; maxWall 8640000.0
getAlgoResultsForInstsAndParams.
  Trial 1 for calling: bash NSGA2.sh instance_param1.dat "" 1000000000.0000001 2147483647 838628597 -pc 0.5 -pm 0.1 > /tmp/tmp-2026-07-1608:21:23-0.26841068267822266
Executing cmd: bash NSGA2.sh instance_param1.dat "" 1000000000.0000001 2147483647 838628597 -pc 0.5 -pm 0.1 > /tmp/tmp-2026-07-1608:21:23-0.26841068267822266
Result: instance_param1.dat, 0, -920.07, 0, 838628597
now 2026-07-16 08:21:23 -0400; start 2026-07-12 21:39:27 -0400; time-start 297715.371435366; maxWall 8640000.0
getAlgoResultsForInstsAndParams.
  Trial 1 for calling: bash NSGA2.sh instance_prob2.dat "" 1000000000.0000001 2147483647 1266764447 -pc 0.5 -pm 0.1 > /tmp/tmp-2026-07-1608:21:23-0.5216865539550781
Executing cmd: bash NSGA2.sh instance_prob2.dat "" 1000000000.0000001 2147483647 1266764447 -pc 0.5 -pm 0.1 > /tmp/tmp-2026-07-1608:21:23-0.5216865539550781
Result: instance_prob2.dat, 0, -695.75, 0, 1266764447
now 2026-07-16 08:25:25 -0400; start 2026-07-12 21:39:27 -0400; time-start 297957.89118137; maxWall 8640000.0
getAlgoResultsForInstsAndParams.
  Trial 1 for calling: bash NSGA2.sh instance_prob1.dat "" 1000000000.0000001 2147483647 1404532994 -pc 0.5 -pm 0.1 > /tmp/tmp-2026-07-1608:25:25-0.29085588455200195
Executing cmd: bash NSGA2.sh instance_prob1.dat "" 1000000000.0000001 2147483647 1404532994 -pc 0.5 -pm 0.1 > /tmp/tmp-2026-07-1608:25:25-0.29085588455200195
Result: instance_prob1.dat, 0, -650.27, 0, 1404532994
          -> Take improving step to neighbour pc=0.5 pm=0.1 (-696.3783783783783 [based on 74 runs with cutoff 1000000000.0]) with flip 92

          
============= Performing 1 bonus runs of state: pc=0.5 pm=0.1 (-696.3783783783783 [based on 74 runs with cutoff 1000000000.0]) ============ 

now 2026-07-16 08:29:22 -0400; start 2026-07-12 21:39:27 -0400; time-start 298194.283951138; maxWall 8640000.0
getAlgoResultsForInstsAndParams.
  Trial 1 for calling: bash NSGA2.sh instance_prob4.dat "" 1000000000.0000001 2147483647 49173726 -pc 0.5 -pm 0.1 > /tmp/tmp-2026-07-1608:29:22-0.5255050659179688
Executing cmd: bash NSGA2.sh instance_prob4.dat "" 1000000000.0000001 2147483647 49173726 -pc 0.5 -pm 0.1 > /tmp/tmp-2026-07-1608:29:22-0.5255050659179688
Result: instance_prob4.dat, 0, -591.79, 0, 49173726
          -> After 1 bonus runs: pc=0.5 pm=0.1 (-694.9733333333334 [based on 75 runs with cutoff 1000000000.0])

now 2026-07-16 08:34:29 -0400; start 2026-07-12 21:39:27 -0400; time-start 298501.77820099; maxWall 8640000.0
now 2026-07-16 08:34:29 -0400; start 2026-07-12 21:39:27 -0400; time-start 298501.778278731; maxWall 8640000.0
    Changing ["pc: 0.5->0.6"], evaluating ...
getAlgoResultsForInstsAndParams.
  Trial 1 for calling: bash NSGA2.sh instance_param2.dat "" 1000000000.0000001 2147483647 829560014 -pc 0.6 -pm 0.1 > /tmp/tmp-2026-07-1608:34:29-0.6387460231781006
Executing cmd: bash NSGA2.sh instance_param2.dat "" 1000000000.0000001 2147483647 829560014 -pc 0.6 -pm 0.1 > /tmp/tmp-2026-07-1608:34:29-0.6387460231781006
Result: instance_param2.dat, 0, -717.59, 0, 829560014
now 2026-07-16 08:34:29 -0400; start 2026-07-12 21:39:27 -0400; time-start 298501.854732656; maxWall 8640000.0
getAlgoResultsForInstsAndParams.
  Trial 1 for calling: bash NSGA2.sh instance_param2.dat "" 1000000000.0000001 2147483647 2046748760 -pc 0.6 -pm 0.1 > /tmp/tmp-2026-07-1608:34:29-0.2621927261352539
Executing cmd: bash NSGA2.sh instance_param2.dat "" 1000000000.0000001 2147483647 2046748760 -pc 0.6 -pm 0.1 > /tmp/tmp-2026-07-1608:34:29-0.2621927261352539
Result: instance_param2.dat, 0, -717.59, 0, 2046748760
now 2026-07-16 08:34:29 -0400; start 2026-07-12 21:39:27 -0400; time-start 298501.929205493; maxWall 8640000.0
getAlgoResultsForInstsAndParams.
  Trial 1 for calling: bash NSGA2.sh instance_param1.dat "" 1000000000.0000001 2147483647 838628597 -pc 0.6 -pm 0.1 > /tmp/tmp-2026-07-1608:34:29-0.3373992443084717
Executing cmd: bash NSGA2.sh instance_param1.dat "" 1000000000.0000001 2147483647 838628597 -pc 0.6 -pm 0.1 > /tmp/tmp-2026-07-1608:34:29-0.3373992443084717
Result: instance_param1.dat, 0, -920.07, 0, 838628597
now 2026-07-16 08:34:29 -0400; start 2026-07-12 21:39:27 -0400; time-start 298501.98117051; maxWall 8640000.0
getAlgoResultsForInstsAndParams.
  Trial 1 for calling: bash NSGA2.sh instance_prob2.dat "" 1000000000.0000001 2147483647 1266764447 -pc 0.6 -pm 0.1 > /tmp/tmp-2026-07-1608:34:29-0.21180415153503418
Executing cmd: bash NSGA2.sh instance_prob2.dat "" 1000000000.0000001 2147483647 1266764447 -pc 0.6 -pm 0.1 > /tmp/tmp-2026-07-1608:34:29-0.21180415153503418
Result: instance_prob2.dat, 0, -695.75, 0, 1266764447
now 2026-07-16 08:38:51 -0400; start 2026-07-12 21:39:27 -0400; time-start 298763.131770017; maxWall 8640000.0
getAlgoResultsForInstsAndParams.
  Trial 1 for calling: bash NSGA2.sh instance_prob1.dat "" 1000000000.0000001 2147483647 1404532994 -pc 0.6 -pm 0.1 > /tmp/tmp-2026-07-1608:38:51-0.1114349365234375
Executing cmd: bash NSGA2.sh instance_prob1.dat "" 1000000000.0000001 2147483647 1404532994 -pc 0.6 -pm 0.1 > /tmp/tmp-2026-07-1608:38:51-0.1114349365234375
Result: instance_prob1.dat, 0, -650.27, 0, 1404532994
now 2026-07-16 08:42:10 -0400; start 2026-07-12 21:39:27 -0400; time-start 298962.700689509; maxWall 8640000.0
getAlgoResultsForInstsAndParams.
  Trial 1 for calling: bash NSGA2.sh instance_prob4.dat "" 1000000000.0000001 2147483647 49173726 -pc 0.6 -pm 0.1 > /tmp/tmp-2026-07-1608:42:10-0.8226280212402344
Executing cmd: bash NSGA2.sh instance_prob4.dat "" 1000000000.0000001 2147483647 49173726 -pc 0.6 -pm 0.1 > /tmp/tmp-2026-07-1608:42:10-0.8226280212402344
Result: instance_prob4.dat, 0, -591.79, 0, 49173726
          -> Take improving step to neighbour pc=0.6 pm=0.1 (-694.9733333333334 [based on 75 runs with cutoff 1000000000.0]) with flip 93

          
============= Performing 1 bonus runs of state: pc=0.6 pm=0.1 (-694.9733333333334 [based on 75 runs with cutoff 1000000000.0]) ============ 

now 2026-07-16 08:47:29 -0400; start 2026-07-12 21:39:27 -0400; time-start 299282.0230474; maxWall 8640000.0
getAlgoResultsForInstsAndParams.
  Trial 1 for calling: bash NSGA2.sh instance_param3.dat "" 1000000000.0000001 2147483647 1799566890 -pc 0.6 -pm 0.1 > /tmp/tmp-2026-07-1608:47:29-0.07893550395965576
Executing cmd: bash NSGA2.sh instance_param3.dat "" 1000000000.0000001 2147483647 1799566890 -pc 0.6 -pm 0.1 > /tmp/tmp-2026-07-1608:47:29-0.07893550395965576
Result: instance_param3.dat, 0, -705.56, 0, 1799566890
          -> After 1 bonus runs: pc=0.6 pm=0.1 (-695.1052631578947 [based on 76 runs with cutoff 1000000000.0])

now 2026-07-16 08:47:30 -0400; start 2026-07-12 21:39:27 -0400; time-start 299282.100040859; maxWall 8640000.0
now 2026-07-16 08:47:30 -0400; start 2026-07-12 21:39:27 -0400; time-start 299282.100125195; maxWall 8640000.0
    Changing ["pc: 0.6->0.8"], evaluating ...
getAlgoResultsForInstsAndParams.
  Trial 1 for calling: bash NSGA2.sh instance_param2.dat "" 1000000000.0000001 2147483647 2046748760 -pc 0.8 -pm 0.1 > /tmp/tmp-2026-07-1608:47:30-0.3500823974609375
Executing cmd: bash NSGA2.sh instance_param2.dat "" 1000000000.0000001 2147483647 2046748760 -pc 0.8 -pm 0.1 > /tmp/tmp-2026-07-1608:47:30-0.3500823974609375
Result: instance_param2.dat, 0, -717.59, 0, 2046748760
now 2026-07-16 08:47:30 -0400; start 2026-07-12 21:39:27 -0400; time-start 299282.175454522; maxWall 8640000.0
getAlgoResultsForInstsAndParams.
  Trial 1 for calling: bash NSGA2.sh instance_param1.dat "" 1000000000.0000001 2147483647 838628597 -pc 0.8 -pm 0.1 > /tmp/tmp-2026-07-1608:47:30-0.35072898864746094
Executing cmd: bash NSGA2.sh instance_param1.dat "" 1000000000.0000001 2147483647 838628597 -pc 0.8 -pm 0.1 > /tmp/tmp-2026-07-1608:47:30-0.35072898864746094
Result: instance_param1.dat, 0, -920.07, 0, 838628597
now 2026-07-16 08:47:30 -0400; start 2026-07-12 21:39:27 -0400; time-start 299282.251761201; maxWall 8640000.0
getAlgoResultsForInstsAndParams.
  Trial 1 for calling: bash NSGA2.sh instance_prob2.dat "" 1000000000.0000001 2147483647 1266764447 -pc 0.8 -pm 0.1 > /tmp/tmp-2026-07-1608:47:30-0.7630882263183594
Executing cmd: bash NSGA2.sh instance_prob2.dat "" 1000000000.0000001 2147483647 1266764447 -pc 0.8 -pm 0.1 > /tmp/tmp-2026-07-1608:47:30-0.7630882263183594
Result: instance_prob2.dat, 0, -695.75, 0, 1266764447
now 2026-07-16 08:51:44 -0400; start 2026-07-12 21:39:27 -0400; time-start 299536.896140066; maxWall 8640000.0
getAlgoResultsForInstsAndParams.
  Trial 1 for calling: bash NSGA2.sh instance_prob1.dat "" 1000000000.0000001 2147483647 1404532994 -pc 0.8 -pm 0.1 > /tmp/tmp-2026-07-1608:51:44-0.803802490234375
Executing cmd: bash NSGA2.sh instance_prob1.dat "" 1000000000.0000001 2147483647 1404532994 -pc 0.8 -pm 0.1 > /tmp/tmp-2026-07-1608:51:44-0.803802490234375
Result: instance_prob1.dat, 0, -650.27, 0, 1404532994
now 2026-07-16 08:55:46 -0400; start 2026-07-12 21:39:27 -0400; time-start 299778.708511463; maxWall 8640000.0
getAlgoResultsForInstsAndParams.
  Trial 1 for calling: bash NSGA2.sh instance_prob4.dat "" 1000000000.0000001 2147483647 49173726 -pc 0.8 -pm 0.1 > /tmp/tmp-2026-07-1608:55:46-0.03205728530883789
Executing cmd: bash NSGA2.sh instance_prob4.dat "" 1000000000.0000001 2147483647 49173726 -pc 0.8 -pm 0.1 > /tmp/tmp-2026-07-1608:55:46-0.03205728530883789
Result: instance_prob4.dat, 0, -591.79, 0, 49173726
now 2026-07-16 09:01:14 -0400; start 2026-07-12 21:39:27 -0400; time-start 300106.697643346; maxWall 8640000.0
getAlgoResultsForInstsAndParams.
  Trial 1 for calling: bash NSGA2.sh instance_param3.dat "" 1000000000.0000001 2147483647 1799566890 -pc 0.8 -pm 0.1 > /tmp/tmp-2026-07-1609:01:14-0.6334264278411865
Executing cmd: bash NSGA2.sh instance_param3.dat "" 1000000000.0000001 2147483647 1799566890 -pc 0.8 -pm 0.1 > /tmp/tmp-2026-07-1609:01:14-0.6334264278411865
Result: instance_param3.dat, 0, -705.56, 0, 1799566890
          -> Take improving step to neighbour pc=0.8 pm=0.1 (-695.1052631578947 [based on 76 runs with cutoff 1000000000.0]) with flip 94

          
============= Performing 1 bonus runs of state: pc=0.8 pm=0.1 (-695.1052631578947 [based on 76 runs with cutoff 1000000000.0]) ============ 

now 2026-07-16 09:01:14 -0400; start 2026-07-12 21:39:27 -0400; time-start 300106.775576987; maxWall 8640000.0
State wants more detail (76+1) than incumbent (76), doing incumbent first:
pc=0.8 pm=0.1 (-695.1052631578947 [based on 76 runs with cutoff 1000000000.0])
pc=0.25 pm=0.05 (-695.1052631578947 [based on 76 runs with cutoff 1000000000.0])
getAlgoResultsForInstsAndParams.
  Trial 1 for calling: bash NSGA2.sh instance_prob3.dat "" 1000000000.0000001 2147483647 1767938397 -pc 0.25 -pm 0.05 > /tmp/tmp-2026-07-1609:01:14-0.47078967094421387
Executing cmd: bash NSGA2.sh instance_prob3.dat "" 1000000000.0000001 2147483647 1767938397 -pc 0.25 -pm 0.05 > /tmp/tmp-2026-07-1609:01:14-0.47078967094421387
Result: instance_prob3.dat, 0, -577.71, 0, 1767938397
 Same incumbent, new precision:
New Incumbent: 132.99999999999673, -693.5714285714286 [77, 1000000000.0]. With state pc=0.25, pm=0.05
getAlgoResultsForInstsAndParams.
  Trial 1 for calling: bash NSGA2.sh instance_prob3.dat "" 1000000000.0000001 2147483647 1767938397 -pc 0.8 -pm 0.1 > /tmp/tmp-2026-07-1609:05:49-0.45877718925476074
Executing cmd: bash NSGA2.sh instance_prob3.dat "" 1000000000.0000001 2147483647 1767938397 -pc 0.8 -pm 0.1 > /tmp/tmp-2026-07-1609:05:49-0.45877718925476074
Result: instance_prob3.dat, 0, -577.71, 0, 1767938397
          -> After 1 bonus runs: pc=0.8 pm=0.1 (-693.5714285714286 [based on 77 runs with cutoff 1000000000.0])

now 2026-07-16 09:11:35 -0400; start 2026-07-12 21:39:27 -0400; time-start 300727.933432171; maxWall 8640000.0
now 2026-07-16 09:11:35 -0400; start 2026-07-12 21:39:27 -0400; time-start 300727.933507056; maxWall 8640000.0
    Changing ["pm: 0.1->0.3"], evaluating ...
getAlgoResultsForInstsAndParams.
  Trial 1 for calling: bash NSGA2.sh instance_param1.dat "" 1000000000.0000001 2147483647 1186378232 -pc 0.8 -pm 0.3 > /tmp/tmp-2026-07-1609:11:35-0.5786845684051514
Executing cmd: bash NSGA2.sh instance_param1.dat "" 1000000000.0000001 2147483647 1186378232 -pc 0.8 -pm 0.3 > /tmp/tmp-2026-07-1609:11:35-0.5786845684051514
Result: instance_param1.dat, 0, -920.07, 0, 1186378232
now 2026-07-16 09:11:35 -0400; start 2026-07-12 21:39:27 -0400; time-start 300728.008767387; maxWall 8640000.0
getAlgoResultsForInstsAndParams.
  Trial 1 for calling: bash NSGA2.sh instance_prob2.dat "" 1000000000.0000001 2147483647 1865128741 -pc 0.8 -pm 0.3 > /tmp/tmp-2026-07-1609:11:35-0.8433552980422974
Executing cmd: bash NSGA2.sh instance_prob2.dat "" 1000000000.0000001 2147483647 1865128741 -pc 0.8 -pm 0.3 > /tmp/tmp-2026-07-1609:11:35-0.8433552980422974
Result: instance_prob2.dat, 0, -695.75, 0, 1865128741
now 2026-07-16 09:20:04 -0400; start 2026-07-12 21:39:27 -0400; time-start 301236.522382857; maxWall 8640000.0
getAlgoResultsForInstsAndParams.
  Trial 1 for calling: bash NSGA2.sh instance_prob1.dat "" 1000000000.0000001 2147483647 792652207 -pc 0.8 -pm 0.3 > /tmp/tmp-2026-07-1609:20:04-0.6542637348175049
Executing cmd: bash NSGA2.sh instance_prob1.dat "" 1000000000.0000001 2147483647 792652207 -pc 0.8 -pm 0.3 > /tmp/tmp-2026-07-1609:20:04-0.6542637348175049
Result: instance_prob1.dat, 0, -650.27, 0, 792652207
now 2026-07-16 09:25:26 -0400; start 2026-07-12 21:39:27 -0400; time-start 301558.659504705; maxWall 8640000.0
getAlgoResultsForInstsAndParams.
  Trial 1 for calling: bash NSGA2.sh instance_prob3.dat "" 1000000000.0000001 2147483647 1591543198 -pc 0.8 -pm 0.3 > /tmp/tmp-2026-07-1609:25:26-0.9367513656616211
Executing cmd: bash NSGA2.sh instance_prob3.dat "" 1000000000.0000001 2147483647 1591543198 -pc 0.8 -pm 0.3 > /tmp/tmp-2026-07-1609:25:26-0.9367513656616211
Result: instance_prob3.dat, 0, -577.71, 0, 1591543198
now 2026-07-16 09:33:20 -0400; start 2026-07-12 21:39:27 -0400; time-start 302032.746804079; maxWall 8640000.0
getAlgoResultsForInstsAndParams.
  Trial 1 for calling: bash NSGA2.sh instance_prob4.dat "" 1000000000.0000001 2147483647 1998353460 -pc 0.8 -pm 0.3 > /tmp/tmp-2026-07-1609:33:20-0.8784074783325195
Executing cmd: bash NSGA2.sh instance_prob4.dat "" 1000000000.0000001 2147483647 1998353460 -pc 0.8 -pm 0.3 > /tmp/tmp-2026-07-1609:33:20-0.8784074783325195
Result: instance_prob4.dat, 0, -591.79, 0, 1998353460
now 2026-07-16 09:40:43 -0400; start 2026-07-12 21:39:27 -0400; time-start 302475.445668418; maxWall 8640000.0
getAlgoResultsForInstsAndParams.
  Trial 1 for calling: bash NSGA2.sh instance_param3.dat "" 1000000000.0000001 2147483647 998783798 -pc 0.8 -pm 0.3 > /tmp/tmp-2026-07-1609:40:43-0.09317445755004883
Executing cmd: bash NSGA2.sh instance_param3.dat "" 1000000000.0000001 2147483647 998783798 -pc 0.8 -pm 0.3 > /tmp/tmp-2026-07-1609:40:43-0.09317445755004883
Result: instance_param3.dat, 0, -705.56, 0, 998783798
now 2026-07-16 09:40:43 -0400; start 2026-07-12 21:39:27 -0400; time-start 302475.518035982; maxWall 8640000.0
getAlgoResultsForInstsAndParams.
  Trial 1 for calling: bash NSGA2.sh instance_prob2.dat "" 1000000000.0000001 2147483647 1593267606 -pc 0.8 -pm 0.3 > /tmp/tmp-2026-07-1609:40:43-0.7079191207885742
Executing cmd: bash NSGA2.sh instance_prob2.dat "" 1000000000.0000001 2147483647 1593267606 -pc 0.8 -pm 0.3 > /tmp/tmp-2026-07-1609:40:43-0.7079191207885742
Result: instance_prob2.dat, 0, -695.75, 0, 1593267606
now 2026-07-16 09:47:32 -0400; start 2026-07-12 21:39:27 -0400; time-start 302884.456007531; maxWall 8640000.0
getAlgoResultsForInstsAndParams.
  Trial 1 for calling: bash NSGA2.sh instance_prob4.dat "" 1000000000.0000001 2147483647 769705430 -pc 0.8 -pm 0.3 > /tmp/tmp-2026-07-1609:47:32-0.6888761520385742
Executing cmd: bash NSGA2.sh instance_prob4.dat "" 1000000000.0000001 2147483647 769705430 -pc 0.8 -pm 0.3 > /tmp/tmp-2026-07-1609:47:32-0.6888761520385742
Result: instance_prob4.dat, 0, -591.79, 0, 769705430
now 2026-07-16 09:54:30 -0400; start 2026-07-12 21:39:27 -0400; time-start 303303.015575626; maxWall 8640000.0
getAlgoResultsForInstsAndParams.
  Trial 1 for calling: bash NSGA2.sh instance_param3.dat "" 1000000000.0000001 2147483647 1967747329 -pc 0.8 -pm 0.3 > /tmp/tmp-2026-07-1609:54:30-0.9888445138931274
Executing cmd: bash NSGA2.sh instance_param3.dat "" 1000000000.0000001 2147483647 1967747329 -pc 0.8 -pm 0.3 > /tmp/tmp-2026-07-1609:54:30-0.9888445138931274
Result: instance_param3.dat, 0, -705.56, 0, 1967747329
now 2026-07-16 09:54:31 -0400; start 2026-07-12 21:39:27 -0400; time-start 303303.089748774; maxWall 8640000.0
getAlgoResultsForInstsAndParams.
  Trial 1 for calling: bash NSGA2.sh instance_prob3.dat "" 1000000000.0000001 2147483647 1382366317 -pc 0.8 -pm 0.3 > /tmp/tmp-2026-07-1609:54:31-0.730865478515625
Executing cmd: bash NSGA2.sh instance_prob3.dat "" 1000000000.0000001 2147483647 1382366317 -pc 0.8 -pm 0.3 > /tmp/tmp-2026-07-1609:54:31-0.730865478515625
Result: instance_prob3.dat, 0, -577.71, 0, 1382366317
now 2026-07-16 10:02:52 -0400; start 2026-07-12 21:39:27 -0400; time-start 303804.249846258; maxWall 8640000.0
getAlgoResultsForInstsAndParams.
  Trial 1 for calling: bash NSGA2.sh instance_param1.dat "" 1000000000.0000001 2147483647 2022633737 -pc 0.8 -pm 0.3 > /tmp/tmp-2026-07-1610:02:52-0.31630420684814453
Executing cmd: bash NSGA2.sh instance_param1.dat "" 1000000000.0000001 2147483647 2022633737 -pc 0.8 -pm 0.3 > /tmp/tmp-2026-07-1610:02:52-0.31630420684814453
Result: instance_param1.dat, 0, -920.07, 0, 2022633737
now 2026-07-16 10:02:52 -0400; start 2026-07-12 21:39:27 -0400; time-start 303804.326126973; maxWall 8640000.0
getAlgoResultsForInstsAndParams.
  Trial 1 for calling: bash NSGA2.sh instance_prob1.dat "" 1000000000.0000001 2147483647 30692456 -pc 0.8 -pm 0.3 > /tmp/tmp-2026-07-1610:02:52-0.7383666038513184
Executing cmd: bash NSGA2.sh instance_prob1.dat "" 1000000000.0000001 2147483647 30692456 -pc 0.8 -pm 0.3 > /tmp/tmp-2026-07-1610:02:52-0.7383666038513184
Result: instance_prob1.dat, 0, -650.27, 0, 30692456
now 2026-07-16 10:07:10 -0400; start 2026-07-12 21:39:27 -0400; time-start 304062.430933447; maxWall 8640000.0
getAlgoResultsForInstsAndParams.
  Trial 1 for calling: bash NSGA2.sh instance_param2.dat "" 1000000000.0000001 2147483647 829560014 -pc 0.8 -pm 0.3 > /tmp/tmp-2026-07-1610:07:10-0.5008053779602051
Executing cmd: bash NSGA2.sh instance_param2.dat "" 1000000000.0000001 2147483647 829560014 -pc 0.8 -pm 0.3 > /tmp/tmp-2026-07-1610:07:10-0.5008053779602051
Result: instance_param2.dat, 0, -717.59, 0, 829560014
now 2026-07-16 10:07:10 -0400; start 2026-07-12 21:39:27 -0400; time-start 304062.507760368; maxWall 8640000.0
getAlgoResultsForInstsAndParams.
  Trial 1 for calling: bash NSGA2.sh instance_param2.dat "" 1000000000.0000001 2147483647 2046748760 -pc 0.8 -pm 0.3 > /tmp/tmp-2026-07-1610:07:10-0.23890256881713867
Executing cmd: bash NSGA2.sh instance_param2.dat "" 1000000000.0000001 2147483647 2046748760 -pc 0.8 -pm 0.3 > /tmp/tmp-2026-07-1610:07:10-0.23890256881713867
Result: instance_param2.dat, 0, -717.59, 0, 2046748760
now 2026-07-16 10:07:10 -0400; start 2026-07-12 21:39:27 -0400; time-start 304062.583461797; maxWall 8640000.0
getAlgoResultsForInstsAndParams.
  Trial 1 for calling: bash NSGA2.sh instance_param1.dat "" 1000000000.0000001 2147483647 838628597 -pc 0.8 -pm 0.3 > /tmp/tmp-2026-07-1610:07:10-0.5043363571166992
Executing cmd: bash NSGA2.sh instance_param1.dat "" 1000000000.0000001 2147483647 838628597 -pc 0.8 -pm 0.3 > /tmp/tmp-2026-07-1610:07:10-0.5043363571166992
Result: instance_param1.dat, 0, -920.07, 0, 838628597
now 2026-07-16 10:07:10 -0400; start 2026-07-12 21:39:27 -0400; time-start 304062.658199252; maxWall 8640000.0
getAlgoResultsForInstsAndParams.
  Trial 1 for calling: bash NSGA2.sh instance_prob2.dat "" 1000000000.0000001 2147483647 1266764447 -pc 0.8 -pm 0.3 > /tmp/tmp-2026-07-1610:07:10-0.18708515167236328
Executing cmd: bash NSGA2.sh instance_prob2.dat "" 1000000000.0000001 2147483647 1266764447 -pc 0.8 -pm 0.3 > /tmp/tmp-2026-07-1610:07:10-0.18708515167236328
Result: instance_prob2.dat, 0, -695.75, 0, 1266764447
now 2026-07-16 10:14:18 -0400; start 2026-07-12 21:39:27 -0400; time-start 304490.732305543; maxWall 8640000.0
getAlgoResultsForInstsAndParams.
  Trial 1 for calling: bash NSGA2.sh instance_prob1.dat "" 1000000000.0000001 2147483647 1404532994 -pc 0.8 -pm 0.3 > /tmp/tmp-2026-07-1610:14:18-0.726416826248169
Executing cmd: bash NSGA2.sh instance_prob1.dat "" 1000000000.0000001 2147483647 1404532994 -pc 0.8 -pm 0.3 > /tmp/tmp-2026-07-1610:14:18-0.726416826248169
Result: instance_prob1.dat, 0, -650.27, 0, 1404532994
now 2026-07-16 10:18:48 -0400; start 2026-07-12 21:39:27 -0400; time-start 304760.93014185; maxWall 8640000.0
getAlgoResultsForInstsAndParams.
  Trial 1 for calling: bash NSGA2.sh instance_prob4.dat "" 1000000000.0000001 2147483647 49173726 -pc 0.8 -pm 0.3 > /tmp/tmp-2026-07-1610:18:48-0.22567319869995117
Executing cmd: bash NSGA2.sh instance_prob4.dat "" 1000000000.0000001 2147483647 49173726 -pc 0.8 -pm 0.3 > /tmp/tmp-2026-07-1610:18:48-0.22567319869995117
Result: instance_prob4.dat, 0, -591.79, 0, 49173726
now 2026-07-16 10:25:51 -0400; start 2026-07-12 21:39:27 -0400; time-start 305183.111513374; maxWall 8640000.0
getAlgoResultsForInstsAndParams.
  Trial 1 for calling: bash NSGA2.sh instance_param3.dat "" 1000000000.0000001 2147483647 1799566890 -pc 0.8 -pm 0.3 > /tmp/tmp-2026-07-1610:25:51-0.0426483154296875
Executing cmd: bash NSGA2.sh instance_param3.dat "" 1000000000.0000001 2147483647 1799566890 -pc 0.8 -pm 0.3 > /tmp/tmp-2026-07-1610:25:51-0.0426483154296875
Result: instance_param3.dat, 0, -705.56, 0, 1799566890
now 2026-07-16 10:25:51 -0400; start 2026-07-12 21:39:27 -0400; time-start 305183.188632027; maxWall 8640000.0
getAlgoResultsForInstsAndParams.
  Trial 1 for calling: bash NSGA2.sh instance_prob3.dat "" 1000000000.0000001 2147483647 1767938397 -pc 0.8 -pm 0.3 > /tmp/tmp-2026-07-1610:25:51-0.092620849609375
Executing cmd: bash NSGA2.sh instance_prob3.dat "" 1000000000.0000001 2147483647 1767938397 -pc 0.8 -pm 0.3 > /tmp/tmp-2026-07-1610:25:51-0.092620849609375
Result: instance_prob3.dat, 0, -577.71, 0, 1767938397
          -> Take improving step to neighbour pc=0.8 pm=0.3 (-693.5714285714286 [based on 77 runs with cutoff 1000000000.0]) with flip 95

          
============= Performing 1 bonus runs of state: pc=0.8 pm=0.3 (-693.5714285714286 [based on 77 runs with cutoff 1000000000.0]) ============ 

now 2026-07-16 10:34:06 -0400; start 2026-07-12 21:39:27 -0400; time-start 305678.295135998; maxWall 8640000.0
State wants more detail (77+1) than incumbent (77), doing incumbent first:
pc=0.8 pm=0.3 (-693.5714285714286 [based on 77 runs with cutoff 1000000000.0])
pc=0.25 pm=0.05 (-693.5714285714286 [based on 77 runs with cutoff 1000000000.0])
getAlgoResultsForInstsAndParams.
  Trial 1 for calling: bash NSGA2.sh instance_prob1.dat "" 1000000000.0000001 2147483647 1188387787 -pc 0.25 -pm 0.05 > /tmp/tmp-2026-07-1610:34:06-0.8481483459472656
Executing cmd: bash NSGA2.sh instance_prob1.dat "" 1000000000.0000001 2147483647 1188387787 -pc 0.25 -pm 0.05 > /tmp/tmp-2026-07-1610:34:06-0.8481483459472656
Result: instance_prob1.dat, 0, -650.27, 0, 1188387787
 Same incumbent, new precision:
New Incumbent: 135.1999999999966, -693.0128205128206 [78, 1000000000.0]. With state pc=0.25, pm=0.05
getAlgoResultsForInstsAndParams.
  Trial 1 for calling: bash NSGA2.sh instance_prob1.dat "" 1000000000.0000001 2147483647 1188387787 -pc 0.8 -pm 0.3 > /tmp/tmp-2026-07-1610:36:55-0.916167140007019
Executing cmd: bash NSGA2.sh instance_prob1.dat "" 1000000000.0000001 2147483647 1188387787 -pc 0.8 -pm 0.3 > /tmp/tmp-2026-07-1610:36:55-0.916167140007019
Result: instance_prob1.dat, 0, -650.27, 0, 1188387787
          -> After 1 bonus runs: pc=0.8 pm=0.3 (-693.0128205128206 [based on 78 runs with cutoff 1000000000.0])

now 2026-07-16 10:41:18 -0400; start 2026-07-12 21:39:27 -0400; time-start 306110.149474851; maxWall 8640000.0
now 2026-07-16 10:41:18 -0400; start 2026-07-12 21:39:27 -0400; time-start 306110.14955158; maxWall 8640000.0
now 2026-07-16 10:41:18 -0400; start 2026-07-12 21:39:27 -0400; time-start 306110.149621122; maxWall 8640000.0
    Changing ["pm: 0.3->0.05"], evaluating ...
getAlgoResultsForInstsAndParams.
  Trial 1 for calling: bash NSGA2.sh instance_prob2.dat "" 1000000000.0000001 2147483647 1865128741 -pc 0.8 -pm 0.05 > /tmp/tmp-2026-07-1610:41:18-0.03388404846191406
Executing cmd: bash NSGA2.sh instance_prob2.dat "" 1000000000.0000001 2147483647 1865128741 -pc 0.8 -pm 0.05 > /tmp/tmp-2026-07-1610:41:18-0.03388404846191406
Result: instance_prob2.dat, 0, -695.75, 0, 1865128741
now 2026-07-16 10:44:40 -0400; start 2026-07-12 21:39:27 -0400; time-start 306312.49231383; maxWall 8640000.0
getAlgoResultsForInstsAndParams.
  Trial 1 for calling: bash NSGA2.sh instance_prob1.dat "" 1000000000.0000001 2147483647 792652207 -pc 0.8 -pm 0.05 > /tmp/tmp-2026-07-1610:44:40-0.6641855239868164
Executing cmd: bash NSGA2.sh instance_prob1.dat "" 1000000000.0000001 2147483647 792652207 -pc 0.8 -pm 0.05 > /tmp/tmp-2026-07-1610:44:40-0.6641855239868164
Result: instance_prob1.dat, 0, -650.27, 0, 792652207
now 2026-07-16 10:47:52 -0400; start 2026-07-12 21:39:27 -0400; time-start 306505.062704783; maxWall 8640000.0
getAlgoResultsForInstsAndParams.
  Trial 1 for calling: bash NSGA2.sh instance_prob3.dat "" 1000000000.0000001 2147483647 1591543198 -pc 0.8 -pm 0.05 > /tmp/tmp-2026-07-1610:47:52-0.8395415544509888
Executing cmd: bash NSGA2.sh instance_prob3.dat "" 1000000000.0000001 2147483647 1591543198 -pc 0.8 -pm 0.05 > /tmp/tmp-2026-07-1610:47:52-0.8395415544509888
Result: instance_prob3.dat, 0, -577.71, 0, 1591543198
now 2026-07-16 10:52:54 -0400; start 2026-07-12 21:39:27 -0400; time-start 306807.056552855; maxWall 8640000.0
getAlgoResultsForInstsAndParams.
  Trial 1 for calling: bash NSGA2.sh instance_prob4.dat "" 1000000000.0000001 2147483647 1998353460 -pc 0.8 -pm 0.05 > /tmp/tmp-2026-07-1610:52:54-0.7961573600769043
Executing cmd: bash NSGA2.sh instance_prob4.dat "" 1000000000.0000001 2147483647 1998353460 -pc 0.8 -pm 0.05 > /tmp/tmp-2026-07-1610:52:54-0.7961573600769043
Result: instance_prob4.dat, 0, -591.79, 0, 1998353460
now 2026-07-16 10:57:37 -0400; start 2026-07-12 21:39:27 -0400; time-start 307089.977958435; maxWall 8640000.0
getAlgoResultsForInstsAndParams.
  Trial 1 for calling: bash NSGA2.sh instance_param3.dat "" 1000000000.0000001 2147483647 998783798 -pc 0.8 -pm 0.05 > /tmp/tmp-2026-07-1610:57:37-0.3060694932937622
Executing cmd: bash NSGA2.sh instance_param3.dat "" 1000000000.0000001 2147483647 998783798 -pc 0.8 -pm 0.05 > /tmp/tmp-2026-07-1610:57:37-0.3060694932937622
Result: instance_param3.dat, 0, -705.56, 0, 998783798
now 2026-07-16 10:57:37 -0400; start 2026-07-12 21:39:27 -0400; time-start 307090.053901723; maxWall 8640000.0
getAlgoResultsForInstsAndParams.
  Trial 1 for calling: bash NSGA2.sh instance_prob2.dat "" 1000000000.0000001 2147483647 1593267606 -pc 0.8 -pm 0.05 > /tmp/tmp-2026-07-1610:57:37-0.3057863712310791
Executing cmd: bash NSGA2.sh instance_prob2.dat "" 1000000000.0000001 2147483647 1593267606 -pc 0.8 -pm 0.05 > /tmp/tmp-2026-07-1610:57:37-0.3057863712310791
Result: instance_prob2.dat, 0, -695.75, 0, 1593267606
now 2026-07-16 11:01:11 -0400; start 2026-07-12 21:39:27 -0400; time-start 307304.015122239; maxWall 8640000.0
getAlgoResultsForInstsAndParams.
  Trial 1 for calling: bash NSGA2.sh instance_prob4.dat "" 1000000000.0000001 2147483647 769705430 -pc 0.8 -pm 0.05 > /tmp/tmp-2026-07-1611:01:11-0.815518856048584
Executing cmd: bash NSGA2.sh instance_prob4.dat "" 1000000000.0000001 2147483647 769705430 -pc 0.8 -pm 0.05 > /tmp/tmp-2026-07-1611:01:11-0.815518856048584
Result: instance_prob4.dat, 0, -591.79, 0, 769705430
now 2026-07-16 11:05:59 -0400; start 2026-07-12 21:39:27 -0400; time-start 307591.72465828; maxWall 8640000.0
getAlgoResultsForInstsAndParams.
  Trial 1 for calling: bash NSGA2.sh instance_param3.dat "" 1000000000.0000001 2147483647 1967747329 -pc 0.8 -pm 0.05 > /tmp/tmp-2026-07-1611:05:59-0.9405465126037598
Executing cmd: bash NSGA2.sh instance_param3.dat "" 1000000000.0000001 2147483647 1967747329 -pc 0.8 -pm 0.05 > /tmp/tmp-2026-07-1611:05:59-0.9405465126037598
Result: instance_param3.dat, 0, -705.56, 0, 1967747329
now 2026-07-16 11:05:59 -0400; start 2026-07-12 21:39:27 -0400; time-start 307591.80185535; maxWall 8640000.0
getAlgoResultsForInstsAndParams.
  Trial 1 for calling: bash NSGA2.sh instance_prob3.dat "" 1000000000.0000001 2147483647 1382366317 -pc 0.8 -pm 0.05 > /tmp/tmp-2026-07-1611:05:59-0.7558712959289551
Executing cmd: bash NSGA2.sh instance_prob3.dat "" 1000000000.0000001 2147483647 1382366317 -pc 0.8 -pm 0.05 > /tmp/tmp-2026-07-1611:05:59-0.7558712959289551
Result: instance_prob3.dat, 0, -577.71, 0, 1382366317
now 2026-07-16 11:11:16 -0400; start 2026-07-12 21:39:27 -0400; time-start 307908.164669478; maxWall 8640000.0
getAlgoResultsForInstsAndParams.
  Trial 1 for calling: bash NSGA2.sh instance_param1.dat "" 1000000000.0000001 2147483647 2022633737 -pc 0.8 -pm 0.05 > /tmp/tmp-2026-07-1611:11:16-0.5421733856201172
Executing cmd: bash NSGA2.sh instance_param1.dat "" 1000000000.0000001 2147483647 2022633737 -pc 0.8 -pm 0.05 > /tmp/tmp-2026-07-1611:11:16-0.5421733856201172
Result: instance_param1.dat, 0, -920.07, 0, 2022633737
now 2026-07-16 11:11:16 -0400; start 2026-07-12 21:39:27 -0400; time-start 307908.241317335; maxWall 8640000.0
getAlgoResultsForInstsAndParams.
  Trial 1 for calling: bash NSGA2.sh instance_prob1.dat "" 1000000000.0000001 2147483647 30692456 -pc 0.8 -pm 0.05 > /tmp/tmp-2026-07-1611:11:16-0.43398189544677734
Executing cmd: bash NSGA2.sh instance_prob1.dat "" 1000000000.0000001 2147483647 30692456 -pc 0.8 -pm 0.05 > /tmp/tmp-2026-07-1611:11:16-0.43398189544677734
Result: instance_prob1.dat, 0, -650.27, 0, 30692456
now 2026-07-16 11:14:13 -0400; start 2026-07-12 21:39:27 -0400; time-start 308085.908821412; maxWall 8640000.0
getAlgoResultsForInstsAndParams.
  Trial 1 for calling: bash NSGA2.sh instance_param2.dat "" 1000000000.0000001 2147483647 829560014 -pc 0.8 -pm 0.05 > /tmp/tmp-2026-07-1611:14:13-0.7761337757110596
Executing cmd: bash NSGA2.sh instance_param2.dat "" 1000000000.0000001 2147483647 829560014 -pc 0.8 -pm 0.05 > /tmp/tmp-2026-07-1611:14:13-0.7761337757110596
Result: instance_param2.dat, 0, -717.59, 0, 829560014
now 2026-07-16 11:14:13 -0400; start 2026-07-12 21:39:27 -0400; time-start 308085.985287087; maxWall 8640000.0
getAlgoResultsForInstsAndParams.
  Trial 1 for calling: bash NSGA2.sh instance_param2.dat "" 1000000000.0000001 2147483647 2046748760 -pc 0.8 -pm 0.05 > /tmp/tmp-2026-07-1611:14:13-0.9277868270874023
Executing cmd: bash NSGA2.sh instance_param2.dat "" 1000000000.0000001 2147483647 2046748760 -pc 0.8 -pm 0.05 > /tmp/tmp-2026-07-1611:14:13-0.9277868270874023
Result: instance_param2.dat, 0, -717.59, 0, 2046748760
now 2026-07-16 11:14:13 -0400; start 2026-07-12 21:39:27 -0400; time-start 308086.061754449; maxWall 8640000.0
getAlgoResultsForInstsAndParams.
  Trial 1 for calling: bash NSGA2.sh instance_param1.dat "" 1000000000.0000001 2147483647 838628597 -pc 0.8 -pm 0.05 > /tmp/tmp-2026-07-1611:14:13-0.3725937604904175
Executing cmd: bash NSGA2.sh instance_param1.dat "" 1000000000.0000001 2147483647 838628597 -pc 0.8 -pm 0.05 > /tmp/tmp-2026-07-1611:14:13-0.3725937604904175
Result: instance_param1.dat, 0, -920.07, 0, 838628597
now 2026-07-16 11:14:14 -0400; start 2026-07-12 21:39:27 -0400; time-start 308086.138649439; maxWall 8640000.0
getAlgoResultsForInstsAndParams.
  Trial 1 for calling: bash NSGA2.sh instance_prob2.dat "" 1000000000.0000001 2147483647 1266764447 -pc 0.8 -pm 0.05 > /tmp/tmp-2026-07-1611:14:14-0.9558448791503906
Executing cmd: bash NSGA2.sh instance_prob2.dat "" 1000000000.0000001 2147483647 1266764447 -pc 0.8 -pm 0.05 > /tmp/tmp-2026-07-1611:14:14-0.9558448791503906
Result: instance_prob2.dat, 0, -695.75, 0, 1266764447
now 2026-07-16 11:17:39 -0400; start 2026-07-12 21:39:27 -0400; time-start 308291.248896848; maxWall 8640000.0
getAlgoResultsForInstsAndParams.
  Trial 1 for calling: bash NSGA2.sh instance_prob1.dat "" 1000000000.0000001 2147483647 1404532994 -pc 0.8 -pm 0.05 > /tmp/tmp-2026-07-1611:17:39-0.32889842987060547
Executing cmd: bash NSGA2.sh instance_prob1.dat "" 1000000000.0000001 2147483647 1404532994 -pc 0.8 -pm 0.05 > /tmp/tmp-2026-07-1611:17:39-0.32889842987060547
Result: instance_prob1.dat, 0, -650.27, 0, 1404532994
now 2026-07-16 11:20:55 -0400; start 2026-07-12 21:39:27 -0400; time-start 308487.093826981; maxWall 8640000.0
getAlgoResultsForInstsAndParams.
  Trial 1 for calling: bash NSGA2.sh instance_prob4.dat "" 1000000000.0000001 2147483647 49173726 -pc 0.8 -pm 0.05 > /tmp/tmp-2026-07-1611:20:55-0.5390167236328125
Executing cmd: bash NSGA2.sh instance_prob4.dat "" 1000000000.0000001 2147483647 49173726 -pc 0.8 -pm 0.05 > /tmp/tmp-2026-07-1611:20:55-0.5390167236328125
Result: instance_prob4.dat, 0, -591.79, 0, 49173726
now 2026-07-16 11:25:35 -0400; start 2026-07-12 21:39:27 -0400; time-start 308767.58915349; maxWall 8640000.0
getAlgoResultsForInstsAndParams.
  Trial 1 for calling: bash NSGA2.sh instance_param3.dat "" 1000000000.0000001 2147483647 1799566890 -pc 0.8 -pm 0.05 > /tmp/tmp-2026-07-1611:25:35-0.24563026428222656
Executing cmd: bash NSGA2.sh instance_param3.dat "" 1000000000.0000001 2147483647 1799566890 -pc 0.8 -pm 0.05 > /tmp/tmp-2026-07-1611:25:35-0.24563026428222656
Result: instance_param3.dat, 0, -705.56, 0, 1799566890
now 2026-07-16 11:25:35 -0400; start 2026-07-12 21:39:27 -0400; time-start 308767.666945999; maxWall 8640000.0
getAlgoResultsForInstsAndParams.
  Trial 1 for calling: bash NSGA2.sh instance_prob3.dat "" 1000000000.0000001 2147483647 1767938397 -pc 0.8 -pm 0.05 > /tmp/tmp-2026-07-1611:25:35-0.566171407699585
Executing cmd: bash NSGA2.sh instance_prob3.dat "" 1000000000.0000001 2147483647 1767938397 -pc 0.8 -pm 0.05 > /tmp/tmp-2026-07-1611:25:35-0.566171407699585
Result: instance_prob3.dat, 0, -577.71, 0, 1767938397
now 2026-07-16 11:30:26 -0400; start 2026-07-12 21:39:27 -0400; time-start 309058.598842664; maxWall 8640000.0
getAlgoResultsForInstsAndParams.
  Trial 1 for calling: bash NSGA2.sh instance_prob1.dat "" 1000000000.0000001 2147483647 1188387787 -pc 0.8 -pm 0.05 > /tmp/tmp-2026-07-1611:30:26-0.5930666923522949
Executing cmd: bash NSGA2.sh instance_prob1.dat "" 1000000000.0000001 2147483647 1188387787 -pc 0.8 -pm 0.05 > /tmp/tmp-2026-07-1611:30:26-0.5930666923522949
Result: instance_prob1.dat, 0, -650.27, 0, 1188387787
          -> Take improving step to neighbour pc=0.8 pm=0.05 (-693.0128205128206 [based on 78 runs with cutoff 1000000000.0]) with flip 96

          
============= Performing 1 bonus runs of state: pc=0.8 pm=0.05 (-693.0128205128206 [based on 78 runs with cutoff 1000000000.0]) ============ 

now 2026-07-16 11:33:36 -0400; start 2026-07-12 21:39:27 -0400; time-start 309248.242679939; maxWall 8640000.0
State wants more detail (78+1) than incumbent (78), doing incumbent first:
pc=0.8 pm=0.05 (-693.0128205128206 [based on 78 runs with cutoff 1000000000.0])
pc=0.25 pm=0.05 (-693.0128205128206 [based on 78 runs with cutoff 1000000000.0])
getAlgoResultsForInstsAndParams.
  Trial 1 for calling: bash NSGA2.sh instance_prob2.dat "" 1000000000.0000001 2147483647 23926432 -pc 0.25 -pm 0.05 > /tmp/tmp-2026-07-1611:33:36-0.3496379852294922
Executing cmd: bash NSGA2.sh instance_prob2.dat "" 1000000000.0000001 2147483647 23926432 -pc 0.25 -pm 0.05 > /tmp/tmp-2026-07-1611:33:36-0.3496379852294922
Result: instance_prob2.dat, 0, -695.75, 0, 23926432
 Same incumbent, new precision:
New Incumbent: 137.39999999999648, -693.0379746835443 [79, 1000000000.0]. With state pc=0.25, pm=0.05
getAlgoResultsForInstsAndParams.
  Trial 1 for calling: bash NSGA2.sh instance_prob2.dat "" 1000000000.0000001 2147483647 23926432 -pc 0.8 -pm 0.05 > /tmp/tmp-2026-07-1611:36:54-0.20786190032958984
Executing cmd: bash NSGA2.sh instance_prob2.dat "" 1000000000.0000001 2147483647 23926432 -pc 0.8 -pm 0.05 > /tmp/tmp-2026-07-1611:36:54-0.20786190032958984
Result: instance_prob2.dat, 0, -695.75, 0, 23926432
          -> After 1 bonus runs: pc=0.8 pm=0.05 (-693.0379746835443 [based on 79 runs with cutoff 1000000000.0])

now 2026-07-16 11:40:14 -0400; start 2026-07-12 21:39:27 -0400; time-start 309646.583873883; maxWall 8640000.0
now 2026-07-16 11:40:14 -0400; start 2026-07-12 21:39:27 -0400; time-start 309646.583947165; maxWall 8640000.0
now 2026-07-16 11:40:14 -0400; start 2026-07-12 21:39:27 -0400; time-start 309646.584013893; maxWall 8640000.0
    Changing ["pm: 0.05->0.5"], evaluating ...
getAlgoResultsForInstsAndParams.
  Trial 1 for calling: bash NSGA2.sh instance_prob4.dat "" 1000000000.0000001 2147483647 49173726 -pc 0.8 -pm 0.5 > /tmp/tmp-2026-07-1611:40:14-0.38739824295043945
Executing cmd: bash NSGA2.sh instance_prob4.dat "" 1000000000.0000001 2147483647 49173726 -pc 0.8 -pm 0.5 > /tmp/tmp-2026-07-1611:40:14-0.38739824295043945
Result: instance_prob4.dat, 0, -591.79, 0, 49173726
now 2026-07-16 11:49:06 -0400; start 2026-07-12 21:39:27 -0400; time-start 310178.379160387; maxWall 8640000.0
getAlgoResultsForInstsAndParams.
  Trial 1 for calling: bash NSGA2.sh instance_param3.dat "" 1000000000.0000001 2147483647 1799566890 -pc 0.8 -pm 0.5 > /tmp/tmp-2026-07-1611:49:06-0.09082937240600586
Executing cmd: bash NSGA2.sh instance_param3.dat "" 1000000000.0000001 2147483647 1799566890 -pc 0.8 -pm 0.5 > /tmp/tmp-2026-07-1611:49:06-0.09082937240600586
Result: instance_param3.dat, 0, -705.56, 0, 1799566890
now 2026-07-16 11:49:06 -0400; start 2026-07-12 21:39:27 -0400; time-start 310178.456825894; maxWall 8640000.0
getAlgoResultsForInstsAndParams.
  Trial 1 for calling: bash NSGA2.sh instance_prob3.dat "" 1000000000.0000001 2147483647 1767938397 -pc 0.8 -pm 0.5 > /tmp/tmp-2026-07-1611:49:06-0.5407652854919434
Executing cmd: bash NSGA2.sh instance_prob3.dat "" 1000000000.0000001 2147483647 1767938397 -pc 0.8 -pm 0.5 > /tmp/tmp-2026-07-1611:49:06-0.5407652854919434
Result: instance_prob3.dat, 0, -577.71, 0, 1767938397
now 2026-07-16 12:00:08 -0400; start 2026-07-12 21:39:27 -0400; time-start 310840.979475888; maxWall 8640000.0
getAlgoResultsForInstsAndParams.
  Trial 1 for calling: bash NSGA2.sh instance_prob1.dat "" 1000000000.0000001 2147483647 1188387787 -pc 0.8 -pm 0.5 > /tmp/tmp-2026-07-1612:00:08-0.43711280822753906
Executing cmd: bash NSGA2.sh instance_prob1.dat "" 1000000000.0000001 2147483647 1188387787 -pc 0.8 -pm 0.5 > /tmp/tmp-2026-07-1612:00:08-0.43711280822753906
Result: instance_prob1.dat, 0, -650.27, 0, 1188387787
now 2026-07-16 12:07:35 -0400; start 2026-07-12 21:39:27 -0400; time-start 311287.714266618; maxWall 8640000.0
getAlgoResultsForInstsAndParams.
  Trial 1 for calling: bash NSGA2.sh instance_prob2.dat "" 1000000000.0000001 2147483647 23926432 -pc 0.8 -pm 0.5 > /tmp/tmp-2026-07-1612:07:35-0.9605152606964111
Executing cmd: bash NSGA2.sh instance_prob2.dat "" 1000000000.0000001 2147483647 23926432 -pc 0.8 -pm 0.5 > /tmp/tmp-2026-07-1612:07:35-0.9605152606964111
Result: instance_prob2.dat, 0, -695.75, 0, 23926432
          -> Take improving step to neighbour pc=0.8 pm=0.5 (-693.0379746835443 [based on 79 runs with cutoff 1000000000.0]) with flip 97

          
============= Performing 1 bonus runs of state: pc=0.8 pm=0.5 (-693.0379746835443 [based on 79 runs with cutoff 1000000000.0]) ============ 

now 2026-07-16 12:17:45 -0400; start 2026-07-12 21:39:27 -0400; time-start 311897.439815093; maxWall 8640000.0
State wants more detail (79+1) than incumbent (79), doing incumbent first:
pc=0.8 pm=0.5 (-693.0379746835443 [based on 79 runs with cutoff 1000000000.0])
pc=0.25 pm=0.05 (-693.0379746835443 [based on 79 runs with cutoff 1000000000.0])
getAlgoResultsForInstsAndParams.
  Trial 1 for calling: bash NSGA2.sh instance_param1.dat "" 1000000000.0000001 2147483647 1928919851 -pc 0.25 -pm 0.05 > /tmp/tmp-2026-07-1612:17:45-0.5767168998718262
Executing cmd: bash NSGA2.sh instance_param1.dat "" 1000000000.0000001 2147483647 1928919851 -pc 0.25 -pm 0.05 > /tmp/tmp-2026-07-1612:17:45-0.5767168998718262
Result: instance_param1.dat, 0, -920.07, 0, 1928919851
 Same incumbent, new precision:
New Incumbent: 138.09999999999644, -695.875 [80, 1000000000.0]. With state pc=0.25, pm=0.05
getAlgoResultsForInstsAndParams.
  Trial 1 for calling: bash NSGA2.sh instance_param1.dat "" 1000000000.0000001 2147483647 1928919851 -pc 0.8 -pm 0.5 > /tmp/tmp-2026-07-1612:17:45-0.04299736022949219
Executing cmd: bash NSGA2.sh instance_param1.dat "" 1000000000.0000001 2147483647 1928919851 -pc 0.8 -pm 0.5 > /tmp/tmp-2026-07-1612:17:45-0.04299736022949219
Result: instance_param1.dat, 0, -920.07, 0, 1928919851
          -> After 1 bonus runs: pc=0.8 pm=0.5 (-695.875 [based on 80 runs with cutoff 1000000000.0])

now 2026-07-16 12:17:45 -0400; start 2026-07-12 21:39:27 -0400; time-start 311897.594498288; maxWall 8640000.0
now 2026-07-16 12:17:45 -0400; start 2026-07-12 21:39:27 -0400; time-start 311897.594555128; maxWall 8640000.0
now 2026-07-16 12:17:45 -0400; start 2026-07-12 21:39:27 -0400; time-start 311897.59460728; maxWall 8640000.0
    Changing ["pc: 0.8->0.5"], evaluating ...
getAlgoResultsForInstsAndParams.
  Trial 1 for calling: bash NSGA2.sh instance_param3.dat "" 1000000000.0000001 2147483647 1967747329 -pc 0.5 -pm 0.5 > /tmp/tmp-2026-07-1612:17:45-0.4960641860961914
Executing cmd: bash NSGA2.sh instance_param3.dat "" 1000000000.0000001 2147483647 1967747329 -pc 0.5 -pm 0.5 > /tmp/tmp-2026-07-1612:17:45-0.4960641860961914
Result: instance_param3.dat, 0, -705.56, 0, 1967747329
now 2026-07-16 12:17:45 -0400; start 2026-07-12 21:39:27 -0400; time-start 311897.67120477; maxWall 8640000.0
getAlgoResultsForInstsAndParams.
  Trial 1 for calling: bash NSGA2.sh instance_prob3.dat "" 1000000000.0000001 2147483647 1382366317 -pc 0.5 -pm 0.5 > /tmp/tmp-2026-07-1612:17:45-0.49201345443725586
Executing cmd: bash NSGA2.sh instance_prob3.dat "" 1000000000.0000001 2147483647 1382366317 -pc 0.5 -pm 0.5 > /tmp/tmp-2026-07-1612:17:45-0.49201345443725586
Result: instance_prob3.dat, 0, -577.71, 0, 1382366317
now 2026-07-16 12:27:59 -0400; start 2026-07-12 21:39:27 -0400; time-start 312511.962193645; maxWall 8640000.0
getAlgoResultsForInstsAndParams.
  Trial 1 for calling: bash NSGA2.sh instance_param1.dat "" 1000000000.0000001 2147483647 2022633737 -pc 0.5 -pm 0.5 > /tmp/tmp-2026-07-1612:27:59-0.5574464797973633
Executing cmd: bash NSGA2.sh instance_param1.dat "" 1000000000.0000001 2147483647 2022633737 -pc 0.5 -pm 0.5 > /tmp/tmp-2026-07-1612:27:59-0.5574464797973633
Result: instance_param1.dat, 0, -920.07, 0, 2022633737
now 2026-07-16 12:27:59 -0400; start 2026-07-12 21:39:27 -0400; time-start 312512.038822666; maxWall 8640000.0
getAlgoResultsForInstsAndParams.
  Trial 1 for calling: bash NSGA2.sh instance_prob1.dat "" 1000000000.0000001 2147483647 30692456 -pc 0.5 -pm 0.5 > /tmp/tmp-2026-07-1612:27:59-0.7765219211578369
Executing cmd: bash NSGA2.sh instance_prob1.dat "" 1000000000.0000001 2147483647 30692456 -pc 0.5 -pm 0.5 > /tmp/tmp-2026-07-1612:27:59-0.7765219211578369
Result: instance_prob1.dat, 0, -650.27, 0, 30692456
now 2026-07-16 12:33:36 -0400; start 2026-07-12 21:39:27 -0400; time-start 312848.413302604; maxWall 8640000.0
getAlgoResultsForInstsAndParams.
  Trial 1 for calling: bash NSGA2.sh instance_param2.dat "" 1000000000.0000001 2147483647 829560014 -pc 0.5 -pm 0.5 > /tmp/tmp-2026-07-1612:33:36-0.7814235687255859
Executing cmd: bash NSGA2.sh instance_param2.dat "" 1000000000.0000001 2147483647 829560014 -pc 0.5 -pm 0.5 > /tmp/tmp-2026-07-1612:33:36-0.7814235687255859
Result: instance_param2.dat, 0, -717.59, 0, 829560014
now 2026-07-16 12:33:36 -0400; start 2026-07-12 21:39:27 -0400; time-start 312848.491447606; maxWall 8640000.0
getAlgoResultsForInstsAndParams.
  Trial 1 for calling: bash NSGA2.sh instance_param2.dat "" 1000000000.0000001 2147483647 2046748760 -pc 0.5 -pm 0.5 > /tmp/tmp-2026-07-1612:33:36-0.2663917541503906
Executing cmd: bash NSGA2.sh instance_param2.dat "" 1000000000.0000001 2147483647 2046748760 -pc 0.5 -pm 0.5 > /tmp/tmp-2026-07-1612:33:36-0.2663917541503906
Result: instance_param2.dat, 0, -717.59, 0, 2046748760
now 2026-07-16 12:33:36 -0400; start 2026-07-12 21:39:27 -0400; time-start 312848.565030431; maxWall 8640000.0
getAlgoResultsForInstsAndParams.
  Trial 1 for calling: bash NSGA2.sh instance_param1.dat "" 1000000000.0000001 2147483647 838628597 -pc 0.5 -pm 0.5 > /tmp/tmp-2026-07-1612:33:36-0.8590407371520996
Executing cmd: bash NSGA2.sh instance_param1.dat "" 1000000000.0000001 2147483647 838628597 -pc 0.5 -pm 0.5 > /tmp/tmp-2026-07-1612:33:36-0.8590407371520996
Result: instance_param1.dat, 0, -920.07, 0, 838628597
now 2026-07-16 12:33:36 -0400; start 2026-07-12 21:39:27 -0400; time-start 312848.641153084; maxWall 8640000.0
getAlgoResultsForInstsAndParams.
  Trial 1 for calling: bash NSGA2.sh instance_prob2.dat "" 1000000000.0000001 2147483647 1266764447 -pc 0.5 -pm 0.5 > /tmp/tmp-2026-07-1612:33:36-0.6726462841033936
Executing cmd: bash NSGA2.sh instance_prob2.dat "" 1000000000.0000001 2147483647 1266764447 -pc 0.5 -pm 0.5 > /tmp/tmp-2026-07-1612:33:36-0.6726462841033936
Result: instance_prob2.dat, 0, -695.75, 0, 1266764447
now 2026-07-16 12:46:22 -0400; start 2026-07-12 21:39:27 -0400; time-start 313614.170510022; maxWall 8640000.0
getAlgoResultsForInstsAndParams.
  Trial 1 for calling: bash NSGA2.sh instance_prob1.dat "" 1000000000.0000001 2147483647 1404532994 -pc 0.5 -pm 0.5 > /tmp/tmp-2026-07-1612:46:22-0.9989490509033203
Executing cmd: bash NSGA2.sh instance_prob1.dat "" 1000000000.0000001 2147483647 1404532994 -pc 0.5 -pm 0.5 > /tmp/tmp-2026-07-1612:46:22-0.9989490509033203
Result: instance_prob1.dat, 0, -650.27, 0, 1404532994
now 2026-07-16 12:52:36 -0400; start 2026-07-12 21:39:27 -0400; time-start 313988.457043847; maxWall 8640000.0
getAlgoResultsForInstsAndParams.
  Trial 1 for calling: bash NSGA2.sh instance_prob4.dat "" 1000000000.0000001 2147483647 49173726 -pc 0.5 -pm 0.5 > /tmp/tmp-2026-07-1612:52:36-0.3826427459716797
Executing cmd: bash NSGA2.sh instance_prob4.dat "" 1000000000.0000001 2147483647 49173726 -pc 0.5 -pm 0.5 > /tmp/tmp-2026-07-1612:52:36-0.3826427459716797
Result: instance_prob4.dat, 0, -591.79, 0, 49173726
now 2026-07-16 13:01:29 -0400; start 2026-07-12 21:39:27 -0400; time-start 314521.459117129; maxWall 8640000.0
getAlgoResultsForInstsAndParams.
  Trial 1 for calling: bash NSGA2.sh instance_param3.dat "" 1000000000.0000001 2147483647 1799566890 -pc 0.5 -pm 0.5 > /tmp/tmp-2026-07-1613:01:29-0.9653630256652832
Executing cmd: bash NSGA2.sh instance_param3.dat "" 1000000000.0000001 2147483647 1799566890 -pc 0.5 -pm 0.5 > /tmp/tmp-2026-07-1613:01:29-0.9653630256652832
Result: instance_param3.dat, 0, -705.56, 0, 1799566890
now 2026-07-16 13:01:29 -0400; start 2026-07-12 21:39:27 -0400; time-start 314521.535900836; maxWall 8640000.0
getAlgoResultsForInstsAndParams.
  Trial 1 for calling: bash NSGA2.sh instance_prob3.dat "" 1000000000.0000001 2147483647 1767938397 -pc 0.5 -pm 0.5 > /tmp/tmp-2026-07-1613:01:29-0.20506739616394043
Executing cmd: bash NSGA2.sh instance_prob3.dat "" 1000000000.0000001 2147483647 1767938397 -pc 0.5 -pm 0.5 > /tmp/tmp-2026-07-1613:01:29-0.20506739616394043
Result: instance_prob3.dat, 0, -577.71, 0, 1767938397
now 2026-07-16 13:12:43 -0400; start 2026-07-12 21:39:27 -0400; time-start 315195.418866878; maxWall 8640000.0
getAlgoResultsForInstsAndParams.
  Trial 1 for calling: bash NSGA2.sh instance_prob1.dat "" 1000000000.0000001 2147483647 1188387787 -pc 0.5 -pm 0.5 > /tmp/tmp-2026-07-1613:12:43-0.8555903434753418
Executing cmd: bash NSGA2.sh instance_prob1.dat "" 1000000000.0000001 2147483647 1188387787 -pc 0.5 -pm 0.5 > /tmp/tmp-2026-07-1613:12:43-0.8555903434753418
Result: instance_prob1.dat, 0, -650.27, 0, 1188387787
now 2026-07-16 13:18:38 -0400; start 2026-07-12 21:39:27 -0400; time-start 315550.103542536; maxWall 8640000.0
getAlgoResultsForInstsAndParams.
  Trial 1 for calling: bash NSGA2.sh instance_prob2.dat "" 1000000000.0000001 2147483647 23926432 -pc 0.5 -pm 0.5 > /tmp/tmp-2026-07-1613:18:38-0.377716064453125
Executing cmd: bash NSGA2.sh instance_prob2.dat "" 1000000000.0000001 2147483647 23926432 -pc 0.5 -pm 0.5 > /tmp/tmp-2026-07-1613:18:38-0.377716064453125
Result: instance_prob2.dat, 0, -695.75, 0, 23926432
now 2026-07-16 13:28:30 -0400; start 2026-07-12 21:39:27 -0400; time-start 316142.917188433; maxWall 8640000.0
getAlgoResultsForInstsAndParams.
  Trial 1 for calling: bash NSGA2.sh instance_param1.dat "" 1000000000.0000001 2147483647 1928919851 -pc 0.5 -pm 0.5 > /tmp/tmp-2026-07-1613:28:30-0.3399167060852051
Executing cmd: bash NSGA2.sh instance_param1.dat "" 1000000000.0000001 2147483647 1928919851 -pc 0.5 -pm 0.5 > /tmp/tmp-2026-07-1613:28:30-0.3399167060852051
Result: instance_param1.dat, 0, -920.07, 0, 1928919851
          -> Take improving step to neighbour pc=0.5 pm=0.5 (-695.875 [based on 80 runs with cutoff 1000000000.0]) with flip 98

          
============= Performing 1 bonus runs of state: pc=0.5 pm=0.5 (-695.875 [based on 80 runs with cutoff 1000000000.0]) ============ 

now 2026-07-16 13:28:30 -0400; start 2026-07-12 21:39:27 -0400; time-start 316142.993856772; maxWall 8640000.0
State wants more detail (80+1) than incumbent (80), doing incumbent first:
pc=0.5 pm=0.5 (-695.875 [based on 80 runs with cutoff 1000000000.0])
pc=0.25 pm=0.05 (-695.875 [based on 80 runs with cutoff 1000000000.0])
getAlgoResultsForInstsAndParams.
  Trial 1 for calling: bash NSGA2.sh instance_prob3.dat "" 1000000000.0000001 2147483647 100511487 -pc 0.25 -pm 0.05 > /tmp/tmp-2026-07-1613:28:30-0.4689851999282837
Executing cmd: bash NSGA2.sh instance_prob3.dat "" 1000000000.0000001 2147483647 100511487 -pc 0.25 -pm 0.05 > /tmp/tmp-2026-07-1613:28:30-0.4689851999282837
Result: instance_prob3.dat, 0, -577.71, 0, 100511487
 Same incumbent, new precision:
New Incumbent: 139.79999999999634, -694.4074074074074 [81, 1000000000.0]. With state pc=0.25, pm=0.05
getAlgoResultsForInstsAndParams.
  Trial 1 for calling: bash NSGA2.sh instance_prob3.dat "" 1000000000.0000001 2147483647 100511487 -pc 0.5 -pm 0.5 > /tmp/tmp-2026-07-1613:33:31-0.6079742908477783
Executing cmd: bash NSGA2.sh instance_prob3.dat "" 1000000000.0000001 2147483647 100511487 -pc 0.5 -pm 0.5 > /tmp/tmp-2026-07-1613:33:31-0.6079742908477783
Result: instance_prob3.dat, 0, -577.71, 0, 100511487
          -> After 1 bonus runs: pc=0.5 pm=0.5 (-694.4074074074074 [based on 81 runs with cutoff 1000000000.0])

now 2026-07-16 13:43:20 -0400; start 2026-07-12 21:39:27 -0400; time-start 317032.579427475; maxWall 8640000.0
now 2026-07-16 13:43:20 -0400; start 2026-07-12 21:39:27 -0400; time-start 317032.579463237; maxWall 8640000.0
now 2026-07-16 13:43:20 -0400; start 2026-07-12 21:39:27 -0400; time-start 317032.579495504; maxWall 8640000.0
now 2026-07-16 13:43:20 -0400; start 2026-07-12 21:39:27 -0400; time-start 317032.579509511; maxWall 8640000.0
    Changing ["pc: 0.5->0.95"], evaluating ...
getAlgoResultsForInstsAndParams.
  Trial 1 for calling: bash NSGA2.sh instance_prob3.dat "" 1000000000.0000001 2147483647 1767938397 -pc 0.95 -pm 0.5 > /tmp/tmp-2026-07-1613:43:20-0.6970415115356445
Executing cmd: bash NSGA2.sh instance_prob3.dat "" 1000000000.0000001 2147483647 1767938397 -pc 0.95 -pm 0.5 > /tmp/tmp-2026-07-1613:43:20-0.6970415115356445
Result: instance_prob3.dat, 0, -577.71, 0, 1767938397
now 2026-07-16 13:53:52 -0400; start 2026-07-12 21:39:27 -0400; time-start 317664.613687211; maxWall 8640000.0
getAlgoResultsForInstsAndParams.
  Trial 1 for calling: bash NSGA2.sh instance_prob1.dat "" 1000000000.0000001 2147483647 1188387787 -pc 0.95 -pm 0.5 > /tmp/tmp-2026-07-1613:53:52-0.5161483287811279
Executing cmd: bash NSGA2.sh instance_prob1.dat "" 1000000000.0000001 2147483647 1188387787 -pc 0.95 -pm 0.5 > /tmp/tmp-2026-07-1613:53:52-0.5161483287811279
Result: instance_prob1.dat, 0, -650.27, 0, 1188387787
now 2026-07-16 14:00:44 -0400; start 2026-07-12 21:39:27 -0400; time-start 318076.109408451; maxWall 8640000.0
getAlgoResultsForInstsAndParams.
  Trial 1 for calling: bash NSGA2.sh instance_prob2.dat "" 1000000000.0000001 2147483647 23926432 -pc 0.95 -pm 0.5 > /tmp/tmp-2026-07-1614:00:44-0.13739013671875
Executing cmd: bash NSGA2.sh instance_prob2.dat "" 1000000000.0000001 2147483647 23926432 -pc 0.95 -pm 0.5 > /tmp/tmp-2026-07-1614:00:44-0.13739013671875
Result: instance_prob2.dat, 0, -695.75, 0, 23926432
now 2026-07-16 14:12:41 -0400; start 2026-07-12 21:39:27 -0400; time-start 318793.488589146; maxWall 8640000.0
getAlgoResultsForInstsAndParams.
  Trial 1 for calling: bash NSGA2.sh instance_param1.dat "" 1000000000.0000001 2147483647 1928919851 -pc 0.95 -pm 0.5 > /tmp/tmp-2026-07-1614:12:41-0.047835350036621094
Executing cmd: bash NSGA2.sh instance_param1.dat "" 1000000000.0000001 2147483647 1928919851 -pc 0.95 -pm 0.5 > /tmp/tmp-2026-07-1614:12:41-0.047835350036621094
Result: instance_param1.dat, 0, -920.07, 0, 1928919851
now 2026-07-16 14:12:41 -0400; start 2026-07-12 21:39:27 -0400; time-start 318793.564597305; maxWall 8640000.0
getAlgoResultsForInstsAndParams.
  Trial 1 for calling: bash NSGA2.sh instance_prob3.dat "" 1000000000.0000001 2147483647 100511487 -pc 0.95 -pm 0.5 > /tmp/tmp-2026-07-1614:12:41-0.0649421215057373
Executing cmd: bash NSGA2.sh instance_prob3.dat "" 1000000000.0000001 2147483647 100511487 -pc 0.95 -pm 0.5 > /tmp/tmp-2026-07-1614:12:41-0.0649421215057373
Result: instance_prob3.dat, 0, -577.71, 0, 100511487
          -> Take improving step to neighbour pc=0.95 pm=0.5 (-694.4074074074074 [based on 81 runs with cutoff 1000000000.0]) with flip 99

          
============= Performing 1 bonus runs of state: pc=0.95 pm=0.5 (-694.4074074074074 [based on 81 runs with cutoff 1000000000.0]) ============ 

now 2026-07-16 14:23:54 -0400; start 2026-07-12 21:39:27 -0400; time-start 319466.749575983; maxWall 8640000.0
State wants more detail (81+1) than incumbent (81), doing incumbent first:
pc=0.95 pm=0.5 (-694.4074074074074 [based on 81 runs with cutoff 1000000000.0])
pc=0.25 pm=0.05 (-694.4074074074074 [based on 81 runs with cutoff 1000000000.0])
getAlgoResultsForInstsAndParams.
  Trial 1 for calling: bash NSGA2.sh instance_prob4.dat "" 1000000000.0000001 2147483647 2122508000 -pc 0.25 -pm 0.05 > /tmp/tmp-2026-07-1614:23:54-0.40877580642700195
Executing cmd: bash NSGA2.sh instance_prob4.dat "" 1000000000.0000001 2147483647 2122508000 -pc 0.25 -pm 0.05 > /tmp/tmp-2026-07-1614:23:54-0.40877580642700195
Result: instance_prob4.dat, 0, -591.79, 0, 2122508000
 Same incumbent, new precision:
New Incumbent: 140.4999999999963, -693.1463414634146 [82, 1000000000.0]. With state pc=0.25, pm=0.05
getAlgoResultsForInstsAndParams.
  Trial 1 for calling: bash NSGA2.sh instance_prob4.dat "" 1000000000.0000001 2147483647 2122508000 -pc 0.95 -pm 0.5 > /tmp/tmp-2026-07-1614:28:23-0.7224397659301758
Executing cmd: bash NSGA2.sh instance_prob4.dat "" 1000000000.0000001 2147483647 2122508000 -pc 0.95 -pm 0.5 > /tmp/tmp-2026-07-1614:28:23-0.7224397659301758
Result: instance_prob4.dat, 0, -591.79, 0, 2122508000
          -> After 1 bonus runs: pc=0.95 pm=0.5 (-693.1463414634146 [based on 82 runs with cutoff 1000000000.0])

now 2026-07-16 14:39:01 -0400; start 2026-07-12 21:39:27 -0400; time-start 320373.279720183; maxWall 8640000.0
now 2026-07-16 14:39:01 -0400; start 2026-07-12 21:39:27 -0400; time-start 320373.279783976; maxWall 8640000.0
    Changing ["pm: 0.5->0.05"], evaluating ...
getAlgoResultsForInstsAndParams.
  Trial 1 for calling: bash NSGA2.sh instance_param2.dat "" 1000000000.0000001 2147483647 149754666 -pc 0.95 -pm 0.05 > /tmp/tmp-2026-07-1614:39:01-0.06266212463378906
Executing cmd: bash NSGA2.sh instance_param2.dat "" 1000000000.0000001 2147483647 149754666 -pc 0.95 -pm 0.05 > /tmp/tmp-2026-07-1614:39:01-0.06266212463378906
Result: instance_param2.dat, 0, -717.59, 0, 149754666
now 2026-07-16 14:39:01 -0400; start 2026-07-12 21:39:27 -0400; time-start 320373.372431499; maxWall 8640000.0
getAlgoResultsForInstsAndParams.
  Trial 1 for calling: bash NSGA2.sh instance_prob3.dat "" 1000000000.0000001 2147483647 1523713353 -pc 0.95 -pm 0.05 > /tmp/tmp-2026-07-1614:39:01-0.8551788330078125
Executing cmd: bash NSGA2.sh instance_prob3.dat "" 1000000000.0000001 2147483647 1523713353 -pc 0.95 -pm 0.05 > /tmp/tmp-2026-07-1614:39:01-0.8551788330078125
Result: instance_prob3.dat, 0, -577.71, 0, 1523713353
now 2026-07-16 14:43:56 -0400; start 2026-07-12 21:39:27 -0400; time-start 320668.672489698; maxWall 8640000.0
getAlgoResultsForInstsAndParams.
  Trial 1 for calling: bash NSGA2.sh instance_prob4.dat "" 1000000000.0000001 2147483647 1868452773 -pc 0.95 -pm 0.05 > /tmp/tmp-2026-07-1614:43:56-0.17538690567016602
Executing cmd: bash NSGA2.sh instance_prob4.dat "" 1000000000.0000001 2147483647 1868452773 -pc 0.95 -pm 0.05 > /tmp/tmp-2026-07-1614:43:56-0.17538690567016602
Result: instance_prob4.dat, 0, -591.79, 0, 1868452773
1409/100000, 140.89999999999628/100000000.0
now 2026-07-16 14:48:42 -0400; start 2026-07-12 21:39:27 -0400; time-start 320954.757301486; maxWall 8640000.0
getAlgoResultsForInstsAndParams.
  Trial 1 for calling: bash NSGA2.sh instance_prob2.dat "" 1000000000.0000001 2147483647 310084194 -pc 0.95 -pm 0.05 > /tmp/tmp-2026-07-1614:48:42-0.10711503028869629
Executing cmd: bash NSGA2.sh instance_prob2.dat "" 1000000000.0000001 2147483647 310084194 -pc 0.95 -pm 0.05 > /tmp/tmp-2026-07-1614:48:42-0.10711503028869629
Result: instance_prob2.dat, 0, -695.75, 0, 310084194
now 2026-07-16 14:52:16 -0400; start 2026-07-12 21:39:27 -0400; time-start 321168.269602382; maxWall 8640000.0
getAlgoResultsForInstsAndParams.
  Trial 1 for calling: bash NSGA2.sh instance_param1.dat "" 1000000000.0000001 2147483647 1927991028 -pc 0.95 -pm 0.05 > /tmp/tmp-2026-07-1614:52:16-0.038234710693359375
Executing cmd: bash NSGA2.sh instance_param1.dat "" 1000000000.0000001 2147483647 1927991028 -pc 0.95 -pm 0.05 > /tmp/tmp-2026-07-1614:52:16-0.038234710693359375
Result: instance_param1.dat, 0, -920.07, 0, 1927991028
now 2026-07-16 14:52:16 -0400; start 2026-07-12 21:39:27 -0400; time-start 321168.346637723; maxWall 8640000.0
getAlgoResultsForInstsAndParams.
  Trial 1 for calling: bash NSGA2.sh instance_param3.dat "" 1000000000.0000001 2147483647 13543025 -pc 0.95 -pm 0.05 > /tmp/tmp-2026-07-1614:52:16-0.3745384216308594
Executing cmd: bash NSGA2.sh instance_param3.dat "" 1000000000.0000001 2147483647 13543025 -pc 0.95 -pm 0.05 > /tmp/tmp-2026-07-1614:52:16-0.3745384216308594
Result: instance_param3.dat, 0, -705.56, 0, 13543025
now 2026-07-16 14:52:16 -0400; start 2026-07-12 21:39:27 -0400; time-start 321168.422062346; maxWall 8640000.0
getAlgoResultsForInstsAndParams.
  Trial 1 for calling: bash NSGA2.sh instance_param2.dat "" 1000000000.0000001 2147483647 1669015032 -pc 0.95 -pm 0.05 > /tmp/tmp-2026-07-1614:52:16-0.04940938949584961
Executing cmd: bash NSGA2.sh instance_param2.dat "" 1000000000.0000001 2147483647 1669015032 -pc 0.95 -pm 0.05 > /tmp/tmp-2026-07-1614:52:16-0.04940938949584961
Result: instance_param2.dat, 0, -717.59, 0, 1669015032
now 2026-07-16 14:52:16 -0400; start 2026-07-12 21:39:27 -0400; time-start 321168.498347494; maxWall 8640000.0
getAlgoResultsForInstsAndParams.
  Trial 1 for calling: bash NSGA2.sh instance_param1.dat "" 1000000000.0000001 2147483647 1186378232 -pc 0.95 -pm 0.05 > /tmp/tmp-2026-07-1614:52:16-0.44804859161376953
Executing cmd: bash NSGA2.sh instance_param1.dat "" 1000000000.0000001 2147483647 1186378232 -pc 0.95 -pm 0.05 > /tmp/tmp-2026-07-1614:52:16-0.44804859161376953
Result: instance_param1.dat, 0, -920.07, 0, 1186378232
now 2026-07-16 14:52:16 -0400; start 2026-07-12 21:39:27 -0400; time-start 321168.573819237; maxWall 8640000.0
getAlgoResultsForInstsAndParams.
  Trial 1 for calling: bash NSGA2.sh instance_prob2.dat "" 1000000000.0000001 2147483647 1865128741 -pc 0.95 -pm 0.05 > /tmp/tmp-2026-07-1614:52:16-0.36707592010498047
Executing cmd: bash NSGA2.sh instance_prob2.dat "" 1000000000.0000001 2147483647 1865128741 -pc 0.95 -pm 0.05 > /tmp/tmp-2026-07-1614:52:16-0.36707592010498047
Result: instance_prob2.dat, 0, -695.75, 0, 1865128741
now 2026-07-16 14:55:44 -0400; start 2026-07-12 21:39:27 -0400; time-start 321376.485816615; maxWall 8640000.0
getAlgoResultsForInstsAndParams.
  Trial 1 for calling: bash NSGA2.sh instance_prob1.dat "" 1000000000.0000001 2147483647 792652207 -pc 0.95 -pm 0.05 > /tmp/tmp-2026-07-1614:55:44-0.3237910270690918
Executing cmd: bash NSGA2.sh instance_prob1.dat "" 1000000000.0000001 2147483647 792652207 -pc 0.95 -pm 0.05 > /tmp/tmp-2026-07-1614:55:44-0.3237910270690918
Result: instance_prob1.dat, 0, -650.27, 0, 792652207
now 2026-07-16 14:58:40 -0400; start 2026-07-12 21:39:27 -0400; time-start 321552.726372306; maxWall 8640000.0
getAlgoResultsForInstsAndParams.
  Trial 1 for calling: bash NSGA2.sh instance_prob3.dat "" 1000000000.0000001 2147483647 1591543198 -pc 0.95 -pm 0.05 > /tmp/tmp-2026-07-1614:58:40-0.35735273361206055
Executing cmd: bash NSGA2.sh instance_prob3.dat "" 1000000000.0000001 2147483647 1591543198 -pc 0.95 -pm 0.05 > /tmp/tmp-2026-07-1614:58:40-0.35735273361206055
Result: instance_prob3.dat, 0, -577.71, 0, 1591543198
now 2026-07-16 15:04:32 -0400; start 2026-07-12 21:39:27 -0400; time-start 321904.481620162; maxWall 8640000.0
getAlgoResultsForInstsAndParams.
  Trial 1 for calling: bash NSGA2.sh instance_prob4.dat "" 1000000000.0000001 2147483647 1998353460 -pc 0.95 -pm 0.05 > /tmp/tmp-2026-07-1615:04:32-0.9124588966369629
Executing cmd: bash NSGA2.sh instance_prob4.dat "" 1000000000.0000001 2147483647 1998353460 -pc 0.95 -pm 0.05 > /tmp/tmp-2026-07-1615:04:32-0.9124588966369629
Result: instance_prob4.dat, 0, -591.79, 0, 1998353460
now 2026-07-16 15:09:17 -0400; start 2026-07-12 21:39:27 -0400; time-start 322189.500797894; maxWall 8640000.0
getAlgoResultsForInstsAndParams.
  Trial 1 for calling: bash NSGA2.sh instance_param3.dat "" 1000000000.0000001 2147483647 998783798 -pc 0.95 -pm 0.05 > /tmp/tmp-2026-07-1615:09:17-0.22826766967773438
Executing cmd: bash NSGA2.sh instance_param3.dat "" 1000000000.0000001 2147483647 998783798 -pc 0.95 -pm 0.05 > /tmp/tmp-2026-07-1615:09:17-0.22826766967773438
Result: instance_param3.dat, 0, -705.56, 0, 998783798
now 2026-07-16 15:09:17 -0400; start 2026-07-12 21:39:27 -0400; time-start 322189.579484458; maxWall 8640000.0
getAlgoResultsForInstsAndParams.
  Trial 1 for calling: bash NSGA2.sh instance_prob2.dat "" 1000000000.0000001 2147483647 1593267606 -pc 0.95 -pm 0.05 > /tmp/tmp-2026-07-1615:09:17-0.0878288745880127
Executing cmd: bash NSGA2.sh instance_prob2.dat "" 1000000000.0000001 2147483647 1593267606 -pc 0.95 -pm 0.05 > /tmp/tmp-2026-07-1615:09:17-0.0878288745880127
Result: instance_prob2.dat, 0, -695.75, 0, 1593267606
now 2026-07-16 15:12:36 -0400; start 2026-07-12 21:39:27 -0400; time-start 322388.218922659; maxWall 8640000.0
getAlgoResultsForInstsAndParams.
  Trial 1 for calling: bash NSGA2.sh instance_prob4.dat "" 1000000000.0000001 2147483647 769705430 -pc 0.95 -pm 0.05 > /tmp/tmp-2026-07-1615:12:36-0.2152385711669922
Executing cmd: bash NSGA2.sh instance_prob4.dat "" 1000000000.0000001 2147483647 769705430 -pc 0.95 -pm 0.05 > /tmp/tmp-2026-07-1615:12:36-0.2152385711669922
Result: instance_prob4.dat, 0, -591.79, 0, 769705430
now 2026-07-16 15:17:34 -0400; start 2026-07-12 21:39:27 -0400; time-start 322686.740615966; maxWall 8640000.0
getAlgoResultsForInstsAndParams.
  Trial 1 for calling: bash NSGA2.sh instance_param3.dat "" 1000000000.0000001 2147483647 1967747329 -pc 0.95 -pm 0.05 > /tmp/tmp-2026-07-1615:17:34-0.9345293045043945
Executing cmd: bash NSGA2.sh instance_param3.dat "" 1000000000.0000001 2147483647 1967747329 -pc 0.95 -pm 0.05 > /tmp/tmp-2026-07-1615:17:34-0.9345293045043945
Result: instance_param3.dat, 0, -705.56, 0, 1967747329
now 2026-07-16 15:17:34 -0400; start 2026-07-12 21:39:27 -0400; time-start 322686.815976293; maxWall 8640000.0
getAlgoResultsForInstsAndParams.
  Trial 1 for calling: bash NSGA2.sh instance_prob3.dat "" 1000000000.0000001 2147483647 1382366317 -pc 0.95 -pm 0.05 > /tmp/tmp-2026-07-1615:17:34-0.8026049137115479
Executing cmd: bash NSGA2.sh instance_prob3.dat "" 1000000000.0000001 2147483647 1382366317 -pc 0.95 -pm 0.05 > /tmp/tmp-2026-07-1615:17:34-0.8026049137115479
Result: instance_prob3.dat, 0, -577.71, 0, 1382366317
now 2026-07-16 15:22:41 -0400; start 2026-07-12 21:39:27 -0400; time-start 322993.867730677; maxWall 8640000.0
getAlgoResultsForInstsAndParams.
  Trial 1 for calling: bash NSGA2.sh instance_param1.dat "" 1000000000.0000001 2147483647 2022633737 -pc 0.95 -pm 0.05 > /tmp/tmp-2026-07-1615:22:41-0.9263036251068115
Executing cmd: bash NSGA2.sh instance_param1.dat "" 1000000000.0000001 2147483647 2022633737 -pc 0.95 -pm 0.05 > /tmp/tmp-2026-07-1615:22:41-0.9263036251068115
Result: instance_param1.dat, 0, -920.07, 0, 2022633737
now 2026-07-16 15:22:41 -0400; start 2026-07-12 21:39:27 -0400; time-start 322993.943076547; maxWall 8640000.0
getAlgoResultsForInstsAndParams.
  Trial 1 for calling: bash NSGA2.sh instance_prob1.dat "" 1000000000.0000001 2147483647 30692456 -pc 0.95 -pm 0.05 > /tmp/tmp-2026-07-1615:22:41-0.7808083295822144
Executing cmd: bash NSGA2.sh instance_prob1.dat "" 1000000000.0000001 2147483647 30692456 -pc 0.95 -pm 0.05 > /tmp/tmp-2026-07-1615:22:41-0.7808083295822144
Result: instance_prob1.dat, 0, -650.27, 0, 30692456
now 2026-07-16 15:25:43 -0400; start 2026-07-12 21:39:27 -0400; time-start 323175.451119436; maxWall 8640000.0
getAlgoResultsForInstsAndParams.
  Trial 1 for calling: bash NSGA2.sh instance_param2.dat "" 1000000000.0000001 2147483647 829560014 -pc 0.95 -pm 0.05 > /tmp/tmp-2026-07-1615:25:43-0.04787635803222656
Executing cmd: bash NSGA2.sh instance_param2.dat "" 1000000000.0000001 2147483647 829560014 -pc 0.95 -pm 0.05 > /tmp/tmp-2026-07-1615:25:43-0.04787635803222656
Result: instance_param2.dat, 0, -717.59, 0, 829560014
now 2026-07-16 15:25:43 -0400; start 2026-07-12 21:39:27 -0400; time-start 323175.528315724; maxWall 8640000.0
getAlgoResultsForInstsAndParams.
  Trial 1 for calling: bash NSGA2.sh instance_param2.dat "" 1000000000.0000001 2147483647 2046748760 -pc 0.95 -pm 0.05 > /tmp/tmp-2026-07-1615:25:43-0.10730314254760742
Executing cmd: bash NSGA2.sh instance_param2.dat "" 1000000000.0000001 2147483647 2046748760 -pc 0.95 -pm 0.05 > /tmp/tmp-2026-07-1615:25:43-0.10730314254760742
Result: instance_param2.dat, 0, -717.59, 0, 2046748760
now 2026-07-16 15:25:43 -0400; start 2026-07-12 21:39:27 -0400; time-start 323175.603572202; maxWall 8640000.0
getAlgoResultsForInstsAndParams.
  Trial 1 for calling: bash NSGA2.sh instance_param1.dat "" 1000000000.0000001 2147483647 838628597 -pc 0.95 -pm 0.05 > /tmp/tmp-2026-07-1615:25:43-0.5274925231933594
Executing cmd: bash NSGA2.sh instance_param1.dat "" 1000000000.0000001 2147483647 838628597 -pc 0.95 -pm 0.05 > /tmp/tmp-2026-07-1615:25:43-0.5274925231933594
Result: instance_param1.dat, 0, -920.07, 0, 838628597
now 2026-07-16 15:25:43 -0400; start 2026-07-12 21:39:27 -0400; time-start 323175.679196816; maxWall 8640000.0
getAlgoResultsForInstsAndParams.
  Trial 1 for calling: bash NSGA2.sh instance_prob2.dat "" 1000000000.0000001 2147483647 1266764447 -pc 0.95 -pm 0.05 > /tmp/tmp-2026-07-1615:25:43-0.24640274047851562
Executing cmd: bash NSGA2.sh instance_prob2.dat "" 1000000000.0000001 2147483647 1266764447 -pc 0.95 -pm 0.05 > /tmp/tmp-2026-07-1615:25:43-0.24640274047851562
Result: instance_prob2.dat, 0, -695.75, 0, 1266764447
now 2026-07-16 15:29:19 -0400; start 2026-07-12 21:39:27 -0400; time-start 323391.181812421; maxWall 8640000.0
getAlgoResultsForInstsAndParams.
  Trial 1 for calling: bash NSGA2.sh instance_prob1.dat "" 1000000000.0000001 2147483647 1404532994 -pc 0.95 -pm 0.05 > /tmp/tmp-2026-07-1615:29:19-0.5078983306884766
Executing cmd: bash NSGA2.sh instance_prob1.dat "" 1000000000.0000001 2147483647 1404532994 -pc 0.95 -pm 0.05 > /tmp/tmp-2026-07-1615:29:19-0.5078983306884766
Result: instance_prob1.dat, 0, -650.27, 0, 1404532994
now 2026-07-16 15:32:25 -0400; start 2026-07-12 21:39:27 -0400; time-start 323577.782375228; maxWall 8640000.0
getAlgoResultsForInstsAndParams.
  Trial 1 for calling: bash NSGA2.sh instance_prob4.dat "" 1000000000.0000001 2147483647 49173726 -pc 0.95 -pm 0.05 > /tmp/tmp-2026-07-1615:32:25-0.9935216903686523
Executing cmd: bash NSGA2.sh instance_prob4.dat "" 1000000000.0000001 2147483647 49173726 -pc 0.95 -pm 0.05 > /tmp/tmp-2026-07-1615:32:25-0.9935216903686523
Result: instance_prob4.dat, 0, -591.79, 0, 49173726
now 2026-07-16 15:37:09 -0400; start 2026-07-12 21:39:27 -0400; time-start 323861.803811378; maxWall 8640000.0
getAlgoResultsForInstsAndParams.
  Trial 1 for calling: bash NSGA2.sh instance_param3.dat "" 1000000000.0000001 2147483647 1799566890 -pc 0.95 -pm 0.05 > /tmp/tmp-2026-07-1615:37:09-0.38739967346191406
Executing cmd: bash NSGA2.sh instance_param3.dat "" 1000000000.0000001 2147483647 1799566890 -pc 0.95 -pm 0.05 > /tmp/tmp-2026-07-1615:37:09-0.38739967346191406
Result: instance_param3.dat, 0, -705.56, 0, 1799566890
now 2026-07-16 15:37:09 -0400; start 2026-07-12 21:39:27 -0400; time-start 323861.881890242; maxWall 8640000.0
getAlgoResultsForInstsAndParams.
  Trial 1 for calling: bash NSGA2.sh instance_prob3.dat "" 1000000000.0000001 2147483647 1767938397 -pc 0.95 -pm 0.05 > /tmp/tmp-2026-07-1615:37:09-0.8323824405670166
Executing cmd: bash NSGA2.sh instance_prob3.dat "" 1000000000.0000001 2147483647 1767938397 -pc 0.95 -pm 0.05 > /tmp/tmp-2026-07-1615:37:09-0.8323824405670166
Result: instance_prob3.dat, 0, -577.71, 0, 1767938397
now 2026-07-16 15:42:12 -0400; start 2026-07-12 21:39:27 -0400; time-start 324164.990325773; maxWall 8640000.0
getAlgoResultsForInstsAndParams.
  Trial 1 for calling: bash NSGA2.sh instance_prob1.dat "" 1000000000.0000001 2147483647 1188387787 -pc 0.95 -pm 0.05 > /tmp/tmp-2026-07-1615:42:12-0.10423123836517334
Executing cmd: bash NSGA2.sh instance_prob1.dat "" 1000000000.0000001 2147483647 1188387787 -pc 0.95 -pm 0.05 > /tmp/tmp-2026-07-1615:42:12-0.10423123836517334
Result: instance_prob1.dat, 0, -650.27, 0, 1188387787
now 2026-07-16 15:45:11 -0400; start 2026-07-12 21:39:27 -0400; time-start 324343.576862189; maxWall 8640000.0
getAlgoResultsForInstsAndParams.
  Trial 1 for calling: bash NSGA2.sh instance_prob2.dat "" 1000000000.0000001 2147483647 23926432 -pc 0.95 -pm 0.05 > /tmp/tmp-2026-07-1615:45:11-0.42781972885131836
Executing cmd: bash NSGA2.sh instance_prob2.dat "" 1000000000.0000001 2147483647 23926432 -pc 0.95 -pm 0.05 > /tmp/tmp-2026-07-1615:45:11-0.42781972885131836
Result: instance_prob2.dat, 0, -695.75, 0, 23926432
now 2026-07-16 15:48:25 -0400; start 2026-07-12 21:39:27 -0400; time-start 324537.923088248; maxWall 8640000.0
getAlgoResultsForInstsAndParams.
  Trial 1 for calling: bash NSGA2.sh instance_param1.dat "" 1000000000.0000001 2147483647 1928919851 -pc 0.95 -pm 0.05 > /tmp/tmp-2026-07-1615:48:25-0.40224218368530273
Executing cmd: bash NSGA2.sh instance_param1.dat "" 1000000000.0000001 2147483647 1928919851 -pc 0.95 -pm 0.05 > /tmp/tmp-2026-07-1615:48:25-0.40224218368530273
Result: instance_param1.dat, 0, -920.07, 0, 1928919851
now 2026-07-16 15:48:25 -0400; start 2026-07-12 21:39:27 -0400; time-start 324538.000826171; maxWall 8640000.0
getAlgoResultsForInstsAndParams.
  Trial 1 for calling: bash NSGA2.sh instance_prob3.dat "" 1000000000.0000001 2147483647 100511487 -pc 0.95 -pm 0.05 > /tmp/tmp-2026-07-1615:48:25-0.9564576148986816
Executing cmd: bash NSGA2.sh instance_prob3.dat "" 1000000000.0000001 2147483647 100511487 -pc 0.95 -pm 0.05 > /tmp/tmp-2026-07-1615:48:25-0.9564576148986816
Result: instance_prob3.dat, 0, -577.71, 0, 100511487
now 2026-07-16 15:53:24 -0400; start 2026-07-12 21:39:27 -0400; time-start 324836.608459855; maxWall 8640000.0
getAlgoResultsForInstsAndParams.
  Trial 1 for calling: bash NSGA2.sh instance_prob4.dat "" 1000000000.0000001 2147483647 2122508000 -pc 0.95 -pm 0.05 > /tmp/tmp-2026-07-1615:53:24-0.0765690803527832
Executing cmd: bash NSGA2.sh instance_prob4.dat "" 1000000000.0000001 2147483647 2122508000 -pc 0.95 -pm 0.05 > /tmp/tmp-2026-07-1615:53:24-0.0765690803527832
Result: instance_prob4.dat, 0, -591.79, 0, 2122508000
          -> Take improving step to neighbour pc=0.95 pm=0.05 (-693.1463414634146 [based on 82 runs with cutoff 1000000000.0]) with flip 100

          
============= Performing 1 bonus runs of state: pc=0.95 pm=0.05 (-693.1463414634146 [based on 82 runs with cutoff 1000000000.0]) ============ 

now 2026-07-16 15:58:13 -0400; start 2026-07-12 21:39:27 -0400; time-start 325125.945405523; maxWall 8640000.0
State wants more detail (82+1) than incumbent (82), doing incumbent first:
pc=0.95 pm=0.05 (-693.1463414634146 [based on 82 runs with cutoff 1000000000.0])
pc=0.25 pm=0.05 (-693.1463414634146 [based on 82 runs with cutoff 1000000000.0])
getAlgoResultsForInstsAndParams.
  Trial 1 for calling: bash NSGA2.sh instance_param2.dat "" 1000000000.0000001 2147483647 1189338387 -pc 0.25 -pm 0.05 > /tmp/tmp-2026-07-1615:58:13-0.4141155481338501
Executing cmd: bash NSGA2.sh instance_param2.dat "" 1000000000.0000001 2147483647 1189338387 -pc 0.25 -pm 0.05 > /tmp/tmp-2026-07-1615:58:13-0.4141155481338501
Result: instance_param2.dat, 0, -717.59, 0, 1189338387
 Same incumbent, new precision:
New Incumbent: 143.8999999999961, -693.433734939759 [83, 1000000000.0]. With state pc=0.25, pm=0.05
getAlgoResultsForInstsAndParams.
  Trial 1 for calling: bash NSGA2.sh instance_param2.dat "" 1000000000.0000001 2147483647 1189338387 -pc 0.95 -pm 0.05 > /tmp/tmp-2026-07-1615:58:13-0.13077199459075928
Executing cmd: bash NSGA2.sh instance_param2.dat "" 1000000000.0000001 2147483647 1189338387 -pc 0.95 -pm 0.05 > /tmp/tmp-2026-07-1615:58:13-0.13077199459075928
Result: instance_param2.dat, 0, -717.59, 0, 1189338387
          -> After 1 bonus runs: pc=0.95 pm=0.05 (-693.433734939759 [based on 83 runs with cutoff 1000000000.0])

now 2026-07-16 15:58:14 -0400; start 2026-07-12 21:39:27 -0400; time-start 325126.105011846; maxWall 8640000.0
now 2026-07-16 15:58:14 -0400; start 2026-07-12 21:39:27 -0400; time-start 325126.105090003; maxWall 8640000.0
    Changing ["pc: 0.95->0.6"], evaluating ...
getAlgoResultsForInstsAndParams.
  Trial 1 for calling: bash NSGA2.sh instance_prob3.dat "" 1000000000.0000001 2147483647 1591543198 -pc 0.6 -pm 0.05 > /tmp/tmp-2026-07-1615:58:14-0.4896240234375
Executing cmd: bash NSGA2.sh instance_prob3.dat "" 1000000000.0000001 2147483647 1591543198 -pc 0.6 -pm 0.05 > /tmp/tmp-2026-07-1615:58:14-0.4896240234375
Result: instance_prob3.dat, 0, -577.71, 0, 1591543198
now 2026-07-16 16:04:04 -0400; start 2026-07-12 21:39:27 -0400; time-start 325476.319943007; maxWall 8640000.0
getAlgoResultsForInstsAndParams.
  Trial 1 for calling: bash NSGA2.sh instance_prob4.dat "" 1000000000.0000001 2147483647 1998353460 -pc 0.6 -pm 0.05 > /tmp/tmp-2026-07-1616:04:04-0.7516956329345703
Executing cmd: bash NSGA2.sh instance_prob4.dat "" 1000000000.0000001 2147483647 1998353460 -pc 0.6 -pm 0.05 > /tmp/tmp-2026-07-1616:04:04-0.7516956329345703
Result: instance_prob4.dat, 0, -591.79, 0, 1998353460
now 2026-07-16 16:08:42 -0400; start 2026-07-12 21:39:27 -0400; time-start 325754.538218346; maxWall 8640000.0
getAlgoResultsForInstsAndParams.
  Trial 1 for calling: bash NSGA2.sh instance_param3.dat "" 1000000000.0000001 2147483647 998783798 -pc 0.6 -pm 0.05 > /tmp/tmp-2026-07-1616:08:42-0.49006056785583496
Executing cmd: bash NSGA2.sh instance_param3.dat "" 1000000000.0000001 2147483647 998783798 -pc 0.6 -pm 0.05 > /tmp/tmp-2026-07-1616:08:42-0.49006056785583496
Result: instance_param3.dat, 0, -705.56, 0, 998783798
now 2026-07-16 16:08:42 -0400; start 2026-07-12 21:39:27 -0400; time-start 325754.615459032; maxWall 8640000.0
getAlgoResultsForInstsAndParams.
  Trial 1 for calling: bash NSGA2.sh instance_prob2.dat "" 1000000000.0000001 2147483647 1593267606 -pc 0.6 -pm 0.05 > /tmp/tmp-2026-07-1616:08:42-0.740330696105957
Executing cmd: bash NSGA2.sh instance_prob2.dat "" 1000000000.0000001 2147483647 1593267606 -pc 0.6 -pm 0.05 > /tmp/tmp-2026-07-1616:08:42-0.740330696105957
Result: instance_prob2.dat, 0, -695.75, 0, 1593267606
now 2026-07-16 16:11:57 -0400; start 2026-07-12 21:39:27 -0400; time-start 325949.360775224; maxWall 8640000.0
getAlgoResultsForInstsAndParams.
  Trial 1 for calling: bash NSGA2.sh instance_prob4.dat "" 1000000000.0000001 2147483647 769705430 -pc 0.6 -pm 0.05 > /tmp/tmp-2026-07-1616:11:57-0.6889872550964355
Executing cmd: bash NSGA2.sh instance_prob4.dat "" 1000000000.0000001 2147483647 769705430 -pc 0.6 -pm 0.05 > /tmp/tmp-2026-07-1616:11:57-0.6889872550964355
Result: instance_prob4.dat, 0, -591.79, 0, 769705430
now 2026-07-16 16:16:55 -0400; start 2026-07-12 21:39:27 -0400; time-start 326247.658518515; maxWall 8640000.0
getAlgoResultsForInstsAndParams.
  Trial 1 for calling: bash NSGA2.sh instance_param3.dat "" 1000000000.0000001 2147483647 1967747329 -pc 0.6 -pm 0.05 > /tmp/tmp-2026-07-1616:16:55-0.7774500846862793
Executing cmd: bash NSGA2.sh instance_param3.dat "" 1000000000.0000001 2147483647 1967747329 -pc 0.6 -pm 0.05 > /tmp/tmp-2026-07-1616:16:55-0.7774500846862793
Result: instance_param3.dat, 0, -705.56, 0, 1967747329
now 2026-07-16 16:16:55 -0400; start 2026-07-12 21:39:27 -0400; time-start 326247.734545779; maxWall 8640000.0
getAlgoResultsForInstsAndParams.
  Trial 1 for calling: bash NSGA2.sh instance_prob3.dat "" 1000000000.0000001 2147483647 1382366317 -pc 0.6 -pm 0.05 > /tmp/tmp-2026-07-1616:16:55-0.5872018337249756
Executing cmd: bash NSGA2.sh instance_prob3.dat "" 1000000000.0000001 2147483647 1382366317 -pc 0.6 -pm 0.05 > /tmp/tmp-2026-07-1616:16:55-0.5872018337249756
Result: instance_prob3.dat, 0, -577.71, 0, 1382366317
now 2026-07-16 16:22:10 -0400; start 2026-07-12 21:39:27 -0400; time-start 326562.696608005; maxWall 8640000.0
getAlgoResultsForInstsAndParams.
  Trial 1 for calling: bash NSGA2.sh instance_param1.dat "" 1000000000.0000001 2147483647 2022633737 -pc 0.6 -pm 0.05 > /tmp/tmp-2026-07-1616:22:10-0.2572743892669678
Executing cmd: bash NSGA2.sh instance_param1.dat "" 1000000000.0000001 2147483647 2022633737 -pc 0.6 -pm 0.05 > /tmp/tmp-2026-07-1616:22:10-0.2572743892669678
Result: instance_param1.dat, 0, -920.07, 0, 2022633737
now 2026-07-16 16:22:10 -0400; start 2026-07-12 21:39:27 -0400; time-start 326562.774580422; maxWall 8640000.0
getAlgoResultsForInstsAndParams.
  Trial 1 for calling: bash NSGA2.sh instance_prob1.dat "" 1000000000.0000001 2147483647 30692456 -pc 0.6 -pm 0.05 > /tmp/tmp-2026-07-1616:22:10-0.011333465576171875
Executing cmd: bash NSGA2.sh instance_prob1.dat "" 1000000000.0000001 2147483647 30692456 -pc 0.6 -pm 0.05 > /tmp/tmp-2026-07-1616:22:10-0.011333465576171875
Result: instance_prob1.dat, 0, -650.27, 0, 30692456
now 2026-07-16 16:25:09 -0400; start 2026-07-12 21:39:27 -0400; time-start 326741.883456299; maxWall 8640000.0
getAlgoResultsForInstsAndParams.
  Trial 1 for calling: bash NSGA2.sh instance_param2.dat "" 1000000000.0000001 2147483647 829560014 -pc 0.6 -pm 0.05 > /tmp/tmp-2026-07-1616:25:09-0.5583329200744629
Executing cmd: bash NSGA2.sh instance_param2.dat "" 1000000000.0000001 2147483647 829560014 -pc 0.6 -pm 0.05 > /tmp/tmp-2026-07-1616:25:09-0.5583329200744629
Result: instance_param2.dat, 0, -717.59, 0, 829560014
now 2026-07-16 16:25:09 -0400; start 2026-07-12 21:39:27 -0400; time-start 326741.975307071; maxWall 8640000.0
getAlgoResultsForInstsAndParams.
  Trial 1 for calling: bash NSGA2.sh instance_param2.dat "" 1000000000.0000001 2147483647 2046748760 -pc 0.6 -pm 0.05 > /tmp/tmp-2026-07-1616:25:09-0.6189316511154175
Executing cmd: bash NSGA2.sh instance_param2.dat "" 1000000000.0000001 2147483647 2046748760 -pc 0.6 -pm 0.05 > /tmp/tmp-2026-07-1616:25:09-0.6189316511154175
Result: instance_param2.dat, 0, -717.59, 0, 2046748760
now 2026-07-16 16:25:09 -0400; start 2026-07-12 21:39:27 -0400; time-start 326742.052695899; maxWall 8640000.0
getAlgoResultsForInstsAndParams.
  Trial 1 for calling: bash NSGA2.sh instance_param1.dat "" 1000000000.0000001 2147483647 838628597 -pc 0.6 -pm 0.05 > /tmp/tmp-2026-07-1616:25:09-0.2403656244277954
Executing cmd: bash NSGA2.sh instance_param1.dat "" 1000000000.0000001 2147483647 838628597 -pc 0.6 -pm 0.05 > /tmp/tmp-2026-07-1616:25:09-0.2403656244277954
Result: instance_param1.dat, 0, -920.07, 0, 838628597
now 2026-07-16 16:25:10 -0400; start 2026-07-12 21:39:27 -0400; time-start 326742.126385581; maxWall 8640000.0
getAlgoResultsForInstsAndParams.
  Trial 1 for calling: bash NSGA2.sh instance_prob2.dat "" 1000000000.0000001 2147483647 1266764447 -pc 0.6 -pm 0.05 > /tmp/tmp-2026-07-1616:25:10-0.8749809265136719
Executing cmd: bash NSGA2.sh instance_prob2.dat "" 1000000000.0000001 2147483647 1266764447 -pc 0.6 -pm 0.05 > /tmp/tmp-2026-07-1616:25:10-0.8749809265136719
Result: instance_prob2.dat, 0, -695.75, 0, 1266764447
now 2026-07-16 16:28:47 -0400; start 2026-07-12 21:39:27 -0400; time-start 326959.581931184; maxWall 8640000.0
getAlgoResultsForInstsAndParams.
  Trial 1 for calling: bash NSGA2.sh instance_prob1.dat "" 1000000000.0000001 2147483647 1404532994 -pc 0.6 -pm 0.05 > /tmp/tmp-2026-07-1616:28:47-0.9550018310546875
Executing cmd: bash NSGA2.sh instance_prob1.dat "" 1000000000.0000001 2147483647 1404532994 -pc 0.6 -pm 0.05 > /tmp/tmp-2026-07-1616:28:47-0.9550018310546875
Result: instance_prob1.dat, 0, -650.27, 0, 1404532994
now 2026-07-16 16:32:04 -0400; start 2026-07-12 21:39:27 -0400; time-start 327156.459590941; maxWall 8640000.0
getAlgoResultsForInstsAndParams.
  Trial 1 for calling: bash NSGA2.sh instance_prob4.dat "" 1000000000.0000001 2147483647 49173726 -pc 0.6 -pm 0.05 > /tmp/tmp-2026-07-1616:32:04-0.5320167541503906
Executing cmd: bash NSGA2.sh instance_prob4.dat "" 1000000000.0000001 2147483647 49173726 -pc 0.6 -pm 0.05 > /tmp/tmp-2026-07-1616:32:04-0.5320167541503906
Result: instance_prob4.dat, 0, -591.79, 0, 49173726
now 2026-07-16 16:36:40 -0400; start 2026-07-12 21:39:27 -0400; time-start 327432.998546391; maxWall 8640000.0
getAlgoResultsForInstsAndParams.
  Trial 1 for calling: bash NSGA2.sh instance_param3.dat "" 1000000000.0000001 2147483647 1799566890 -pc 0.6 -pm 0.05 > /tmp/tmp-2026-07-1616:36:40-0.8578934669494629
Executing cmd: bash NSGA2.sh instance_param3.dat "" 1000000000.0000001 2147483647 1799566890 -pc 0.6 -pm 0.05 > /tmp/tmp-2026-07-1616:36:40-0.8578934669494629
Result: instance_param3.dat, 0, -705.56, 0, 1799566890
now 2026-07-16 16:36:40 -0400; start 2026-07-12 21:39:27 -0400; time-start 327433.076155561; maxWall 8640000.0
getAlgoResultsForInstsAndParams.
  Trial 1 for calling: bash NSGA2.sh instance_prob3.dat "" 1000000000.0000001 2147483647 1767938397 -pc 0.6 -pm 0.05 > /tmp/tmp-2026-07-1616:36:40-0.39173638820648193
Executing cmd: bash NSGA2.sh instance_prob3.dat "" 1000000000.0000001 2147483647 1767938397 -pc 0.6 -pm 0.05 > /tmp/tmp-2026-07-1616:36:40-0.39173638820648193
Result: instance_prob3.dat, 0, -577.71, 0, 1767938397
now 2026-07-16 16:41:32 -0400; start 2026-07-12 21:39:27 -0400; time-start 327724.42695777; maxWall 8640000.0
getAlgoResultsForInstsAndParams.
  Trial 1 for calling: bash NSGA2.sh instance_prob1.dat "" 1000000000.0000001 2147483647 1188387787 -pc 0.6 -pm 0.05 > /tmp/tmp-2026-07-1616:41:32-0.14481258392333984
Executing cmd: bash NSGA2.sh instance_prob1.dat "" 1000000000.0000001 2147483647 1188387787 -pc 0.6 -pm 0.05 > /tmp/tmp-2026-07-1616:41:32-0.14481258392333984
Result: instance_prob1.dat, 0, -650.27, 0, 1188387787
now 2026-07-16 16:44:26 -0400; start 2026-07-12 21:39:27 -0400; time-start 327898.854989345; maxWall 8640000.0
getAlgoResultsForInstsAndParams.
  Trial 1 for calling: bash NSGA2.sh instance_prob2.dat "" 1000000000.0000001 2147483647 23926432 -pc 0.6 -pm 0.05 > /tmp/tmp-2026-07-1616:44:26-0.7948675155639648
Executing cmd: bash NSGA2.sh instance_prob2.dat "" 1000000000.0000001 2147483647 23926432 -pc 0.6 -pm 0.05 > /tmp/tmp-2026-07-1616:44:26-0.7948675155639648
Result: instance_prob2.dat, 0, -695.75, 0, 23926432
now 2026-07-16 16:47:55 -0400; start 2026-07-12 21:39:27 -0400; time-start 328107.119362528; maxWall 8640000.0
getAlgoResultsForInstsAndParams.
  Trial 1 for calling: bash NSGA2.sh instance_param1.dat "" 1000000000.0000001 2147483647 1928919851 -pc 0.6 -pm 0.05 > /tmp/tmp-2026-07-1616:47:55-0.03908538818359375
Executing cmd: bash NSGA2.sh instance_param1.dat "" 1000000000.0000001 2147483647 1928919851 -pc 0.6 -pm 0.05 > /tmp/tmp-2026-07-1616:47:55-0.03908538818359375
Result: instance_param1.dat, 0, -920.07, 0, 1928919851
now 2026-07-16 16:47:55 -0400; start 2026-07-12 21:39:27 -0400; time-start 328107.195604012; maxWall 8640000.0
getAlgoResultsForInstsAndParams.
  Trial 1 for calling: bash NSGA2.sh instance_prob3.dat "" 1000000000.0000001 2147483647 100511487 -pc 0.6 -pm 0.05 > /tmp/tmp-2026-07-1616:47:55-0.18156909942626953
Executing cmd: bash NSGA2.sh instance_prob3.dat "" 1000000000.0000001 2147483647 100511487 -pc 0.6 -pm 0.05 > /tmp/tmp-2026-07-1616:47:55-0.18156909942626953
Result: instance_prob3.dat, 0, -577.71, 0, 100511487
now 2026-07-16 16:52:44 -0400; start 2026-07-12 21:39:27 -0400; time-start 328397.074942182; maxWall 8640000.0
getAlgoResultsForInstsAndParams.
  Trial 1 for calling: bash NSGA2.sh instance_prob4.dat "" 1000000000.0000001 2147483647 2122508000 -pc 0.6 -pm 0.05 > /tmp/tmp-2026-07-1616:52:44-0.7360470294952393
Executing cmd: bash NSGA2.sh instance_prob4.dat "" 1000000000.0000001 2147483647 2122508000 -pc 0.6 -pm 0.05 > /tmp/tmp-2026-07-1616:52:44-0.7360470294952393
Result: instance_prob4.dat, 0, -591.79, 0, 2122508000
now 2026-07-16 16:57:25 -0400; start 2026-07-12 21:39:27 -0400; time-start 328677.74698032; maxWall 8640000.0
getAlgoResultsForInstsAndParams.
  Trial 1 for calling: bash NSGA2.sh instance_param2.dat "" 1000000000.0000001 2147483647 1189338387 -pc 0.6 -pm 0.05 > /tmp/tmp-2026-07-1616:57:25-0.6863076686859131
Executing cmd: bash NSGA2.sh instance_param2.dat "" 1000000000.0000001 2147483647 1189338387 -pc 0.6 -pm 0.05 > /tmp/tmp-2026-07-1616:57:25-0.6863076686859131
Result: instance_param2.dat, 0, -717.59, 0, 1189338387
          -> Take improving step to neighbour pc=0.6 pm=0.05 (-693.433734939759 [based on 83 runs with cutoff 1000000000.0]) with flip 101

          
============= Performing 1 bonus runs of state: pc=0.6 pm=0.05 (-693.433734939759 [based on 83 runs with cutoff 1000000000.0]) ============ 

now 2026-07-16 16:57:25 -0400; start 2026-07-12 21:39:27 -0400; time-start 328677.823050494; maxWall 8640000.0
State wants more detail (83+1) than incumbent (83), doing incumbent first:
pc=0.6 pm=0.05 (-693.433734939759 [based on 83 runs with cutoff 1000000000.0])
pc=0.25 pm=0.05 (-693.433734939759 [based on 83 runs with cutoff 1000000000.0])
getAlgoResultsForInstsAndParams.
  Trial 1 for calling: bash NSGA2.sh instance_param3.dat "" 1000000000.0000001 2147483647 1897946695 -pc 0.25 -pm 0.05 > /tmp/tmp-2026-07-1616:57:25-0.18695330619812012
Executing cmd: bash NSGA2.sh instance_param3.dat "" 1000000000.0000001 2147483647 1897946695 -pc 0.25 -pm 0.05 > /tmp/tmp-2026-07-1616:57:25-0.18695330619812012
Result: instance_param3.dat, 0, -705.56, 0, 1897946695
 Same incumbent, new precision:
New Incumbent: 146.39999999999597, -693.5714285714286 [84, 1000000000.0]. With state pc=0.25, pm=0.05
getAlgoResultsForInstsAndParams.
  Trial 1 for calling: bash NSGA2.sh instance_param3.dat "" 1000000000.0000001 2147483647 1897946695 -pc 0.6 -pm 0.05 > /tmp/tmp-2026-07-1616:57:25-0.48041248321533203
Executing cmd: bash NSGA2.sh instance_param3.dat "" 1000000000.0000001 2147483647 1897946695 -pc 0.6 -pm 0.05 > /tmp/tmp-2026-07-1616:57:25-0.48041248321533203
Result: instance_param3.dat, 0, -705.56, 0, 1897946695
          -> After 1 bonus runs: pc=0.6 pm=0.05 (-693.5714285714286 [based on 84 runs with cutoff 1000000000.0])

now 2026-07-16 16:57:25 -0400; start 2026-07-12 21:39:27 -0400; time-start 328677.977153127; maxWall 8640000.0
now 2026-07-16 16:57:25 -0400; start 2026-07-12 21:39:27 -0400; time-start 328677.977212186; maxWall 8640000.0
    Changing ["pc: 0.6->0.25"], evaluating ...
State wants more detail (84+1) than incumbent (84), doing incumbent first:
pc=0.6 pm=0.05 (-693.5714285714286 [based on 84 runs with cutoff 1000000000.0])
pc=0.25 pm=0.05 (-693.5714285714286 [based on 84 runs with cutoff 1000000000.0])
getAlgoResultsForInstsAndParams.
  Trial 1 for calling: bash NSGA2.sh instance_prob2.dat "" 1000000000.0000001 2147483647 179796910 -pc 0.25 -pm 0.05 > /tmp/tmp-2026-07-1616:57:25-0.674860954284668
Executing cmd: bash NSGA2.sh instance_prob2.dat "" 1000000000.0000001 2147483647 179796910 -pc 0.25 -pm 0.05 > /tmp/tmp-2026-07-1616:57:25-0.674860954284668
Result: instance_prob2.dat, 0, -695.75, 0, 179796910
 Same incumbent, new precision:
New Incumbent: 146.59999999999596, -693.5882352941177 [85, 1000000000.0]. With state pc=0.25, pm=0.05
getAlgoResultsForInstsAndParams.
  Trial 1 for calling: bash NSGA2.sh instance_prob2.dat "" 1000000000.0000001 2147483647 179796910 -pc 0.6 -pm 0.05 > /tmp/tmp-2026-07-1617:00:36-0.4378776550292969
Executing cmd: bash NSGA2.sh instance_prob2.dat "" 1000000000.0000001 2147483647 179796910 -pc 0.6 -pm 0.05 > /tmp/tmp-2026-07-1617:00:36-0.4378776550292969
Result: instance_prob2.dat, 0, -695.75, 0, 179796910
          -> Take improving step to neighbour pc=0.25 pm=0.05 (-693.5882352941177 [based on 85 runs with cutoff 1000000000.0]) with flip 102

          
============= Performing 1 bonus runs of state: pc=0.25 pm=0.05 (-693.5882352941177 [based on 85 runs with cutoff 1000000000.0]) ============ 

now 2026-07-16 17:04:09 -0400; start 2026-07-12 21:39:27 -0400; time-start 329081.480725049; maxWall 8640000.0
getAlgoResultsForInstsAndParams.
  Trial 1 for calling: bash NSGA2.sh instance_param2.dat "" 1000000000.0000001 2147483647 1932973243 -pc 0.25 -pm 0.05 > /tmp/tmp-2026-07-1617:04:09-0.22789859771728516
Executing cmd: bash NSGA2.sh instance_param2.dat "" 1000000000.0000001 2147483647 1932973243 -pc 0.25 -pm 0.05 > /tmp/tmp-2026-07-1617:04:09-0.22789859771728516
Result: instance_param2.dat, 0, -717.59, 0, 1932973243
 Same incumbent, new precision:
New Incumbent: 146.79999999999595, -693.8604651162791 [86, 1000000000.0]. With state pc=0.25, pm=0.05
          -> After 1 bonus runs: pc=0.25 pm=0.05 (-693.8604651162791 [based on 86 runs with cutoff 1000000000.0])

now 2026-07-16 17:04:09 -0400; start 2026-07-12 21:39:27 -0400; time-start 329081.558240025; maxWall 8640000.0
now 2026-07-16 17:04:09 -0400; start 2026-07-12 21:39:27 -0400; time-start 329081.558306271; maxWall 8640000.0
now 2026-07-16 17:04:09 -0400; start 2026-07-12 21:39:27 -0400; time-start 329081.558364067; maxWall 8640000.0
now 2026-07-16 17:04:09 -0400; start 2026-07-12 21:39:27 -0400; time-start 329081.558397452; maxWall 8640000.0
now 2026-07-16 17:04:09 -0400; start 2026-07-12 21:39:27 -0400; time-start 329081.558423078; maxWall 8640000.0
    Changing ["pm: 0.05->0.5"], evaluating ...
getAlgoResultsForInstsAndParams.
  Trial 1 for calling: bash NSGA2.sh instance_param3.dat "" 1000000000.0000001 2147483647 1799566890 -pc 0.25 -pm 0.5 > /tmp/tmp-2026-07-1617:04:09-0.7882237434387207
Executing cmd: bash NSGA2.sh instance_param3.dat "" 1000000000.0000001 2147483647 1799566890 -pc 0.25 -pm 0.5 > /tmp/tmp-2026-07-1617:04:09-0.7882237434387207
Result: instance_param3.dat, 0, -705.56, 0, 1799566890
now 2026-07-16 17:04:09 -0400; start 2026-07-12 21:39:27 -0400; time-start 329081.634837957; maxWall 8640000.0
getAlgoResultsForInstsAndParams.
  Trial 1 for calling: bash NSGA2.sh instance_prob3.dat "" 1000000000.0000001 2147483647 1767938397 -pc 0.25 -pm 0.5 > /tmp/tmp-2026-07-1617:04:09-0.4117090702056885
Executing cmd: bash NSGA2.sh instance_prob3.dat "" 1000000000.0000001 2147483647 1767938397 -pc 0.25 -pm 0.5 > /tmp/tmp-2026-07-1617:04:09-0.4117090702056885
Result: instance_prob3.dat, 0, -577.71, 0, 1767938397
now 2026-07-16 17:14:35 -0400; start 2026-07-12 21:39:27 -0400; time-start 329707.643108102; maxWall 8640000.0
getAlgoResultsForInstsAndParams.
  Trial 1 for calling: bash NSGA2.sh instance_prob1.dat "" 1000000000.0000001 2147483647 1188387787 -pc 0.25 -pm 0.5 > /tmp/tmp-2026-07-1617:14:35-0.766913890838623
Executing cmd: bash NSGA2.sh instance_prob1.dat "" 1000000000.0000001 2147483647 1188387787 -pc 0.25 -pm 0.5 > /tmp/tmp-2026-07-1617:14:35-0.766913890838623
Result: instance_prob1.dat, 0, -650.27, 0, 1188387787
now 2026-07-16 17:23:40 -0400; start 2026-07-12 21:39:27 -0400; time-start 330252.668837869; maxWall 8640000.0
getAlgoResultsForInstsAndParams.
  Trial 1 for calling: bash NSGA2.sh instance_prob2.dat "" 1000000000.0000001 2147483647 23926432 -pc 0.25 -pm 0.5 > /tmp/tmp-2026-07-1617:23:40-0.09119319915771484
Executing cmd: bash NSGA2.sh instance_prob2.dat "" 1000000000.0000001 2147483647 23926432 -pc 0.25 -pm 0.5 > /tmp/tmp-2026-07-1617:23:40-0.09119319915771484
Result: instance_prob2.dat, 0, -695.75, 0, 23926432
now 2026-07-16 17:33:49 -0400; start 2026-07-12 21:39:27 -0400; time-start 330861.489567361; maxWall 8640000.0
getAlgoResultsForInstsAndParams.
  Trial 1 for calling: bash NSGA2.sh instance_param1.dat "" 1000000000.0000001 2147483647 1928919851 -pc 0.25 -pm 0.5 > /tmp/tmp-2026-07-1617:33:49-0.5751886367797852
Executing cmd: bash NSGA2.sh instance_param1.dat "" 1000000000.0000001 2147483647 1928919851 -pc 0.25 -pm 0.5 > /tmp/tmp-2026-07-1617:33:49-0.5751886367797852
Result: instance_param1.dat, 0, -920.07, 0, 1928919851
now 2026-07-16 17:33:49 -0400; start 2026-07-12 21:39:27 -0400; time-start 330861.5654837; maxWall 8640000.0
getAlgoResultsForInstsAndParams.
  Trial 1 for calling: bash NSGA2.sh instance_prob3.dat "" 1000000000.0000001 2147483647 100511487 -pc 0.25 -pm 0.5 > /tmp/tmp-2026-07-1617:33:49-0.22261929512023926
Executing cmd: bash NSGA2.sh instance_prob3.dat "" 1000000000.0000001 2147483647 100511487 -pc 0.25 -pm 0.5 > /tmp/tmp-2026-07-1617:33:49-0.22261929512023926
Result: instance_prob3.dat, 0, -577.71, 0, 100511487
now 2026-07-16 17:44:05 -0400; start 2026-07-12 21:39:27 -0400; time-start 331478.066416917; maxWall 8640000.0
getAlgoResultsForInstsAndParams.
  Trial 1 for calling: bash NSGA2.sh instance_prob4.dat "" 1000000000.0000001 2147483647 2122508000 -pc 0.25 -pm 0.5 > /tmp/tmp-2026-07-1617:44:05-0.9991673231124878
Executing cmd: bash NSGA2.sh instance_prob4.dat "" 1000000000.0000001 2147483647 2122508000 -pc 0.25 -pm 0.5 > /tmp/tmp-2026-07-1617:44:05-0.9991673231124878
Result: instance_prob4.dat, 0, -591.79, 0, 2122508000
now 2026-07-16 17:59:58 -0400; start 2026-07-12 21:39:27 -0400; time-start 332431.06605004; maxWall 8640000.0
getAlgoResultsForInstsAndParams.
  Trial 1 for calling: bash NSGA2.sh instance_param2.dat "" 1000000000.0000001 2147483647 1189338387 -pc 0.25 -pm 0.5 > /tmp/tmp-2026-07-1617:59:58-0.5151219367980957
Executing cmd: bash NSGA2.sh instance_param2.dat "" 1000000000.0000001 2147483647 1189338387 -pc 0.25 -pm 0.5 > /tmp/tmp-2026-07-1617:59:58-0.5151219367980957
Result: instance_param2.dat, 0, -717.59, 0, 1189338387
now 2026-07-16 17:59:59 -0400; start 2026-07-12 21:39:27 -0400; time-start 332431.135420522; maxWall 8640000.0
getAlgoResultsForInstsAndParams.
  Trial 1 for calling: bash NSGA2.sh instance_param3.dat "" 1000000000.0000001 2147483647 1897946695 -pc 0.25 -pm 0.5 > /tmp/tmp-2026-07-1617:59:59-0.24749374389648438
Executing cmd: bash NSGA2.sh instance_param3.dat "" 1000000000.0000001 2147483647 1897946695 -pc 0.25 -pm 0.5 > /tmp/tmp-2026-07-1617:59:59-0.24749374389648438
Result: instance_param3.dat, 0, -705.56, 0, 1897946695
now 2026-07-16 17:59:59 -0400; start 2026-07-12 21:39:27 -0400; time-start 332431.211248036; maxWall 8640000.0
getAlgoResultsForInstsAndParams.
  Trial 1 for calling: bash NSGA2.sh instance_prob2.dat "" 1000000000.0000001 2147483647 179796910 -pc 0.25 -pm 0.5 > /tmp/tmp-2026-07-1617:59:59-0.2285327911376953
Executing cmd: bash NSGA2.sh instance_prob2.dat "" 1000000000.0000001 2147483647 179796910 -pc 0.25 -pm 0.5 > /tmp/tmp-2026-07-1617:59:59-0.2285327911376953
Result: instance_prob2.dat, 0, -695.75, 0, 179796910
now 2026-07-16 18:12:26 -0400; start 2026-07-12 21:39:27 -0400; time-start 333178.239269651; maxWall 8640000.0
getAlgoResultsForInstsAndParams.
  Trial 1 for calling: bash NSGA2.sh instance_param2.dat "" 1000000000.0000001 2147483647 1932973243 -pc 0.25 -pm 0.5 > /tmp/tmp-2026-07-1618:12:26-0.5545873641967773
Executing cmd: bash NSGA2.sh instance_param2.dat "" 1000000000.0000001 2147483647 1932973243 -pc 0.25 -pm 0.5 > /tmp/tmp-2026-07-1618:12:26-0.5545873641967773
Result: instance_param2.dat, 0, -717.59, 0, 1932973243
          -> Take improving step to neighbour pc=0.25 pm=0.5 (-693.8604651162791 [based on 86 runs with cutoff 1000000000.0]) with flip 103

          
============= Performing 1 bonus runs of state: pc=0.25 pm=0.5 (-693.8604651162791 [based on 86 runs with cutoff 1000000000.0]) ============ 

now 2026-07-16 18:12:26 -0400; start 2026-07-12 21:39:27 -0400; time-start 333178.317775375; maxWall 8640000.0
State wants more detail (86+1) than incumbent (86), doing incumbent first:
pc=0.25 pm=0.5 (-693.8604651162791 [based on 86 runs with cutoff 1000000000.0])
pc=0.25 pm=0.05 (-693.8604651162791 [based on 86 runs with cutoff 1000000000.0])
getAlgoResultsForInstsAndParams.
  Trial 1 for calling: bash NSGA2.sh instance_param3.dat "" 1000000000.0000001 2147483647 1395912711 -pc 0.25 -pm 0.05 > /tmp/tmp-2026-07-1618:12:26-0.2231278419494629
Executing cmd: bash NSGA2.sh instance_param3.dat "" 1000000000.0000001 2147483647 1395912711 -pc 0.25 -pm 0.05 > /tmp/tmp-2026-07-1618:12:26-0.2231278419494629
Result: instance_param3.dat, 0, -705.56, 0, 1395912711
 Same incumbent, new precision:
New Incumbent: 147.99999999999588, -693.9885057471264 [87, 1000000000.0]. With state pc=0.25, pm=0.05
getAlgoResultsForInstsAndParams.
  Trial 1 for calling: bash NSGA2.sh instance_param3.dat "" 1000000000.0000001 2147483647 1395912711 -pc 0.25 -pm 0.5 > /tmp/tmp-2026-07-1618:12:26-0.32234764099121094
Executing cmd: bash NSGA2.sh instance_param3.dat "" 1000000000.0000001 2147483647 1395912711 -pc 0.25 -pm 0.5 > /tmp/tmp-2026-07-1618:12:26-0.32234764099121094
Result: instance_param3.dat, 0, -705.56, 0, 1395912711
          -> After 1 bonus runs: pc=0.25 pm=0.5 (-693.9885057471264 [based on 87 runs with cutoff 1000000000.0])

now 2026-07-16 18:12:26 -0400; start 2026-07-12 21:39:27 -0400; time-start 333178.472707209; maxWall 8640000.0
now 2026-07-16 18:12:26 -0400; start 2026-07-12 21:39:27 -0400; time-start 333178.472751694; maxWall 8640000.0
    Changing ["pm: 0.5->0.3"], evaluating ...
getAlgoResultsForInstsAndParams.
  Trial 1 for calling: bash NSGA2.sh instance_param2.dat "" 1000000000.0000001 2147483647 1669015032 -pc 0.25 -pm 0.3 > /tmp/tmp-2026-07-1618:12:26-0.42527294158935547
Executing cmd: bash NSGA2.sh instance_param2.dat "" 1000000000.0000001 2147483647 1669015032 -pc 0.25 -pm 0.3 > /tmp/tmp-2026-07-1618:12:26-0.42527294158935547
Result: instance_param2.dat, 0, -717.59, 0, 1669015032
now 2026-07-16 18:12:26 -0400; start 2026-07-12 21:39:27 -0400; time-start 333178.548516808; maxWall 8640000.0
getAlgoResultsForInstsAndParams.
  Trial 1 for calling: bash NSGA2.sh instance_param1.dat "" 1000000000.0000001 2147483647 1186378232 -pc 0.25 -pm 0.3 > /tmp/tmp-2026-07-1618:12:26-0.9774644374847412
Executing cmd: bash NSGA2.sh instance_param1.dat "" 1000000000.0000001 2147483647 1186378232 -pc 0.25 -pm 0.3 > /tmp/tmp-2026-07-1618:12:26-0.9774644374847412
Result: instance_param1.dat, 0, -920.07, 0, 1186378232
now 2026-07-16 18:12:26 -0400; start 2026-07-12 21:39:27 -0400; time-start 333178.624183927; maxWall 8640000.0
getAlgoResultsForInstsAndParams.
  Trial 1 for calling: bash NSGA2.sh instance_prob2.dat "" 1000000000.0000001 2147483647 1865128741 -pc 0.25 -pm 0.3 > /tmp/tmp-2026-07-1618:12:26-0.9628820419311523
Executing cmd: bash NSGA2.sh instance_prob2.dat "" 1000000000.0000001 2147483647 1865128741 -pc 0.25 -pm 0.3 > /tmp/tmp-2026-07-1618:12:26-0.9628820419311523
Result: instance_prob2.dat, 0, -695.75, 0, 1865128741
now 2026-07-16 18:20:52 -0400; start 2026-07-12 21:39:27 -0400; time-start 333684.805371114; maxWall 8640000.0
getAlgoResultsForInstsAndParams.
  Trial 1 for calling: bash NSGA2.sh instance_prob1.dat "" 1000000000.0000001 2147483647 792652207 -pc 0.25 -pm 0.3 > /tmp/tmp-2026-07-1618:20:52-0.768524169921875
Executing cmd: bash NSGA2.sh instance_prob1.dat "" 1000000000.0000001 2147483647 792652207 -pc 0.25 -pm 0.3 > /tmp/tmp-2026-07-1618:20:52-0.768524169921875
Result: instance_prob1.dat, 0, -650.27, 0, 792652207
now 2026-07-16 18:25:07 -0400; start 2026-07-12 21:39:27 -0400; time-start 333939.249300892; maxWall 8640000.0
getAlgoResultsForInstsAndParams.
  Trial 1 for calling: bash NSGA2.sh instance_prob3.dat "" 1000000000.0000001 2147483647 1591543198 -pc 0.25 -pm 0.3 > /tmp/tmp-2026-07-1618:25:07-0.39754295349121094
Executing cmd: bash NSGA2.sh instance_prob3.dat "" 1000000000.0000001 2147483647 1591543198 -pc 0.25 -pm 0.3 > /tmp/tmp-2026-07-1618:25:07-0.39754295349121094
Result: instance_prob3.dat, 0, -577.71, 0, 1591543198
now 2026-07-16 18:33:07 -0400; start 2026-07-12 21:39:27 -0400; time-start 334419.136415438; maxWall 8640000.0
getAlgoResultsForInstsAndParams.
  Trial 1 for calling: bash NSGA2.sh instance_prob4.dat "" 1000000000.0000001 2147483647 1998353460 -pc 0.25 -pm 0.3 > /tmp/tmp-2026-07-1618:33:07-0.01731109619140625
Executing cmd: bash NSGA2.sh instance_prob4.dat "" 1000000000.0000001 2147483647 1998353460 -pc 0.25 -pm 0.3 > /tmp/tmp-2026-07-1618:33:07-0.01731109619140625
Result: instance_prob4.dat, 0, -591.79, 0, 1998353460
now 2026-07-16 18:40:06 -0400; start 2026-07-12 21:39:27 -0400; time-start 334838.95593011; maxWall 8640000.0
getAlgoResultsForInstsAndParams.
  Trial 1 for calling: bash NSGA2.sh instance_param3.dat "" 1000000000.0000001 2147483647 998783798 -pc 0.25 -pm 0.3 > /tmp/tmp-2026-07-1618:40:06-0.22838544845581055
Executing cmd: bash NSGA2.sh instance_param3.dat "" 1000000000.0000001 2147483647 998783798 -pc 0.25 -pm 0.3 > /tmp/tmp-2026-07-1618:40:06-0.22838544845581055
Result: instance_param3.dat, 0, -705.56, 0, 998783798
now 2026-07-16 18:40:06 -0400; start 2026-07-12 21:39:27 -0400; time-start 334839.018034402; maxWall 8640000.0
getAlgoResultsForInstsAndParams.
  Trial 1 for calling: bash NSGA2.sh instance_prob2.dat "" 1000000000.0000001 2147483647 1593267606 -pc 0.25 -pm 0.3 > /tmp/tmp-2026-07-1618:40:06-0.13721299171447754
Executing cmd: bash NSGA2.sh instance_prob2.dat "" 1000000000.0000001 2147483647 1593267606 -pc 0.25 -pm 0.3 > /tmp/tmp-2026-07-1618:40:06-0.13721299171447754
Result: instance_prob2.dat, 0, -695.75, 0, 1593267606
now 2026-07-16 18:47:43 -0400; start 2026-07-12 21:39:27 -0400; time-start 335295.236424361; maxWall 8640000.0
getAlgoResultsForInstsAndParams.
  Trial 1 for calling: bash NSGA2.sh instance_prob4.dat "" 1000000000.0000001 2147483647 769705430 -pc 0.25 -pm 0.3 > /tmp/tmp-2026-07-1618:47:43-0.17549705505371094
Executing cmd: bash NSGA2.sh instance_prob4.dat "" 1000000000.0000001 2147483647 769705430 -pc 0.25 -pm 0.3 > /tmp/tmp-2026-07-1618:47:43-0.17549705505371094
Result: instance_prob4.dat, 0, -591.79, 0, 769705430
now 2026-07-16 18:56:20 -0400; start 2026-07-12 21:39:27 -0400; time-start 335812.449221623; maxWall 8640000.0
getAlgoResultsForInstsAndParams.
  Trial 1 for calling: bash NSGA2.sh instance_param3.dat "" 1000000000.0000001 2147483647 1967747329 -pc 0.25 -pm 0.3 > /tmp/tmp-2026-07-1618:56:20-0.16188287734985352
Executing cmd: bash NSGA2.sh instance_param3.dat "" 1000000000.0000001 2147483647 1967747329 -pc 0.25 -pm 0.3 > /tmp/tmp-2026-07-1618:56:20-0.16188287734985352
Result: instance_param3.dat, 0, -705.56, 0, 1967747329
now 2026-07-16 18:56:20 -0400; start 2026-07-12 21:39:27 -0400; time-start 335812.528391543; maxWall 8640000.0
getAlgoResultsForInstsAndParams.
  Trial 1 for calling: bash NSGA2.sh instance_prob3.dat "" 1000000000.0000001 2147483647 1382366317 -pc 0.25 -pm 0.3 > /tmp/tmp-2026-07-1618:56:20-0.6854255199432373
Executing cmd: bash NSGA2.sh instance_prob3.dat "" 1000000000.0000001 2147483647 1382366317 -pc 0.25 -pm 0.3 > /tmp/tmp-2026-07-1618:56:20-0.6854255199432373
Result: instance_prob3.dat, 0, -577.71, 0, 1382366317
now 2026-07-16 19:04:43 -0400; start 2026-07-12 21:39:27 -0400; time-start 336315.264503797; maxWall 8640000.0
getAlgoResultsForInstsAndParams.
  Trial 1 for calling: bash NSGA2.sh instance_param1.dat "" 1000000000.0000001 2147483647 2022633737 -pc 0.25 -pm 0.3 > /tmp/tmp-2026-07-1619:04:43-0.17342758178710938
Executing cmd: bash NSGA2.sh instance_param1.dat "" 1000000000.0000001 2147483647 2022633737 -pc 0.25 -pm 0.3 > /tmp/tmp-2026-07-1619:04:43-0.17342758178710938
Result: instance_param1.dat, 0, -920.07, 0, 2022633737
now 2026-07-16 19:04:43 -0400; start 2026-07-12 21:39:27 -0400; time-start 336315.341507305; maxWall 8640000.0
getAlgoResultsForInstsAndParams.
  Trial 1 for calling: bash NSGA2.sh instance_prob1.dat "" 1000000000.0000001 2147483647 30692456 -pc 0.25 -pm 0.3 > /tmp/tmp-2026-07-1619:04:43-0.8328795433044434
Executing cmd: bash NSGA2.sh instance_prob1.dat "" 1000000000.0000001 2147483647 30692456 -pc 0.25 -pm 0.3 > /tmp/tmp-2026-07-1619:04:43-0.8328795433044434
Result: instance_prob1.dat, 0, -650.27, 0, 30692456
now 2026-07-16 19:08:58 -0400; start 2026-07-12 21:39:27 -0400; time-start 336570.487819451; maxWall 8640000.0
getAlgoResultsForInstsAndParams.
  Trial 1 for calling: bash NSGA2.sh instance_param2.dat "" 1000000000.0000001 2147483647 829560014 -pc 0.25 -pm 0.3 > /tmp/tmp-2026-07-1619:08:58-0.11471223831176758
Executing cmd: bash NSGA2.sh instance_param2.dat "" 1000000000.0000001 2147483647 829560014 -pc 0.25 -pm 0.3 > /tmp/tmp-2026-07-1619:08:58-0.11471223831176758
Result: instance_param2.dat, 0, -717.59, 0, 829560014
now 2026-07-16 19:08:58 -0400; start 2026-07-12 21:39:27 -0400; time-start 336570.563557812; maxWall 8640000.0
getAlgoResultsForInstsAndParams.
  Trial 1 for calling: bash NSGA2.sh instance_param2.dat "" 1000000000.0000001 2147483647 2046748760 -pc 0.25 -pm 0.3 > /tmp/tmp-2026-07-1619:08:58-0.4501042366027832
Executing cmd: bash NSGA2.sh instance_param2.dat "" 1000000000.0000001 2147483647 2046748760 -pc 0.25 -pm 0.3 > /tmp/tmp-2026-07-1619:08:58-0.4501042366027832
Result: instance_param2.dat, 0, -717.59, 0, 2046748760
now 2026-07-16 19:08:58 -0400; start 2026-07-12 21:39:27 -0400; time-start 336570.640875224; maxWall 8640000.0
getAlgoResultsForInstsAndParams.
  Trial 1 for calling: bash NSGA2.sh instance_param1.dat "" 1000000000.0000001 2147483647 838628597 -pc 0.25 -pm 0.3 > /tmp/tmp-2026-07-1619:08:58-0.3058905601501465
Executing cmd: bash NSGA2.sh instance_param1.dat "" 1000000000.0000001 2147483647 838628597 -pc 0.25 -pm 0.3 > /tmp/tmp-2026-07-1619:08:58-0.3058905601501465
Result: instance_param1.dat, 0, -920.07, 0, 838628597
now 2026-07-16 19:08:58 -0400; start 2026-07-12 21:39:27 -0400; time-start 336570.717775207; maxWall 8640000.0
getAlgoResultsForInstsAndParams.
  Trial 1 for calling: bash NSGA2.sh instance_prob2.dat "" 1000000000.0000001 2147483647 1266764447 -pc 0.25 -pm 0.3 > /tmp/tmp-2026-07-1619:08:58-0.026477813720703125
Executing cmd: bash NSGA2.sh instance_prob2.dat "" 1000000000.0000001 2147483647 1266764447 -pc 0.25 -pm 0.3 > /tmp/tmp-2026-07-1619:08:58-0.026477813720703125
Result: instance_prob2.dat, 0, -695.75, 0, 1266764447
now 2026-07-16 19:18:15 -0400; start 2026-07-12 21:39:27 -0400; time-start 337127.127380267; maxWall 8640000.0
getAlgoResultsForInstsAndParams.
  Trial 1 for calling: bash NSGA2.sh instance_prob1.dat "" 1000000000.0000001 2147483647 1404532994 -pc 0.25 -pm 0.3 > /tmp/tmp-2026-07-1619:18:15-0.8637542724609375
Executing cmd: bash NSGA2.sh instance_prob1.dat "" 1000000000.0000001 2147483647 1404532994 -pc 0.25 -pm 0.3 > /tmp/tmp-2026-07-1619:18:15-0.8637542724609375
Result: instance_prob1.dat, 0, -650.27, 0, 1404532994
now 2026-07-16 19:22:22 -0400; start 2026-07-12 21:39:27 -0400; time-start 337374.913865183; maxWall 8640000.0
getAlgoResultsForInstsAndParams.
  Trial 1 for calling: bash NSGA2.sh instance_prob4.dat "" 1000000000.0000001 2147483647 49173726 -pc 0.25 -pm 0.3 > /tmp/tmp-2026-07-1619:22:22-0.9783751964569092
Executing cmd: bash NSGA2.sh instance_prob4.dat "" 1000000000.0000001 2147483647 49173726 -pc 0.25 -pm 0.3 > /tmp/tmp-2026-07-1619:22:22-0.9783751964569092
Result: instance_prob4.dat, 0, -591.79, 0, 49173726
now 2026-07-16 19:29:03 -0400; start 2026-07-12 21:39:27 -0400; time-start 337775.802975058; maxWall 8640000.0
getAlgoResultsForInstsAndParams.
  Trial 1 for calling: bash NSGA2.sh instance_param3.dat "" 1000000000.0000001 2147483647 1799566890 -pc 0.25 -pm 0.3 > /tmp/tmp-2026-07-1619:29:03-0.06121039390563965
Executing cmd: bash NSGA2.sh instance_param3.dat "" 1000000000.0000001 2147483647 1799566890 -pc 0.25 -pm 0.3 > /tmp/tmp-2026-07-1619:29:03-0.06121039390563965
Result: instance_param3.dat, 0, -705.56, 0, 1799566890
now 2026-07-16 19:29:03 -0400; start 2026-07-12 21:39:27 -0400; time-start 337775.878547108; maxWall 8640000.0
getAlgoResultsForInstsAndParams.
  Trial 1 for calling: bash NSGA2.sh instance_prob3.dat "" 1000000000.0000001 2147483647 1767938397 -pc 0.25 -pm 0.3 > /tmp/tmp-2026-07-1619:29:03-0.4001443386077881
Executing cmd: bash NSGA2.sh instance_prob3.dat "" 1000000000.0000001 2147483647 1767938397 -pc 0.25 -pm 0.3 > /tmp/tmp-2026-07-1619:29:03-0.4001443386077881
Result: instance_prob3.dat, 0, -577.71, 0, 1767938397
now 2026-07-16 19:37:00 -0400; start 2026-07-12 21:39:27 -0400; time-start 338252.129965139; maxWall 8640000.0
getAlgoResultsForInstsAndParams.
  Trial 1 for calling: bash NSGA2.sh instance_prob1.dat "" 1000000000.0000001 2147483647 1188387787 -pc 0.25 -pm 0.3 > /tmp/tmp-2026-07-1619:37:00-0.7996139526367188
Executing cmd: bash NSGA2.sh instance_prob1.dat "" 1000000000.0000001 2147483647 1188387787 -pc 0.25 -pm 0.3 > /tmp/tmp-2026-07-1619:37:00-0.7996139526367188
Result: instance_prob1.dat, 0, -650.27, 0, 1188387787
now 2026-07-16 19:41:12 -0400; start 2026-07-12 21:39:27 -0400; time-start 338504.140403921; maxWall 8640000.0
getAlgoResultsForInstsAndParams.
  Trial 1 for calling: bash NSGA2.sh instance_prob2.dat "" 1000000000.0000001 2147483647 23926432 -pc 0.25 -pm 0.3 > /tmp/tmp-2026-07-1619:41:12-0.9829483032226562
Executing cmd: bash NSGA2.sh instance_prob2.dat "" 1000000000.0000001 2147483647 23926432 -pc 0.25 -pm 0.3 > /tmp/tmp-2026-07-1619:41:12-0.9829483032226562
Result: instance_prob2.dat, 0, -695.75, 0, 23926432
now 2026-07-16 19:48:27 -0400; start 2026-07-12 21:39:27 -0400; time-start 338939.520893969; maxWall 8640000.0
getAlgoResultsForInstsAndParams.
  Trial 1 for calling: bash NSGA2.sh instance_param1.dat "" 1000000000.0000001 2147483647 1928919851 -pc 0.25 -pm 0.3 > /tmp/tmp-2026-07-1619:48:27-0.08908438682556152
Executing cmd: bash NSGA2.sh instance_param1.dat "" 1000000000.0000001 2147483647 1928919851 -pc 0.25 -pm 0.3 > /tmp/tmp-2026-07-1619:48:27-0.08908438682556152
Result: instance_param1.dat, 0, -920.07, 0, 1928919851
now 2026-07-16 19:48:27 -0400; start 2026-07-12 21:39:27 -0400; time-start 338939.600319486; maxWall 8640000.0
getAlgoResultsForInstsAndParams.
  Trial 1 for calling: bash NSGA2.sh instance_prob3.dat "" 1000000000.0000001 2147483647 100511487 -pc 0.25 -pm 0.3 > /tmp/tmp-2026-07-1619:48:27-0.20218276977539062
Executing cmd: bash NSGA2.sh instance_prob3.dat "" 1000000000.0000001 2147483647 100511487 -pc 0.25 -pm 0.3 > /tmp/tmp-2026-07-1619:48:27-0.20218276977539062
Result: instance_prob3.dat, 0, -577.71, 0, 100511487
now 2026-07-16 19:56:05 -0400; start 2026-07-12 21:39:27 -0400; time-start 339397.358863233; maxWall 8640000.0
getAlgoResultsForInstsAndParams.
  Trial 1 for calling: bash NSGA2.sh instance_prob4.dat "" 1000000000.0000001 2147483647 2122508000 -pc 0.25 -pm 0.3 > /tmp/tmp-2026-07-1619:56:05-0.9308786392211914
Executing cmd: bash NSGA2.sh instance_prob4.dat "" 1000000000.0000001 2147483647 2122508000 -pc 0.25 -pm 0.3 > /tmp/tmp-2026-07-1619:56:05-0.9308786392211914
Result: instance_prob4.dat, 0, -591.79, 0, 2122508000
now 2026-07-16 20:03:47 -0400; start 2026-07-12 21:39:27 -0400; time-start 339859.931584843; maxWall 8640000.0
getAlgoResultsForInstsAndParams.
  Trial 1 for calling: bash NSGA2.sh instance_param2.dat "" 1000000000.0000001 2147483647 1189338387 -pc 0.25 -pm 0.3 > /tmp/tmp-2026-07-1620:03:47-0.05478787422180176
Executing cmd: bash NSGA2.sh instance_param2.dat "" 1000000000.0000001 2147483647 1189338387 -pc 0.25 -pm 0.3 > /tmp/tmp-2026-07-1620:03:47-0.05478787422180176
Result: instance_param2.dat, 0, -717.59, 0, 1189338387
now 2026-07-16 20:03:47 -0400; start 2026-07-12 21:39:27 -0400; time-start 339860.007798864; maxWall 8640000.0
getAlgoResultsForInstsAndParams.
  Trial 1 for calling: bash NSGA2.sh instance_param3.dat "" 1000000000.0000001 2147483647 1897946695 -pc 0.25 -pm 0.3 > /tmp/tmp-2026-07-1620:03:47-0.3657940626144409
Executing cmd: bash NSGA2.sh instance_param3.dat "" 1000000000.0000001 2147483647 1897946695 -pc 0.25 -pm 0.3 > /tmp/tmp-2026-07-1620:03:47-0.3657940626144409
Result: instance_param3.dat, 0, -705.56, 0, 1897946695
now 2026-07-16 20:03:47 -0400; start 2026-07-12 21:39:27 -0400; time-start 339860.082327662; maxWall 8640000.0
getAlgoResultsForInstsAndParams.
  Trial 1 for calling: bash NSGA2.sh instance_prob2.dat "" 1000000000.0000001 2147483647 179796910 -pc 0.25 -pm 0.3 > /tmp/tmp-2026-07-1620:03:47-0.03348362445831299
Executing cmd: bash NSGA2.sh instance_prob2.dat "" 1000000000.0000001 2147483647 179796910 -pc 0.25 -pm 0.3 > /tmp/tmp-2026-07-1620:03:47-0.03348362445831299
Result: instance_prob2.dat, 0, -695.75, 0, 179796910
1510/100000, 150.9999999999957/100000000.0
now 2026-07-16 20:12:56 -0400; start 2026-07-12 21:39:27 -0400; time-start 340408.562138875; maxWall 8640000.0
getAlgoResultsForInstsAndParams.
  Trial 1 for calling: bash NSGA2.sh instance_param2.dat "" 1000000000.0000001 2147483647 1932973243 -pc 0.25 -pm 0.3 > /tmp/tmp-2026-07-1620:12:56-0.8305978775024414
Executing cmd: bash NSGA2.sh instance_param2.dat "" 1000000000.0000001 2147483647 1932973243 -pc 0.25 -pm 0.3 > /tmp/tmp-2026-07-1620:12:56-0.8305978775024414
Result: instance_param2.dat, 0, -717.59, 0, 1932973243
now 2026-07-16 20:12:56 -0400; start 2026-07-12 21:39:27 -0400; time-start 340408.642364337; maxWall 8640000.0
getAlgoResultsForInstsAndParams.
  Trial 1 for calling: bash NSGA2.sh instance_param3.dat "" 1000000000.0000001 2147483647 1395912711 -pc 0.25 -pm 0.3 > /tmp/tmp-2026-07-1620:12:56-0.6884007453918457
Executing cmd: bash NSGA2.sh instance_param3.dat "" 1000000000.0000001 2147483647 1395912711 -pc 0.25 -pm 0.3 > /tmp/tmp-2026-07-1620:12:56-0.6884007453918457
Result: instance_param3.dat, 0, -705.56, 0, 1395912711
          -> Take improving step to neighbour pc=0.25 pm=0.3 (-693.9885057471264 [based on 87 runs with cutoff 1000000000.0]) with flip 104

          
============= Performing 1 bonus runs of state: pc=0.25 pm=0.3 (-693.9885057471264 [based on 87 runs with cutoff 1000000000.0]) ============ 

now 2026-07-16 20:12:56 -0400; start 2026-07-12 21:39:27 -0400; time-start 340408.721683712; maxWall 8640000.0
State wants more detail (87+1) than incumbent (87), doing incumbent first:
pc=0.25 pm=0.3 (-693.9885057471264 [based on 87 runs with cutoff 1000000000.0])
pc=0.25 pm=0.05 (-693.9885057471264 [based on 87 runs with cutoff 1000000000.0])
getAlgoResultsForInstsAndParams.
  Trial 1 for calling: bash NSGA2.sh instance_prob4.dat "" 1000000000.0000001 2147483647 152670172 -pc 0.25 -pm 0.05 > /tmp/tmp-2026-07-1620:12:56-0.34213829040527344
Executing cmd: bash NSGA2.sh instance_prob4.dat "" 1000000000.0000001 2147483647 152670172 -pc 0.25 -pm 0.05 > /tmp/tmp-2026-07-1620:12:56-0.34213829040527344
Result: instance_prob4.dat, 0, -591.79, 0, 152670172
 Same incumbent, new precision:
New Incumbent: 151.2999999999957, -692.8181818181819 [88, 1000000000.0]. With state pc=0.25, pm=0.05
getAlgoResultsForInstsAndParams.
  Trial 1 for calling: bash NSGA2.sh instance_prob4.dat "" 1000000000.0000001 2147483647 152670172 -pc 0.25 -pm 0.3 > /tmp/tmp-2026-07-1620:17:27-0.6337697505950928
Executing cmd: bash NSGA2.sh instance_prob4.dat "" 1000000000.0000001 2147483647 152670172 -pc 0.25 -pm 0.3 > /tmp/tmp-2026-07-1620:17:27-0.6337697505950928
Result: instance_prob4.dat, 0, -591.79, 0, 152670172
          -> After 1 bonus runs: pc=0.25 pm=0.3 (-692.8181818181819 [based on 88 runs with cutoff 1000000000.0])

now 2026-07-16 20:24:44 -0400; start 2026-07-12 21:39:27 -0400; time-start 341116.130085522; maxWall 8640000.0
now 2026-07-16 20:24:44 -0400; start 2026-07-12 21:39:27 -0400; time-start 341116.130169958; maxWall 8640000.0
now 2026-07-16 20:24:44 -0400; start 2026-07-12 21:39:27 -0400; time-start 341116.130241997; maxWall 8640000.0
now 2026-07-16 20:24:44 -0400; start 2026-07-12 21:39:27 -0400; time-start 341116.130275294; maxWall 8640000.0
    Changing ["pc: 0.25->0.6"], evaluating ...
getAlgoResultsForInstsAndParams.
  Trial 1 for calling: bash NSGA2.sh instance_prob2.dat "" 1000000000.0000001 2147483647 1593267606 -pc 0.6 -pm 0.3 > /tmp/tmp-2026-07-1620:24:44-0.4541969299316406
Executing cmd: bash NSGA2.sh instance_prob2.dat "" 1000000000.0000001 2147483647 1593267606 -pc 0.6 -pm 0.3 > /tmp/tmp-2026-07-1620:24:44-0.4541969299316406
Result: instance_prob2.dat, 0, -695.75, 0, 1593267606
now 2026-07-16 20:30:25 -0400; start 2026-07-12 21:39:27 -0400; time-start 341457.743981299; maxWall 8640000.0
getAlgoResultsForInstsAndParams.
  Trial 1 for calling: bash NSGA2.sh instance_prob4.dat "" 1000000000.0000001 2147483647 769705430 -pc 0.6 -pm 0.3 > /tmp/tmp-2026-07-1620:30:25-0.5198426246643066
Executing cmd: bash NSGA2.sh instance_prob4.dat "" 1000000000.0000001 2147483647 769705430 -pc 0.6 -pm 0.3 > /tmp/tmp-2026-07-1620:30:25-0.5198426246643066
Result: instance_prob4.dat, 0, -591.79, 0, 769705430
now 2026-07-16 20:38:29 -0400; start 2026-07-12 21:39:27 -0400; time-start 341941.114464064; maxWall 8640000.0
getAlgoResultsForInstsAndParams.
  Trial 1 for calling: bash NSGA2.sh instance_param3.dat "" 1000000000.0000001 2147483647 1967747329 -pc 0.6 -pm 0.3 > /tmp/tmp-2026-07-1620:38:29-0.4108390808105469
Executing cmd: bash NSGA2.sh instance_param3.dat "" 1000000000.0000001 2147483647 1967747329 -pc 0.6 -pm 0.3 > /tmp/tmp-2026-07-1620:38:29-0.4108390808105469
Result: instance_param3.dat, 0, -705.56, 0, 1967747329
now 2026-07-16 20:38:29 -0400; start 2026-07-12 21:39:27 -0400; time-start 341941.19022421; maxWall 8640000.0
getAlgoResultsForInstsAndParams.
  Trial 1 for calling: bash NSGA2.sh instance_prob3.dat "" 1000000000.0000001 2147483647 1382366317 -pc 0.6 -pm 0.3 > /tmp/tmp-2026-07-1620:38:29-0.1980876922607422
Executing cmd: bash NSGA2.sh instance_prob3.dat "" 1000000000.0000001 2147483647 1382366317 -pc 0.6 -pm 0.3 > /tmp/tmp-2026-07-1620:38:29-0.1980876922607422
Result: instance_prob3.dat, 0, -577.71, 0, 1382366317
now 2026-07-16 20:45:26 -0400; start 2026-07-12 21:39:27 -0400; time-start 342358.339889432; maxWall 8640000.0
getAlgoResultsForInstsAndParams.
  Trial 1 for calling: bash NSGA2.sh instance_param1.dat "" 1000000000.0000001 2147483647 2022633737 -pc 0.6 -pm 0.3 > /tmp/tmp-2026-07-1620:45:26-0.44765424728393555
Executing cmd: bash NSGA2.sh instance_param1.dat "" 1000000000.0000001 2147483647 2022633737 -pc 0.6 -pm 0.3 > /tmp/tmp-2026-07-1620:45:26-0.44765424728393555
Result: instance_param1.dat, 0, -920.07, 0, 2022633737
now 2026-07-16 20:45:26 -0400; start 2026-07-12 21:39:27 -0400; time-start 342358.418139793; maxWall 8640000.0
getAlgoResultsForInstsAndParams.
  Trial 1 for calling: bash NSGA2.sh instance_prob1.dat "" 1000000000.0000001 2147483647 30692456 -pc 0.6 -pm 0.3 > /tmp/tmp-2026-07-1620:45:26-0.1267256736755371
Executing cmd: bash NSGA2.sh instance_prob1.dat "" 1000000000.0000001 2147483647 30692456 -pc 0.6 -pm 0.3 > /tmp/tmp-2026-07-1620:45:26-0.1267256736755371
Result: instance_prob1.dat, 0, -650.27, 0, 30692456
now 2026-07-16 20:50:48 -0400; start 2026-07-12 21:39:27 -0400; time-start 342680.601481999; maxWall 8640000.0
getAlgoResultsForInstsAndParams.
  Trial 1 for calling: bash NSGA2.sh instance_param2.dat "" 1000000000.0000001 2147483647 829560014 -pc 0.6 -pm 0.3 > /tmp/tmp-2026-07-1620:50:48-0.7100701332092285
Executing cmd: bash NSGA2.sh instance_param2.dat "" 1000000000.0000001 2147483647 829560014 -pc 0.6 -pm 0.3 > /tmp/tmp-2026-07-1620:50:48-0.7100701332092285
Result: instance_param2.dat, 0, -717.59, 0, 829560014
now 2026-07-16 20:50:48 -0400; start 2026-07-12 21:39:27 -0400; time-start 342680.67821222; maxWall 8640000.0
getAlgoResultsForInstsAndParams.
  Trial 1 for calling: bash NSGA2.sh instance_param2.dat "" 1000000000.0000001 2147483647 2046748760 -pc 0.6 -pm 0.3 > /tmp/tmp-2026-07-1620:50:48-0.9862205982208252
Executing cmd: bash NSGA2.sh instance_param2.dat "" 1000000000.0000001 2147483647 2046748760 -pc 0.6 -pm 0.3 > /tmp/tmp-2026-07-1620:50:48-0.9862205982208252
Result: instance_param2.dat, 0, -717.59, 0, 2046748760
now 2026-07-16 20:50:48 -0400; start 2026-07-12 21:39:27 -0400; time-start 342680.751784983; maxWall 8640000.0
getAlgoResultsForInstsAndParams.
  Trial 1 for calling: bash NSGA2.sh instance_param1.dat "" 1000000000.0000001 2147483647 838628597 -pc 0.6 -pm 0.3 > /tmp/tmp-2026-07-1620:50:48-0.4468109607696533
Executing cmd: bash NSGA2.sh instance_param1.dat "" 1000000000.0000001 2147483647 838628597 -pc 0.6 -pm 0.3 > /tmp/tmp-2026-07-1620:50:48-0.4468109607696533
Result: instance_param1.dat, 0, -920.07, 0, 838628597
now 2026-07-16 20:50:48 -0400; start 2026-07-12 21:39:27 -0400; time-start 342680.827700229; maxWall 8640000.0
getAlgoResultsForInstsAndParams.
  Trial 1 for calling: bash NSGA2.sh instance_prob2.dat "" 1000000000.0000001 2147483647 1266764447 -pc 0.6 -pm 0.3 > /tmp/tmp-2026-07-1620:50:48-0.6032798290252686
Executing cmd: bash NSGA2.sh instance_prob2.dat "" 1000000000.0000001 2147483647 1266764447 -pc 0.6 -pm 0.3 > /tmp/tmp-2026-07-1620:50:48-0.6032798290252686
Result: instance_prob2.dat, 0, -695.75, 0, 1266764447
now 2026-07-16 20:56:58 -0400; start 2026-07-12 21:39:27 -0400; time-start 343050.871691544; maxWall 8640000.0
getAlgoResultsForInstsAndParams.
  Trial 1 for calling: bash NSGA2.sh instance_prob1.dat "" 1000000000.0000001 2147483647 1404532994 -pc 0.6 -pm 0.3 > /tmp/tmp-2026-07-1620:56:58-0.7394576072692871
Executing cmd: bash NSGA2.sh instance_prob1.dat "" 1000000000.0000001 2147483647 1404532994 -pc 0.6 -pm 0.3 > /tmp/tmp-2026-07-1620:56:58-0.7394576072692871
Result: instance_prob1.dat, 0, -650.27, 0, 1404532994
now 2026-07-16 21:01:54 -0400; start 2026-07-12 21:39:27 -0400; time-start 343346.159980723; maxWall 8640000.0
getAlgoResultsForInstsAndParams.
  Trial 1 for calling: bash NSGA2.sh instance_prob4.dat "" 1000000000.0000001 2147483647 49173726 -pc 0.6 -pm 0.3 > /tmp/tmp-2026-07-1621:01:54-0.20794296264648438
Executing cmd: bash NSGA2.sh instance_prob4.dat "" 1000000000.0000001 2147483647 49173726 -pc 0.6 -pm 0.3 > /tmp/tmp-2026-07-1621:01:54-0.20794296264648438
Result: instance_prob4.dat, 0, -591.79, 0, 49173726
now 2026-07-16 21:09:47 -0400; start 2026-07-12 21:39:27 -0400; time-start 343819.97165097; maxWall 8640000.0
getAlgoResultsForInstsAndParams.
  Trial 1 for calling: bash NSGA2.sh instance_param3.dat "" 1000000000.0000001 2147483647 1799566890 -pc 0.6 -pm 0.3 > /tmp/tmp-2026-07-1621:09:47-0.32917654514312744
Executing cmd: bash NSGA2.sh instance_param3.dat "" 1000000000.0000001 2147483647 1799566890 -pc 0.6 -pm 0.3 > /tmp/tmp-2026-07-1621:09:47-0.32917654514312744
Result: instance_param3.dat, 0, -705.56, 0, 1799566890
now 2026-07-16 21:09:47 -0400; start 2026-07-12 21:39:27 -0400; time-start 343820.020252262; maxWall 8640000.0
getAlgoResultsForInstsAndParams.
  Trial 1 for calling: bash NSGA2.sh instance_prob3.dat "" 1000000000.0000001 2147483647 1767938397 -pc 0.6 -pm 0.3 > /tmp/tmp-2026-07-1621:09:47-0.7011061906814575
Executing cmd: bash NSGA2.sh instance_prob3.dat "" 1000000000.0000001 2147483647 1767938397 -pc 0.6 -pm 0.3 > /tmp/tmp-2026-07-1621:09:47-0.7011061906814575
Result: instance_prob3.dat, 0, -577.71, 0, 1767938397
now 2026-07-16 21:22:12 -0400; start 2026-07-12 21:39:27 -0400; time-start 344565.013277026; maxWall 8640000.0
getAlgoResultsForInstsAndParams.
  Trial 1 for calling: bash NSGA2.sh instance_prob1.dat "" 1000000000.0000001 2147483647 1188387787 -pc 0.6 -pm 0.3 > /tmp/tmp-2026-07-1621:22:12-0.10985064506530762
Executing cmd: bash NSGA2.sh instance_prob1.dat "" 1000000000.0000001 2147483647 1188387787 -pc 0.6 -pm 0.3 > /tmp/tmp-2026-07-1621:22:12-0.10985064506530762
Result: instance_prob1.dat, 0, -650.27, 0, 1188387787
now 2026-07-16 21:27:08 -0400; start 2026-07-12 21:39:27 -0400; time-start 344860.791150072; maxWall 8640000.0
getAlgoResultsForInstsAndParams.
  Trial 1 for calling: bash NSGA2.sh instance_prob2.dat "" 1000000000.0000001 2147483647 23926432 -pc 0.6 -pm 0.3 > /tmp/tmp-2026-07-1621:27:08-0.6559357643127441
Executing cmd: bash NSGA2.sh instance_prob2.dat "" 1000000000.0000001 2147483647 23926432 -pc 0.6 -pm 0.3 > /tmp/tmp-2026-07-1621:27:08-0.6559357643127441
Result: instance_prob2.dat, 0, -695.75, 0, 23926432
now 2026-07-16 21:34:57 -0400; start 2026-07-12 21:39:27 -0400; time-start 345329.141380376; maxWall 8640000.0
getAlgoResultsForInstsAndParams.
  Trial 1 for calling: bash NSGA2.sh instance_param1.dat "" 1000000000.0000001 2147483647 1928919851 -pc 0.6 -pm 0.3 > /tmp/tmp-2026-07-1621:34:57-0.4961662292480469
Executing cmd: bash NSGA2.sh instance_param1.dat "" 1000000000.0000001 2147483647 1928919851 -pc 0.6 -pm 0.3 > /tmp/tmp-2026-07-1621:34:57-0.4961662292480469
Result: instance_param1.dat, 0, -920.07, 0, 1928919851
now 2026-07-16 21:34:57 -0400; start 2026-07-12 21:39:27 -0400; time-start 345329.218631628; maxWall 8640000.0
getAlgoResultsForInstsAndParams.
  Trial 1 for calling: bash NSGA2.sh instance_prob3.dat "" 1000000000.0000001 2147483647 100511487 -pc 0.6 -pm 0.3 > /tmp/tmp-2026-07-1621:34:57-0.6592845916748047
Executing cmd: bash NSGA2.sh instance_prob3.dat "" 1000000000.0000001 2147483647 100511487 -pc 0.6 -pm 0.3 > /tmp/tmp-2026-07-1621:34:57-0.6592845916748047
Result: instance_prob3.dat, 0, -577.71, 0, 100511487
now 2026-07-16 21:43:31 -0400; start 2026-07-12 21:39:27 -0400; time-start 345843.645523639; maxWall 8640000.0
getAlgoResultsForInstsAndParams.
  Trial 1 for calling: bash NSGA2.sh instance_prob4.dat "" 1000000000.0000001 2147483647 2122508000 -pc 0.6 -pm 0.3 > /tmp/tmp-2026-07-1621:43:31-0.6853666305541992
Executing cmd: bash NSGA2.sh instance_prob4.dat "" 1000000000.0000001 2147483647 2122508000 -pc 0.6 -pm 0.3 > /tmp/tmp-2026-07-1621:43:31-0.6853666305541992
Result: instance_prob4.dat, 0, -591.79, 0, 2122508000
now 2026-07-16 21:52:06 -0400; start 2026-07-12 21:39:27 -0400; time-start 346358.119256127; maxWall 8640000.0
getAlgoResultsForInstsAndParams.
  Trial 1 for calling: bash NSGA2.sh instance_param2.dat "" 1000000000.0000001 2147483647 1189338387 -pc 0.6 -pm 0.3 > /tmp/tmp-2026-07-1621:52:06-0.13947296142578125
Executing cmd: bash NSGA2.sh instance_param2.dat "" 1000000000.0000001 2147483647 1189338387 -pc 0.6 -pm 0.3 > /tmp/tmp-2026-07-1621:52:06-0.13947296142578125
Result: instance_param2.dat, 0, -717.59, 0, 1189338387
now 2026-07-16 21:52:06 -0400; start 2026-07-12 21:39:27 -0400; time-start 346358.197504775; maxWall 8640000.0
getAlgoResultsForInstsAndParams.
  Trial 1 for calling: bash NSGA2.sh instance_param3.dat "" 1000000000.0000001 2147483647 1897946695 -pc 0.6 -pm 0.3 > /tmp/tmp-2026-07-1621:52:06-0.3124532699584961
Executing cmd: bash NSGA2.sh instance_param3.dat "" 1000000000.0000001 2147483647 1897946695 -pc 0.6 -pm 0.3 > /tmp/tmp-2026-07-1621:52:06-0.3124532699584961
Result: instance_param3.dat, 0, -705.56, 0, 1897946695
now 2026-07-16 21:52:06 -0400; start 2026-07-12 21:39:27 -0400; time-start 346358.272153469; maxWall 8640000.0
getAlgoResultsForInstsAndParams.
  Trial 1 for calling: bash NSGA2.sh instance_prob2.dat "" 1000000000.0000001 2147483647 179796910 -pc 0.6 -pm 0.3 > /tmp/tmp-2026-07-1621:52:06-0.9164419174194336
Executing cmd: bash NSGA2.sh instance_prob2.dat "" 1000000000.0000001 2147483647 179796910 -pc 0.6 -pm 0.3 > /tmp/tmp-2026-07-1621:52:06-0.9164419174194336
Result: instance_prob2.dat, 0, -695.75, 0, 179796910
now 2026-07-16 21:59:26 -0400; start 2026-07-12 21:39:27 -0400; time-start 346798.74140248; maxWall 8640000.0
getAlgoResultsForInstsAndParams.
  Trial 1 for calling: bash NSGA2.sh instance_param2.dat "" 1000000000.0000001 2147483647 1932973243 -pc 0.6 -pm 0.3 > /tmp/tmp-2026-07-1621:59:26-0.48103952407836914
Executing cmd: bash NSGA2.sh instance_param2.dat "" 1000000000.0000001 2147483647 1932973243 -pc 0.6 -pm 0.3 > /tmp/tmp-2026-07-1621:59:26-0.48103952407836914
Result: instance_param2.dat, 0, -717.59, 0, 1932973243
now 2026-07-16 21:59:26 -0400; start 2026-07-12 21:39:27 -0400; time-start 346798.820447667; maxWall 8640000.0
getAlgoResultsForInstsAndParams.
  Trial 1 for calling: bash NSGA2.sh instance_param3.dat "" 1000000000.0000001 2147483647 1395912711 -pc 0.6 -pm 0.3 > /tmp/tmp-2026-07-1621:59:26-0.4041578769683838
Executing cmd: bash NSGA2.sh instance_param3.dat "" 1000000000.0000001 2147483647 1395912711 -pc 0.6 -pm 0.3 > /tmp/tmp-2026-07-1621:59:26-0.4041578769683838
Result: instance_param3.dat, 0, -705.56, 0, 1395912711
now 2026-07-16 21:59:26 -0400; start 2026-07-12 21:39:27 -0400; time-start 346798.897592098; maxWall 8640000.0
getAlgoResultsForInstsAndParams.
  Trial 1 for calling: bash NSGA2.sh instance_prob4.dat "" 1000000000.0000001 2147483647 152670172 -pc 0.6 -pm 0.3 > /tmp/tmp-2026-07-1621:59:26-0.14185762405395508
Executing cmd: bash NSGA2.sh instance_prob4.dat "" 1000000000.0000001 2147483647 152670172 -pc 0.6 -pm 0.3 > /tmp/tmp-2026-07-1621:59:26-0.14185762405395508
Result: instance_prob4.dat, 0, -591.79, 0, 152670172
          -> Take improving step to neighbour pc=0.6 pm=0.3 (-692.8181818181819 [based on 88 runs with cutoff 1000000000.0]) with flip 105

          
============= Performing 1 bonus runs of state: pc=0.6 pm=0.3 (-692.8181818181819 [based on 88 runs with cutoff 1000000000.0]) ============ 

now 2026-07-16 22:06:48 -0400; start 2026-07-12 21:39:27 -0400; time-start 347240.8099176; maxWall 8640000.0
State wants more detail (88+1) than incumbent (88), doing incumbent first:
pc=0.6 pm=0.3 (-692.8181818181819 [based on 88 runs with cutoff 1000000000.0])
pc=0.25 pm=0.05 (-692.8181818181819 [based on 88 runs with cutoff 1000000000.0])
getAlgoResultsForInstsAndParams.
  Trial 1 for calling: bash NSGA2.sh instance_prob1.dat "" 1000000000.0000001 2147483647 329825740 -pc 0.25 -pm 0.05 > /tmp/tmp-2026-07-1622:06:48-0.758948802947998
Executing cmd: bash NSGA2.sh instance_prob1.dat "" 1000000000.0000001 2147483647 329825740 -pc 0.25 -pm 0.05 > /tmp/tmp-2026-07-1622:06:48-0.758948802947998
Result: instance_prob1.dat, 0, -650.27, 0, 329825740
 Same incumbent, new precision:
New Incumbent: 153.99999999999554, -692.3370786516854 [89, 1000000000.0]. With state pc=0.25, pm=0.05
getAlgoResultsForInstsAndParams.
  Trial 1 for calling: bash NSGA2.sh instance_prob1.dat "" 1000000000.0000001 2147483647 329825740 -pc 0.6 -pm 0.3 > /tmp/tmp-2026-07-1622:09:36-0.3229219913482666
Executing cmd: bash NSGA2.sh instance_prob1.dat "" 1000000000.0000001 2147483647 329825740 -pc 0.6 -pm 0.3 > /tmp/tmp-2026-07-1622:09:36-0.3229219913482666
Result: instance_prob1.dat, 0, -650.27, 0, 329825740
          -> After 1 bonus runs: pc=0.6 pm=0.3 (-692.3370786516854 [based on 89 runs with cutoff 1000000000.0])

now 2026-07-16 22:16:16 -0400; start 2026-07-12 21:39:27 -0400; time-start 347808.878734113; maxWall 8640000.0
now 2026-07-16 22:16:16 -0400; start 2026-07-12 21:39:27 -0400; time-start 347808.878785054; maxWall 8640000.0
    Changing ["pc: 0.6->0.95"], evaluating ...
getAlgoResultsForInstsAndParams.
  Trial 1 for calling: bash NSGA2.sh instance_prob4.dat "" 1000000000.0000001 2147483647 1868452773 -pc 0.95 -pm 0.3 > /tmp/tmp-2026-07-1622:16:16-0.0999155044555664
Executing cmd: bash NSGA2.sh instance_prob4.dat "" 1000000000.0000001 2147483647 1868452773 -pc 0.95 -pm 0.3 > /tmp/tmp-2026-07-1622:16:16-0.0999155044555664
Result: instance_prob4.dat, 0, -591.79, 0, 1868452773
now 2026-07-16 22:24:32 -0400; start 2026-07-12 21:39:27 -0400; time-start 348304.471992812; maxWall 8640000.0
getAlgoResultsForInstsAndParams.
  Trial 1 for calling: bash NSGA2.sh instance_prob2.dat "" 1000000000.0000001 2147483647 310084194 -pc 0.95 -pm 0.3 > /tmp/tmp-2026-07-1622:24:32-0.7930669784545898
Executing cmd: bash NSGA2.sh instance_prob2.dat "" 1000000000.0000001 2147483647 310084194 -pc 0.95 -pm 0.3 > /tmp/tmp-2026-07-1622:24:32-0.7930669784545898
Result: instance_prob2.dat, 0, -695.75, 0, 310084194
now 2026-07-16 22:32:45 -0400; start 2026-07-12 21:39:27 -0400; time-start 348797.938955628; maxWall 8640000.0
getAlgoResultsForInstsAndParams.
  Trial 1 for calling: bash NSGA2.sh instance_param1.dat "" 1000000000.0000001 2147483647 1927991028 -pc 0.95 -pm 0.3 > /tmp/tmp-2026-07-1622:32:45-0.7372486591339111
Executing cmd: bash NSGA2.sh instance_param1.dat "" 1000000000.0000001 2147483647 1927991028 -pc 0.95 -pm 0.3 > /tmp/tmp-2026-07-1622:32:45-0.7372486591339111
Result: instance_param1.dat, 0, -920.07, 0, 1927991028
now 2026-07-16 22:32:45 -0400; start 2026-07-12 21:39:27 -0400; time-start 348798.014831903; maxWall 8640000.0
getAlgoResultsForInstsAndParams.
  Trial 1 for calling: bash NSGA2.sh instance_param3.dat "" 1000000000.0000001 2147483647 13543025 -pc 0.95 -pm 0.3 > /tmp/tmp-2026-07-1622:32:45-0.32003962993621826
Executing cmd: bash NSGA2.sh instance_param3.dat "" 1000000000.0000001 2147483647 13543025 -pc 0.95 -pm 0.3 > /tmp/tmp-2026-07-1622:32:45-0.32003962993621826
Result: instance_param3.dat, 0, -705.56, 0, 13543025
now 2026-07-16 22:32:46 -0400; start 2026-07-12 21:39:27 -0400; time-start 348798.091077708; maxWall 8640000.0
getAlgoResultsForInstsAndParams.
  Trial 1 for calling: bash NSGA2.sh instance_param2.dat "" 1000000000.0000001 2147483647 1669015032 -pc 0.95 -pm 0.3 > /tmp/tmp-2026-07-1622:32:46-0.701995849609375
Executing cmd: bash NSGA2.sh instance_param2.dat "" 1000000000.0000001 2147483647 1669015032 -pc 0.95 -pm 0.3 > /tmp/tmp-2026-07-1622:32:46-0.701995849609375
Result: instance_param2.dat, 0, -717.59, 0, 1669015032
now 2026-07-16 22:32:46 -0400; start 2026-07-12 21:39:27 -0400; time-start 348798.167334127; maxWall 8640000.0
getAlgoResultsForInstsAndParams.
  Trial 1 for calling: bash NSGA2.sh instance_param1.dat "" 1000000000.0000001 2147483647 1186378232 -pc 0.95 -pm 0.3 > /tmp/tmp-2026-07-1622:32:46-0.4038848876953125
Executing cmd: bash NSGA2.sh instance_param1.dat "" 1000000000.0000001 2147483647 1186378232 -pc 0.95 -pm 0.3 > /tmp/tmp-2026-07-1622:32:46-0.4038848876953125
Result: instance_param1.dat, 0, -920.07, 0, 1186378232
now 2026-07-16 22:32:46 -0400; start 2026-07-12 21:39:27 -0400; time-start 348798.243162728; maxWall 8640000.0
getAlgoResultsForInstsAndParams.
  Trial 1 for calling: bash NSGA2.sh instance_prob2.dat "" 1000000000.0000001 2147483647 1865128741 -pc 0.95 -pm 0.3 > /tmp/tmp-2026-07-1622:32:46-0.31844520568847656
Executing cmd: bash NSGA2.sh instance_prob2.dat "" 1000000000.0000001 2147483647 1865128741 -pc 0.95 -pm 0.3 > /tmp/tmp-2026-07-1622:32:46-0.31844520568847656
Result: instance_prob2.dat, 0, -695.75, 0, 1865128741
now 2026-07-16 22:40:04 -0400; start 2026-07-12 21:39:27 -0400; time-start 349236.379254736; maxWall 8640000.0
getAlgoResultsForInstsAndParams.
  Trial 1 for calling: bash NSGA2.sh instance_prob1.dat "" 1000000000.0000001 2147483647 792652207 -pc 0.95 -pm 0.3 > /tmp/tmp-2026-07-1622:40:04-0.30930566787719727
Executing cmd: bash NSGA2.sh instance_prob1.dat "" 1000000000.0000001 2147483647 792652207 -pc 0.95 -pm 0.3 > /tmp/tmp-2026-07-1622:40:04-0.30930566787719727
Result: instance_prob1.dat, 0, -650.27, 0, 792652207
now 2026-07-16 22:44:28 -0400; start 2026-07-12 21:39:27 -0400; time-start 349500.385513596; maxWall 8640000.0
getAlgoResultsForInstsAndParams.
  Trial 1 for calling: bash NSGA2.sh instance_prob3.dat "" 1000000000.0000001 2147483647 1591543198 -pc 0.95 -pm 0.3 > /tmp/tmp-2026-07-1622:44:28-0.6283726692199707
Executing cmd: bash NSGA2.sh instance_prob3.dat "" 1000000000.0000001 2147483647 1591543198 -pc 0.95 -pm 0.3 > /tmp/tmp-2026-07-1622:44:28-0.6283726692199707
Result: instance_prob3.dat, 0, -577.71, 0, 1591543198
now 2026-07-16 22:52:52 -0400; start 2026-07-12 21:39:27 -0400; time-start 350004.67295582; maxWall 8640000.0
getAlgoResultsForInstsAndParams.
  Trial 1 for calling: bash NSGA2.sh instance_prob4.dat "" 1000000000.0000001 2147483647 1998353460 -pc 0.95 -pm 0.3 > /tmp/tmp-2026-07-1622:52:52-0.2778916358947754
Executing cmd: bash NSGA2.sh instance_prob4.dat "" 1000000000.0000001 2147483647 1998353460 -pc 0.95 -pm 0.3 > /tmp/tmp-2026-07-1622:52:52-0.2778916358947754
Result: instance_prob4.dat, 0, -591.79, 0, 1998353460
now 2026-07-16 23:00:32 -0400; start 2026-07-12 21:39:27 -0400; time-start 350464.406837445; maxWall 8640000.0
getAlgoResultsForInstsAndParams.
  Trial 1 for calling: bash NSGA2.sh instance_param3.dat "" 1000000000.0000001 2147483647 998783798 -pc 0.95 -pm 0.3 > /tmp/tmp-2026-07-1623:00:32-0.38309621810913086
Executing cmd: bash NSGA2.sh instance_param3.dat "" 1000000000.0000001 2147483647 998783798 -pc 0.95 -pm 0.3 > /tmp/tmp-2026-07-1623:00:32-0.38309621810913086
Result: instance_param3.dat, 0, -705.56, 0, 998783798
now 2026-07-16 23:00:32 -0400; start 2026-07-12 21:39:27 -0400; time-start 350464.482881583; maxWall 8640000.0
getAlgoResultsForInstsAndParams.
  Trial 1 for calling: bash NSGA2.sh instance_prob2.dat "" 1000000000.0000001 2147483647 1593267606 -pc 0.95 -pm 0.3 > /tmp/tmp-2026-07-1623:00:32-0.5672788619995117
Executing cmd: bash NSGA2.sh instance_prob2.dat "" 1000000000.0000001 2147483647 1593267606 -pc 0.95 -pm 0.3 > /tmp/tmp-2026-07-1623:00:32-0.5672788619995117
Result: instance_prob2.dat, 0, -695.75, 0, 1593267606
now 2026-07-16 23:09:06 -0400; start 2026-07-12 21:39:27 -0400; time-start 350978.618797325; maxWall 8640000.0
getAlgoResultsForInstsAndParams.
  Trial 1 for calling: bash NSGA2.sh instance_prob4.dat "" 1000000000.0000001 2147483647 769705430 -pc 0.95 -pm 0.3 > /tmp/tmp-2026-07-1623:09:06-0.7879042625427246
Executing cmd: bash NSGA2.sh instance_prob4.dat "" 1000000000.0000001 2147483647 769705430 -pc 0.95 -pm 0.3 > /tmp/tmp-2026-07-1623:09:06-0.7879042625427246
