param sigma
: 1   2 :=
1 0.00001 0.99999
2 0.10000 0.90000
3 0.20000 0.80000
4 0.30000 0.70000
5 0.40000 0.60000
6 0.50000 0.50000
7 0.90000 0.10000
8 0.80000 0.20000
9 0.70000 0.30000
10 0.60000 0.40000
11 0.99999 0.00001
;

set S:=
1 2 3 4 5 6 7 8 9 10 11 12 13 14 15 16 17 18 19 20 21 22 23 24 25 26 27 28 29 30 31 32 33 34 35 36 37 38 39 40 41 42 43 44 45 46 47 48 49 50 51 52 53 54 55 56 57 58 59 60 61 62 63 64 65 66 67 68 69 70 71 72 73 74 75 76 77 78 79 80 81 82 83 84 85 86 87 88 89 90 91 92 93 94 95 96 97 98 99 100 101 102 103 104 105 106 107 108 109 110 111 112 113 114 115 116 117 118 119 120 121 122 123 124 125 126 127 128 129 130 131 132 133 134 135 136 137 138 139 140 141 142 143 144 145 146 147 148 149 150 151 152 153 154 155 156 157 158 159 160 161 162 163 164 165 166 167 168 169 170 171 172 173 174 175 176 177 178 179 180 181 182 183 184 185 186 187 188 189 190 191 192 193 194 195 196 197 198 199 200 201 202 203 204 205 206 207 208 209 210 211 212 213 214 215 216 217 218 219 220 221 222 223 224 225 226 227 228 229 230 231 232 233 234 235 236 237 238 239 240 241 242 243 244 245 246 247 248 249 250 251 252 253 254 255 256 257 258 259 260 261 262 263 264 265 266 267 268 269 270 271 272 273 274 275 276 277 278 279 280 281 282 283 284 285 286 287 288 289 290 291 292 293 294 295 296 297 298 299 300 301 302 303 304 305 306 307 308 309 310 311 312 313 314 315 316 317 318 319 320 321 322 323 324 325 326 327 328 329 330 331 332 333 334 335 336 337 338 339 340 341 342 343 344 345 346 347 348 349 350 351 352 353 354 355 356 357 358 359 360 361 362 363 364 365 366 367 368 369 370 371 372 373 374 375 376 377 378 379 380 381 382 383 384 385 386 387 388 389 390 391 392 393 394 395 396 397 398 399 400 401 402 403 404 405 406 407 408 409 410 411 412 413 414 415 416 417 418 419 420 421 422 423 424 425 426 427 428 429 430 431 432 433 434 435 436 437 438 439 440 441 442 443 444 445 446 447 448 449 450 451 452 453 454 455 456 457 458 459 460 461 462 463 464 465 466 467 468 469 470 471 472 473 474 475 476 477 478 479 480 481 482 483 484 485 486 487 488 489 490 491 492 493 494 495 496 497 498 499 500 501 502 503 504 505 506 507 508 509 510 511 512 513 514 515 516 517 518 519 520 521 522 523 524 525 526 527 528 529 530 531 532 533 534 535 536 537 538 539 540 541 542 543 544 545 546 547 548 549 550 551 552 553 554 555 556 557 558 559 560 561 562 563 564 565 566 567 568 569 570 571 572 573 574 575 576 577 578 579 580 581 582 583 584 585 586 587 588 589 590 591 592 593 594 595 596 597 598 599 600 601 602 603 604 605 606 607 608 609 610 611 612 613 614 615 616 617 618 619 620 621 622 623 624 625 626 627 628 629 630 631 632 633 634 635 636 637 638 639 640 641 642 643 644 645 646 647 648 649 650 651 652 653 654 655 656 657 658 659 660 661 662 663 664 665 666 667 668 669 670 671 672 673 674 675 676 677 678 679 680 681 682 683 684 685 686 687 688 689 690 691 692 693 694 695 696 697 698 699 700 701 702 703 704 705 706 707 708 709 710 711 712 713 714 715 716 717 718 719 720 721 722 723 724 725 726 727 728 729 730 731 732 733 734 735 736 737 738 739 740 741 742 743 744 745 746 747 748 749 750 751 752 753 754 755 756 757 758 759 760 761 762 763 764 765 766 767 768 769 770 771 772 773 774 775 776 777 778 779 780 781 782 783 784 785 786 787 788 789 790 791 792 793 794 795 796 797 798 799 800 801 802 803 804 805 806 807 808 809 810 811 812 813 814 815 816 817 818 819 820 821 822 823 824 825 826 827 828 829 830 831 832 833 834 835 836 837 838 839 840 841 842 843 844 845 846 847 848 849 850 851 852 853 854 855 856 857 858 859 860 861 862 863 864 865 866 867 868 869 870 871 872 873 874 875 876 877 878 879 880 881 882 883 884 885 886 887 888 889 890 891 892 893 894 895 896 897 898 899 900 901 902 903 904 905 906 907 908 909 910 911 912 913 914 915 916 917 918 919 920 921 922 923 924 925 926 927 928 929 930 931 932 933 934 935 936 937 938 939 940 941 942 943 944 945 946 947 948 949 950 951 952 953 954 955 956 957 958 959 960 961 962 963 964 965 966 967 968 969 970 971 972 973 974 975 976 977 978 979 980 981 982 983 984 985 986 987 988 989 990 991 992 993 994 995 996 997 998 999 1000 1001 1002 1003 1004 1005 1006 1007 1008 1009 1010 1011 1012 1013 1014 1015 1016 1017 1018 1019 1020 1021 1022 1023 1024 1025 1026 1027 1028 1029 1030 1031 1032 1033 1034 1035 1036 1037 1038 1039 1040 1041 1042 1043 1044 1045 1046 1047 1048 1049 1050 1051 1052 1053 1054 1055 1056 1057 1058 1059 1060 1061 1062 1063 1064 1065 1066 1067 1068 1069 1070 1071 1072 1073 1074 1075 1076 1077 1078 1079 1080 1081 1082 1083 1084 1085 1086 1087 1088 1089 1090 1091 1092 1093 1094 1095 1096 1097 1098 1099 1100 1101 1102 1103 1104 1105 1106 1107 1108 1109 1110 1111 1112 1113 1114 1115 1116 1117 1118 1119 1120 1121 1122 1123 1124 1125 1126 1127 1128 1129 1130 1131 1132 1133 1134 1135 1136 1137 1138 1139 1140 1141 1142 1143 1144 1145 1146 1147 1148 1149 1150 1151 1152 1153 1154 1155 1156 1157 1158 1159 1160 1161 1162 1163 1164 1165 1166 1167 1168 1169 1170 1171 1172 1173 1174 1175 1176 1177 1178 1179 1180 1181 1182 1183 1184 1185 1186 1187 1188 1189 1190 1191 1192 1193 1194 1195 1196 1197 1198 1199 1200 1201 1202 1203 1204 1205 1206 1207 1208 1209 1210 1211 1212 1213 1214 1215 1216 1217 1218 1219 1220 1221 1222 1223 1224 1225 1226 1227 1228 1229 1230 1231 1232 1233 1234 1235 1236 1237 1238 1239 1240 1241 1242 1243 1244 1245 1246 1247 1248 1249 1250 1251 1252 1253 1254 1255 1256 1257 1258 1259 1260 1261 1262 1263 1264 1265 1266 1267 1268 1269 1270 1271 1272 1273 1274 1275 1276 1277 1278 1279 1280 1281 1282 1283 1284 1285 1286 1287 1288 1289 1290 1291 1292 1293 1294 1295 1296 1297 1298 1299 1300 1301 1302 1303 1304 1305 1306 1307 1308 1309 1310 1311 1312 1313 1314 1315 1316 1317 1318 1319 1320 1321 1322 1323 1324 1325 1326 1327 1328 1329 1330 1331 1332 1333 1334 1335 1336 1337 1338 1339 1340 1341 1342 1343 1344 1345 1346 1347 1348 1349 1350 1351 1352 1353 1354 1355 1356 1357 1358 1359 1360 1361 1362 1363 1364 1365 1366 1367 1368 1369 1370 1371 1372 1373 1374 1375 1376 1377 1378 1379 1380 1381 1382 1383 1384 1385 1386 1387 1388 1389 1390 1391 1392 1393 1394 1395 1396 1397 1398 1399 1400 1401 1402 1403 1404 1405 1406 1407 1408 1409 1410 1411 1412 1413 1414 1415 1416 1417 1418 1419 1420 1421 1422 1423 1424 1425 1426 1427 1428 1429 1430 1431 1432 1433 1434 1435 1436 1437 1438 1439 1440 1441 1442 1443 1444 1445 1446 1447 1448 1449 1450 1451 1452 1453 1454 1455 1456 1457 1458 1459 1460 1461 1462 1463 1464 1465 1466 1467 1468 1469 1470 1471 1472 1473 1474 1475 1476 1477 1478 1479 1480 1481 1482 1483 1484 1485 1486 1487 1488 1489 1490 1491 1492 1493 1494 1495 1496 1497 1498 1499 1500 1501 1502 1503 1504 1505 1506 1507 1508 1509 1510 1511 1512 1513 1514 1515 1516 1517 1518 1519 1520 1521 1522 1523 1524 1525 1526 1527 1528 1529 1530 1531 1532 1533 1534 1535 1536 1537 1538 1539 1540 1541 1542 1543 1544 1545 1546 1547 1548 1549 1550 1551 1552 1553 1554 1555 1556 1557 1558 1559 1560 1561 1562 1563 1564 1565 1566 1567 1568 1569 1570 1571 1572 1573 1574 1575 1576 1577 1578 1579 1580 1581 1582 1583 1584 1585 1586 1587 1588 1589 1590 1591 1592 1593 1594 1595 1596 1597 1598 1599 1600 1601 1602 1603 1604 1605 1606 1607 1608 1609 1610 1611 1612 1613 1614 1615 1616 1617 1618 1619 1620 1621 1622 1623 1624 1625 1626 1627 1628 1629 1630 1631 1632 1633 1634 1635 1636 1637 1638 1639 1640 1641 1642 1643 1644 1645 1646 1647 1648 1649 1650 1651 1652 1653 1654 1655 1656 1657 1658 1659 1660 1661 1662 1663 1664 1665 1666 1667 1668 1669 1670 1671 1672 1673 1674 1675 1676 1677 1678 1679 1680 1681 1682 1683 1684 1685 1686 1687 1688 1689 1690 1691 1692 1693 1694 1695 1696 1697 1698 1699 1700 1701 1702 1703 1704 1705 1706 1707 1708 1709 1710 1711 1712 1713 1714 1715 1716 1717 1718 1719 1720 1721 1722 1723 1724 1725 1726 1727 1728 1729 1730 1731 1732 1733 1734 1735 1736 1737 1738 1739 1740 1741 1742 1743 1744 1745 1746 1747 1748 1749 1750 1751 1752 1753 1754 1755 1756 1757 1758 1759 1760 1761 1762 1763 1764 1765 1766 1767 1768 1769 1770 1771 1772 1773 1774 1775 1776 1777 1778 1779 1780 1781 1782 1783 1784 1785 1786 1787 1788 1789 1790 1791 1792 1793 1794 1795 1796 1797 1798 1799 1800 1801 1802 1803 1804 1805 1806 1807 1808 1809 1810 1811 1812 1813 1814 1815 1816 1817 1818 1819 1820 1821 1822 1823 1824 1825 1826 1827 1828 1829 1830 1831 1832 1833 1834 1835 1836 1837 1838 1839 1840 1841 1842 1843 1844 1845 1846 1847 1848 1849 1850 1851 1852 1853 1854 1855 1856 1857 1858 1859 1860 1861 1862 1863 1864 1865 1866 1867 1868 1869 1870 1871 1872 1873 1874 1875 1876 1877 1878 1879 1880 1881 1882 1883 1884 1885 1886 1887 1888 1889 1890 1891 1892 1893 1894 1895 1896 1897 1898 1899 1900 1901 1902 1903 1904 1905 1906 1907 1908 1909 1910 1911 1912 1913 1914 1915 1916 1917 1918 1919 1920 1921 1922 1923 1924 1925 1926 1927 1928 1929 1930 1931 1932 1933 1934 1935 1936 1937 1938 1939 1940 1941 1942 1943 1944 1945 1946 1947 1948 1949 1950 1951 1952 1953 1954 1955 1956 1957 1958 1959 1960 1961 1962 1963 1964 1965 1966 1967 1968 1969 1970 1971 1972 1973 1974 1975 1976 1977 1978 1979 1980 1981 1982 1983 1984 1985 1986 1987 1988 1989 1990 1991 1992 1993 1994 1995 1996 1997 1998 1999 2000 2001 2002 2003 2004 2005 2006 2007 2008 2009 2010 2011 2012 2013 2014 2015 2016 2017 2018 2019 2020 2021 2022 2023 2024 2025 2026 2027 2028 2029 2030 2031 2032 2033 2034 2035 2036 2037 2038 2039 2040 2041 2042 2043 2044 2045 2046 2047 2048 2049 2050 2051 2052 2053 2054 2055 2056 2057 2058 2059 2060 2061 2062 2063 2064 2065 2066 2067 2068 2069 2070 2071 2072 2073 2074 2075 2076 2077 2078 2079 2080 2081 2082 2083 2084 2085 2086 2087 2088 2089 2090 2091 2092 2093 2094 2095 2096 2097 2098 2099 2100 2101 2102 2103 2104 2105 2106 2107 2108 2109 2110 2111 2112 2113 2114 2115 2116 2117 2118 2119 2120 2121 2122 2123 2124 2125 2126 2127 2128 2129 2130 2131 2132 2133 2134 2135 2136 2137 2138 2139 2140 2141 2142 2143 2144 2145 2146 2147 2148 2149 2150 2151 2152 2153 2154 2155 2156 2157 2158 2159 2160 2161 2162 2163 2164 2165 2166 2167 2168 2169 2170 2171 2172 2173 2174 2175 2176 2177 2178 2179 2180 2181 2182 2183 2184 2185 2186 2187 2188 2189 2190 2191 2192 2193 2194 2195 2196 2197 2198 2199 2200 2201 2202 2203 2204 2205 2206 2207 2208 2209 2210 2211 2212 2213 2214 2215 2216 2217 2218 2219 2220 2221 2222 2223 2224 2225 2226 2227 2228 2229 2230 2231 2232 2233 2234 2235 2236 2237 2238 2239 2240 2241 2242 2243 2244 2245 2246 2247 2248 2249 2250 2251 2252 2253 2254 2255 2256 2257 2258 2259 2260 2261 2262 2263 2264 2265 2266 2267 2268 2269 2270 2271 2272 2273 2274 2275 2276 2277 2278 2279 2280 2281 2282 2283 2284 2285 2286 2287 2288 2289 2290 2291 2292 2293 2294 2295 2296 2297 2298 2299 2300 2301 2302 2303 2304 2305 2306 2307 2308 2309 2310 2311 2312 2313 2314 2315 2316 2317 2318 2319 2320 2321 2322 2323 2324 2325 2326 2327 2328 2329 2330 2331 2332 2333 2334 2335 2336 2337 2338 2339 2340 2341 2342 2343 2344 2345 2346 2347 2348 2349 2350 2351 2352 2353 2354 2355 2356 2357 2358 2359 2360 2361 2362 2363 2364 2365 2366 2367 2368 2369 2370 2371 2372 2373 2374 2375 2376 2377 2378 2379 2380 2381 2382 2383 2384 2385 2386 2387 2388 2389 2390 2391 2392 2393 2394 2395 2396 2397 2398 2399 2400 ;

set C:=
1 2 3 4 5 6 7 8 9 10 11 13 14 15 16 17 19 20 21 22 23 24 25 26 27 28 29 30 31 32 33 34 35 36 38 39 40 41 42 43 44 46 47 48 49 50 51 52 53 54 55 56 57 58 59 60 61 62 63 64 65 66 67 68 69 70 71 72 73 74 75 76 77 78 79 80 81 82 83 84 85 86 87 88 89 90 91 92 94 95 96 97 98 99 100 101 102 103 104 106 107 108 109 111 112 113 114 115 116 117 118 119 120 121 123 124 125 126 127 128 129 130 131 132 133 134 135 136 138 139 141 143 144 145 146 147 148 149 150 151 152 153 154 155 156 157 159 160 161 162 163 164 165 166 168 169 170 171 173 174 175 176 177 178 179 180 181 182 183 184 185 186 187 188 189 190 191 192 194 195 196 197 198 199 201 202 203 204 205 207 209 210 211 212 213 214 215 216 218 219 221 222 223 225 227 228 229 230 231 232 233 234 235 236 237 238 239 240 241 242 243 244 245 246 248 249 250 251 252 253 254 255 256 257 258 259 260 261 262 263 264 265 266 267 268 270 271 272 273 274 275 276 277 278 279 280 281 282 283 284 285 286 288 289 290 291 292 293 295 296 297 298 299 300 301 302 303 304 305 306 307 308 309 310 311 312 313 314 315 316 317 318 319 320 321 322 323 324 325 326 327 328 329 330 331 332 333 334 335 336 337 338 339 342 343 344 345 346 347 349 350 351 352 353 354 355 356 357 358 359 360 361 362 363 364 365 366 367 369 371 372 373 374 375 376 377 378 379 380 381 382 383 384 385 386 387 388 389 390 391 393 394 395 396 397 398 401 402 403 404 405 406 407 408 409 410 411 412 413 414 415 417 418 419 420 421 422 424 425 426 427 428 429 431 432 433 434 435 436 437 438 439 441 442 443 444 445 446 447 448 449 450 451 452 453 455 456 457 458 459 460 461 462 463 464 465 466 467 469 470 471 472 474 475 476 477 478 480 481 483 484 485 486 487 488 489 490 491 492 493 494 495 496 497 498 499 500 501 502 503 504 505 506 507 508 509 511 512 513 514 515 516 517 518 519 520 521 522 523 525 526 527 528 529 530 531 532 533 534 535 536 537 538 539 540 541 542 543 544 545 546 547 549 551 552 553 554 555 556 557 558 559 560 561 563 564 565 566 567 568 569 570 571 572 573 575 576 577 578 579 580 582 583 584 585 586 587 588 589 590 591 592 593 594 595 596 597 598 599 600 601 602 603 604 605 606 607 608 609 611 612 613 614 615 616 617 618 619 620 621 622 623 624 625 626 627 628 629 630 631 632 633 634 635 636 637 639 640 641 642 643 644 645 646 647 648 650 651 652 653 654 655 656 658 660 661 662 663 664 665 666 667 668 669 670 671 672 673 674 675 676 677 678 679 680 681 682 683 684 685 686 688 691 693 694 695 696 697 698 699 701 702 703 704 705 706 707 708 709 710 711 712 713 714 715 717 718 719 720 721 723 726 727 729 731 732 733 735 736 737 738 739 740 741 742 743 744 745 748 749 750 751 752 753 754 755 756 757 758 759 760 761 762 763 764 765 766 767 768 769 770 772 773 774 775 776 777 779 780 781 782 783 784 785 786 788 789 790 791 792 793 794 795 797 798 799 800 801 802 803 804 805 806 807 808 809 810 811 812 813 814 815 816 817 818 819 820 821 822 823 824 826 827 828 829 830 831 832 833 834 835 836 838 839 840 842 844 845 846 847 848 849 850 851 856 857 858 859 860 861 862 863 864 865 866 869 870 871 872 874 875 876 877 878 879 880 881 882 883 884 885 886 887 888 889 890 891 893 894 895 896 897 898 899 900 901 902 903 904 905 906 907 908 909 910 911 912 913 915 916 917 918 919 920 922 923 924 926 927 928 929 930 931 932 933 934 935 936 937 938 939 940 941 942 944 945 946 947 948 949 950 951 953 954 955 956 957 958 960 961 962 963 964 965 966 967 968 969 971 972 973 974 975 977 978 979 980 981 982 983 984 986 987 988 989 990 991 992 993 994 995 996 997 998 999 1000 ;

set A:=
1 2 3 4 5 6 7 8 9 10 11 12 13 14 15 16 17 18 19 20 21 22 23 24 25 26 27 28 29 30 31 32 33 34 35 36 37 38 39 40 41 42 43 44 45 46 47 48 49 50 51 52 53 54 55 56 57 58 59 60 61 62 63 64 65 66 67 68 69 70 71 72 73 74 75 76 77 78 79 80 81 82 83 84 85 86 87 88 89 90 91 92 93 94 95 96 97 98 99 100 101 102 103 104 105 106 107 108 109 110 111 112 113 114 115 116 117 118 119 120 121 122 123 124 125 126 127 128 129 130 131 132 133 134 135 136 137 138 139 140 141 142 143 144 145 146 147 148 149 150 151 152 153 154 155 156 157 158 159 160 161 162 163 164 165 166 167 168 169 170 171 172 173 174 175 176 177 178 179 180 181 182 183 184 185 186 187 188 189 190 191 192 193 194 195 196 197 198 199 200 201 202 203 204 205 206 207 208 209 210 211 212 213 214 215 216 217 218 219 220 221 222 223 224 225 226 227 228 229 230 231 232 233 234 235 236 237 238 239 240 241 242 243 244 245 246 247 248 249 250 251 252 253 254 255 256 257 258 259 260 261 262 263 264 265 266 267 268 269 270 271 272 273 274 275 276 277 278 279 280 281 282 283 284 285 286 287 288 289 290 291 292 293 294 295 296 297 298 299 300 301 302 303 304 305 306 307 308 309 310 311 312 313 314 315 316 317 318 319 320 321 322 323 324 325 326 327 328 329 330 331 332 333 334 335 336 337 338 339 340 341 342 343 344 345 346 347 348 349 350 351 352 353 354 355 356 357 358 359 360 361 362 363 364 365 366 367 368 369 370 371 372 373 374 375 376 377 378 379 380 381 382 383 384 385 386 387 388 389 390 391 392 393 394 395 396 397 398 399 400 401 402 403 404 405 406 407 408 409 410 411 412 413 414 415 416 417 418 419 420 421 422 423 424 425 426 427 428 429 430 431 432 433 434 435 436 437 438 439 440 441 442 443 444 445 446 447 448 449 450 451 452 453 454 455 456 457 458 459 460 461 462 463 464 465 466 467 468 469 470 471 472 473 474 475 476 477 478 479 480 481 482 483 484 485 486 487 488 489 490 491 492 493 494 495 496 497 498 499 500 501 502 503 504 505 506 507 508 509 510 511 512 513 514 515 516 517 518 519 520 521 522 523 524 525 526 527 528 529 530 531 532 533 534 535 536 537 538 539 540 541 542 543 544 545 546 547 548 549 550 551 552 553 554 555 556 557 558 559 560 561 562 563 564 565 566 567 568 569 570 571 572 573 574 575 576 577 578 579 580 581 582 583 584 585 586 587 588 589 590 591 592 593 594 595 596 597 598 599 600 601 602 603 604 605 606 607 608 609 610 611 612 613 614 615 616 617 618 619 620 621 622 623 624 625 626 627 628 629 630 631 632 633 634 635 636 637 638 639 640 641 642 643 644 645 646 647 648 649 650 651 652 653 654 655 656 657 658 659 660 661 662 663 664 665 666 667 668 669 670 671 672 673 674 675 676 677 678 679 680 681 682 683 684 685 686 687 688 689 690 691 692 693 694 695 696 697 698 699 700 701 702 703 704 705 706 707 708 709 710 711 712 713 714 715 716 717 718 719 720 721 722 723 724 725 726 727 728 729 730 731 732 733 734 735 736 737 738 739 740 741 742 743 744 745 746 747 748 749 750 751 752 753 754 755 756 757 758 759 760 761 762 763 764 765 766 767 768 769 770 771 772 773 774 775 776 777 778 779 780 781 782 783 784 785 786 787 788 789 790 791 792 793 794 795 796 797 798 799 800 801 802 803 804 805 806 807 808 809 810 811 812 813 814 815 816 817 818 819 820 821 822 823 824 825 826 827 828 829 830 831 832 833 834 835 836 837 838 839 840 841 842 843 844 845 846 847 848 849 850 851 852 853 854 855 856 857 858 859 860 861 862 863 864 865 866 867 868 869 870 871 872 873 874 875 876 877 878 879 880 881 882 883 884 885 886 887 888 889 890 891 892 893 894 895 896 897 898 899 900 901 902 903 904 905 906 907 908 909 910 911 912 913 914 915 916 917 918 919 920 921 922 923 924 925 926 927 928 929 930 931 932 933 934 935 936 937 938 939 940 941 942 943 944 945 946 947 948 949 950 951 952 953 954 955 956 957 958 959 960 961 962 963 964 965 966 967 968 969 970 971 972 973 974 975 976 977 978 979 980 981 982 983 984 985 986 987 988 989 990 991 992 993 994 995 996 997 998 999 1000 1001 1002 1003 1004 1005 1006 1007 1008 1009 1010 1011 1012 1013 1014 1015 1016 1017 1018 1019 1020 1021 1022 1023 1024 1025 1026 1027 1028 1029 1030 1031 1032 1033 1034 1035 1036 1037 1038 1039 1040 1041 1042 1043 1044 1045 1046 1047 1048 1049 1050 1051 1052 1053 1054 1055 1056 1057 1058 1059 1060 1061 1062 1063 1064 1065 1066 1067 1068 1069 1070 1071 1072 1073 1074 1075 1076 1077 1078 1079 1080 1081 1082 1083 1084 1085 1086 1087 1088 1089 1090 1091 1092 1093 1094 1095 1096 1097 1098 1099 1100 1101 1102 1103 1104 1105 1106 1107 1108 1109 1110 1111 1112 1113 1114 1115 1116 1117 1118 1119 1120 1121 1122 1123 1124 1125 1126 1127 1128 1129 1130 1131 1132 1133 1134 1135 1136 1137 1138 1139 1140 1141 1142 1143 1144 1145 1146 1147 1148 1149 1150 1151 1152 1153 1154 1155 1156 1157 1158 1159 1160 1161 1162 1163 1164 1165 1166 1167 1168 1169 1170 1171 1172 1173 1174 1175 1176 1177 1178 1179 1180 1181 1182 1183 1184 1185 1186 1187 1188 1189 1190 1191 1192 1193 1194 1195 1196 1197 1198 1199 1200 1201 1202 1203 1204 1205 1206 1207 1208 1209 1210 1211 1212 1213 1214 1215 1216 1217 1218 1219 1220 1221 1222 1223 1224 1225 1226 1227 1228 1229 1230 1231 1232 1233 1234 1235 1236 1237 1238 1239 1240 1241 1242 1243 1244 1245 1246 1247 1248 1249 1250 1251 1252 1253 1254 1255 1256 1257 1258 1259 1260 1261 1262 1263 1264 1265 1266 1267 1268 1269 1270 1271 1272 1273 1274 1275 1276 1277 1278 1279 1280 1281 1282 1283 1284 1285 1286 1287 1288 1289 1290 1291 1292 1293 1294 1295 1296 1297 1298 1299 1300 1301 1302 1303 1304 1305 1306 1307 1308 1309 1310 1311 1312 1313 1314 1315 1316 1317 1318 1319 1320 1321 1322 1323 1324 1325 1326 1327 1328 1329 1330 1331 1332 1333 1334 1335 1336 1337 1338 1339 1340 1341 1342 1343 1344 1345 1346 1347 1348 1349 1350 1351 1352 1353 1354 1355 1356 1357 1358 1359 1360 1361 1362 1363 1364 1365 1366 1367 1368 1369 1370 1371 1372 1373 1374 1375 1376 1377 1378 1379 1380 1381 1382 1383 1384 1385 1386 1387 1388 1389 1390 1391 1392 1393 1394 1395 1396 1397 1398 1399 1400 1401 1402 1403 1404 1405 1406 1407 1408 1409 1410 1411 1412 1413 1414 1415 1416 1417 1418 1419 1420 1421 1422 1423 1424 1425 1426 1427 1428 1429 1430 1431 1432 1433 1434 1435 1436 1437 1438 1439 1440 1441 1442 1443 1444 1445 1446 1447 1448 1449 1450 1451 1452 1453 1454 1455 1456 1457 1458 1459 1460 1461 1462 1463 1464 1465 1466 1467 1468 1469 1470 1471 1472 1473 1474 1475 1476 1477 1478 1479 1480 1481 1482 1483 1484 1485 1486 1487 1488 1489 1490 1491 1492 1493 1494 1495 1496 1497 1498 1499 1500 1501 1502 1503 1504 1505 1506 1507 1508 1509 1510 1511 1512 1513 1514 1515 1516 1517 1518 1519 1520 1521 1522 1523 1524 1525 1526 1527 1528 1529 1530 1531 1532 1533 1534 1535 1536 1537 1538 1539 1540 1541 1542 1543 1544 1545 1546 1547 1548 1549 1550 1551 1552 1553 1554 1555 1556 1557 1558 1559 1560 1561 1562 1563 1564 1565 1566 1567 1568 1569 1570 1571 1572 1573 1574 1575 1576 1577 1578 1579 1580 1581 1582 1583 1584 1585 1586 1587 1588 1589 1590 1591 1592 1593 1594 1595 1596 1597 1598 1599 1600 1601 1602 1603 1604 1605 1606 1607 1608 1609 1610 1611 1612 1613 1614 1615 1616 1617 1618 1619 1620 1621 1622 1623 1624 1625 1626 1627 1628 1629 1630 1631 1632 1633 1634 1635 1636 1637 1638 1639 1640 1641 1642 1643 1644 1645 1646 1647 1648 1649 1650 1651 1652 1653 1654 1655 1656 1657 1658 1659 1660 1661 1662 1663 1664 1665 1666 1667 1668 1669 1670 1671 1672 1673 1674 1675 1676 1677 1678 1679 1680 1681 1682 1683 1684 1685 1686 1687 1688 1689 1690 1691 1692 1693 1694 1695 1696 1697 1698 1699 1700 1701 1702 1703 1704 1705 1706 1707 1708 1709 1710 1711 1712 1713 1714 1715 1716 1717 1718 1719 1720 1721 1722 1723 1724 1725 1726 1727 1728 1729 1730 1731 1732 1733 1734 1735 1736 1737 1738 1739 1740 1741 1742 1743 1744 1745 1746 1747 1748 1749 1750 1751 1752 1753 1754 1755 1756 1757 1758 1759 1760 1761 1762 1763 1764 1765 1766 1767 1768 1769 1770 1771 1772 1773 1774 1775 1776 1777 1778 1779 1780 1781 1782 1783 1784 1785 1786 1787 1788 1789 1790 1791 1792 1793 1794 1795 1796 1797 1798 1799 1800 1801 1802 1803 1804 1805 1806 1807 1808 1809 1810 1811 1812 ;

set T:=
1_1_2 1_3_4 1_5_6 1_7_8 1_9_10 1_11_12 1_13_14 1_15_16 1_17_18 1_19_20 2_1_2 2_3_4 2_5_6 2_7_8 2_9_10 2_11_12 2_13_14 2_15_16 2_17_18 2_19_20 3_1_2 3_3_4 3_5_6 3_7_8 3_9_10 3_11_12 3_13_14 3_15_16 3_17_18 3_19_20 4_1_2 4_3_4 4_5_6 4_7_8 4_9_10 4_11_12 4_13_14 4_15_16 4_17_18 4_19_20 5_1_2 5_3_4 5_5_6 5_7_8 5_9_10 5_11_12 5_13_14 5_15_16 5_17_18 5_19_20 ;

set R:=
1 2 3 4 5 6 7 8 9 10 11 12 13 14 15 16 17 18 19 20 21 22 23 24 25 26 27 28 29 30 31 32 33 34 35 36 37 38 39 40 41 42 43 44 45 46 47 48 49 50 ;

set Ac[1]:=
1 2 ;
set Ac[2]:=
3 4 ;
set Ac[3]:=
5 6 ;
set Ac[4]:=
7 8 ;
set Ac[5]:=
9 10 ;
set Ac[6]:=
11 12 ;
set Ac[7]:=
13 14 ;
set Ac[8]:=
15 16 ;
set Ac[9]:=
17 18 ;
set Ac[10]:=
19 20 ;
set Ac[11]:=
21 22 ;
set Ac[13]:=
25 26 ;
set Ac[14]:=
27 28 ;
set Ac[15]:=
29 30 ;
set Ac[16]:=
31 32 ;
set Ac[17]:=
33 34 ;
set Ac[19]:=
37 38 ;
set Ac[20]:=
39 40 ;
set Ac[21]:=
41 42 ;
set Ac[22]:=
43 44 ;
set Ac[23]:=
45 46 ;
set Ac[24]:=
47 48 ;
set Ac[25]:=
49 50 ;
set Ac[26]:=
51 52 ;
set Ac[27]:=
53 54 ;
set Ac[28]:=
55 56 ;
set Ac[29]:=
57 58 ;
set Ac[30]:=
59 60 ;
set Ac[31]:=
61 62 ;
set Ac[32]:=
63 64 ;
set Ac[33]:=
65 66 ;
set Ac[34]:=
67 68 ;
set Ac[35]:=
69 70 ;
set Ac[36]:=
71 72 ;
set Ac[38]:=
75 76 ;
set Ac[39]:=
77 78 ;
set Ac[40]:=
79 80 ;
set Ac[41]:=
81 82 ;
set Ac[42]:=
83 84 ;
set Ac[43]:=
85 86 ;
set Ac[44]:=
87 88 ;
set Ac[46]:=
91 92 ;
set Ac[47]:=
93 94 ;
set Ac[48]:=
95 96 ;
set Ac[49]:=
97 98 ;
set Ac[50]:=
99 100 ;
set Ac[51]:=
101 102 ;
set Ac[52]:=
103 104 ;
set Ac[53]:=
105 106 ;
set Ac[54]:=
107 108 ;
set Ac[55]:=
109 110 ;
set Ac[56]:=
111 112 ;
set Ac[57]:=
113 114 ;
set Ac[58]:=
115 116 ;
set Ac[59]:=
117 118 ;
set Ac[60]:=
119 120 ;
set Ac[61]:=
121 122 ;
set Ac[62]:=
123 124 ;
set Ac[63]:=
125 126 ;
set Ac[64]:=
127 128 ;
set Ac[65]:=
129 130 ;
set Ac[66]:=
131 132 ;
set Ac[67]:=
133 134 ;
set Ac[68]:=
135 136 ;
set Ac[69]:=
137 138 ;
set Ac[70]:=
139 140 ;
set Ac[71]:=
141 142 ;
set Ac[72]:=
143 144 ;
set Ac[73]:=
145 146 ;
set Ac[74]:=
147 148 ;
set Ac[75]:=
149 150 ;
set Ac[76]:=
151 152 ;
set Ac[77]:=
153 154 ;
set Ac[78]:=
155 156 ;
set Ac[79]:=
157 158 ;
set Ac[80]:=
159 160 ;
set Ac[81]:=
161 162 ;
set Ac[82]:=
163 164 ;
set Ac[83]:=
165 166 ;
set Ac[84]:=
167 168 ;
set Ac[85]:=
169 170 ;
set Ac[86]:=
171 172 ;
set Ac[87]:=
173 174 ;
set Ac[88]:=
175 176 ;
set Ac[89]:=
177 178 ;
set Ac[90]:=
179 180 ;
set Ac[91]:=
181 182 ;
set Ac[92]:=
183 184 ;
set Ac[94]:=
187 188 ;
set Ac[95]:=
189 190 ;
set Ac[96]:=
191 192 ;
set Ac[97]:=
193 194 ;
set Ac[98]:=
195 196 ;
set Ac[99]:=
197 198 ;
set Ac[100]:=
199 200 ;
set Ac[101]:=
201 202 ;
set Ac[102]:=
203 204 ;
set Ac[103]:=
205 206 ;
set Ac[104]:=
207 208 ;
set Ac[106]:=
211 212 ;
set Ac[107]:=
213 214 ;
set Ac[108]:=
215 216 ;
set Ac[109]:=
217 218 ;
set Ac[111]:=
221 222 ;
set Ac[112]:=
223 224 ;
set Ac[113]:=
225 226 ;
set Ac[114]:=
227 228 ;
set Ac[115]:=
229 230 ;
set Ac[116]:=
231 232 ;
set Ac[117]:=
233 234 ;
set Ac[118]:=
235 236 ;
set Ac[119]:=
237 238 ;
set Ac[120]:=
239 240 ;
set Ac[121]:=
241 242 ;
set Ac[123]:=
245 246 ;
set Ac[124]:=
247 248 ;
set Ac[125]:=
249 250 ;
set Ac[126]:=
251 252 ;
set Ac[127]:=
253 254 ;
set Ac[128]:=
255 256 ;
set Ac[129]:=
257 258 ;
set Ac[130]:=
259 260 ;
set Ac[131]:=
261 262 ;
set Ac[132]:=
263 264 ;
set Ac[133]:=
265 266 ;
set Ac[134]:=
267 268 ;
set Ac[135]:=
269 270 ;
set Ac[136]:=
271 272 ;
set Ac[138]:=
275 276 ;
set Ac[139]:=
277 278 ;
set Ac[141]:=
281 282 ;
set Ac[143]:=
285 286 ;
set Ac[144]:=
287 288 ;
set Ac[145]:=
289 290 ;
set Ac[146]:=
291 292 ;
set Ac[147]:=
293 294 ;
set Ac[148]:=
295 296 ;
set Ac[149]:=
297 298 ;
set Ac[150]:=
299 300 ;
set Ac[151]:=
301 302 ;
set Ac[152]:=
303 304 ;
set Ac[153]:=
305 306 ;
set Ac[154]:=
307 308 ;
set Ac[155]:=
309 310 ;
set Ac[156]:=
311 312 ;
set Ac[157]:=
313 314 ;
set Ac[159]:=
317 318 ;
set Ac[160]:=
319 320 ;
set Ac[161]:=
321 322 ;
set Ac[162]:=
323 324 ;
set Ac[163]:=
325 326 ;
set Ac[164]:=
327 328 ;
set Ac[165]:=
329 330 ;
set Ac[166]:=
331 332 ;
set Ac[168]:=
335 336 ;
set Ac[169]:=
337 338 ;
set Ac[170]:=
339 340 ;
set Ac[171]:=
341 342 ;
set Ac[173]:=
345 346 ;
set Ac[174]:=
347 348 ;
set Ac[175]:=
349 350 ;
set Ac[176]:=
351 352 ;
set Ac[177]:=
353 354 ;
set Ac[178]:=
355 356 ;
set Ac[179]:=
357 358 ;
set Ac[180]:=
359 360 ;
set Ac[181]:=
361 362 ;
set Ac[182]:=
363 364 ;
set Ac[183]:=
365 366 ;
set Ac[184]:=
367 368 ;
set Ac[185]:=
369 370 ;
set Ac[186]:=
371 372 ;
set Ac[187]:=
373 374 ;
set Ac[188]:=
375 376 ;
set Ac[189]:=
377 378 ;
set Ac[190]:=
379 380 ;
set Ac[191]:=
381 382 ;
set Ac[192]:=
383 384 ;
set Ac[194]:=
387 388 ;
set Ac[195]:=
389 390 ;
set Ac[196]:=
391 392 ;
set Ac[197]:=
393 394 ;
set Ac[198]:=
395 396 ;
set Ac[199]:=
397 398 ;
set Ac[201]:=
401 402 ;
set Ac[202]:=
403 404 ;
set Ac[203]:=
405 406 ;
set Ac[204]:=
407 408 ;
set Ac[205]:=
409 410 ;
set Ac[207]:=
413 414 ;
set Ac[209]:=
417 418 ;
set Ac[210]:=
419 420 ;
set Ac[211]:=
421 422 ;
set Ac[212]:=
423 424 ;
set Ac[213]:=
425 426 ;
set Ac[214]:=
427 428 ;
set Ac[215]:=
429 430 ;
set Ac[216]:=
431 432 ;
set Ac[218]:=
435 436 ;
set Ac[219]:=
437 438 ;
set Ac[221]:=
441 442 ;
set Ac[222]:=
443 444 ;
set Ac[223]:=
445 446 ;
set Ac[225]:=
449 450 ;
set Ac[227]:=
453 454 ;
set Ac[228]:=
455 456 ;
set Ac[229]:=
457 458 ;
set Ac[230]:=
459 460 ;
set Ac[231]:=
461 462 ;
set Ac[232]:=
463 464 ;
set Ac[233]:=
465 466 ;
set Ac[234]:=
467 468 ;
set Ac[235]:=
469 470 ;
set Ac[236]:=
471 472 ;
set Ac[237]:=
473 474 ;
set Ac[238]:=
475 476 ;
set Ac[239]:=
477 478 ;
set Ac[240]:=
479 480 ;
set Ac[241]:=
481 482 ;
set Ac[242]:=
483 484 ;
set Ac[243]:=
485 486 ;
set Ac[244]:=
487 488 ;
set Ac[245]:=
489 490 ;
set Ac[246]:=
491 492 ;
set Ac[248]:=
495 496 ;
set Ac[249]:=
497 498 ;
set Ac[250]:=
499 500 ;
set Ac[251]:=
501 502 ;
set Ac[252]:=
503 504 ;
set Ac[253]:=
505 506 ;
set Ac[254]:=
507 508 ;
set Ac[255]:=
509 510 ;
set Ac[256]:=
511 512 ;
set Ac[257]:=
513 514 ;
set Ac[258]:=
515 516 ;
set Ac[259]:=
517 518 ;
set Ac[260]:=
519 520 ;
set Ac[261]:=
521 522 ;
set Ac[262]:=
523 524 ;
set Ac[263]:=
525 526 ;
set Ac[264]:=
527 528 ;
set Ac[265]:=
529 530 ;
set Ac[266]:=
531 532 ;
set Ac[267]:=
533 534 ;
set Ac[268]:=
535 536 ;
set Ac[270]:=
539 540 ;
set Ac[271]:=
541 542 ;
set Ac[272]:=
543 544 ;
set Ac[273]:=
545 546 ;
set Ac[274]:=
547 548 ;
set Ac[275]:=
549 550 ;
set Ac[276]:=
551 552 ;
set Ac[277]:=
553 554 ;
set Ac[278]:=
555 556 ;
set Ac[279]:=
557 558 ;
set Ac[280]:=
559 560 ;
set Ac[281]:=
561 562 ;
set Ac[282]:=
563 564 ;
set Ac[283]:=
565 566 ;
set Ac[284]:=
567 568 ;
set Ac[285]:=
569 570 ;
set Ac[286]:=
571 572 ;
set Ac[288]:=
575 576 ;
set Ac[289]:=
577 578 ;
set Ac[290]:=
579 580 ;
set Ac[291]:=
581 582 ;
set Ac[292]:=
583 584 ;
set Ac[293]:=
585 586 ;
set Ac[295]:=
589 590 ;
set Ac[296]:=
591 592 ;
set Ac[297]:=
593 594 ;
set Ac[298]:=
595 596 ;
set Ac[299]:=
597 598 ;
set Ac[300]:=
599 600 ;
set Ac[301]:=
601 602 ;
set Ac[302]:=
603 604 ;
set Ac[303]:=
605 606 ;
set Ac[304]:=
607 608 ;
set Ac[305]:=
609 610 ;
set Ac[306]:=
611 612 ;
set Ac[307]:=
613 614 ;
set Ac[308]:=
615 616 ;
set Ac[309]:=
617 618 ;
set Ac[310]:=
619 620 ;
set Ac[311]:=
621 622 ;
set Ac[312]:=
623 624 ;
set Ac[313]:=
625 626 ;
set Ac[314]:=
627 628 ;
set Ac[315]:=
629 630 ;
set Ac[316]:=
631 632 ;
set Ac[317]:=
633 634 ;
set Ac[318]:=
635 636 ;
set Ac[319]:=
637 638 ;
set Ac[320]:=
639 640 ;
set Ac[321]:=
641 642 ;
set Ac[322]:=
643 644 ;
set Ac[323]:=
645 646 ;
set Ac[324]:=
647 648 ;
set Ac[325]:=
649 650 ;
set Ac[326]:=
651 652 ;
set Ac[327]:=
653 654 ;
set Ac[328]:=
655 656 ;
set Ac[329]:=
657 658 ;
set Ac[330]:=
659 660 ;
set Ac[331]:=
661 662 ;
set Ac[332]:=
663 664 ;
set Ac[333]:=
665 666 ;
set Ac[334]:=
667 668 ;
set Ac[335]:=
669 670 ;
set Ac[336]:=
671 672 ;
set Ac[337]:=
673 674 ;
set Ac[338]:=
675 676 ;
set Ac[339]:=
677 678 ;
set Ac[342]:=
683 684 ;
set Ac[343]:=
685 686 ;
set Ac[344]:=
687 688 ;
set Ac[345]:=
689 690 ;
set Ac[346]:=
691 692 ;
set Ac[347]:=
693 694 ;
set Ac[349]:=
697 698 ;
set Ac[350]:=
699 700 ;
set Ac[351]:=
701 702 ;
set Ac[352]:=
703 704 ;
set Ac[353]:=
705 706 ;
set Ac[354]:=
707 708 ;
set Ac[355]:=
709 710 ;
set Ac[356]:=
711 712 ;
set Ac[357]:=
713 714 ;
set Ac[358]:=
715 716 ;
set Ac[359]:=
717 718 ;
set Ac[360]:=
719 720 ;
set Ac[361]:=
721 722 ;
set Ac[362]:=
723 724 ;
set Ac[363]:=
725 726 ;
set Ac[364]:=
727 728 ;
set Ac[365]:=
729 730 ;
set Ac[366]:=
731 732 ;
set Ac[367]:=
733 734 ;
set Ac[369]:=
737 738 ;
set Ac[371]:=
741 742 ;
set Ac[372]:=
743 744 ;
set Ac[373]:=
745 746 ;
set Ac[374]:=
747 748 ;
set Ac[375]:=
749 750 ;
set Ac[376]:=
751 752 ;
set Ac[377]:=
753 754 ;
set Ac[378]:=
755 756 ;
set Ac[379]:=
757 758 ;
set Ac[380]:=
759 760 ;
set Ac[381]:=
761 762 ;
set Ac[382]:=
763 764 ;
set Ac[383]:=
765 766 ;
set Ac[384]:=
767 768 ;
set Ac[385]:=
769 770 ;
set Ac[386]:=
771 772 ;
set Ac[387]:=
773 774 ;
set Ac[388]:=
775 776 ;
set Ac[389]:=
777 778 ;
set Ac[390]:=
779 780 ;
set Ac[391]:=
781 782 ;
set Ac[393]:=
785 786 ;
set Ac[394]:=
787 788 ;
set Ac[395]:=
789 790 ;
set Ac[396]:=
791 792 ;
set Ac[397]:=
793 794 ;
set Ac[398]:=
795 796 ;
set Ac[401]:=
801 802 ;
set Ac[402]:=
803 804 ;
set Ac[403]:=
805 806 ;
set Ac[404]:=
807 808 ;
set Ac[405]:=
809 810 ;
set Ac[406]:=
811 812 ;
set Ac[407]:=
813 814 ;
set Ac[408]:=
815 816 ;
set Ac[409]:=
817 818 ;
set Ac[410]:=
819 820 ;
set Ac[411]:=
821 822 ;
set Ac[412]:=
823 824 ;
set Ac[413]:=
825 826 ;
set Ac[414]:=
827 828 ;
set Ac[415]:=
829 830 ;
set Ac[417]:=
833 834 ;
set Ac[418]:=
835 836 ;
set Ac[419]:=
837 838 ;
set Ac[420]:=
839 840 ;
set Ac[421]:=
841 842 ;
set Ac[422]:=
843 844 ;
set Ac[424]:=
847 848 ;
set Ac[425]:=
849 850 ;
set Ac[426]:=
851 852 ;
set Ac[427]:=
853 854 ;
set Ac[428]:=
855 856 ;
set Ac[429]:=
857 858 ;
set Ac[431]:=
861 862 ;
set Ac[432]:=
863 864 ;
set Ac[433]:=
865 866 ;
set Ac[434]:=
867 868 ;
set Ac[435]:=
869 870 ;
set Ac[436]:=
871 872 ;
set Ac[437]:=
873 874 ;
set Ac[438]:=
875 876 ;
set Ac[439]:=
877 878 ;
set Ac[441]:=
881 882 ;
set Ac[442]:=
883 884 ;
set Ac[443]:=
885 886 ;
set Ac[444]:=
887 888 ;
set Ac[445]:=
889 890 ;
set Ac[446]:=
891 892 ;
set Ac[447]:=
893 894 ;
set Ac[448]:=
895 896 ;
set Ac[449]:=
897 898 ;
set Ac[450]:=
899 900 ;
set Ac[451]:=
901 902 ;
set Ac[452]:=
903 904 ;
set Ac[453]:=
905 906 ;
set Ac[455]:=
909 910 ;
set Ac[456]:=
911 912 ;
set Ac[457]:=
913 914 ;
set Ac[458]:=
915 916 ;
set Ac[459]:=
917 918 ;
set Ac[460]:=
919 920 ;
set Ac[461]:=
921 922 ;
set Ac[462]:=
923 924 ;
set Ac[463]:=
925 926 ;
set Ac[464]:=
927 928 ;
set Ac[465]:=
929 930 ;
set Ac[466]:=
931 932 ;
set Ac[467]:=
933 934 ;
set Ac[469]:=
937 938 ;
set Ac[470]:=
939 940 ;
set Ac[471]:=
941 942 ;
set Ac[472]:=
943 944 ;
set Ac[474]:=
947 948 ;
set Ac[475]:=
949 950 ;
set Ac[476]:=
951 952 ;
set Ac[477]:=
953 954 ;
set Ac[478]:=
955 956 ;
set Ac[480]:=
959 960 ;
set Ac[481]:=
961 962 ;
set Ac[483]:=
965 966 ;
set Ac[484]:=
967 968 ;
set Ac[485]:=
969 970 ;
set Ac[486]:=
971 972 ;
set Ac[487]:=
973 974 ;
set Ac[488]:=
975 976 ;
set Ac[489]:=
977 978 ;
set Ac[490]:=
979 980 ;
set Ac[491]:=
981 982 ;
set Ac[492]:=
983 984 ;
set Ac[493]:=
985 986 ;
set Ac[494]:=
987 988 ;
set Ac[495]:=
989 990 ;
set Ac[496]:=
991 992 ;
set Ac[497]:=
993 994 ;
set Ac[498]:=
995 996 ;
set Ac[499]:=
997 998 ;
set Ac[500]:=
999 1000 ;
set Ac[501]:=
1001 1002 ;
set Ac[502]:=
1003 1004 ;
set Ac[503]:=
1005 1006 ;
set Ac[504]:=
1007 1008 ;
set Ac[505]:=
1009 1010 ;
set Ac[506]:=
1011 1012 ;
set Ac[507]:=
1013 1014 ;
set Ac[508]:=
1015 1016 ;
set Ac[509]:=
1017 1018 ;
set Ac[511]:=
1021 1022 ;
set Ac[512]:=
1023 1024 ;
set Ac[513]:=
1025 1026 ;
set Ac[514]:=
1027 1028 ;
set Ac[515]:=
1029 1030 ;
set Ac[516]:=
1031 1032 ;
set Ac[517]:=
1033 1034 ;
set Ac[518]:=
1035 1036 ;
set Ac[519]:=
1037 1038 ;
set Ac[520]:=
1039 1040 ;
set Ac[521]:=
1041 1042 ;
set Ac[522]:=
1043 1044 ;
set Ac[523]:=
1045 1046 ;
set Ac[525]:=
1049 1050 ;
set Ac[526]:=
1051 1052 ;
set Ac[527]:=
1053 1054 ;
set Ac[528]:=
1055 1056 ;
set Ac[529]:=
1057 1058 ;
set Ac[530]:=
1059 1060 ;
set Ac[531]:=
1061 1062 ;
set Ac[532]:=
1063 1064 ;
set Ac[533]:=
1065 1066 ;
set Ac[534]:=
1067 1068 ;
set Ac[535]:=
1069 1070 ;
set Ac[536]:=
1071 1072 ;
set Ac[537]:=
1073 1074 ;
set Ac[538]:=
1075 1076 ;
set Ac[539]:=
1077 1078 ;
set Ac[540]:=
1079 1080 ;
set Ac[541]:=
1081 1082 ;
set Ac[542]:=
1083 1084 ;
set Ac[543]:=
1085 1086 ;
set Ac[544]:=
1087 1088 ;
set Ac[545]:=
1089 1090 ;
set Ac[546]:=
1091 1092 ;
set Ac[547]:=
1093 1094 ;
set Ac[549]:=
1097 1098 ;
set Ac[551]:=
1101 1102 ;
set Ac[552]:=
1103 1104 ;
set Ac[553]:=
1105 1106 ;
set Ac[554]:=
1107 1108 ;
set Ac[555]:=
1109 1110 ;
set Ac[556]:=
1111 1112 ;
set Ac[557]:=
1113 1114 ;
set Ac[558]:=
1115 1116 ;
set Ac[559]:=
1117 1118 ;
set Ac[560]:=
1119 1120 ;
set Ac[561]:=
1121 1122 ;
set Ac[563]:=
1125 1126 ;
set Ac[564]:=
1127 1128 ;
set Ac[565]:=
1129 1130 ;
set Ac[566]:=
1131 1132 ;
set Ac[567]:=
1133 1134 ;
set Ac[568]:=
1135 1136 ;
set Ac[569]:=
1137 1138 ;
set Ac[570]:=
1139 1140 ;
set Ac[571]:=
1141 1142 ;
set Ac[572]:=
1143 1144 ;
set Ac[573]:=
1145 1146 ;
set Ac[575]:=
1149 1150 ;
set Ac[576]:=
1151 1152 ;
set Ac[577]:=
1153 1154 ;
set Ac[578]:=
1155 1156 ;
set Ac[579]:=
1157 1158 ;
set Ac[580]:=
1159 1160 ;
set Ac[582]:=
1163 1164 ;
set Ac[583]:=
1165 1166 ;
set Ac[584]:=
1167 1168 ;
set Ac[585]:=
1169 1170 ;
set Ac[586]:=
1171 1172 ;
set Ac[587]:=
1173 1174 ;
set Ac[588]:=
1175 1176 ;
set Ac[589]:=
1177 1178 ;
set Ac[590]:=
1179 1180 ;
set Ac[591]:=
1181 1182 ;
set Ac[592]:=
1183 1184 ;
set Ac[593]:=
1185 1186 ;
set Ac[594]:=
1187 1188 ;
set Ac[595]:=
1189 1190 ;
set Ac[596]:=
1191 1192 ;
set Ac[597]:=
1193 1194 ;
set Ac[598]:=
1195 1196 ;
set Ac[599]:=
1197 1198 ;
set Ac[600]:=
1199 1200 ;
set Ac[601]:=
1201 1202 ;
set Ac[602]:=
1203 1204 ;
set Ac[603]:=
1205 1206 ;
set Ac[604]:=
1207 1208 ;
set Ac[605]:=
1209 1210 ;
set Ac[606]:=
1211 1212 ;
set Ac[607]:=
1213 1214 ;
set Ac[608]:=
1215 1216 ;
set Ac[609]:=
1217 1218 ;
set Ac[611]:=
1221 1222 ;
set Ac[612]:=
1223 1224 ;
set Ac[613]:=
1225 1226 ;
set Ac[614]:=
1227 1228 ;
set Ac[615]:=
1229 1230 ;
set Ac[616]:=
1231 1232 ;
set Ac[617]:=
1233 1234 ;
set Ac[618]:=
1235 1236 ;
set Ac[619]:=
1237 1238 ;
set Ac[620]:=
1239 1240 ;
set Ac[621]:=
1241 1242 ;
set Ac[622]:=
1243 1244 ;
set Ac[623]:=
1245 1246 ;
set Ac[624]:=
1247 1248 ;
set Ac[625]:=
1249 1250 ;
set Ac[626]:=
1251 1252 ;
set Ac[627]:=
1253 1254 ;
set Ac[628]:=
1255 1256 ;
set Ac[629]:=
1257 1258 ;
set Ac[630]:=
1259 1260 ;
set Ac[631]:=
1261 1262 ;
set Ac[632]:=
1263 1264 ;
set Ac[633]:=
1265 1266 ;
set Ac[634]:=
1267 1268 ;
set Ac[635]:=
1269 1270 ;
set Ac[636]:=
1271 1272 ;
set Ac[637]:=
1273 1274 ;
set Ac[639]:=
1277 1278 ;
set Ac[640]:=
1279 1280 ;
set Ac[641]:=
1281 1282 ;
set Ac[642]:=
1283 1284 ;
set Ac[643]:=
1285 1286 ;
set Ac[644]:=
1287 1288 ;
set Ac[645]:=
1289 1290 ;
set Ac[646]:=
1291 1292 ;
set Ac[647]:=
1293 1294 ;
set Ac[648]:=
1295 1296 ;
set Ac[650]:=
1299 1300 ;
set Ac[651]:=
1301 1302 ;
set Ac[652]:=
1303 1304 ;
set Ac[653]:=
1305 1306 ;
set Ac[654]:=
1307 1308 ;
set Ac[655]:=
1309 1310 ;
set Ac[656]:=
1311 1312 ;
set Ac[658]:=
1315 1316 ;
set Ac[660]:=
1319 1320 ;
set Ac[661]:=
1321 1322 ;
set Ac[662]:=
1323 1324 ;
set Ac[663]:=
1325 1326 ;
set Ac[664]:=
1327 1328 ;
set Ac[665]:=
1329 1330 ;
set Ac[666]:=
1331 1332 ;
set Ac[667]:=
1333 1334 ;
set Ac[668]:=
1335 1336 ;
set Ac[669]:=
1337 1338 ;
set Ac[670]:=
1339 1340 ;
set Ac[671]:=
1341 1342 ;
set Ac[672]:=
1343 1344 ;
set Ac[673]:=
1345 1346 ;
set Ac[674]:=
1347 1348 ;
set Ac[675]:=
1349 1350 ;
set Ac[676]:=
1351 1352 ;
set Ac[677]:=
1353 1354 ;
set Ac[678]:=
1355 1356 ;
set Ac[679]:=
1357 1358 ;
set Ac[680]:=
1359 1360 ;
set Ac[681]:=
1361 1362 ;
set Ac[682]:=
1363 1364 ;
set Ac[683]:=
1365 1366 ;
set Ac[684]:=
1367 1368 ;
set Ac[685]:=
1369 1370 ;
set Ac[686]:=
1371 1372 ;
set Ac[688]:=
1375 1376 ;
set Ac[691]:=
1381 1382 ;
set Ac[693]:=
1385 1386 ;
set Ac[694]:=
1387 1388 ;
set Ac[695]:=
1389 1390 ;
set Ac[696]:=
1391 1392 ;
set Ac[697]:=
1393 1394 ;
set Ac[698]:=
1395 1396 ;
set Ac[699]:=
1397 1398 ;
set Ac[701]:=
1401 1402 ;
set Ac[702]:=
1403 1404 ;
set Ac[703]:=
1405 1406 ;
set Ac[704]:=
1407 1408 ;
set Ac[705]:=
1409 1410 ;
set Ac[706]:=
1411 1412 ;
set Ac[707]:=
1413 1414 ;
set Ac[708]:=
1415 1416 ;
set Ac[709]:=
1417 1418 ;
set Ac[710]:=
1419 1420 ;
set Ac[711]:=
1421 1422 ;
set Ac[712]:=
1423 1424 ;
set Ac[713]:=
1425 1426 ;
set Ac[714]:=
1427 1428 ;
set Ac[715]:=
1429 1430 ;
set Ac[717]:=
1433 1434 ;
set Ac[718]:=
1435 1436 ;
set Ac[719]:=
1437 1438 ;
set Ac[720]:=
1439 1440 ;
set Ac[721]:=
1441 1442 ;
set Ac[723]:=
1445 1446 ;
set Ac[726]:=
1451 1452 ;
set Ac[727]:=
1453 1454 ;
set Ac[729]:=
1457 1458 ;
set Ac[731]:=
1461 1462 ;
set Ac[732]:=
1463 1464 ;
set Ac[733]:=
1465 1466 ;
set Ac[735]:=
1469 1470 ;
set Ac[736]:=
1471 1472 ;
set Ac[737]:=
1473 1474 ;
set Ac[738]:=
1475 1476 ;
set Ac[739]:=
1477 1478 ;
set Ac[740]:=
1479 1480 ;
set Ac[741]:=
1481 1482 ;
set Ac[742]:=
1483 1484 ;
set Ac[743]:=
1485 1486 ;
set Ac[744]:=
1487 1488 ;
set Ac[745]:=
1489 1490 ;
set Ac[748]:=
1495 1496 ;
set Ac[749]:=
1497 1498 ;
set Ac[750]:=
1499 1500 ;
set Ac[751]:=
1501 1502 ;
set Ac[752]:=
1503 1504 ;
set Ac[753]:=
1505 1506 ;
set Ac[754]:=
1507 1508 ;
set Ac[755]:=
1509 1510 ;
set Ac[756]:=
1511 1512 ;
set Ac[757]:=
1513 1514 ;
set Ac[758]:=
1515 1516 ;
set Ac[759]:=
1517 1518 ;
set Ac[760]:=
1519 1520 ;
set Ac[761]:=
1521 1522 ;
set Ac[762]:=
1523 1524 ;
set Ac[763]:=
1525 1526 ;
set Ac[764]:=
1527 1528 ;
set Ac[765]:=
1529 1530 ;
set Ac[766]:=
1531 1532 ;
set Ac[767]:=
1533 1534 ;
set Ac[768]:=
1535 1536 ;
set Ac[769]:=
1537 1538 ;
set Ac[770]:=
1539 1540 ;
set Ac[772]:=
1543 1544 ;
set Ac[773]:=
1545 1546 ;
set Ac[774]:=
1547 1548 ;
set Ac[775]:=
1549 1550 ;
set Ac[776]:=
1551 1552 ;
set Ac[777]:=
1553 1554 ;
set Ac[779]:=
1557 1558 ;
set Ac[780]:=
1559 1560 ;
set Ac[781]:=
1561 1562 ;
set Ac[782]:=
1563 1564 ;
set Ac[783]:=
1565 1566 ;
set Ac[784]:=
1567 1568 ;
set Ac[785]:=
1569 1570 ;
set Ac[786]:=
1571 1572 ;
set Ac[788]:=
1575 1576 ;
set Ac[789]:=
1577 1578 ;
set Ac[790]:=
1579 1580 ;
set Ac[791]:=
1581 1582 ;
set Ac[792]:=
1583 1584 ;
set Ac[793]:=
1585 1586 ;
set Ac[794]:=
1587 1588 ;
set Ac[795]:=
1589 1590 ;
set Ac[797]:=
1593 1594 ;
set Ac[798]:=
1595 1596 ;
set Ac[799]:=
1597 1598 ;
set Ac[800]:=
1599 1600 ;
set Ac[801]:=
1601 1602 ;
set Ac[802]:=
1603 1604 ;
set Ac[803]:=
1605 1606 ;
set Ac[804]:=
1607 1608 ;
set Ac[805]:=
1609 1610 ;
set Ac[806]:=
1611 1612 ;
set Ac[807]:=
1613 1614 ;
set Ac[808]:=
1615 1616 ;
set Ac[809]:=
1617 1618 ;
set Ac[810]:=
1619 1620 ;
set Ac[811]:=
1621 1622 ;
set Ac[812]:=
1623 1624 ;
set Ac[813]:=
1625 1626 ;
set Ac[814]:=
1627 1628 ;
set Ac[815]:=
1629 1630 ;
set Ac[816]:=
1631 1632 ;
set Ac[817]:=
1633 1634 ;
set Ac[818]:=
1635 1636 ;
set Ac[819]:=
1637 1638 ;
set Ac[820]:=
1639 1640 ;
set Ac[821]:=
1641 1642 ;
set Ac[822]:=
1643 1644 ;
set Ac[823]:=
1645 1646 ;
set Ac[824]:=
1647 1648 ;
set Ac[826]:=
1651 1652 ;
set Ac[827]:=
1653 1654 ;
set Ac[828]:=
1655 1656 ;
set Ac[829]:=
1657 1658 ;
set Ac[830]:=
1659 1660 ;
set Ac[831]:=
1661 1662 ;
set Ac[832]:=
1663 1664 ;
set Ac[833]:=
1665 1666 ;
set Ac[834]:=
1667 1668 ;
set Ac[835]:=
1669 1670 ;
set Ac[836]:=
1671 1672 ;
set Ac[838]:=
1675 1676 ;
set Ac[839]:=
1677 1678 ;
set Ac[840]:=
1679 1680 ;
set Ac[842]:=
1683 1684 ;
set Ac[844]:=
1687 1688 ;
set Ac[845]:=
1689 1690 ;
set Ac[846]:=
1691 1692 ;
set Ac[847]:=
1693 1694 ;
set Ac[848]:=
1695 1696 ;
set Ac[849]:=
1697 1698 ;
set Ac[850]:=
1699 1700 ;
set Ac[851]:=
1701 1702 ;
set Ac[856]:=
1711 1712 ;
set Ac[857]:=
1713 1714 ;
set Ac[858]:=
1715 1716 ;
set Ac[859]:=
1717 1718 ;
set Ac[860]:=
1719 1720 ;
set Ac[861]:=
1721 1722 ;
set Ac[862]:=
1723 1724 ;
set Ac[863]:=
1725 1726 ;
set Ac[864]:=
1727 1728 ;
set Ac[865]:=
1729 1730 ;
set Ac[866]:=
1731 1732 ;
set Ac[869]:=
1737 1738 ;
set Ac[870]:=
1739 1740 ;
set Ac[871]:=
1741 1742 ;
set Ac[872]:=
1743 1744 ;
set Ac[874]:=
1747 1748 ;
set Ac[875]:=
1749 1750 ;
set Ac[876]:=
1751 1752 ;
set Ac[877]:=
1753 1754 ;
set Ac[878]:=
1755 1756 ;
set Ac[879]:=
1757 1758 ;
set Ac[880]:=
1759 1760 ;
set Ac[881]:=
1761 1762 ;
set Ac[882]:=
1763 1764 ;
set Ac[883]:=
1765 1766 ;
set Ac[884]:=
1767 1768 ;
set Ac[885]:=
1769 1770 ;
set Ac[886]:=
1771 1772 ;
set Ac[887]:=
1773 1774 ;
set Ac[888]:=
1775 1776 ;
set Ac[889]:=
1777 1778 ;
set Ac[890]:=
1779 1780 ;
set Ac[891]:=
1781 1782 ;
set Ac[893]:=
1785 1786 ;
set Ac[894]:=
1787 1788 ;
set Ac[895]:=
1789 1790 ;
set Ac[896]:=
1791 1792 ;
set Ac[897]:=
1793 1794 ;
set Ac[898]:=
1795 1796 ;
set Ac[899]:=
1797 1798 ;
set Ac[900]:=
1799 1800 ;
set Ac[901]:=
1801 1802 ;
set Ac[902]:=
1803 1804 ;
set Ac[903]:=
1805 1806 ;
set Ac[904]:=
1807 1808 ;
set Ac[905]:=
1809 1810 ;
set Ac[906]:=
1811 1812 ;
set Ac[907]:=
1813 1814 ;
set Ac[908]:=
1815 1816 ;
set Ac[909]:=
1817 1818 ;
set Ac[910]:=
1819 1820 ;
set Ac[911]:=
1821 1822 ;
set Ac[912]:=
1823 1824 ;
set Ac[913]:=
1825 1826 ;
set Ac[915]:=
1829 1830 ;
set Ac[916]:=
1831 1832 ;
set Ac[917]:=
1833 1834 ;
set Ac[918]:=
1835 1836 ;
set Ac[919]:=
1837 1838 ;
set Ac[920]:=
1839 1840 ;
set Ac[922]:=
1843 1844 ;
set Ac[923]:=
1845 1846 ;
set Ac[924]:=
1847 1848 ;
set Ac[926]:=
1851 1852 ;
set Ac[927]:=
1853 1854 ;
set Ac[928]:=
1855 1856 ;
set Ac[929]:=
1857 1858 ;
set Ac[930]:=
1859 1860 ;
set Ac[931]:=
1861 1862 ;
set Ac[932]:=
1863 1864 ;
set Ac[933]:=
1865 1866 ;
set Ac[934]:=
1867 1868 ;
set Ac[935]:=
1869 1870 ;
set Ac[936]:=
1871 1872 ;
set Ac[937]:=
1873 1874 ;
set Ac[938]:=
1875 1876 ;
set Ac[939]:=
1877 1878 ;
set Ac[940]:=
1879 1880 ;
set Ac[941]:=
1881 1882 ;
set Ac[942]:=
1883 1884 ;
set Ac[944]:=
1887 1888 ;
set Ac[945]:=
1889 1890 ;
set Ac[946]:=
1891 1892 ;
set Ac[947]:=
1893 1894 ;
set Ac[948]:=
1895 1896 ;
set Ac[949]:=
1897 1898 ;
set Ac[950]:=
1899 1900 ;
set Ac[951]:=
1901 1902 ;
set Ac[953]:=
1905 1906 ;
set Ac[954]:=
1907 1908 ;
set Ac[955]:=
1909 1910 ;
set Ac[956]:=
1911 1912 ;
set Ac[957]:=
1913 1914 ;
set Ac[958]:=
1915 1916 ;
set Ac[960]:=
1919 1920 ;
set Ac[961]:=
1921 1922 ;
set Ac[962]:=
1923 1924 ;
set Ac[963]:=
1925 1926 ;
set Ac[964]:=
1927 1928 ;
set Ac[965]:=
1929 1930 ;
set Ac[966]:=
1931 1932 ;
set Ac[967]:=
1933 1934 ;
set Ac[968]:=
1935 1936 ;
set Ac[969]:=
1937 1938 ;
set Ac[971]:=
1941 1942 ;
set Ac[972]:=
1943 1944 ;
set Ac[973]:=
1945 1946 ;
set Ac[974]:=
1947 1948 ;
set Ac[975]:=
1949 1950 ;
set Ac[977]:=
1953 1954 ;
set Ac[978]:=
1955 1956 ;
set Ac[979]:=
1957 1958 ;
set Ac[980]:=
1959 1960 ;
set Ac[981]:=
1961 1962 ;
set Ac[982]:=
1963 1964 ;
set Ac[983]:=
1965 1966 ;
set Ac[984]:=
1967 1968 ;
set Ac[986]:=
1971 1972 ;
set Ac[987]:=
1973 1974 ;
set Ac[988]:=
1975 1976 ;
set Ac[989]:=
1977 1978 ;
set Ac[990]:=
1979 1980 ;
set Ac[991]:=
1981 1982 ;
set Ac[992]:=
1983 1984 ;
set Ac[993]:=
1985 1986 ;
set Ac[994]:=
1987 1988 ;
set Ac[995]:=
1989 1990 ;
set Ac[996]:=
1991 1992 ;
set Ac[997]:=
1993 1994 ;
set Ac[998]:=
1995 1996 ;
set Ac[999]:=
1997 1998 ;
set Ac[1000]:=
1999 2000 ;

set Cs[1]:=
863 849 321 297 612 458 ;
set Cs[2]:=
732 398 459 201 271 256 528 ;
set Cs[3]:=
72 929 279 869 605 651 ;
set Cs[4]:=
745 694 115 3 166 138 ;
set Cs[5]:=
139 118 786 847 820 617 465 ;
set Cs[6]:=
297 742 123 388 240 ;
set Cs[7]:=
32 347 126 685 527 42 180 ;
set Cs[8]:=
601 432 428 930 858 ;
set Cs[9]:=
178 27 765 367 427 166 ;
set Cs[10]:=
143 403 201 995 651 520 715 ;
set Cs[11]:=
276 199 384 236 250 ;
set Cs[12]:=
112 336 653 812 993 686 671 ;
set Cs[13]:=
490 103 946 634 75 228 ;
set Cs[14]:=
744 507 755 623 345 863 ;
set Cs[15]:=
836 603 136 465 958 388 538 ;
set Cs[16]:=
318 836 803 442 98 170 497 ;
set Cs[17]:=
805 19 697 881 477 861 927 ;
set Cs[18]:=
418 526 464 134 626 ;
set Cs[19]:=
437 703 500 770 141 633 ;
set Cs[20]:=
679 981 353 50 366 480 ;
set Cs[21]:=
538 195 238 211 156 431 ;
set Cs[22]:=
572 42 598 413 239 ;
set Cs[23]:=
627 199 557 790 606 476 ;
set Cs[24]:=
508 214 674 225 446 23 ;
set Cs[25]:=
981 620 361 849 310 ;
set Cs[26]:=
199 586 424 493 164 601 36 ;
set Cs[27]:=
358 80 174 227 651 ;
set Cs[28]:=
82 322 731 405 811 ;
set Cs[29]:=
674 893 981 258 545 131 241 ;
set Cs[30]:=
838 489 129 121 654 ;
set Cs[31]:=
889 545 805 907 9 931 339 ;
set Cs[32]:=
285 805 884 271 474 506 ;
set Cs[33]:=
472 139 786 641 80 712 ;
set Cs[34]:=
902 67 180 529 609 693 47 ;
set Cs[35]:=
501 594 667 192 485 266 ;
set Cs[36]:=
634 772 263 553 151 ;
set Cs[37]:=
503 387 366 733 288 125 783 ;
set Cs[38]:=
326 915 576 956 946 ;
set Cs[39]:=
667 745 583 292 505 880 ;
set Cs[40]:=
402 780 397 695 530 300 274 ;
set Cs[41]:=
772 278 553 219 811 900 763 ;
set Cs[42]:=
474 834 359 136 428 273 ;
set Cs[43]:=
367 123 131 517 830 451 542 ;
set Cs[44]:=
811 765 844 800 260 ;
set Cs[45]:=
351 897 46 240 387 146 ;
set Cs[46]:=
131 901 60 288 371 629 ;
set Cs[47]:=
751 672 301 554 791 ;
set Cs[48]:=
552 159 634 443 758 643 ;
set Cs[49]:=
65 539 192 170 386 ;
set Cs[50]:=
556 157 59 694 655 783 511 ;
set Cs[51]:=
72 14 705 876 330 489 ;
set Cs[52]:=
145 732 214 339 901 698 119 ;
set Cs[53]:=
629 472 801 862 565 202 ;
set Cs[54]:=
227 272 636 986 554 407 ;
set Cs[55]:=
303 139 977 744 819 557 ;
set Cs[56]:=
912 583 198 859 706 257 ;
set Cs[57]:=
67 827 509 735 216 362 ;
set Cs[58]:=
447 204 80 353 240 ;
set Cs[59]:=
246 133 486 353 214 ;
set Cs[60]:=
265 192 100 191 48 526 ;
set Cs[61]:=
655 900 851 385 405 743 94 ;
set Cs[62]:=
755 285 388 169 433 906 274 ;
set Cs[63]:=
361 36 496 173 21 387 412 ;
set Cs[64]:=
532 805 133 457 194 395 464 ;
set Cs[65]:=
667 199 909 583 671 63 523 ;
set Cs[66]:=
228 133 150 240 499 97 866 ;
set Cs[67]:=
375 409 910 196 673 ;
set Cs[68]:=
437 526 701 377 636 ;
set Cs[69]:=
539 737 481 91 987 243 ;
set Cs[70]:=
912 874 194 298 463 112 ;
set Cs[71]:=
121 309 532 575 774 ;
set Cs[72]:=
529 146 742 744 872 ;
set Cs[73]:=
201 897 290 538 740 ;
set Cs[74]:=
87 328 382 274 305 ;
set Cs[75]:=
216 420 135 897 708 817 246 ;
set Cs[76]:=
575 327 243 699 883 ;
set Cs[77]:=
767 587 284 883 257 279 274 ;
set Cs[78]:=
361 814 896 458 977 ;
set Cs[79]:=
607 323 40 836 775 177 ;
set Cs[80]:=
160 302 804 880 201 493 ;
set Cs[81]:=
530 61 786 509 407 748 176 ;
set Cs[82]:=
499 694 318 64 109 878 ;
set Cs[83]:=
393 978 608 845 381 947 794 ;
set Cs[84]:=
314 578 621 207 146 ;
set Cs[85]:=
662 941 426 798 810 705 ;
set Cs[86]:=
885 568 344 531 310 329 ;
set Cs[87]:=
820 748 908 488 565 953 ;
set Cs[88]:=
404 391 180 497 194 320 156 ;
set Cs[89]:=
497 262 488 82 526 ;
set Cs[90]:=
594 688 69 362 856 636 759 ;
set Cs[91]:=
143 993 439 758 772 350 764 ;
set Cs[92]:=
940 221 602 523 343 577 ;
set Cs[93]:=
358 262 472 966 820 782 ;
set Cs[94]:=
388 63 939 587 16 924 ;
set Cs[95]:=
598 616 615 87 752 ;
set Cs[96]:=
173 665 185 121 784 ;
set Cs[97]:=
305 239 742 329 786 364 129 ;
set Cs[98]:=
27 245 983 504 617 ;
set Cs[99]:=
497 290 733 664 922 711 ;
set Cs[100]:=
81 331 48 866 732 993 ;
set Cs[101]:=
255 889 439 310 954 946 ;
set Cs[102]:=
810 234 819 948 563 285 190 ;
set Cs[103]:=
938 569 987 784 144 291 788 ;
set Cs[104]:=
121 238 953 19 559 491 ;
set Cs[105]:=
585 310 897 513 797 439 ;
set Cs[106]:=
932 668 589 707 47 459 238 ;
set Cs[107]:=
819 742 290 896 212 830 750 ;
set Cs[108]:=
384 171 812 77 221 ;
set Cs[109]:=
844 433 317 361 720 64 ;
set Cs[110]:=
246 353 616 261 744 ;
set Cs[111]:=
670 902 395 859 309 ;
set Cs[112]:=
592 576 614 919 377 ;
set Cs[113]:=
199 995 744 932 785 160 ;
set Cs[114]:=
897 73 205 246 262 ;
set Cs[115]:=
176 386 173 530 297 442 ;
set Cs[116]:=
175 255 845 189 900 259 532 ;
set Cs[117]:=
109 575 262 25 183 125 802 ;
set Cs[118]:=
956 465 508 720 439 ;
set Cs[119]:=
946 285 131 405 888 278 289 ;
set Cs[120]:=
268 169 77 527 719 ;
set Cs[121]:=
558 923 651 281 435 ;
set Cs[122]:=
543 895 869 201 628 ;
set Cs[123]:=
52 191 175 557 26 ;
set Cs[124]:=
496 376 30 655 822 602 744 ;
set Cs[125]:=
827 198 677 881 698 ;
set Cs[126]:=
40 585 203 490 356 ;
set Cs[127]:=
708 658 65 720 556 ;
set Cs[128]:=
411 812 23 565 77 362 ;
set Cs[129]:=
999 502 636 189 902 19 ;
set Cs[130]:=
335 598 900 851 744 291 357 ;
set Cs[131]:=
788 601 349 53 69 75 130 ;
set Cs[132]:=
144 523 461 329 64 112 849 ;
set Cs[133]:=
428 870 803 954 437 583 ;
set Cs[134]:=
907 228 631 654 511 ;
set Cs[135]:=
557 593 388 498 512 ;
set Cs[136]:=
673 738 729 364 366 748 ;
set Cs[137]:=
651 56 147 605 579 803 ;
set Cs[138]:=
475 286 699 720 549 313 927 ;
set Cs[139]:=
788 565 421 629 578 608 ;
set Cs[140]:=
645 442 642 995 492 ;
set Cs[141]:=
446 505 254 945 565 819 ;
set Cs[142]:=
65 653 265 405 623 ;
set Cs[143]:=
345 526 575 817 953 982 ;
set Cs[144]:=
745 404 439 963 334 49 ;
set Cs[145]:=
123 553 314 667 741 578 ;
set Cs[146]:=
646 21 390 785 48 585 160 ;
set Cs[147]:=
175 934 777 963 624 729 ;
set Cs[148]:=
232 964 889 422 129 362 ;
set Cs[149]:=
394 715 886 202 309 709 ;
set Cs[150]:=
768 382 901 302 16 ;
set Cs[151]:=
924 157 953 165 94 ;
set Cs[152]:=
315 932 859 656 605 960 362 ;
set Cs[153]:=
490 284 882 117 344 501 409 ;
set Cs[154]:=
380 195 112 977 371 49 459 ;
set Cs[155]:=
121 240 152 617 830 ;
set Cs[156]:=
941 250 441 310 181 ;
set Cs[157]:=
639 216 29 777 312 ;
set Cs[158]:=
528 68 745 589 464 483 ;
set Cs[159]:=
219 642 526 157 934 296 ;
set Cs[160]:=
785 628 390 313 162 ;
set Cs[161]:=
937 866 42 889 59 ;
set Cs[162]:=
28 881 799 109 364 273 ;
set Cs[163]:=
393 979 352 817 988 729 575 ;
set Cs[164]:=
222 811 300 783 527 29 ;
set Cs[165]:=
42 138 645 436 625 679 ;
set Cs[166]:=
669 889 80 874 486 345 150 ;
set Cs[167]:=
891 988 783 41 607 674 919 ;
set Cs[168]:=
267 739 605 498 743 261 199 ;
set Cs[169]:=
991 696 464 33 82 382 ;
set Cs[170]:=
242 229 270 121 501 880 495 ;
set Cs[171]:=
891 134 872 906 202 739 84 ;
set Cs[172]:=
443 321 258 710 89 768 205 ;
set Cs[173]:=
836 927 234 23 387 ;
set Cs[174]:=
839 789 784 782 792 138 ;
set Cs[175]:=
523 847 555 367 225 526 ;
set Cs[176]:=
540 674 924 244 791 203 772 ;
set Cs[177]:=
861 432 252 607 546 83 ;
set Cs[178]:=
152 596 789 945 119 ;
set Cs[179]:=
207 698 788 199 192 ;
set Cs[180]:=
237 913 756 575 784 ;
set Cs[181]:=
198 29 263 643 927 487 42 ;
set Cs[182]:=
786 324 204 189 946 ;
set Cs[183]:=
977 760 797 804 530 421 ;
set Cs[184]:=
130 230 263 980 394 ;
set Cs[185]:=
72 803 219 727 49 381 811 ;
set Cs[186]:=
749 886 545 677 663 735 567 ;
set Cs[187]:=
565 705 737 485 711 152 151 ;
set Cs[188]:=
968 772 252 486 886 551 ;
set Cs[189]:=
682 367 301 331 844 ;
set Cs[190]:=
362 450 321 35 57 ;
set Cs[191]:=
846 617 553 43 749 ;
set Cs[192]:=
229 94 655 658 222 ;
set Cs[193]:=
27 390 546 426 434 189 511 ;
set Cs[194]:=
693 237 721 866 115 ;
set Cs[195]:=
884 57 433 133 624 818 942 ;
set Cs[196]:=
992 896 776 309 673 175 ;
set Cs[197]:=
656 563 138 457 485 531 319 ;
set Cs[198]:=
576 499 658 169 886 738 66 ;
set Cs[199]:=
710 219 17 403 881 253 673 ;
set Cs[200]:=
286 701 538 527 741 ;
set Cs[201]:=
629 17 534 402 428 231 ;
set Cs[202]:=
546 89 475 924 488 499 249 ;
set Cs[203]:=
982 321 996 993 253 532 156 ;
set Cs[204]:=
858 50 91 35 654 946 490 ;
set Cs[205]:=
557 553 701 242 555 707 ;
set Cs[206]:=
476 891 383 794 205 612 ;
set Cs[207]:=
840 502 599 108 891 924 ;
set Cs[208]:=
615 858 619 243 866 339 679 ;
set Cs[209]:=
658 120 845 218 804 797 ;
set Cs[210]:=
752 111 612 643 263 884 ;
set Cs[211]:=
881 737 475 732 156 ;
set Cs[212]:=
811 503 324 886 390 ;
set Cs[213]:=
617 238 641 904 19 650 ;
set Cs[214]:=
240 995 555 218 109 115 ;
set Cs[215]:=
26 379 131 753 120 465 21 ;
set Cs[216]:=
422 429 486 459 606 636 ;
set Cs[217]:=
425 784 100 429 827 236 ;
set Cs[218]:=
253 464 708 228 818 103 994 ;
set Cs[219]:=
642 4 249 82 522 ;
set Cs[220]:=
723 464 87 371 889 ;
set Cs[221]:=
898 953 159 523 741 354 ;
set Cs[222]:=
46 721 514 777 378 ;
set Cs[223]:=
261 604 228 447 120 178 283 ;
set Cs[224]:=
141 125 109 159 781 817 623 ;
set Cs[225]:=
212 118 658 469 788 ;
set Cs[226]:=
259 291 327 164 166 ;
set Cs[227]:=
42 711 923 817 13 918 367 ;
set Cs[228]:=
426 293 534 277 238 760 422 ;
set Cs[229]:=
205 195 763 924 493 ;
set Cs[230]:=
429 141 741 19 173 ;
set Cs[231]:=
776 928 729 65 23 703 ;
set Cs[232]:=
411 395 607 42 674 352 810 ;
set Cs[233]:=
120 379 622 915 366 231 532 ;
set Cs[234]:=
118 72 70 32 90 ;
set Cs[235]:=
186 658 629 493 715 ;
set Cs[236]:=
608 288 20 899 84 ;
set Cs[237]:=
505 211 357 929 629 ;
set Cs[238]:=
302 851 165 177 531 ;
set Cs[239]:=
797 201 875 236 197 79 526 ;
set Cs[240]:=
209 126 118 112 812 ;
set Cs[241]:=
327 170 719 362 930 532 ;
set Cs[242]:=
336 623 612 414 906 647 ;
set Cs[243]:=
744 913 389 901 770 ;
set Cs[244]:=
983 4 199 930 768 ;
set Cs[245]:=
696 673 763 701 617 984 263 ;
set Cs[246]:=
898 428 66 571 831 17 ;
set Cs[247]:=
987 869 594 602 883 413 ;
set Cs[248]:=
192 177 346 242 442 ;
set Cs[249]:=
901 785 759 445 239 565 ;
set Cs[250]:=
964 900 674 654 175 530 901 ;
set Cs[251]:=
321 986 302 455 776 ;
set Cs[252]:=
451 765 988 907 955 579 ;
set Cs[253]:=
32 505 335 393 490 261 ;
set Cs[254]:=
654 521 888 270 282 ;
set Cs[255]:=
211 966 627 607 932 431 ;
set Cs[256]:=
814 177 267 345 321 563 601 ;
set Cs[257]:=
231 476 537 763 826 901 927 ;
set Cs[258]:=
259 775 587 864 80 ;
set Cs[259]:=
491 46 84 758 591 803 ;
set Cs[260]:=
323 611 311 643 992 583 112 ;
set Cs[261]:=
365 79 164 177 717 ;
set Cs[262]:=
928 999 231 602 847 826 ;
set Cs[263]:=
466 261 939 813 500 615 900 ;
set Cs[264]:=
844 902 490 188 144 ;
set Cs[265]:=
916 263 442 710 589 772 151 ;
set Cs[266]:=
706 231 866 119 834 462 ;
set Cs[267]:=
156 145 681 272 588 643 115 ;
set Cs[268]:=
899 212 346 613 26 ;
set Cs[269]:=
462 532 230 995 522 47 ;
set Cs[270]:=
540 623 720 364 525 ;
set Cs[271]:=
963 688 183 953 743 232 ;
set Cs[272]:=
764 47 898 439 729 732 31 ;
set Cs[273]:=
136 127 835 108 526 ;
set Cs[274]:=
561 136 455 500 631 ;
set Cs[275]:=
900 121 939 751 415 120 680 ;
set Cs[276]:=
595 347 977 180 380 ;
set Cs[277]:=
156 211 987 339 300 ;
set Cs[278]:=
934 963 115 927 770 ;
set Cs[279]:=
333 280 33 51 366 ;
set Cs[280]:=
781 713 109 775 740 537 ;
set Cs[281]:=
951 29 86 352 820 539 ;
set Cs[282]:=
464 175 591 196 569 ;
set Cs[283]:=
221 494 585 467 428 963 ;
set Cs[284]:=
603 567 948 623 300 154 ;
set Cs[285]:=
966 669 354 300 864 406 ;
set Cs[286]:=
296 836 151 115 721 645 133 ;
set Cs[287]:=
228 222 851 845 71 411 ;
set Cs[288]:=
745 75 546 999 339 130 793 ;
set Cs[289]:=
301 221 509 69 608 207 977 ;
set Cs[290]:=
211 729 107 204 608 909 ;
set Cs[291]:=
81 121 135 426 496 940 ;
set Cs[292]:=
956 593 663 80 845 953 ;
set Cs[293]:=
499 156 290 558 58 623 777 ;
set Cs[294]:=
173 871 643 929 334 239 149 ;
set Cs[295]:=
804 219 538 472 528 993 ;
set Cs[296]:=
845 618 147 464 327 ;
set Cs[297]:=
668 803 283 888 273 ;
set Cs[298]:=
205 343 362 965 812 334 707 ;
set Cs[299]:=
994 627 134 401 561 ;
set Cs[300]:=
538 38 720 536 280 ;
set Cs[301]:=
26 727 258 800 954 953 169 ;
set Cs[302]:=
907 72 486 131 715 ;
set Cs[303]:=
508 705 2 527 748 474 909 ;
set Cs[304]:=
75 849 403 810 667 ;
set Cs[305]:=
286 639 310 126 146 977 194 ;
set Cs[306]:=
650 300 585 132 293 46 836 ;
set Cs[307]:=
886 682 643 645 175 179 ;
set Cs[308]:=
421 971 289 267 609 ;
set Cs[309]:=
836 663 908 744 955 759 406 ;
set Cs[310]:=
749 661 857 58 608 371 850 ;
set Cs[311]:=
781 942 77 458 553 583 396 ;
set Cs[312]:=
145 915 347 944 199 860 869 ;
set Cs[313]:=
34 181 578 23 115 552 67 ;
set Cs[314]:=
280 97 760 946 199 388 480 ;
set Cs[315]:=
315 407 72 631 289 791 ;
set Cs[316]:=
212 384 396 464 241 ;
set Cs[317]:=
109 731 646 530 32 455 ;
set Cs[318]:=
238 714 883 816 119 772 ;
set Cs[319]:=
933 565 358 934 265 ;
set Cs[320]:=
836 569 211 22 446 907 353 ;
set Cs[321]:=
9 848 191 309 64 ;
set Cs[322]:=
353 32 58 972 946 ;
set Cs[323]:=
491 198 748 60 248 ;
set Cs[324]:=
296 278 249 135 42 3 421 ;
set Cs[325]:=
439 661 732 797 41 474 ;
set Cs[326]:=
159 890 108 812 89 ;
set Cs[327]:=
679 253 202 630 997 ;
set Cs[328]:=
176 23 9 250 240 ;
set Cs[329]:=
993 666 125 474 965 195 ;
set Cs[330]:=
772 207 560 701 949 ;
set Cs[331]:=
569 268 272 49 807 115 ;
set Cs[332]:=
627 62 302 501 912 196 ;
set Cs[333]:=
363 945 617 271 434 875 ;
set Cs[334]:=
236 305 488 866 552 680 300 ;
set Cs[335]:=
207 248 759 586 628 353 40 ;
set Cs[336]:=
292 720 654 433 291 30 198 ;
set Cs[337]:=
10 637 205 844 425 ;
set Cs[338]:=
257 940 658 764 629 618 ;
set Cs[339]:=
688 320 782 175 40 701 ;
set Cs[340]:=
438 842 845 366 958 21 ;
set Cs[341]:=
349 813 790 897 66 860 ;
set Cs[342]:=
674 32 259 714 760 ;
set Cs[343]:=
433 856 279 546 897 ;
set Cs[344]:=
953 759 111 763 297 629 674 ;
set Cs[345]:=
431 204 520 404 737 243 804 ;
set Cs[346]:=
345 11 938 600 663 ;
set Cs[347]:=
826 963 538 745 169 205 428 ;
set Cs[348]:=
248 795 572 804 492 ;
set Cs[349]:=
869 64 221 664 135 755 235 ;
set Cs[350]:=
344 777 426 490 108 141 633 ;
set Cs[351]:=
640 821 344 696 917 ;
set Cs[352]:=
150 492 528 14 658 607 ;
set Cs[353]:=
39 347 300 654 396 585 199 ;
set Cs[354]:=
831 384 785 283 668 517 ;
set Cs[355]:=
702 819 983 144 388 988 485 ;
set Cs[356]:=
688 59 785 203 987 ;
set Cs[357]:=
797 551 347 74 636 ;
set Cs[358]:=
90 726 904 547 232 674 476 ;
set Cs[359]:=
295 820 261 107 334 112 741 ;
set Cs[360]:=
267 240 274 901 318 802 100 ;
set Cs[361]:=
475 301 221 675 144 701 713 ;
set Cs[362]:=
27 147 891 698 800 343 344 ;
set Cs[363]:=
462 261 780 594 189 ;
set Cs[364]:=
92 173 875 986 835 829 514 ;
set Cs[365]:=
901 665 309 439 329 960 70 ;
set Cs[366]:=
147 938 474 293 647 591 349 ;
set Cs[367]:=
712 80 5 410 231 ;
set Cs[368]:=
828 398 759 932 833 166 830 ;
set Cs[369]:=
705 386 947 228 763 364 ;
set Cs[370]:=
987 17 315 575 532 ;
set Cs[371]:=
378 48 265 278 817 351 866 ;
set Cs[372]:=
589 232 426 783 807 575 ;
set Cs[373]:=
743 132 259 476 248 719 909 ;
set Cs[374]:=
439 721 286 309 811 103 ;
set Cs[375]:=
866 741 397 710 757 ;
set Cs[376]:=
827 233 907 395 669 291 ;
set Cs[377]:=
29 931 756 169 66 499 ;
set Cs[378]:=
797 80 844 40 552 199 ;
set Cs[379]:=
620 612 593 543 950 ;
set Cs[380]:=
676 764 240 582 540 651 ;
set Cs[381]:=
14 161 302 781 239 533 847 ;
set Cs[382]:=
161 617 881 419 307 572 ;
set Cs[383]:=
615 52 57 254 608 ;
set Cs[384]:=
238 719 464 108 804 893 997 ;
set Cs[385]:=
900 988 658 63 66 ;
set Cs[386]:=
697 201 173 698 470 327 636 ;
set Cs[387]:=
714 291 6 733 961 ;
set Cs[388]:=
526 257 814 225 115 ;
set Cs[389]:=
932 864 941 44 916 490 667 ;
set Cs[390]:=
804 909 321 491 772 66 ;
set Cs[391]:=
17 63 196 288 486 488 ;
set Cs[392]:=
609 634 924 390 345 ;
set Cs[393]:=
80 823 30 51 339 ;
set Cs[394]:=
248 231 73 69 173 309 ;
set Cs[395]:=
405 402 998 214 58 ;
set Cs[396]:=
97 95 20 91 718 487 ;
set Cs[397]:=
265 794 836 238 221 ;
set Cs[398]:=
242 255 893 40 150 257 ;
set Cs[399]:=
816 735 561 288 253 586 ;
set Cs[400]:=
396 906 415 132 500 736 ;
set Cs[401]:=
907 384 87 929 651 238 ;
set Cs[402]:=
939 406 58 72 517 ;
set Cs[403]:=
228 992 900 433 414 49 848 ;
set Cs[404]:=
194 627 947 736 518 ;
set Cs[405]:=
957 396 334 803 894 98 817 ;
set Cs[406]:=
882 238 143 979 795 711 261 ;
set Cs[407]:=
382 26 47 455 497 ;
set Cs[408]:=
945 444 996 957 934 115 ;
set Cs[409]:=
534 262 70 967 701 317 56 ;
set Cs[410]:=
566 273 760 428 975 693 ;
set Cs[411]:=
789 514 727 495 265 199 836 ;
set Cs[412]:=
211 378 786 563 817 ;
set Cs[413]:=
199 331 942 526 395 702 ;
set Cs[414]:=
830 760 56 636 350 ;
set Cs[415]:=
291 175 47 421 126 668 904 ;
set Cs[416]:=
288 654 145 253 821 674 ;
set Cs[417]:=
662 932 744 118 495 ;
set Cs[418]:=
382 957 168 523 883 ;
set Cs[419]:=
383 828 486 586 436 924 737 ;
set Cs[420]:=
919 121 109 260 362 740 756 ;
set Cs[421]:=
215 534 754 541 63 605 ;
set Cs[422]:=
797 195 953 396 145 437 ;
set Cs[423]:=
48 630 476 750 760 884 ;
set Cs[424]:=
652 688 593 474 443 ;
set Cs[425]:=
752 828 218 157 459 260 ;
set Cs[426]:=
407 732 997 390 120 221 259 ;
set Cs[427]:=
49 216 585 463 790 135 934 ;
set Cs[428]:=
169 486 671 729 485 299 444 ;
set Cs[429]:=
41 47 238 66 929 313 593 ;
set Cs[430]:=
433 439 848 715 670 ;
set Cs[431]:=
366 710 227 386 101 ;
set Cs[432]:=
655 939 436 353 779 495 883 ;
set Cs[433]:=
6 362 136 488 97 ;
set Cs[434]:=
21 523 529 789 630 29 ;
set Cs[435]:=
820 196 1000 241 588 ;
set Cs[436]:=
539 241 221 675 384 783 16 ;
set Cs[437]:=
46 508 752 199 239 ;
set Cs[438]:=
33 234 9 733 508 765 ;
set Cs[439]:=
565 433 622 955 618 411 ;
set Cs[440]:=
215 474 622 176 192 600 764 ;
set Cs[441]:=
681 693 461 766 297 ;
set Cs[442]:=
595 861 877 136 256 409 ;
set Cs[443]:=
826 175 927 52 56 23 136 ;
set Cs[444]:=
554 862 969 433 749 654 82 ;
set Cs[445]:=
331 82 781 894 792 439 900 ;
set Cs[446]:=
127 836 723 720 900 245 ;
set Cs[447]:=
160 679 439 139 949 62 ;
set Cs[448]:=
4 313 907 201 996 ;
set Cs[449]:=
238 52 288 343 27 658 414 ;
set Cs[450]:=
698 830 745 96 321 ;
set Cs[451]:=
9 629 500 654 994 ;
set Cs[452]:=
188 394 695 281 285 531 ;
set Cs[453]:=
983 79 780 446 366 677 ;
set Cs[454]:=
679 245 630 55 963 820 ;
set Cs[455]:=
438 882 156 898 559 930 ;
set Cs[456]:=
166 325 658 292 244 508 ;
set Cs[457]:=
165 39 388 784 671 442 55 ;
set Cs[458]:=
601 82 169 760 697 ;
set Cs[459]:=
55 234 75 459 474 310 558 ;
set Cs[460]:=
65 305 623 123 882 ;
set Cs[461]:=
55 282 25 463 851 919 ;
set Cs[462]:=
475 125 534 138 133 212 ;
set Cs[463]:=
396 569 591 266 42 538 78 ;
set Cs[464]:=
755 180 238 799 481 ;
set Cs[465]:=
248 29 192 56 529 ;
set Cs[466]:=
518 5 629 642 798 830 918 ;
set Cs[467]:=
204 744 131 786 710 927 22 ;
set Cs[468]:=
847 820 118 514 963 998 ;
set Cs[469]:=
763 505 755 835 382 ;
set Cs[470]:=
310 742 302 539 96 789 77 ;
set Cs[471]:=
336 516 28 330 777 881 520 ;
set Cs[472]:=
177 717 580 557 774 753 ;
set Cs[473]:=
673 40 944 626 900 379 ;
set Cs[474]:=
810 446 697 327 614 ;
set Cs[475]:=
849 559 441 992 804 694 755 ;
set Cs[476]:=
447 58 615 880 295 ;
set Cs[477]:=
465 656 218 946 936 981 ;
set Cs[478]:=
809 403 715 201 552 ;
set Cs[479]:=
772 932 907 242 559 262 ;
set Cs[480]:=
152 329 55 822 705 ;
set Cs[481]:=
719 328 553 804 500 ;
set Cs[482]:=
67 358 264 901 1000 ;
set Cs[483]:=
77 929 942 249 902 318 ;
set Cs[484]:=
481 314 836 222 570 783 ;
set Cs[485]:=
195 380 758 77 170 ;
set Cs[486]:=
842 786 587 629 658 52 599 ;
set Cs[487]:=
195 406 299 703 178 463 ;
set Cs[488]:=
303 505 723 19 597 679 529 ;
set Cs[489]:=
616 51 446 244 309 946 ;
set Cs[490]:=
831 259 129 273 764 175 ;
set Cs[491]:=
953 213 92 428 632 ;
set Cs[492]:=
658 697 743 889 404 ;
set Cs[493]:=
201 156 881 437 663 119 ;
set Cs[494]:=
401 894 539 655 600 578 945 ;
set Cs[495]:=
777 888 221 826 42 ;
set Cs[496]:=
982 383 733 987 636 774 ;
set Cs[497]:=
654 590 786 301 601 ;
set Cs[498]:=
166 629 615 636 810 697 ;
set Cs[499]:=
39 457 810 225 24 874 ;
set Cs[500]:=
78 390 242 963 286 284 832 ;
set Cs[501]:=
244 803 267 707 237 ;
set Cs[502]:=
34 916 707 701 995 543 ;
set Cs[503]:=
634 820 195 545 52 ;
set Cs[504]:=
358 173 284 643 572 612 ;
set Cs[505]:=
201 441 125 688 40 ;
set Cs[506]:=
601 738 321 752 821 455 ;
set Cs[507]:=
384 24 23 1000 941 131 268 ;
set Cs[508]:=
608 779 272 258 983 538 292 ;
set Cs[509]:=
880 350 817 393 647 ;
set Cs[510]:=
201 972 258 936 798 212 ;
set Cs[511]:=
145 72 750 901 109 446 ;
set Cs[512]:=
86 513 883 641 559 ;
set Cs[513]:=
19 1000 620 839 679 ;
set Cs[514]:=
845 477 88 982 487 557 ;
set Cs[515]:=
793 758 962 176 776 179 612 ;
set Cs[516]:=
335 784 126 302 190 817 ;
set Cs[517]:=
28 786 748 426 195 387 ;
set Cs[518]:=
861 942 90 800 29 ;
set Cs[519]:=
813 656 763 232 715 711 696 ;
set Cs[520]:=
885 384 179 186 927 812 ;
set Cs[521]:=
790 491 150 536 267 992 64 ;
set Cs[522]:=
924 263 289 94 112 616 ;
set Cs[523]:=
617 974 561 826 259 396 388 ;
set Cs[524]:=
195 227 259 762 364 381 ;
set Cs[525]:=
391 838 967 645 409 251 44 ;
set Cs[526]:=
465 491 664 810 927 732 836 ;
set Cs[527]:=
641 647 603 395 201 53 ;
set Cs[528]:=
809 344 812 712 909 ;
set Cs[529]:=
883 599 394 667 507 928 29 ;
set Cs[530]:=
109 15 4 783 888 66 ;
set Cs[531]:=
688 788 115 194 329 986 ;
set Cs[532]:=
514 52 489 674 131 664 566 ;
set Cs[533]:=
465 246 201 688 281 900 ;
set Cs[534]:=
327 679 941 545 839 442 531 ;
set Cs[535]:=
350 253 228 811 437 ;
set Cs[536]:=
125 803 831 744 108 352 ;
set Cs[537]:=
285 143 522 768 508 ;
set Cs[538]:=
433 757 572 931 475 351 869 ;
set Cs[539]:=
75 444 642 265 944 ;
set Cs[540]:=
851 882 653 735 744 250 668 ;
set Cs[541]:=
249 975 177 78 385 51 ;
set Cs[542]:=
835 187 275 615 817 707 748 ;
set Cs[543]:=
176 302 783 718 607 449 ;
set Cs[544]:=
946 491 859 66 527 ;
set Cs[545]:=
789 238 928 584 611 97 987 ;
set Cs[546]:=
175 402 56 767 32 199 ;
set Cs[547]:=
145 258 786 956 534 120 915 ;
set Cs[548]:=
231 20 297 177 54 587 ;
set Cs[549]:=
626 498 165 707 850 284 465 ;
set Cs[550]:=
967 386 219 58 881 ;
set Cs[551]:=
717 335 299 672 280 ;
set Cs[552]:=
511 48 798 273 212 283 ;
set Cs[553]:=
312 173 42 834 73 703 ;
set Cs[554]:=
323 86 286 834 478 694 ;
set Cs[555]:=
112 612 961 168 177 546 ;
set Cs[556]:=
826 362 109 490 798 253 ;
set Cs[557]:=
955 159 419 900 130 ;
set Cs[558]:=
336 567 805 170 17 ;
set Cs[559]:=
732 546 551 744 815 616 ;
set Cs[560]:=
522 629 624 991 500 ;
set Cs[561]:=
48 123 84 131 894 64 60 ;
set Cs[562]:=
522 755 992 415 265 886 ;
set Cs[563]:=
356 679 530 474 998 ;
set Cs[564]:=
870 866 607 931 407 917 ;
set Cs[565]:=
202 924 587 814 861 ;
set Cs[566]:=
783 538 394 216 661 358 817 ;
set Cs[567]:=
896 151 324 69 630 248 ;
set Cs[568]:=
36 397 758 54 20 803 ;
set Cs[569]:=
417 650 715 563 179 240 121 ;
set Cs[570]:=
608 801 253 924 387 364 640 ;
set Cs[571]:=
549 334 393 75 386 ;
set Cs[572]:=
849 804 897 686 532 465 221 ;
set Cs[573]:=
953 393 961 288 465 612 ;
set Cs[574]:=
314 286 445 782 765 397 ;
set Cs[575]:=
565 108 57 785 279 830 ;
set Cs[576]:=
880 139 362 642 591 ;
set Cs[577]:=
433 207 202 124 336 ;
set Cs[578]:=
102 618 626 984 558 ;
set Cs[579]:=
764 101 913 264 870 ;
set Cs[580]:=
895 166 54 42 836 987 146 ;
set Cs[581]:=
444 498 901 999 19 859 ;
set Cs[582]:=
752 6 904 545 719 ;
set Cs[583]:=
860 461 773 628 409 ;
set Cs[584]:=
425 667 559 288 363 339 604 ;
set Cs[585]:=
472 930 526 842 862 ;
set Cs[586]:=
670 658 863 600 324 241 ;
set Cs[587]:=
888 107 784 196 615 826 ;
set Cs[588]:=
228 201 986 654 608 377 ;
set Cs[589]:=
205 332 326 651 818 865 ;
set Cs[590]:=
712 115 882 919 891 ;
set Cs[591]:=
246 881 814 82 677 464 ;
set Cs[592]:=
91 135 917 930 309 856 849 ;
set Cs[593]:=
183 50 819 608 894 587 70 ;
set Cs[594]:=
491 577 804 252 677 246 620 ;
set Cs[595]:=
130 366 740 583 72 169 ;
set Cs[596]:=
885 826 532 543 91 238 ;
set Cs[597]:=
528 861 544 328 233 ;
set Cs[598]:=
634 460 136 785 30 919 568 ;
set Cs[599]:=
583 336 260 210 204 743 ;
set Cs[600]:=
865 939 845 786 546 ;
set Cs[601]:=
613 72 886 143 861 653 54 ;
set Cs[602]:=
605 258 560 225 262 ;
set Cs[603]:=
945 953 801 543 513 977 ;
set Cs[604]:=
323 194 131 946 642 630 ;
set Cs[605]:=
808 888 927 670 222 508 ;
set Cs[606]:=
764 361 282 631 888 974 ;
set Cs[607]:=
285 173 236 382 763 829 830 ;
set Cs[608]:=
601 876 882 635 230 ;
set Cs[609]:=
131 646 412 6 783 599 664 ;
set Cs[610]:=
367 765 883 634 388 ;
set Cs[611]:=
594 336 565 707 475 173 899 ;
set Cs[612]:=
78 737 907 801 362 810 ;
set Cs[613]:=
99 321 297 246 740 59 ;
set Cs[614]:=
296 642 363 667 832 827 72 ;
set Cs[615]:=
384 199 173 869 459 441 ;
set Cs[616]:=
975 54 91 774 930 ;
set Cs[617]:=
422 688 125 429 268 236 48 ;
set Cs[618]:=
320 38 190 900 225 779 ;
set Cs[619]:=
630 616 216 170 957 ;
set Cs[620]:=
67 975 435 177 133 953 ;
set Cs[621]:=
166 993 971 950 457 869 ;
set Cs[622]:=
760 898 350 739 310 540 658 ;
set Cs[623]:=
41 739 996 836 114 51 900 ;
set Cs[624]:=
912 526 715 750 362 299 483 ;
set Cs[625]:=
883 196 185 701 938 361 464 ;
set Cs[626]:=
815 977 732 739 228 501 ;
set Cs[627]:=
286 975 376 189 433 ;
set Cs[628]:=
621 833 82 71 831 551 ;
set Cs[629]:=
50 656 784 120 815 201 953 ;
set Cs[630]:=
264 711 931 955 438 80 924 ;
set Cs[631]:=
609 745 452 388 608 ;
set Cs[632]:=
80 177 998 382 437 300 955 ;
set Cs[633]:=
347 851 568 371 693 362 ;
set Cs[634]:=
213 623 596 947 815 ;
set Cs[635]:=
890 880 443 108 893 715 608 ;
set Cs[636]:=
40 258 485 26 968 527 125 ;
set Cs[637]:=
530 338 383 47 279 903 586 ;
set Cs[638]:=
178 359 272 478 513 ;
set Cs[639]:=
686 271 173 238 281 620 465 ;
set Cs[640]:=
439 205 718 34 5 265 321 ;
set Cs[641]:=
961 223 285 447 360 265 412 ;
set Cs[642]:=
459 701 650 481 374 371 156 ;
set Cs[643]:=
47 781 720 285 625 307 831 ;
set Cs[644]:=
128 46 366 945 878 233 34 ;
set Cs[645]:=
412 7 53 73 163 ;
set Cs[646]:=
391 784 753 476 136 ;
set Cs[647]:=
901 551 697 345 496 387 624 ;
set Cs[648]:=
866 132 433 743 824 ;
set Cs[649]:=
532 252 934 668 202 ;
set Cs[650]:=
834 80 384 664 35 721 ;
set Cs[651]:=
442 737 673 945 865 276 ;
set Cs[652]:=
660 671 645 541 487 238 ;
set Cs[653]:=
82 719 67 849 902 248 ;
set Cs[654]:=
72 387 385 32 628 321 ;
set Cs[655]:=
131 661 629 710 505 942 194 ;
set Cs[656]:=
190 228 324 27 546 ;
set Cs[657]:=
585 136 283 345 956 980 ;
set Cs[658]:=
811 772 64 388 199 39 ;
set Cs[659]:=
380 366 219 845 833 ;
set Cs[660]:=
203 658 345 601 539 831 986 ;
set Cs[661]:=
58 954 789 800 784 67 ;
set Cs[662]:=
953 13 559 673 880 ;
set Cs[663]:=
215 458 588 633 490 ;
set Cs[664]:=
3 109 121 332 900 439 307 ;
set Cs[665]:=
264 597 390 487 566 ;
set Cs[666]:=
786 256 412 522 402 103 ;
set Cs[667]:=
764 459 545 386 669 321 953 ;
set Cs[668]:=
883 422 121 377 146 265 627 ;
set Cs[669]:=
531 953 301 377 182 545 ;
set Cs[670]:=
487 709 371 669 872 ;
set Cs[671]:=
289 711 526 913 826 236 ;
set Cs[672]:=
944 844 896 199 177 274 ;
set Cs[673]:=
334 823 738 26 138 ;
set Cs[674]:=
882 893 697 281 594 ;
set Cs[675]:=
438 798 888 677 715 17 ;
set Cs[676]:=
179 893 305 427 335 271 ;
set Cs[677]:=
55 954 810 890 800 650 102 ;
set Cs[678]:=
906 487 426 883 462 758 ;
set Cs[679]:=
56 543 861 62 587 ;
set Cs[680]:=
282 865 361 560 791 821 ;
set Cs[681]:=
540 42 967 335 135 ;
set Cs[682]:=
66 300 162 299 866 628 ;
set Cs[683]:=
38 836 538 222 407 ;
set Cs[684]:=
573 497 186 121 289 ;
set Cs[685]:=
927 204 166 395 986 439 748 ;
set Cs[686]:=
904 476 593 495 50 232 ;
set Cs[687]:=
885 264 126 674 298 432 ;
set Cs[688]:=
492 749 234 945 941 ;
set Cs[689]:=
236 819 168 441 872 115 753 ;
set Cs[690]:=
321 715 919 745 913 169 ;
set Cs[691]:=
221 553 4 719 72 765 ;
set Cs[692]:=
616 951 826 47 558 ;
set Cs[693]:=
785 78 74 50 653 ;
set Cs[694]:=
29 26 497 783 890 953 125 ;
set Cs[695]:=
850 715 121 911 270 996 819 ;
set Cs[696]:=
78 339 268 285 213 465 ;
set Cs[697]:=
175 872 23 956 204 349 ;
set Cs[698]:=
85 84 20 481 640 957 353 ;
set Cs[699]:=
615 860 343 130 521 ;
set Cs[700]:=
760 476 412 598 8 ;
set Cs[701]:=
474 46 707 772 227 ;
set Cs[702]:=
131 442 228 414 339 116 198 ;
set Cs[703]:=
159 362 190 617 133 ;
set Cs[704]:=
278 905 572 227 107 ;
set Cs[705]:=
277 151 499 559 211 238 ;
set Cs[706]:=
243 471 645 406 587 817 710 ;
set Cs[707]:=
267 609 88 605 233 ;
set Cs[708]:=
228 869 658 257 239 ;
set Cs[709]:=
844 988 301 318 145 219 463 ;
set Cs[710]:=
47 844 977 838 196 561 ;
set Cs[711]:=
160 466 146 6 213 116 770 ;
set Cs[712]:=
817 303 90 36 819 35 ;
set Cs[713]:=
984 194 264 527 528 41 ;
set Cs[714]:=
907 478 258 576 845 923 432 ;
set Cs[715]:=
641 302 509 563 968 721 366 ;
set Cs[716]:=
181 964 318 487 636 ;
set Cs[717]:=
297 457 774 313 127 259 810 ;
set Cs[718]:=
819 487 312 29 732 ;
set Cs[719]:=
199 120 286 154 146 248 129 ;
set Cs[720]:=
505 587 629 529 194 863 ;
set Cs[721]:=
680 303 596 59 299 181 ;
set Cs[722]:=
63 467 784 909 727 350 367 ;
set Cs[723]:=
194 401 774 711 908 474 ;
set Cs[724]:=
71 624 132 279 884 ;
set Cs[725]:=
190 645 758 112 187 136 ;
set Cs[726]:=
389 363 828 917 551 712 246 ;
set Cs[727]:=
381 60 627 487 160 803 ;
set Cs[728]:=
259 487 645 527 804 861 897 ;
set Cs[729]:=
701 366 566 26 577 798 ;
set Cs[730]:=
819 261 51 836 902 ;
set Cs[731]:=
363 55 300 88 878 486 ;
set Cs[732]:=
239 166 241 276 862 144 ;
set Cs[733]:=
345 514 945 264 744 ;
set Cs[734]:=
629 934 448 957 613 931 ;
set Cs[735]:=
435 836 607 901 772 697 ;
set Cs[736]:=
87 228 916 176 476 ;
set Cs[737]:=
901 591 183 131 146 ;
set Cs[738]:=
991 708 493 679 125 ;
set Cs[739]:=
451 28 708 651 281 ;
set Cs[740]:=
987 332 6 115 851 ;
set Cs[741]:=
406 281 303 513 942 ;
set Cs[742]:=
863 180 176 626 146 ;
set Cs[743]:=
111 413 788 878 88 ;
set Cs[744]:=
342 48 651 442 136 888 497 ;
set Cs[745]:=
504 450 922 270 701 19 ;
set Cs[746]:=
783 459 946 826 907 365 310 ;
set Cs[747]:=
949 693 173 505 920 ;
set Cs[748]:=
125 838 336 758 459 862 539 ;
set Cs[749]:=
851 459 331 977 601 84 948 ;
set Cs[750]:=
168 3 939 927 667 749 ;
set Cs[751]:=
889 364 697 135 171 ;
set Cs[752]:=
723 624 886 763 866 584 538 ;
set Cs[753]:=
201 192 382 132 497 814 350 ;
set Cs[754]:=
136 156 458 745 297 ;
set Cs[755]:=
617 642 821 587 721 ;
set Cs[756]:=
888 978 421 328 514 ;
set Cs[757]:=
953 194 77 420 438 564 637 ;
set Cs[758]:=
863 496 663 693 173 627 522 ;
set Cs[759]:=
656 615 490 888 309 727 859 ;
set Cs[760]:=
732 764 192 779 178 ;
set Cs[761]:=
322 763 458 602 221 ;
set Cs[762]:=
82 585 196 650 856 ;
set Cs[763]:=
946 662 117 958 811 464 676 ;
set Cs[764]:=
238 367 366 253 25 710 ;
set Cs[765]:=
411 585 844 946 688 ;
set Cs[766]:=
974 783 181 633 883 953 236 ;
set Cs[767]:=
64 981 557 926 139 644 ;
set Cs[768]:=
927 202 636 888 940 52 478 ;
set Cs[769]:=
130 283 570 227 714 ;
set Cs[770]:=
554 772 213 283 715 650 353 ;
set Cs[771]:=
119 517 916 49 793 ;
set Cs[772]:=
289 551 129 941 215 242 38 ;
set Cs[773]:=
463 876 939 498 899 978 ;
set Cs[774]:=
794 597 739 907 373 745 307 ;
set Cs[775]:=
783 563 566 136 540 759 70 ;
set Cs[776]:=
88 171 353 249 609 ;
set Cs[777]:=
953 987 830 845 150 ;
set Cs[778]:=
495 631 764 455 126 ;
set Cs[779]:=
955 627 754 701 977 81 ;
set Cs[780]:=
927 36 436 877 536 508 273 ;
set Cs[781]:=
357 752 589 636 672 888 ;
set Cs[782]:=
199 14 46 606 688 248 ;
set Cs[783]:=
228 488 526 43 813 899 804 ;
set Cs[784]:=
564 72 817 449 607 ;
set Cs[785]:=
831 443 260 384 112 ;
set Cs[786]:=
499 640 50 395 190 476 575 ;
set Cs[787]:=
444 955 64 343 708 ;
set Cs[788]:=
373 503 404 230 545 211 523 ;
set Cs[789]:=
819 615 547 605 693 362 963 ;
set Cs[790]:=
814 1000 234 613 658 421 ;
set Cs[791]:=
366 395 856 764 135 321 631 ;
set Cs[792]:=
545 748 227 986 801 166 386 ;
set Cs[793]:=
719 475 386 928 278 457 ;
set Cs[794]:=
131 783 324 222 175 ;
set Cs[795]:=
688 655 900 143 862 ;
set Cs[796]:=
715 928 554 283 815 709 961 ;
set Cs[797]:=
981 358 282 185 391 ;
set Cs[798]:=
364 192 49 412 781 292 783 ;
set Cs[799]:=
362 601 740 23 401 ;
set Cs[800]:=
346 555 814 199 514 ;
set Cs[801]:=
865 900 603 382 249 ;
set Cs[802]:=
318 379 442 912 91 660 765 ;
set Cs[803]:=
798 898 112 961 388 256 ;
set Cs[804]:=
388 302 543 218 259 55 674 ;
set Cs[805]:=
703 257 744 192 641 219 602 ;
set Cs[806]:=
334 347 617 363 271 ;
set Cs[807]:=
845 958 870 32 803 ;
set Cs[808]:=
222 688 457 106 273 201 280 ;
set Cs[809]:=
779 1 127 869 271 908 202 ;
set Cs[810]:=
73 584 898 826 585 ;
set Cs[811]:=
102 238 543 866 616 ;
set Cs[812]:=
644 443 766 376 671 495 ;
set Cs[813]:=
630 705 944 203 658 9 ;
set Cs[814]:=
738 585 520 758 453 ;
set Cs[815]:=
677 229 953 332 651 ;
set Cs[816]:=
185 196 199 76 986 291 924 ;
set Cs[817]:=
594 721 387 14 490 191 516 ;
set Cs[818]:=
80 749 741 554 268 639 ;
set Cs[819]:=
233 790 971 335 565 ;
set Cs[820]:=
499 136 953 741 318 542 ;
set Cs[821]:=
608 871 719 80 337 ;
set Cs[822]:=
227 592 318 41 821 376 ;
set Cs[823]:=
343 323 284 839 940 472 ;
set Cs[824]:=
120 885 202 444 682 ;
set Cs[825]:=
783 246 59 35 379 458 863 ;
set Cs[826]:=
888 374 557 228 939 955 683 ;
set Cs[827]:=
460 408 236 39 240 439 ;
set Cs[828]:=
558 166 918 654 755 27 866 ;
set Cs[829]:=
75 697 485 720 781 998 661 ;
set Cs[830]:=
835 983 765 645 767 996 526 ;
set Cs[831]:=
931 385 426 675 281 283 ;
set Cs[832]:=
64 770 701 157 593 ;
set Cs[833]:=
953 710 862 500 701 ;
set Cs[834]:=
264 547 30 69 551 261 ;
set Cs[835]:=
336 344 433 759 73 ;
set Cs[836]:=
814 385 131 755 584 123 528 ;
set Cs[837]:=
171 651 57 69 772 262 ;
set Cs[838]:=
641 182 803 42 961 752 49 ;
set Cs[839]:=
739 967 620 839 439 652 645 ;
set Cs[840]:=
810 505 748 790 755 ;
set Cs[841]:=
884 308 917 948 107 80 612 ;
set Cs[842]:=
265 631 987 930 163 667 ;
set Cs[843]:=
196 385 435 927 149 ;
set Cs[844]:=
940 864 458 52 188 506 427 ;
set Cs[845]:=
232 568 28 321 211 42 240 ;
set Cs[846]:=
202 125 902 775 146 448 478 ;
set Cs[847]:=
138 149 956 541 435 ;
set Cs[848]:=
741 248 833 240 65 ;
set Cs[849]:=
888 58 203 32 225 207 650 ;
set Cs[850]:=
64 793 645 991 259 ;
set Cs[851]:=
614 148 652 559 777 677 ;
set Cs[852]:=
240 73 721 358 821 29 461 ;
set Cs[853]:=
382 627 245 225 977 ;
set Cs[854]:=
784 179 935 807 916 ;
set Cs[855]:=
80 128 846 478 135 ;
set Cs[856]:=
780 297 845 339 481 829 ;
set Cs[857]:=
694 21 942 163 353 244 404 ;
set Cs[858]:=
641 711 234 63 92 604 ;
set Cs[859]:=
919 198 982 848 410 ;
set Cs[860]:=
918 91 534 386 793 900 ;
set Cs[861]:=
634 942 763 38 705 281 883 ;
set Cs[862]:=
285 344 395 652 587 ;
set Cs[863]:=
564 895 767 707 862 375 249 ;
set Cs[864]:=
861 112 38 601 737 ;
set Cs[865]:=
486 957 26 316 342 630 865 ;
set Cs[866]:=
344 331 865 546 314 278 75 ;
set Cs[867]:=
917 727 505 641 308 ;
set Cs[868]:=
658 89 575 366 156 755 591 ;
set Cs[869]:=
413 871 303 19 192 ;
set Cs[870]:=
265 859 195 147 154 ;
set Cs[871]:=
289 346 324 231 934 ;
set Cs[872]:=
223 679 663 286 639 67 ;
set Cs[873]:=
522 585 499 811 673 ;
set Cs[874]:=
458 376 558 874 397 337 ;
set Cs[875]:=
681 238 444 485 781 573 958 ;
set Cs[876]:=
688 588 720 258 798 ;
set Cs[877]:=
552 578 558 387 219 641 ;
set Cs[878]:=
505 602 782 425 723 85 ;
set Cs[879]:=
32 774 748 572 686 265 670 ;
set Cs[880]:=
67 246 721 917 934 ;
set Cs[881]:=
135 319 753 147 425 ;
set Cs[882]:=
491 523 810 785 941 797 ;
set Cs[883]:=
171 94 758 988 207 11 ;
set Cs[884]:=
52 286 805 779 708 705 866 ;
set Cs[885]:=
144 741 192 291 817 ;
set Cs[886]:=
19 196 305 772 887 626 453 ;
set Cs[887]:=
135 770 662 41 486 ;
set Cs[888]:=
522 839 420 688 616 ;
set Cs[889]:=
347 596 798 189 788 311 ;
set Cs[890]:=
514 141 68 859 488 477 ;
set Cs[891]:=
483 345 432 918 926 ;
set Cs[892]:=
182 112 197 773 827 628 576 ;
set Cs[893]:=
955 772 231 559 296 503 ;
set Cs[894]:=
697 451 437 402 928 27 ;
set Cs[895]:=
948 832 273 883 874 ;
set Cs[896]:=
47 894 900 309 40 860 ;
set Cs[897]:=
885 353 391 881 838 ;
set Cs[898]:=
471 645 806 192 151 ;
set Cs[899]:=
446 696 575 376 366 573 ;
set Cs[900]:=
664 373 953 695 49 282 ;
set Cs[901]:=
869 63 506 66 621 794 ;
set Cs[902]:=
261 307 711 912 612 ;
set Cs[903]:=
907 890 225 673 457 41 10 ;
set Cs[904]:=
890 284 840 356 910 683 ;
set Cs[905]:=
273 901 317 729 789 344 265 ;
set Cs[906]:=
248 948 748 812 661 76 972 ;
set Cs[907]:=
907 757 225 238 604 ;
set Cs[908]:=
957 209 288 486 75 464 941 ;
set Cs[909]:=
785 847 889 329 900 500 ;
set Cs[910]:=
409 572 930 303 819 ;
set Cs[911]:=
991 14 546 650 565 ;
set Cs[912]:=
32 125 490 719 640 ;
set Cs[913]:=
738 532 216 452 939 ;
set Cs[914]:=
463 561 658 791 29 350 ;
set Cs[915]:=
236 613 339 693 634 875 ;
set Cs[916]:=
739 228 735 772 248 712 ;
set Cs[917]:=
199 66 390 42 951 ;
set Cs[918]:=
988 802 791 573 295 694 908 ;
set Cs[919]:=
60 992 776 166 447 656 ;
set Cs[920]:=
270 902 742 627 442 ;
set Cs[921]:=
885 693 642 958 75 443 637 ;
set Cs[922]:=
568 135 561 615 924 ;
set Cs[923]:=
776 227 732 170 135 40 785 ;
set Cs[924]:=
395 74 757 608 605 ;
set Cs[925]:=
676 717 755 84 907 783 394 ;
set Cs[926]:=
534 273 169 238 347 ;
set Cs[927]:=
284 600 513 265 656 ;
set Cs[928]:=
309 930 115 564 905 ;
set Cs[929]:=
265 472 418 641 927 ;
set Cs[930]:=
828 946 566 501 861 244 175 ;
set Cs[931]:=
438 70 660 988 380 595 ;
set Cs[932]:=
718 282 138 259 456 ;
set Cs[933]:=
782 213 749 244 617 783 ;
set Cs[934]:=
109 760 527 566 831 ;
set Cs[935]:=
492 138 133 381 306 ;
set Cs[936]:=
903 66 353 616 9 284 ;
set Cs[937]:=
607 780 194 366 199 241 ;
set Cs[938]:=
491 634 299 615 443 92 1 ;
set Cs[939]:=
316 977 204 874 195 ;
set Cs[940]:=
615 362 924 514 330 ;
set Cs[941]:=
591 525 754 175 465 538 ;
set Cs[942]:=
575 9 4 801 403 ;
set Cs[943]:=
361 89 535 371 44 ;
set Cs[944]:=
240 564 942 866 559 ;
set Cs[945]:=
651 73 963 576 563 ;
set Cs[946]:=
621 136 708 821 89 ;
set Cs[947]:=
495 729 916 823 637 192 ;
set Cs[948]:=
900 541 406 605 218 ;
set Cs[949]:=
990 545 7 874 807 715 ;
set Cs[950]:=
770 205 823 656 777 828 439 ;
set Cs[951]:=
490 958 642 176 505 ;
set Cs[952]:=
578 225 945 259 117 836 908 ;
set Cs[953]:=
77 49 214 461 412 98 ;
set Cs[954]:=
75 382 826 82 623 751 ;
set Cs[955]:=
198 363 929 707 664 888 64 ;
set Cs[956]:=
909 616 49 189 975 819 650 ;
set Cs[957]:=
112 309 273 236 538 ;
set Cs[958]:=
192 710 133 185 379 ;
set Cs[959]:=
222 262 177 802 446 21 599 ;
set Cs[960]:=
190 707 331 982 432 336 ;
set Cs[961]:=
519 166 190 831 373 ;
set Cs[962]:=
688 993 350 658 842 898 390 ;
set Cs[963]:=
82 847 698 874 706 ;
set Cs[964]:=
406 22 463 182 931 573 183 ;
set Cs[965]:=
698 383 246 437 731 973 677 ;
set Cs[966]:=
568 444 343 270 708 749 ;
set Cs[967]:=
772 557 668 138 418 538 ;
set Cs[968]:=
625 432 987 231 19 284 ;
set Cs[969]:=
431 321 561 302 723 801 ;
set Cs[970]:=
130 397 413 607 506 ;
set Cs[971]:=
847 236 235 68 696 85 748 ;
set Cs[972]:=
238 55 977 23 527 587 ;
set Cs[973]:=
975 216 107 929 42 238 ;
set Cs[974]:=
363 3 763 242 899 ;
set Cs[975]:=
651 286 575 344 138 74 ;
set Cs[976]:=
667 339 713 920 428 732 866 ;
set Cs[977]:=
91 753 957 342 928 ;
set Cs[978]:=
418 183 351 537 487 241 ;
set Cs[979]:=
840 789 605 286 394 654 ;
set Cs[980]:=
422 463 794 693 991 898 ;
set Cs[981]:=
2 183 369 788 185 495 869 ;
set Cs[982]:=
55 760 757 683 987 789 598 ;
set Cs[983]:=
594 350 485 155 893 ;
set Cs[984]:=
21 358 316 706 300 ;
set Cs[985]:=
622 38 615 272 72 459 ;
set Cs[986]:=
563 274 803 821 446 888 717 ;
set Cs[987]:=
460 783 963 785 94 674 ;
set Cs[988]:=
947 823 655 942 497 939 ;
set Cs[989]:=
171 639 71 938 472 ;
set Cs[990]:=
876 59 642 615 840 231 628 ;
set Cs[991]:=
697 770 835 52 159 ;
set Cs[992]:=
238 76 967 538 963 615 359 ;
set Cs[993]:=
623 977 270 984 729 ;
set Cs[994]:=
132 996 112 40 386 508 ;
set Cs[995]:=
568 139 706 175 465 765 ;
set Cs[996]:=
129 552 273 382 271 ;
set Cs[997]:=
811 17 645 977 332 600 ;
set Cs[998]:=
523 492 667 112 282 268 19 ;
set Cs[999]:=
820 19 838 617 450 713 ;
set Cs[1000]:=
651 634 835 246 491 ;
set Cs[1001]:=
900 286 126 26 625 420 520 ;
set Cs[1002]:=
127 955 182 605 573 942 ;
set Cs[1003]:=
948 388 78 76 359 ;
set Cs[1004]:=
254 445 242 238 765 880 ;
set Cs[1005]:=
519 527 23 932 42 ;
set Cs[1006]:=
500 268 127 926 442 4 ;
set Cs[1007]:=
192 291 141 404 488 261 740 ;
set Cs[1008]:=
741 131 941 963 627 ;
set Cs[1009]:=
331 228 866 679 694 865 497 ;
set Cs[1010]:=
197 405 675 229 702 942 739 ;
set Cs[1011]:=
929 558 467 30 608 ;
set Cs[1012]:=
938 750 749 235 761 797 285 ;
set Cs[1013]:=
554 764 587 544 169 636 ;
set Cs[1014]:=
636 343 281 286 25 ;
set Cs[1015]:=
982 51 701 932 741 575 334 ;
set Cs[1016]:=
858 785 507 964 266 429 869 ;
set Cs[1017]:=
869 433 17 262 422 ;
set Cs[1018]:=
919 883 63 860 846 740 526 ;
set Cs[1019]:=
378 228 705 40 115 ;
set Cs[1020]:=
100 782 264 221 213 768 ;
set Cs[1021]:=
385 358 875 567 100 737 ;
set Cs[1022]:=
265 281 379 907 756 329 674 ;
set Cs[1023]:=
245 474 856 661 496 636 683 ;
set Cs[1024]:=
387 939 425 160 125 51 789 ;
set Cs[1025]:=
766 929 457 740 345 107 ;
set Cs[1026]:=
982 319 369 774 48 869 259 ;
set Cs[1027]:=
616 866 913 883 514 327 ;
set Cs[1028]:=
481 900 929 902 491 666 ;
set Cs[1029]:=
136 578 640 36 396 698 500 ;
set Cs[1030]:=
831 153 54 927 680 ;
set Cs[1031]:=
729 64 720 49 713 ;
set Cs[1032]:=
299 885 238 743 798 ;
set Cs[1033]:=
146 856 772 302 658 156 103 ;
set Cs[1034]:=
671 696 663 214 661 584 559 ;
set Cs[1035]:=
185 697 539 424 318 775 ;
set Cs[1036]:=
194 606 587 515 575 ;
set Cs[1037]:=
321 844 125 626 185 281 ;
set Cs[1038]:=
565 229 575 641 844 138 ;
set Cs[1039]:=
494 801 52 283 612 620 ;
set Cs[1040]:=
395 284 977 184 437 ;
set Cs[1041]:=
953 41 450 627 623 ;
set Cs[1042]:=
552 933 250 289 988 270 ;
set Cs[1043]:=
772 22 135 281 282 ;
set Cs[1044]:=
138 611 395 701 427 759 ;
set Cs[1045]:=
790 871 783 983 811 ;
set Cs[1046]:=
49 160 239 703 40 930 541 ;
set Cs[1047]:=
134 797 530 284 98 774 438 ;
set Cs[1048]:=
24 417 560 109 62 827 640 ;
set Cs[1049]:=
316 656 28 527 856 396 ;
set Cs[1050]:=
572 36 112 913 820 ;
set Cs[1051]:=
955 334 455 992 173 207 ;
set Cs[1052]:=
17 760 374 242 213 ;
set Cs[1053]:=
497 112 66 617 511 166 ;
set Cs[1054]:=
563 410 173 518 872 ;
set Cs[1055]:=
285 786 231 127 913 533 ;
set Cs[1056]:=
614 415 779 246 697 525 ;
set Cs[1057]:=
754 112 252 324 836 156 973 ;
set Cs[1058]:=
211 131 987 117 576 ;
set Cs[1059]:=
472 127 326 802 761 983 ;
set Cs[1060]:=
763 819 916 703 661 223 ;
set Cs[1061]:=
641 42 857 731 127 ;
set Cs[1062]:=
192 159 499 696 658 764 ;
set Cs[1063]:=
656 23 272 491 475 168 ;
set Cs[1064]:=
620 618 36 351 677 54 ;
set Cs[1065]:=
353 559 347 635 377 ;
set Cs[1066]:=
871 66 623 213 55 ;
set Cs[1067]:=
584 302 345 886 300 ;
set Cs[1068]:=
773 128 769 658 556 958 670 ;
set Cs[1069]:=
538 271 205 931 314 80 221 ;
set Cs[1070]:=
946 244 615 112 297 ;
set Cs[1071]:=
56 58 594 829 844 114 782 ;
set Cs[1072]:=
831 293 160 893 986 286 219 ;
set Cs[1073]:=
733 422 608 585 880 ;
set Cs[1074]:=
674 897 267 311 139 711 630 ;
set Cs[1075]:=
336 28 66 214 748 486 912 ;
set Cs[1076]:=
801 56 751 753 791 615 ;
set Cs[1077]:=
937 546 156 615 323 273 ;
set Cs[1078]:=
222 221 805 305 645 289 878 ;
set Cs[1079]:=
522 955 261 888 697 958 ;
set Cs[1080]:=
481 743 491 821 455 265 ;
set Cs[1081]:=
578 803 573 394 194 91 715 ;
set Cs[1082]:=
403 651 812 352 642 772 ;
set Cs[1083]:=
73 48 612 802 615 146 ;
set Cs[1084]:=
109 606 259 300 33 ;
set Cs[1085]:=
599 912 996 670 339 261 ;
set Cs[1086]:=
413 696 781 75 219 ;
set Cs[1087]:=
651 499 453 449 619 ;
set Cs[1088]:=
974 942 375 954 656 986 450 ;
set Cs[1089]:=
442 42 874 784 563 489 ;
set Cs[1090]:=
80 817 856 763 764 902 ;
set Cs[1091]:=
182 477 1000 800 772 ;
set Cs[1092]:=
339 383 836 632 286 ;
set Cs[1093]:=
474 667 786 47 244 ;
set Cs[1094]:=
357 915 332 463 658 631 ;
set Cs[1095]:=
558 908 818 783 384 59 ;
set Cs[1096]:=
421 132 457 199 636 835 496 ;
set Cs[1097]:=
862 568 457 310 109 869 170 ;
set Cs[1098]:=
578 859 213 162 301 ;
set Cs[1099]:=
643 445 598 194 565 ;
set Cs[1100]:=
65 393 636 591 259 731 ;
set Cs[1101]:=
67 840 155 650 994 615 540 ;
set Cs[1102]:=
72 509 572 84 883 194 511 ;
set Cs[1103]:=
21 760 495 785 103 ;
set Cs[1104]:=
286 283 458 67 52 87 417 ;
set Cs[1105]:=
801 204 367 893 364 474 ;
set Cs[1106]:=
671 559 930 175 819 229 ;
set Cs[1107]:=
675 281 958 80 388 ;
set Cs[1108]:=
75 82 98 60 790 293 ;
set Cs[1109]:=
121 56 474 233 629 336 433 ;
set Cs[1110]:=
264 310 136 207 530 801 ;
set Cs[1111]:=
363 792 5 389 948 421 ;
set Cs[1112]:=
212 491 182 559 618 17 ;
set Cs[1113]:=
679 539 17 813 89 863 567 ;
set Cs[1114]:=
309 719 302 190 797 897 ;
set Cs[1115]:=
386 901 80 309 604 714 240 ;
set Cs[1116]:=
552 477 858 883 425 126 192 ;
set Cs[1117]:=
514 946 790 813 435 292 ;
set Cs[1118]:=
378 63 175 845 954 ;
set Cs[1119]:=
785 199 777 756 52 ;
set Cs[1120]:=
526 926 546 594 317 615 ;
set Cs[1121]:=
810 353 126 749 499 ;
set Cs[1122]:=
472 353 559 763 507 ;
set Cs[1123]:=
177 495 658 422 861 48 949 ;
set Cs[1124]:=
565 555 72 681 703 313 ;
set Cs[1125]:=
47 437 445 309 227 ;
set Cs[1126]:=
810 508 72 809 420 733 ;
set Cs[1127]:=
446 627 191 831 30 863 ;
set Cs[1128]:=
935 47 912 88 713 940 973 ;
set Cs[1129]:=
433 181 253 505 364 ;
set Cs[1130]:=
650 553 876 762 403 946 100 ;
set Cs[1131]:=
488 3 924 486 461 772 ;
set Cs[1132]:=
335 645 435 898 698 782 ;
set Cs[1133]:=
248 196 5 988 804 ;
set Cs[1134]:=
565 707 300 228 257 ;
set Cs[1135]:=
236 735 476 451 567 ;
set Cs[1136]:=
893 749 195 666 308 836 ;
set Cs[1137]:=
587 785 502 66 718 446 476 ;
set Cs[1138]:=
615 352 358 683 967 563 331 ;
set Cs[1139]:=
786 33 136 675 496 ;
set Cs[1140]:=
386 422 280 207 56 347 ;
set Cs[1141]:=
302 442 176 453 670 262 ;
set Cs[1142]:=
58 587 759 604 376 909 656 ;
set Cs[1143]:=
496 860 681 889 528 445 ;
set Cs[1144]:=
459 253 688 505 2 378 238 ;
set Cs[1145]:=
553 1 465 594 731 ;
set Cs[1146]:=
693 929 428 52 521 866 ;
set Cs[1147]:=
720 511 733 941 366 ;
set Cs[1148]:=
664 790 996 514 371 ;
set Cs[1149]:=
191 640 196 888 195 ;
set Cs[1150]:=
803 44 953 635 101 107 793 ;
set Cs[1151]:=
157 595 554 567 992 679 ;
set Cs[1152]:=
789 101 865 744 705 874 ;
set Cs[1153]:=
601 594 913 567 672 82 ;
set Cs[1154]:=
358 575 303 22 248 ;
set Cs[1155]:=
431 671 786 476 566 627 961 ;
set Cs[1156]:=
882 292 645 674 628 ;
set Cs[1157]:=
339 164 457 159 56 382 785 ;
set Cs[1158]:=
301 133 189 693 328 ;
set Cs[1159]:=
59 455 331 983 955 564 ;
set Cs[1160]:=
175 788 702 718 527 ;
set Cs[1161]:=
259 651 896 332 219 752 647 ;
set Cs[1162]:=
428 872 296 788 199 ;
set Cs[1163]:=
215 932 656 749 942 ;
set Cs[1164]:=
204 540 907 821 239 178 203 ;
set Cs[1165]:=
281 469 317 770 727 ;
set Cs[1166]:=
22 500 387 569 605 772 292 ;
set Cs[1167]:=
284 900 585 264 710 321 367 ;
set Cs[1168]:=
748 456 214 406 24 238 181 ;
set Cs[1169]:=
890 202 345 810 318 292 282 ;
set Cs[1170]:=
204 231 564 241 797 539 674 ;
set Cs[1171]:=
838 585 22 515 398 673 772 ;
set Cs[1172]:=
927 763 175 505 245 ;
set Cs[1173]:=
666 572 886 174 884 ;
set Cs[1174]:=
433 546 777 613 784 979 591 ;
set Cs[1175]:=
225 572 491 559 540 ;
set Cs[1176]:=
929 174 297 511 836 ;
set Cs[1177]:=
352 781 664 10 611 555 927 ;
set Cs[1178]:=
582 9 252 563 551 ;
set Cs[1179]:=
282 655 114 57 586 ;
set Cs[1180]:=
214 227 791 213 842 607 63 ;
set Cs[1181]:=
309 199 315 582 40 410 ;
set Cs[1182]:=
706 658 410 963 896 646 535 ;
set Cs[1183]:=
222 790 176 425 362 411 ;
set Cs[1184]:=
490 457 533 626 304 ;
set Cs[1185]:=
229 27 136 780 748 330 ;
set Cs[1186]:=
238 330 207 286 715 ;
set Cs[1187]:=
924 160 737 710 505 ;
set Cs[1188]:=
23 345 740 310 80 ;
set Cs[1189]:=
346 927 268 540 629 ;
set Cs[1190]:=
729 789 505 988 702 886 80 ;
set Cs[1191]:=
715 798 848 683 91 903 199 ;
set Cs[1192]:=
456 83 533 969 221 946 ;
set Cs[1193]:=
438 490 1 68 78 815 120 ;
set Cs[1194]:=
321 16 836 267 259 ;
set Cs[1195]:=
543 409 964 774 847 ;
set Cs[1196]:=
620 267 942 216 802 376 77 ;
set Cs[1197]:=
338 331 412 627 178 97 ;
set Cs[1198]:=
283 412 212 56 38 741 ;
set Cs[1199]:=
132 177 253 112 673 248 ;
set Cs[1200]:=
131 355 135 64 349 265 ;
set Cs[1201]:=
462 817 784 173 615 ;
set Cs[1202]:=
309 503 664 886 512 ;
set Cs[1203]:=
366 831 567 822 72 171 101 ;
set Cs[1204]:=
253 279 48 199 356 129 497 ;
set Cs[1205]:=
685 29 575 932 319 557 ;
set Cs[1206]:=
126 780 14 975 623 ;
set Cs[1207]:=
711 199 350 318 651 253 ;
set Cs[1208]:=
911 375 194 446 175 927 268 ;
set Cs[1209]:=
303 525 442 77 173 150 334 ;
set Cs[1210]:=
557 513 383 107 343 ;
set Cs[1211]:=
777 715 804 765 673 693 ;
set Cs[1212]:=
645 257 860 314 661 ;
set Cs[1213]:=
563 585 717 242 267 783 104 ;
set Cs[1214]:=
415 954 557 559 641 ;
set Cs[1215]:=
831 764 658 109 978 ;
set Cs[1216]:=
95 708 147 496 530 259 971 ;
set Cs[1217]:=
29 89 237 299 322 ;
set Cs[1218]:=
916 869 602 847 301 ;
set Cs[1219]:=
507 920 643 286 740 324 ;
set Cs[1220]:=
641 53 502 514 29 ;
set Cs[1221]:=
497 760 798 934 596 ;
set Cs[1222]:=
924 199 135 757 491 516 719 ;
set Cs[1223]:=
698 382 933 745 402 967 ;
set Cs[1224]:=
505 147 459 707 314 214 912 ;
set Cs[1225]:=
390 476 244 520 996 ;
set Cs[1226]:=
633 456 104 987 878 677 790 ;
set Cs[1227]:=
797 453 403 78 474 929 ;
set Cs[1228]:=
168 56 539 327 801 ;
set Cs[1229]:=
234 259 202 602 715 35 356 ;
set Cs[1230]:=
772 640 902 906 464 ;
set Cs[1231]:=
901 757 136 246 88 500 24 ;
set Cs[1232]:=
73 195 170 798 884 462 ;
set Cs[1233]:=
885 539 817 353 331 157 ;
set Cs[1234]:=
147 112 228 459 367 ;
set Cs[1235]:=
199 327 271 884 288 ;
set Cs[1236]:=
75 856 865 297 937 ;
set Cs[1237]:=
786 599 178 767 436 432 465 ;
set Cs[1238]:=
897 173 455 956 764 ;
set Cs[1239]:=
21 927 411 831 236 ;
set Cs[1240]:=
296 666 878 561 686 ;
set Cs[1241]:=
935 698 138 409 486 944 ;
set Cs[1242]:=
49 248 858 937 856 ;
set Cs[1243]:=
346 682 176 458 942 546 ;
set Cs[1244]:=
300 594 73 987 367 ;
set Cs[1245]:=
415 764 719 344 288 345 246 ;
set Cs[1246]:=
719 344 64 199 758 ;
set Cs[1247]:=
623 4 617 527 585 130 ;
set Cs[1248]:=
932 508 497 141 882 386 ;
set Cs[1249]:=
434 444 5 654 41 928 ;
set Cs[1250]:=
65 786 715 235 92 901 241 ;
set Cs[1251]:=
349 182 171 790 604 233 674 ;
set Cs[1252]:=
22 492 999 222 343 986 ;
set Cs[1253]:=
228 525 980 583 234 ;
set Cs[1254]:=
358 538 120 235 218 ;
set Cs[1255]:=
866 464 715 640 942 612 ;
set Cs[1256]:=
882 906 636 682 480 876 957 ;
set Cs[1257]:=
876 214 517 596 723 753 ;
set Cs[1258]:=
776 228 211 797 48 335 ;
set Cs[1259]:=
702 862 826 729 701 497 ;
set Cs[1260]:=
671 437 439 990 216 262 147 ;
set Cs[1261]:=
946 271 327 901 412 59 ;
set Cs[1262]:=
830 711 358 844 537 ;
set Cs[1263]:=
299 788 617 511 259 715 ;
set Cs[1264]:=
565 957 453 318 475 242 ;
set Cs[1265]:=
790 133 971 88 729 961 ;
set Cs[1266]:=
799 475 906 723 190 84 ;
set Cs[1267]:=
119 23 496 621 144 ;
set Cs[1268]:=
528 669 321 643 499 ;
set Cs[1269]:=
673 583 503 66 619 ;
set Cs[1270]:=
242 41 965 17 745 ;
set Cs[1271]:=
847 744 72 750 304 675 179 ;
set Cs[1272]:=
788 38 115 5 88 ;
set Cs[1273]:=
844 99 135 439 437 560 ;
set Cs[1274]:=
713 6 91 138 74 994 ;
set Cs[1275]:=
489 398 719 194 561 ;
set Cs[1276]:=
384 806 293 350 458 708 435 ;
set Cs[1277]:=
487 845 750 465 283 ;
set Cs[1278]:=
785 48 171 178 840 ;
set Cs[1279]:=
176 35 34 305 775 ;
set Cs[1280]:=
866 636 309 227 256 218 784 ;
set Cs[1281]:=
364 342 953 917 784 880 804 ;
set Cs[1282]:=
443 845 68 640 89 615 ;
set Cs[1283]:=
201 310 893 989 397 897 ;
set Cs[1284]:=
710 74 917 213 442 904 ;
set Cs[1285]:=
650 138 38 969 238 539 989 ;
set Cs[1286]:=
129 789 160 972 457 942 ;
set Cs[1287]:=
21 886 246 546 361 506 418 ;
set Cs[1288]:=
757 386 265 772 886 861 ;
set Cs[1289]:=
813 535 69 760 942 40 888 ;
set Cs[1290]:=
810 789 58 893 475 265 930 ;
set Cs[1291]:=
33 975 151 265 741 249 ;
set Cs[1292]:=
695 902 69 360 44 753 ;
set Cs[1293]:=
88 781 316 293 451 265 661 ;
set Cs[1294]:=
941 880 779 981 543 16 345 ;
set Cs[1295]:=
602 627 670 913 221 124 565 ;
set Cs[1296]:=
704 503 593 836 251 ;
set Cs[1297]:=
738 545 113 640 505 ;
set Cs[1298]:=
764 799 115 243 42 974 754 ;
set Cs[1299]:=
164 703 310 253 42 987 ;
set Cs[1300]:=
279 532 969 891 246 563 490 ;
set Cs[1301]:=
718 639 312 963 764 ;
set Cs[1302]:=
246 236 675 688 835 ;
set Cs[1303]:=
583 353 486 207 86 231 783 ;
set Cs[1304]:=
6 694 939 318 900 179 77 ;
set Cs[1305]:=
977 691 783 631 651 ;
set Cs[1306]:=
525 593 355 263 744 ;
set Cs[1307]:=
715 587 84 250 889 30 ;
set Cs[1308]:=
29 222 783 900 612 833 ;
set Cs[1309]:=
344 266 780 426 80 790 ;
set Cs[1310]:=
666 331 906 628 14 658 818 ;
set Cs[1311]:=
478 183 463 583 176 810 ;
set Cs[1312]:=
178 268 932 582 420 ;
set Cs[1313]:=
65 666 783 34 398 931 ;
set Cs[1314]:=
987 760 437 838 205 749 ;
set Cs[1315]:=
48 58 916 637 805 ;
set Cs[1316]:=
305 549 151 942 809 ;
set Cs[1317]:=
740 216 205 346 764 741 161 ;
set Cs[1318]:=
851 521 204 176 812 ;
set Cs[1319]:=
544 197 318 383 239 ;
set Cs[1320]:=
972 107 321 567 719 ;
set Cs[1321]:=
653 765 44 92 265 856 ;
set Cs[1322]:=
131 804 334 233 338 358 ;
set Cs[1323]:=
632 266 622 941 151 539 ;
set Cs[1324]:=
457 339 737 291 552 ;
set Cs[1325]:=
765 697 810 561 535 ;
set Cs[1326]:=
259 442 938 741 816 615 280 ;
set Cs[1327]:=
673 66 113 339 541 646 ;
set Cs[1328]:=
202 658 894 286 327 589 346 ;
set Cs[1329]:=
424 803 97 573 264 608 346 ;
set Cs[1330]:=
436 883 317 879 566 383 ;
set Cs[1331]:=
845 875 385 737 706 398 474 ;
set Cs[1332]:=
770 233 546 265 207 ;
set Cs[1333]:=
203 522 108 52 811 ;
set Cs[1334]:=
459 44 314 888 39 ;
set Cs[1335]:=
836 584 273 429 387 ;
set Cs[1336]:=
766 627 890 39 358 ;
set Cs[1337]:=
946 907 752 261 789 872 ;
set Cs[1338]:=
614 982 376 555 50 ;
set Cs[1339]:=
616 27 863 136 147 47 317 ;
set Cs[1340]:=
388 998 171 799 104 ;
set Cs[1341]:=
371 927 981 529 115 578 ;
set Cs[1342]:=
14 507 227 126 446 ;
set Cs[1343]:=
512 902 823 866 695 ;
set Cs[1344]:=
890 240 455 156 463 615 596 ;
set Cs[1345]:=
366 883 228 251 835 ;
set Cs[1346]:=
228 902 320 242 583 ;
set Cs[1347]:=
942 266 213 824 717 803 74 ;
set Cs[1348]:=
641 627 840 345 645 866 561 ;
set Cs[1349]:=
273 213 101 474 821 ;
set Cs[1350]:=
329 558 637 113 317 595 216 ;
set Cs[1351]:=
490 629 297 261 580 ;
set Cs[1352]:=
930 755 927 879 874 397 ;
set Cs[1353]:=
58 622 697 631 317 432 ;
set Cs[1354]:=
362 603 629 626 526 735 682 ;
set Cs[1355]:=
196 930 714 764 126 668 ;
set Cs[1356]:=
720 999 636 506 194 116 185 ;
set Cs[1357]:=
205 21 51 760 274 ;
set Cs[1358]:=
455 14 927 68 661 36 ;
set Cs[1359]:=
637 449 435 253 420 ;
set Cs[1360]:=
444 367 265 628 764 115 645 ;
set Cs[1361]:=
303 207 519 250 382 205 175 ;
set Cs[1362]:=
950 471 300 289 532 249 ;
set Cs[1363]:=
309 355 225 76 461 ;
set Cs[1364]:=
665 798 953 795 276 883 ;
set Cs[1365]:=
874 781 402 248 962 828 823 ;
set Cs[1366]:=
587 602 908 442 533 618 633 ;
set Cs[1367]:=
909 621 653 720 175 ;
set Cs[1368]:=
994 299 266 781 558 635 ;
set Cs[1369]:=
207 375 972 616 115 ;
set Cs[1370]:=
334 450 821 161 350 ;
set Cs[1371]:=
292 152 942 819 714 72 ;
set Cs[1372]:=
222 227 529 491 298 517 ;
set Cs[1373]:=
426 343 559 314 688 ;
set Cs[1374]:=
688 797 851 82 844 ;
set Cs[1375]:=
87 437 57 900 466 637 775 ;
set Cs[1376]:=
568 365 526 635 412 ;
set Cs[1377]:=
34 42 492 267 315 ;
set Cs[1378]:=
870 996 543 883 106 ;
set Cs[1379]:=
474 527 115 66 17 ;
set Cs[1380]:=
534 69 819 278 476 ;
set Cs[1381]:=
417 166 955 529 403 265 ;
set Cs[1382]:=
988 834 388 671 475 875 ;
set Cs[1383]:=
49 211 953 78 94 988 ;
set Cs[1384]:=
557 752 261 606 958 973 ;
set Cs[1385]:=
830 456 192 181 111 861 ;
set Cs[1386]:=
299 711 928 602 98 881 207 ;
set Cs[1387]:=
64 674 628 40 310 907 ;
set Cs[1388]:=
742 466 481 779 790 754 262 ;
set Cs[1389]:=
941 488 199 641 831 ;
set Cs[1390]:=
912 173 169 783 131 268 860 ;
set Cs[1391]:=
882 242 146 438 222 849 ;
set Cs[1392]:=
752 813 975 957 237 ;
set Cs[1393]:=
59 319 293 154 805 ;
set Cs[1394]:=
514 404 360 388 39 ;
set Cs[1395]:=
401 744 124 409 674 965 876 ;
set Cs[1396]:=
32 218 674 266 433 ;
set Cs[1397]:=
997 111 343 304 675 ;
set Cs[1398]:=
280 229 645 962 196 ;
set Cs[1399]:=
648 526 715 537 203 614 ;
set Cs[1400]:=
253 315 995 797 108 ;
set Cs[1401]:=
503 472 212 164 874 ;
set Cs[1402]:=
955 645 111 902 141 501 ;
set Cs[1403]:=
951 190 136 445 272 ;
set Cs[1404]:=
939 532 320 256 942 120 48 ;
set Cs[1405]:=
314 229 235 265 446 532 602 ;
set Cs[1406]:=
799 166 88 859 474 459 ;
set Cs[1407]:=
315 291 234 886 311 ;
set Cs[1408]:=
281 651 355 967 439 753 221 ;
set Cs[1409]:=
107 70 681 131 14 629 450 ;
set Cs[1410]:=
178 772 528 451 23 781 ;
set Cs[1411]:=
915 913 441 992 642 ;
set Cs[1412]:=
905 372 760 194 908 403 ;
set Cs[1413]:=
820 328 704 946 244 721 ;
set Cs[1414]:=
519 940 91 850 679 ;
set Cs[1415]:=
313 356 265 982 345 ;
set Cs[1416]:=
847 934 301 542 48 528 ;
set Cs[1417]:=
410 125 819 426 703 ;
set Cs[1418]:=
996 726 634 827 201 911 582 ;
set Cs[1419]:=
898 384 697 763 407 125 289 ;
set Cs[1420]:=
171 263 883 47 300 ;
set Cs[1421]:=
609 744 721 293 525 147 487 ;
set Cs[1422]:=
950 417 384 17 115 ;
set Cs[1423]:=
446 750 486 231 916 349 ;
set Cs[1424]:=
673 412 115 845 931 967 779 ;
set Cs[1425]:=
626 909 508 131 303 962 561 ;
set Cs[1426]:=
680 180 714 345 41 615 916 ;
set Cs[1427]:=
575 603 901 861 367 798 631 ;
set Cs[1428]:=
864 594 490 682 658 946 286 ;
set Cs[1429]:=
629 930 804 52 918 ;
set Cs[1430]:=
558 211 846 452 139 915 268 ;
set Cs[1431]:=
624 650 946 276 903 ;
set Cs[1432]:=
963 191 459 221 316 82 ;
set Cs[1433]:=
347 501 944 491 350 ;
set Cs[1434]:=
299 458 797 605 781 449 393 ;
set Cs[1435]:=
52 942 848 173 744 517 ;
set Cs[1436]:=
621 930 470 103 357 594 819 ;
set Cs[1437]:=
540 265 979 732 572 ;
set Cs[1438]:=
43 304 309 967 203 ;
set Cs[1439]:=
138 48 115 305 302 369 ;
set Cs[1440]:=
966 432 900 961 975 636 179 ;
set Cs[1441]:=
851 860 769 902 376 302 712 ;
set Cs[1442]:=
299 810 459 59 869 870 253 ;
set Cs[1443]:=
844 222 752 214 455 ;
set Cs[1444]:=
49 496 207 251 845 ;
set Cs[1445]:=
360 727 785 418 228 408 ;
set Cs[1446]:=
483 190 183 600 902 ;
set Cs[1447]:=
627 560 803 67 702 953 ;
set Cs[1448]:=
31 540 608 743 475 697 ;
set Cs[1449]:=
647 354 439 75 744 484 897 ;
set Cs[1450]:=
551 80 186 757 52 382 ;
set Cs[1451]:=
758 29 51 229 257 675 ;
set Cs[1452]:=
91 779 214 617 194 70 405 ;
set Cs[1453]:=
809 404 119 186 686 ;
set Cs[1454]:=
847 264 76 607 5 988 ;
set Cs[1455]:=
357 749 851 872 106 ;
set Cs[1456]:=
709 955 876 946 58 ;
set Cs[1457]:=
829 834 799 634 810 651 ;
set Cs[1458]:=
558 876 297 651 587 ;
set Cs[1459]:=
955 252 335 236 641 553 ;
set Cs[1460]:=
221 810 594 320 694 157 ;
set Cs[1461]:=
555 395 154 658 335 ;
set Cs[1462]:=
366 732 422 191 944 ;
set Cs[1463]:=
944 545 910 797 283 ;
set Cs[1464]:=
595 811 770 474 930 346 ;
set Cs[1465]:=
667 745 538 600 22 ;
set Cs[1466]:=
141 347 773 273 601 296 333 ;
set Cs[1467]:=
636 727 608 20 643 9 780 ;
set Cs[1468]:=
643 514 703 971 772 731 ;
set Cs[1469]:=
173 301 210 602 876 55 296 ;
set Cs[1470]:=
587 554 907 671 203 ;
set Cs[1471]:=
80 316 456 566 414 ;
set Cs[1472]:=
48 513 958 566 315 301 ;
set Cs[1473]:=
743 963 939 410 457 836 ;
set Cs[1474]:=
583 546 464 664 395 927 130 ;
set Cs[1475]:=
56 942 265 977 770 14 ;
set Cs[1476]:=
531 383 232 836 553 992 131 ;
set Cs[1477]:=
487 33 930 705 490 660 ;
set Cs[1478]:=
236 620 67 665 667 ;
set Cs[1479]:=
289 754 568 54 552 674 ;
set Cs[1480]:=
4 946 878 450 780 904 ;
set Cs[1481]:=
390 715 485 523 775 350 74 ;
set Cs[1482]:=
571 40 145 883 13 302 ;
set Cs[1483]:=
681 508 627 895 881 336 ;
set Cs[1484]:=
118 599 70 965 883 4 338 ;
set Cs[1485]:=
501 907 351 24 993 106 265 ;
set Cs[1486]:=
221 830 386 432 533 160 ;
set Cs[1487]:=
459 702 651 183 199 499 881 ;
set Cs[1488]:=
395 902 615 753 811 740 561 ;
set Cs[1489]:=
73 803 648 845 810 ;
set Cs[1490]:=
645 663 658 286 525 765 ;
set Cs[1491]:=
64 711 283 789 173 872 777 ;
set Cs[1492]:=
99 683 171 623 677 91 ;
set Cs[1493]:=
175 198 204 900 463 ;
set Cs[1494]:=
98 417 553 358 297 834 ;
set Cs[1495]:=
127 339 121 636 869 ;
set Cs[1496]:=
300 310 111 19 21 528 327 ;
set Cs[1497]:=
595 235 780 196 900 783 ;
set Cs[1498]:=
886 347 169 280 218 759 644 ;
set Cs[1499]:=
169 715 733 496 262 ;
set Cs[1500]:=
982 222 321 69 169 170 171 ;
set Cs[1501]:=
487 51 464 601 878 47 55 ;
set Cs[1502]:=
439 203 702 711 299 901 849 ;
set Cs[1503]:=
300 617 410 111 289 834 ;
set Cs[1504]:=
924 9 136 214 664 ;
set Cs[1505]:=
240 253 849 783 459 634 72 ;
set Cs[1506]:=
150 866 66 207 64 13 238 ;
set Cs[1507]:=
666 642 406 602 538 ;
set Cs[1508]:=
334 434 307 365 888 955 285 ;
set Cs[1509]:=
131 572 257 90 642 790 ;
set Cs[1510]:=
72 353 899 640 681 ;
set Cs[1511]:=
533 87 263 112 940 114 ;
set Cs[1512]:=
777 42 65 507 120 26 199 ;
set Cs[1513]:=
585 941 602 696 874 910 ;
set Cs[1514]:=
428 847 72 963 827 865 ;
set Cs[1515]:=
297 195 174 703 785 ;
set Cs[1516]:=
587 893 63 702 377 ;
set Cs[1517]:=
377 346 386 840 834 ;
set Cs[1518]:=
946 514 207 607 347 ;
set Cs[1519]:=
119 19 777 595 744 321 ;
set Cs[1520]:=
214 797 982 334 545 ;
set Cs[1521]:=
497 605 467 271 380 49 908 ;
set Cs[1522]:=
809 441 503 407 593 307 ;
set Cs[1523]:=
418 176 463 449 531 259 ;
set Cs[1524]:=
79 671 557 918 424 83 181 ;
set Cs[1525]:=
1000 929 861 671 915 445 215 ;
set Cs[1526]:=
443 271 308 607 806 ;
set Cs[1527]:=
465 316 19 824 486 39 427 ;
set Cs[1528]:=
800 542 701 753 831 ;
set Cs[1529]:=
3 267 836 361 259 ;
set Cs[1530]:=
166 125 236 331 82 499 ;
set Cs[1531]:=
745 367 552 79 823 ;
set Cs[1532]:=
323 707 300 459 82 757 563 ;
set Cs[1533]:=
170 314 267 178 964 ;
set Cs[1534]:=
821 763 737 896 785 264 ;
set Cs[1535]:=
314 532 52 259 890 957 ;
set Cs[1536]:=
10 52 175 877 930 339 ;
set Cs[1537]:=
109 575 499 498 415 ;
set Cs[1538]:=
698 886 975 812 695 ;
set Cs[1539]:=
98 476 993 552 826 919 631 ;
set Cs[1540]:=
145 626 996 316 154 ;
set Cs[1541]:=
878 68 531 376 292 156 802 ;
set Cs[1542]:=
522 174 463 821 120 305 366 ;
set Cs[1543]:=
91 258 967 803 426 451 315 ;
set Cs[1544]:=
47 572 194 309 607 ;
set Cs[1545]:=
940 472 712 643 535 933 203 ;
set Cs[1546]:=
802 723 204 386 810 ;
set Cs[1547]:=
67 477 776 553 648 ;
set Cs[1548]:=
783 414 109 80 523 225 ;
set Cs[1549]:=
394 54 196 259 960 485 ;
set Cs[1550]:=
901 929 349 490 614 78 ;
set Cs[1551]:=
962 222 238 496 528 926 352 ;
set Cs[1552]:=
241 731 764 251 792 650 559 ;
set Cs[1553]:=
545 178 169 334 81 6 ;
set Cs[1554]:=
25 998 740 434 786 321 ;
set Cs[1555]:=
183 587 376 263 166 500 446 ;
set Cs[1556]:=
884 261 271 993 230 529 512 ;
set Cs[1557]:=
303 637 425 281 96 745 17 ;
set Cs[1558]:=
858 218 346 135 866 ;
set Cs[1559]:=
504 443 4 784 585 609 339 ;
set Cs[1560]:=
701 40 851 545 229 849 539 ;
set Cs[1561]:=
39 761 460 72 491 189 293 ;
set Cs[1562]:=
658 674 74 39 645 640 113 ;
set Cs[1563]:=
310 967 228 953 332 532 ;
set Cs[1564]:=
577 636 506 861 991 671 ;
set Cs[1565]:=
702 373 259 679 80 830 222 ;
set Cs[1566]:=
890 626 387 553 963 352 199 ;
set Cs[1567]:=
491 169 353 59 91 ;
set Cs[1568]:=
755 95 948 786 34 554 ;
set Cs[1569]:=
702 896 798 425 979 514 291 ;
set Cs[1570]:=
291 626 434 212 869 ;
set Cs[1571]:=
518 285 229 760 726 558 814 ;
set Cs[1572]:=
377 363 457 331 593 305 151 ;
set Cs[1573]:=
942 765 27 395 465 35 ;
set Cs[1574]:=
522 587 480 198 529 344 ;
set Cs[1575]:=
488 494 204 198 876 168 ;
set Cs[1576]:=
874 617 768 374 421 820 42 ;
set Cs[1577]:=
535 236 476 265 112 523 650 ;
set Cs[1578]:=
282 131 345 732 152 ;
set Cs[1579]:=
499 82 836 526 508 271 195 ;
set Cs[1580]:=
23 765 78 811 327 124 929 ;
set Cs[1581]:=
819 851 70 65 248 830 585 ;
set Cs[1582]:=
55 578 858 272 672 ;
set Cs[1583]:=
759 139 119 617 785 518 ;
set Cs[1584]:=
469 129 190 485 888 264 ;
set Cs[1585]:=
691 486 484 249 367 450 487 ;
set Cs[1586]:=
4 388 29 178 426 599 ;
set Cs[1587]:=
755 56 703 1 883 323 66 ;
set Cs[1588]:=
499 349 697 641 155 ;
set Cs[1589]:=
758 401 36 744 427 ;
set Cs[1590]:=
168 663 48 299 820 34 917 ;
set Cs[1591]:=
585 996 35 358 488 ;
set Cs[1592]:=
835 535 511 822 626 882 ;
set Cs[1593]:=
599 763 788 803 371 ;
set Cs[1594]:=
330 57 36 846 784 147 265 ;
set Cs[1595]:=
231 439 967 326 388 85 ;
set Cs[1596]:=
358 950 557 126 770 ;
set Cs[1597]:=
188 859 756 615 971 ;
set Cs[1598]:=
585 138 527 781 766 216 643 ;
set Cs[1599]:=
465 683 675 554 475 511 623 ;
set Cs[1600]:=
276 23 810 242 211 131 ;
set Cs[1601]:=
136 697 64 176 688 397 29 ;
set Cs[1602]:=
830 499 366 783 834 ;
set Cs[1603]:=
611 866 939 173 814 ;
set Cs[1604]:=
352 838 129 376 739 207 ;
set Cs[1605]:=
621 207 242 748 298 552 426 ;
set Cs[1606]:=
953 191 82 932 633 ;
set Cs[1607]:=
266 397 352 409 819 ;
set Cs[1608]:=
525 83 448 781 331 ;
set Cs[1609]:=
600 697 627 115 861 ;
set Cs[1610]:=
179 783 32 578 30 772 720 ;
set Cs[1611]:=
385 133 587 651 228 ;
set Cs[1612]:=
84 334 963 195 697 615 ;
set Cs[1613]:=
654 249 766 405 589 795 285 ;
set Cs[1614]:=
818 78 20 941 601 908 171 ;
set Cs[1615]:=
617 221 537 175 626 503 ;
set Cs[1616]:=
786 770 169 309 504 189 132 ;
set Cs[1617]:=
507 197 319 221 204 ;
set Cs[1618]:=
870 583 653 727 674 ;
set Cs[1619]:=
696 120 744 506 697 998 ;
set Cs[1620]:=
829 356 304 883 545 9 ;
set Cs[1621]:=
636 277 401 480 72 382 ;
set Cs[1622]:=
683 866 955 741 148 570 ;
set Cs[1623]:=
231 599 831 604 330 ;
set Cs[1624]:=
633 878 804 963 931 491 5 ;
set Cs[1625]:=
63 42 1000 115 934 ;
set Cs[1626]:=
697 890 199 439 886 508 ;
set Cs[1627]:=
231 823 386 108 803 ;
set Cs[1628]:=
332 178 29 586 578 456 890 ;
set Cs[1629]:=
545 485 139 595 627 176 289 ;
set Cs[1630]:=
552 113 477 902 897 743 682 ;
set Cs[1631]:=
944 57 265 821 466 526 ;
set Cs[1632]:=
836 578 334 268 898 ;
set Cs[1633]:=
351 693 64 823 963 273 ;
set Cs[1634]:=
737 695 6 953 280 ;
set Cs[1635]:=
670 774 442 695 481 67 491 ;
set Cs[1636]:=
674 303 23 605 239 431 446 ;
set Cs[1637]:=
788 123 674 695 881 999 658 ;
set Cs[1638]:=
199 369 513 506 292 478 ;
set Cs[1639]:=
612 836 47 758 274 ;
set Cs[1640]:=
823 283 557 783 239 500 748 ;
set Cs[1641]:=
831 443 624 216 232 991 ;
set Cs[1642]:=
529 912 378 928 673 949 321 ;
set Cs[1643]:=
258 65 244 427 502 19 ;
set Cs[1644]:=
786 69 31 135 698 ;
set Cs[1645]:=
586 583 996 248 64 362 449 ;
set Cs[1646]:=
366 783 631 546 310 4 21 ;
set Cs[1647]:=
816 386 670 438 373 ;
set Cs[1648]:=
579 201 609 396 66 ;
set Cs[1649]:=
900 583 968 397 475 ;
set Cs[1650]:=
156 856 703 630 384 ;
set Cs[1651]:=
818 427 136 967 420 ;
set Cs[1652]:=
932 138 885 446 321 377 ;
set Cs[1653]:=
437 744 803 533 462 ;
set Cs[1654]:=
624 916 702 856 335 387 262 ;
set Cs[1655]:=
192 635 764 125 514 177 ;
set Cs[1656]:=
281 809 40 623 183 560 103 ;
set Cs[1657]:=
376 584 23 901 108 141 ;
set Cs[1658]:=
88 578 349 783 55 ;
set Cs[1659]:=
60 530 783 599 74 886 780 ;
set Cs[1660]:=
215 886 988 572 309 882 ;
set Cs[1661]:=
136 759 248 271 558 800 ;
set Cs[1662]:=
517 317 34 78 492 ;
set Cs[1663]:=
652 941 476 472 115 486 790 ;
set Cs[1664]:=
500 476 343 196 96 ;
set Cs[1665]:=
89 234 514 422 721 ;
set Cs[1666]:=
262 29 604 739 967 494 70 ;
set Cs[1667]:=
848 772 464 821 433 ;
set Cs[1668]:=
237 386 539 569 851 586 286 ;
set Cs[1669]:=
241 442 365 701 587 777 629 ;
set Cs[1670]:=
319 900 743 465 22 ;
set Cs[1671]:=
288 178 605 375 591 353 ;
set Cs[1672]:=
14 56 887 506 469 811 ;
set Cs[1673]:=
199 781 980 973 152 597 286 ;
set Cs[1674]:=
504 376 953 377 80 777 812 ;
set Cs[1675]:=
353 409 698 256 81 ;
set Cs[1676]:=
17 573 403 609 863 631 125 ;
set Cs[1677]:=
48 19 666 987 182 ;
set Cs[1678]:=
567 29 291 17 750 532 ;
set Cs[1679]:=
165 349 926 286 436 384 987 ;
set Cs[1680]:=
521 446 94 890 862 705 ;
set Cs[1681]:=
587 890 932 450 323 406 ;
set Cs[1682]:=
545 237 781 522 241 934 ;
set Cs[1683]:=
744 112 688 640 314 219 ;
set Cs[1684]:=
627 71 65 377 629 136 ;
set Cs[1685]:=
107 38 173 227 580 953 ;
set Cs[1686]:=
561 477 411 216 113 70 ;
set Cs[1687]:=
47 931 823 29 342 ;
set Cs[1688]:=
522 905 849 628 769 250 273 ;
set Cs[1689]:=
673 752 52 203 139 ;
set Cs[1690]:=
313 982 216 969 583 ;
set Cs[1691]:=
177 641 225 844 76 775 978 ;
set Cs[1692]:=
881 250 863 254 410 204 ;
set Cs[1693]:=
784 891 237 871 135 790 ;
set Cs[1694]:=
577 437 698 202 242 ;
set Cs[1695]:=
783 898 559 497 533 ;
set Cs[1696]:=
645 609 663 669 696 ;
set Cs[1697]:=
382 489 835 866 420 608 526 ;
set Cs[1698]:=
201 268 420 858 698 ;
set Cs[1699]:=
693 600 372 104 300 697 ;
set Cs[1700]:=
546 539 58 744 765 ;
set Cs[1701]:=
131 539 786 79 48 171 82 ;
set Cs[1702]:=
557 79 376 602 352 ;
set Cs[1703]:=
528 546 545 909 499 706 831 ;
set Cs[1704]:=
261 198 586 827 318 632 785 ;
set Cs[1705]:=
476 975 701 282 804 ;
set Cs[1706]:=
820 901 293 858 253 231 617 ;
set Cs[1707]:=
780 363 673 249 129 957 ;
set Cs[1708]:=
780 953 238 833 616 ;
set Cs[1709]:=
136 147 254 80 698 ;
set Cs[1710]:=
75 388 444 268 192 176 507 ;
set Cs[1711]:=
189 954 874 265 977 48 966 ;
set Cs[1712]:=
502 801 278 630 609 ;
set Cs[1713]:=
957 76 19 675 891 615 ;
set Cs[1714]:=
811 198 243 838 231 111 ;
set Cs[1715]:=
605 472 552 307 856 526 ;
set Cs[1716]:=
617 928 522 536 346 63 ;
set Cs[1717]:=
626 817 459 777 766 641 367 ;
set Cs[1718]:=
598 523 819 199 840 556 ;
set Cs[1719]:=
583 707 453 131 16 ;
set Cs[1720]:=
187 666 315 601 856 129 765 ;
set Cs[1721]:=
446 560 658 112 201 476 ;
set Cs[1722]:=
117 603 639 464 668 735 ;
set Cs[1723]:=
945 871 178 816 478 442 41 ;
set Cs[1724]:=
44 996 123 500 492 7 ;
set Cs[1725]:=
356 138 367 373 896 ;
set Cs[1726]:=
977 176 491 36 373 192 388 ;
set Cs[1727]:=
621 486 194 538 403 ;
set Cs[1728]:=
975 934 201 349 236 ;
set Cs[1729]:=
792 708 413 243 819 901 47 ;
set Cs[1730]:=
62 4 729 835 199 ;
set Cs[1731]:=
663 321 367 234 636 715 508 ;
set Cs[1732]:=
22 993 177 875 175 265 ;
set Cs[1733]:=
617 715 847 285 415 833 809 ;
set Cs[1734]:=
826 160 450 257 424 975 886 ;
set Cs[1735]:=
112 683 52 708 522 ;
set Cs[1736]:=
848 815 323 819 799 886 ;
set Cs[1737]:=
569 763 823 58 199 161 948 ;
set Cs[1738]:=
307 805 335 944 696 ;
set Cs[1739]:=
829 674 551 645 270 33 ;
set Cs[1740]:=
332 13 693 394 67 615 929 ;
set Cs[1741]:=
237 858 513 116 178 259 735 ;
set Cs[1742]:=
42 81 19 645 48 472 784 ;
set Cs[1743]:=
349 603 49 336 890 833 799 ;
set Cs[1744]:=
492 909 182 204 636 ;
set Cs[1745]:=
135 236 410 420 702 409 ;
set Cs[1746]:=
132 324 228 281 723 900 ;
set Cs[1747]:=
650 335 44 4 258 808 ;
set Cs[1748]:=
741 265 442 821 818 ;
set Cs[1749]:=
316 818 475 842 63 ;
set Cs[1750]:=
708 953 783 292 490 ;
set Cs[1751]:=
715 195 918 928 487 476 ;
set Cs[1752]:=
173 757 884 283 617 765 ;
set Cs[1753]:=
262 942 938 641 69 216 650 ;
set Cs[1754]:=
262 953 132 434 923 261 ;
set Cs[1755]:=
859 73 615 146 366 31 46 ;
set Cs[1756]:=
743 358 658 607 977 920 568 ;
set Cs[1757]:=
760 924 593 794 623 750 ;
set Cs[1758]:=
671 295 221 875 936 ;
set Cs[1759]:=
190 743 300 196 222 741 302 ;
set Cs[1760]:=
615 942 889 263 366 ;
set Cs[1761]:=
666 631 710 538 834 591 ;
set Cs[1762]:=
729 216 806 168 631 ;
set Cs[1763]:=
115 126 236 551 78 ;
set Cs[1764]:=
84 888 583 383 758 848 965 ;
set Cs[1765]:=
56 835 221 587 942 ;
set Cs[1766]:=
352 658 276 491 307 584 ;
set Cs[1767]:=
752 944 869 651 80 174 299 ;
set Cs[1768]:=
296 384 192 559 953 ;
set Cs[1769]:=
375 561 27 618 820 987 890 ;
set Cs[1770]:=
48 353 274 171 263 ;
set Cs[1771]:=
785 508 162 594 927 ;
set Cs[1772]:=
80 46 175 314 422 819 112 ;
set Cs[1773]:=
558 694 940 828 858 ;
set Cs[1774]:=
679 683 497 710 25 386 439 ;
set Cs[1775]:=
239 504 65 763 358 ;
set Cs[1776]:=
531 387 239 171 674 886 ;
set Cs[1777]:=
885 68 432 246 506 ;
set Cs[1778]:=
902 38 871 625 398 131 665 ;
set Cs[1779]:=
286 386 376 358 401 184 545 ;
set Cs[1780]:=
500 257 394 563 944 ;
set Cs[1781]:=
827 246 851 221 428 677 148 ;
set Cs[1782]:=
36 727 252 318 890 608 881 ;
set Cs[1783]:=
212 582 794 812 663 645 517 ;
set Cs[1784]:=
944 120 897 207 215 538 829 ;
set Cs[1785]:=
616 673 701 869 888 819 222 ;
set Cs[1786]:=
433 749 523 2 405 ;
set Cs[1787]:=
627 146 315 874 669 ;
set Cs[1788]:=
889 149 565 587 891 578 ;
set Cs[1789]:=
300 880 545 648 679 ;
set Cs[1790]:=
819 239 457 444 74 937 ;
set Cs[1791]:=
465 236 121 528 907 797 ;
set Cs[1792]:=
898 316 817 461 209 ;
set Cs[1793]:=
805 702 321 184 598 ;
set Cs[1794]:=
461 352 31 596 356 999 ;
set Cs[1795]:=
364 56 160 856 760 ;
set Cs[1796]:=
342 954 533 54 924 599 474 ;
set Cs[1797]:=
319 168 135 395 160 ;
set Cs[1798]:=
566 156 227 805 967 ;
set Cs[1799]:=
286 637 199 569 748 563 ;
set Cs[1800]:=
36 240 532 222 785 ;
set Cs[1801]:=
773 398 772 231 190 382 701 ;
set Cs[1802]:=
744 607 900 241 982 ;
set Cs[1803]:=
305 389 120 945 192 ;
set Cs[1804]:=
56 108 213 572 88 629 152 ;
set Cs[1805]:=
342 22 980 420 642 ;
set Cs[1806]:=
702 851 624 765 810 ;
set Cs[1807]:=
807 601 390 762 476 164 836 ;
set Cs[1808]:=
729 941 535 544 476 121 ;
set Cs[1809]:=
480 449 426 333 878 131 ;
set Cs[1810]:=
861 228 134 529 495 265 ;
set Cs[1811]:=
715 474 623 551 607 595 ;
set Cs[1812]:=
34 598 382 521 816 ;
set Cs[1813]:=
57 537 9 72 971 320 ;
set Cs[1814]:=
683 797 891 663 88 42 636 ;
set Cs[1815]:=
667 720 486 956 249 ;
set Cs[1816]:=
608 957 642 885 601 497 24 ;
set Cs[1817]:=
975 514 465 40 491 862 ;
set Cs[1818]:=
953 463 458 156 253 715 583 ;
set Cs[1819]:=
242 420 462 432 387 719 ;
set Cs[1820]:=
377 166 491 667 40 704 ;
set Cs[1821]:=
767 138 532 176 180 301 899 ;
set Cs[1822]:=
864 493 232 546 135 ;
set Cs[1823]:=
34 735 890 49 52 352 109 ;
set Cs[1824]:=
466 615 792 982 261 ;
set Cs[1825]:=
856 608 91 241 252 552 ;
set Cs[1826]:=
587 758 131 612 210 ;
set Cs[1827]:=
221 291 50 133 924 ;
set Cs[1828]:=
461 859 128 655 16 132 ;
set Cs[1829]:=
428 882 953 102 859 ;
set Cs[1830]:=
940 599 489 56 568 309 ;
set Cs[1831]:=
648 572 540 881 585 886 930 ;
set Cs[1832]:=
915 526 484 1000 856 321 ;
set Cs[1833]:=
874 804 299 367 507 ;
set Cs[1834]:=
993 705 231 755 945 772 ;
set Cs[1835]:=
551 896 286 225 803 ;
set Cs[1836]:=
171 776 214 150 271 ;
set Cs[1837]:=
677 494 30 928 529 410 701 ;
set Cs[1838]:=
363 658 222 701 119 831 957 ;
set Cs[1839]:=
882 919 35 766 150 886 506 ;
set Cs[1840]:=
739 645 741 132 143 303 ;
set Cs[1841]:=
694 821 803 361 474 ;
set Cs[1842]:=
33 955 883 342 427 949 157 ;
set Cs[1843]:=
640 899 738 483 572 60 52 ;
set Cs[1844]:=
886 984 963 871 865 ;
set Cs[1845]:=
384 274 542 821 101 583 ;
set Cs[1846]:=
602 437 233 801 721 674 987 ;
set Cs[1847]:=
618 946 289 752 929 145 ;
set Cs[1848]:=
941 793 321 202 863 472 ;
set Cs[1849]:=
707 40 487 983 508 ;
set Cs[1850]:=
425 571 784 464 75 996 ;
set Cs[1851]:=
17 242 686 777 775 ;
set Cs[1852]:=
876 618 831 917 988 114 181 ;
set Cs[1853]:=
759 204 421 66 10 23 ;
set Cs[1854]:=
652 316 953 646 487 636 790 ;
set Cs[1855]:=
299 126 339 145 518 112 ;
set Cs[1856]:=
321 573 307 622 363 775 112 ;
set Cs[1857]:=
171 47 286 629 406 ;
set Cs[1858]:=
827 238 820 525 240 ;
set Cs[1859]:=
212 87 490 631 221 186 303 ;
set Cs[1860]:=
636 774 629 19 800 ;
set Cs[1861]:=
569 745 645 79 651 115 ;
set Cs[1862]:=
711 594 749 805 521 ;
set Cs[1863]:=
345 228 737 209 284 267 47 ;
set Cs[1864]:=
363 831 366 401 863 719 ;
set Cs[1865]:=
225 176 620 77 641 774 151 ;
set Cs[1866]:=
753 271 213 643 285 ;
set Cs[1867]:=
151 136 599 478 344 591 ;
set Cs[1868]:=
861 931 199 169 772 779 899 ;
set Cs[1869]:=
521 916 723 387 866 ;
set Cs[1870]:=
70 587 387 641 870 ;
set Cs[1871]:=
520 567 813 21 835 972 184 ;
set Cs[1872]:=
643 21 333 335 577 745 608 ;
set Cs[1873]:=
988 130 47 588 282 ;
set Cs[1874]:=
123 564 558 681 80 48 297 ;
set Cs[1875]:=
223 203 789 891 604 615 942 ;
set Cs[1876]:=
285 627 956 674 42 554 ;
set Cs[1877]:=
390 674 497 788 763 3 ;
set Cs[1878]:=
6 13 277 586 309 623 593 ;
set Cs[1879]:=
578 474 862 859 988 58 917 ;
set Cs[1880]:=
886 780 188 628 822 932 526 ;
set Cs[1881]:=
23 302 281 47 301 ;
set Cs[1882]:=
246 169 297 869 877 106 ;
set Cs[1883]:=
212 844 317 99 367 ;
set Cs[1884]:=
42 826 176 300 169 819 505 ;
set Cs[1885]:=
939 458 945 931 783 944 898 ;
set Cs[1886]:=
8 282 656 857 40 263 317 ;
set Cs[1887]:=
896 474 216 115 752 781 ;
set Cs[1888]:=
558 932 584 238 246 973 ;
set Cs[1889]:=
380 735 66 901 305 ;
set Cs[1890]:=
630 347 436 195 101 ;
set Cs[1891]:=
693 896 73 774 91 ;
set Cs[1892]:=
764 465 835 877 563 116 ;
set Cs[1893]:=
497 573 707 862 447 166 ;
set Cs[1894]:=
203 593 230 166 277 55 497 ;
set Cs[1895]:=
851 501 780 729 907 ;
set Cs[1896]:=
723 170 491 195 973 291 587 ;
set Cs[1897]:=
221 916 567 774 615 799 ;
set Cs[1898]:=
243 759 273 785 300 463 ;
set Cs[1899]:=
112 661 973 904 201 ;
set Cs[1900]:=
883 59 280 972 258 863 219 ;
set Cs[1901]:=
900 425 446 844 25 ;
set Cs[1902]:=
847 198 629 168 884 720 615 ;
set Cs[1903]:=
380 977 17 69 906 512 214 ;
set Cs[1904]:=
251 441 257 410 790 723 48 ;
set Cs[1905]:=
518 505 72 810 763 993 559 ;
set Cs[1906]:=
146 262 857 592 710 942 ;
set Cs[1907]:=
595 164 785 514 281 830 ;
set Cs[1908]:=
627 427 472 385 160 529 629 ;
set Cs[1909]:=
851 461 474 279 422 98 674 ;
set Cs[1910]:=
299 811 744 500 600 775 309 ;
set Cs[1911]:=
177 904 754 907 874 608 ;
set Cs[1912]:=
929 30 196 674 642 ;
set Cs[1913]:=
435 42 583 282 323 ;
set Cs[1914]:=
783 878 153 772 55 328 ;
set Cs[1915]:=
489 626 953 187 521 661 719 ;
set Cs[1916]:=
988 104 48 305 717 ;
set Cs[1917]:=
883 869 896 740 963 48 ;
set Cs[1918]:=
393 35 678 192 229 983 ;
set Cs[1919]:=
258 491 589 464 782 ;
set Cs[1920]:=
898 869 842 790 94 565 ;
set Cs[1921]:=
917 151 627 79 16 672 189 ;
set Cs[1922]:=
253 519 229 222 810 969 560 ;
set Cs[1923]:=
334 99 568 810 156 913 14 ;
set Cs[1924]:=
361 268 611 39 13 835 ;
set Cs[1925]:=
285 424 641 54 882 496 ;
set Cs[1926]:=
964 803 3 740 38 ;
set Cs[1927]:=
302 509 629 528 50 ;
set Cs[1928]:=
427 617 996 149 757 ;
set Cs[1929]:=
331 679 917 379 547 515 ;
set Cs[1930]:=
558 186 676 721 701 ;
set Cs[1931]:=
19 375 248 780 230 759 344 ;
set Cs[1932]:=
382 776 785 800 818 238 ;
set Cs[1933]:=
388 198 671 665 257 266 764 ;
set Cs[1934]:=
964 314 462 519 438 628 66 ;
set Cs[1935]:=
131 265 34 230 616 474 ;
set Cs[1936]:=
257 279 56 209 196 801 ;
set Cs[1937]:=
623 973 433 231 983 ;
set Cs[1938]:=
889 902 199 207 565 75 666 ;
set Cs[1939]:=
377 300 82 801 271 710 ;
set Cs[1940]:=
983 262 51 753 711 701 151 ;
set Cs[1941]:=
598 641 980 912 939 ;
set Cs[1942]:=
227 64 380 697 640 ;
set Cs[1943]:=
744 831 665 563 329 124 ;
set Cs[1944]:=
561 58 939 779 402 804 ;
set Cs[1945]:=
352 744 202 835 221 571 ;
set Cs[1946]:=
641 130 285 895 508 871 604 ;
set Cs[1947]:=
49 981 663 772 436 603 ;
set Cs[1948]:=
793 76 94 797 292 4 231 ;
set Cs[1949]:=
222 439 530 225 661 538 ;
set Cs[1950]:=
388 267 672 875 268 242 221 ;
set Cs[1951]:=
696 169 401 497 210 804 683 ;
set Cs[1952]:=
667 259 162 785 446 386 494 ;
set Cs[1953]:=
998 180 879 598 174 60 283 ;
set Cs[1954]:=
347 941 369 102 112 458 744 ;
set Cs[1955]:=
347 888 99 197 547 772 651 ;
set Cs[1956]:=
98 881 528 90 357 ;
set Cs[1957]:=
645 599 818 977 327 ;
set Cs[1958]:=
744 991 591 715 851 866 3 ;
set Cs[1959]:=
432 677 100 927 446 ;
set Cs[1960]:=
578 740 4 886 412 571 82 ;
set Cs[1961]:=
506 552 658 238 402 268 33 ;
set Cs[1962]:=
827 109 656 569 138 ;
set Cs[1963]:=
967 488 197 199 786 ;
set Cs[1964]:=
475 519 784 614 63 817 ;
set Cs[1965]:=
289 83 768 745 331 ;
set Cs[1966]:=
538 953 58 334 571 516 ;
set Cs[1967]:=
109 750 395 763 410 615 26 ;
set Cs[1968]:=
977 331 236 891 171 ;
set Cs[1969]:=
260 397 880 448 478 300 987 ;
set Cs[1970]:=
362 930 861 181 70 775 ;
set Cs[1971]:=
503 176 363 742 508 ;
set Cs[1972]:=
44 727 456 100 977 558 ;
set Cs[1973]:=
349 655 561 886 688 626 ;
set Cs[1974]:=
711 906 417 359 763 ;
set Cs[1975]:=
623 120 533 501 223 ;
set Cs[1976]:=
869 513 765 426 757 ;
set Cs[1977]:=
369 508 924 972 582 ;
set Cs[1978]:=
670 501 984 218 199 755 ;
set Cs[1979]:=
212 946 961 302 413 573 ;
set Cs[1980]:=
238 54 723 313 387 194 ;
set Cs[1981]:=
181 296 360 958 99 495 ;
set Cs[1982]:=
478 427 178 202 627 866 658 ;
set Cs[1983]:=
418 671 530 421 424 705 762 ;
set Cs[1984]:=
50 729 886 987 490 72 ;
set Cs[1985]:=
135 168 376 304 758 ;
set Cs[1986]:=
497 342 519 58 942 605 ;
set Cs[1987]:=
669 450 42 255 545 964 785 ;
set Cs[1988]:=
115 78 42 36 998 492 132 ;
set Cs[1989]:=
199 56 551 780 665 831 182 ;
set Cs[1990]:=
558 428 640 566 815 634 ;
set Cs[1991]:=
351 627 464 115 441 ;
set Cs[1992]:=
27 289 474 605 160 ;
set Cs[1993]:=
898 899 350 242 772 681 538 ;
set Cs[1994]:=
4 514 383 243 173 289 ;
set Cs[1995]:=
582 650 547 558 412 586 790 ;
set Cs[1996]:=
191 325 605 987 301 ;
set Cs[1997]:=
425 121 775 417 321 393 273 ;
set Cs[1998]:=
878 593 506 253 688 ;
set Cs[1999]:=
248 334 780 15 304 ;
set Cs[2000]:=
335 56 688 906 866 214 ;
set Cs[2001]:=
457 878 575 215 844 ;
set Cs[2002]:=
168 136 388 572 475 537 80 ;
set Cs[2003]:=
627 654 922 72 745 507 760 ;
set Cs[2004]:=
987 48 763 623 592 195 259 ;
set Cs[2005]:=
608 258 634 946 309 339 615 ;
set Cs[2006]:=
826 608 404 772 207 250 ;
set Cs[2007]:=
618 793 713 125 707 ;
set Cs[2008]:=
928 900 231 62 123 ;
set Cs[2009]:=
55 91 384 439 225 797 ;
set Cs[2010]:=
879 886 958 336 764 518 ;
set Cs[2011]:=
675 383 658 245 857 ;
set Cs[2012]:=
139 4 764 743 115 797 214 ;
set Cs[2013]:=
993 461 243 620 858 830 428 ;
set Cs[2014]:=
529 303 100 774 671 169 ;
set Cs[2015]:=
58 589 875 575 727 781 ;
set Cs[2016]:=
911 261 216 112 384 699 109 ;
set Cs[2017]:=
485 711 502 773 180 ;
set Cs[2018]:=
814 710 583 403 499 629 ;
set Cs[2019]:=
561 131 8 133 780 ;
set Cs[2020]:=
216 194 357 795 665 802 55 ;
set Cs[2021]:=
384 298 760 552 765 ;
set Cs[2022]:=
707 927 344 907 543 ;
set Cs[2023]:=
645 265 19 758 905 875 139 ;
set Cs[2024]:=
258 318 177 901 512 ;
set Cs[2025]:=
629 338 97 437 811 293 ;
set Cs[2026]:=
645 806 788 315 593 ;
set Cs[2027]:=
964 414 274 438 887 494 764 ;
set Cs[2028]:=
237 708 674 388 594 ;
set Cs[2029]:=
327 135 271 49 353 775 ;
set Cs[2030]:=
981 321 274 616 504 ;
set Cs[2031]:=
285 623 718 186 919 199 317 ;
set Cs[2032]:=
264 80 777 362 695 712 585 ;
set Cs[2033]:=
43 623 26 70 865 ;
set Cs[2034]:=
532 72 173 627 570 ;
set Cs[2035]:=
387 346 266 300 376 331 471 ;
set Cs[2036]:=
192 575 981 125 558 189 ;
set Cs[2037]:=
437 390 159 526 886 ;
set Cs[2038]:=
404 490 46 731 229 ;
set Cs[2039]:=
685 323 49 5 671 872 634 ;
set Cs[2040]:=
211 565 82 283 67 367 879 ;
set Cs[2041]:=
192 918 928 972 729 ;
set Cs[2042]:=
902 706 441 216 759 866 291 ;
set Cs[2043]:=
219 240 52 519 231 ;
set Cs[2044]:=
339 170 487 66 996 444 ;
set Cs[2045]:=
907 55 213 927 509 ;
set Cs[2046]:=
222 594 441 176 752 497 ;
set Cs[2047]:=
702 456 800 554 95 883 177 ;
set Cs[2048]:=
675 669 53 47 783 ;
set Cs[2049]:=
486 48 301 758 881 44 899 ;
set Cs[2050]:=
125 234 351 658 580 ;
set Cs[2051]:=
271 932 953 835 9 706 ;
set Cs[2052]:=
476 772 815 459 617 478 565 ;
set Cs[2053]:=
703 173 858 22 824 190 ;
set Cs[2054]:=
376 475 875 719 578 681 ;
set Cs[2055]:=
658 508 21 67 931 ;
set Cs[2056]:=
755 38 14 444 708 ;
set Cs[2057]:=
198 888 653 803 84 918 616 ;
set Cs[2058]:=
289 982 681 502 830 497 302 ;
set Cs[2059]:=
176 557 300 308 630 ;
set Cs[2060]:=
268 988 267 874 850 369 442 ;
set Cs[2061]:=
834 856 109 386 301 819 84 ;
set Cs[2062]:=
207 171 765 176 658 31 ;
set Cs[2063]:=
955 476 551 507 401 ;
set Cs[2064]:=
900 183 737 176 705 321 189 ;
set Cs[2065]:=
708 697 838 519 22 946 ;
set Cs[2066]:=
240 486 877 729 719 993 376 ;
set Cs[2067]:=
131 871 350 393 195 89 ;
set Cs[2068]:=
790 74 461 289 535 ;
set Cs[2069]:=
51 978 905 80 31 ;
set Cs[2070]:=
487 228 119 258 594 ;
set Cs[2071]:=
112 800 300 6 234 7 91 ;
set Cs[2072]:=
981 804 444 195 59 ;
set Cs[2073]:=
593 780 752 503 315 121 567 ;
set Cs[2074]:=
104 207 565 259 267 281 874 ;
set Cs[2075]:=
386 14 236 180 870 139 ;
set Cs[2076]:=
650 201 517 594 295 365 ;
set Cs[2077]:=
998 772 389 498 861 ;
set Cs[2078]:=
424 265 25 496 982 918 205 ;
set Cs[2079]:=
715 362 656 176 281 47 476 ;
set Cs[2080]:=
561 708 755 112 523 359 248 ;
set Cs[2081]:=
3 643 212 135 723 ;
set Cs[2082]:=
309 772 503 836 472 ;
set Cs[2083]:=
175 575 656 54 819 ;
set Cs[2084]:=
703 1 62 346 265 491 ;
set Cs[2085]:=
729 194 812 336 221 785 881 ;
set Cs[2086]:=
264 285 488 347 881 169 601 ;
set Cs[2087]:=
615 362 130 810 263 ;
set Cs[2088]:=
946 342 133 13 490 ;
set Cs[2089]:=
282 626 729 888 285 138 ;
set Cs[2090]:=
56 156 838 609 72 76 491 ;
set Cs[2091]:=
31 575 475 450 763 820 ;
set Cs[2092]:=
227 303 696 732 435 ;
set Cs[2093]:=
911 559 41 176 199 ;
set Cs[2094]:=
61 268 267 767 9 719 227 ;
set Cs[2095]:=
497 654 902 880 228 196 ;
set Cs[2096]:=
221 66 804 798 831 968 191 ;
set Cs[2097]:=
987 438 460 994 490 654 ;
set Cs[2098]:=
281 221 64 561 668 ;
set Cs[2099]:=
385 171 641 709 464 ;
set Cs[2100]:=
228 811 494 737 866 998 ;
set Cs[2101]:=
450 395 175 831 886 329 ;
set Cs[2102]:=
408 411 674 339 643 ;
set Cs[2103]:=
459 856 948 321 924 132 ;
set Cs[2104]:=
851 707 790 573 228 815 ;
set Cs[2105]:=
810 998 560 693 557 ;
set Cs[2106]:=
443 457 431 909 561 239 133 ;
set Cs[2107]:=
112 77 378 890 647 ;
set Cs[2108]:=
126 369 651 845 830 132 ;
set Cs[2109]:=
807 336 458 937 42 944 ;
set Cs[2110]:=
986 453 587 748 431 239 422 ;
set Cs[2111]:=
617 498 396 537 972 633 594 ;
set Cs[2112]:=
878 221 436 169 902 890 66 ;
set Cs[2113]:=
234 973 492 216 946 119 334 ;
set Cs[2114]:=
680 979 405 885 345 219 591 ;
set Cs[2115]:=
565 884 790 395 14 245 ;
set Cs[2116]:=
62 385 949 442 353 77 ;
set Cs[2117]:=
268 329 839 54 303 121 ;
set Cs[2118]:=
429 600 969 91 177 634 ;
set Cs[2119]:=
73 822 963 75 810 715 82 ;
set Cs[2120]:=
72 807 207 353 811 145 ;
set Cs[2121]:=
335 284 264 504 277 ;
set Cs[2122]:=
624 766 658 19 946 265 ;
set Cs[2123]:=
383 315 631 453 201 471 ;
set Cs[2124]:=
387 112 930 428 674 980 ;
set Cs[2125]:=
629 80 902 227 438 499 ;
set Cs[2126]:=
578 677 462 572 711 641 681 ;
set Cs[2127]:=
770 545 842 248 181 236 228 ;
set Cs[2128]:=
38 35 945 268 560 80 946 ;
set Cs[2129]:=
554 744 442 641 534 ;
set Cs[2130]:=
327 350 131 300 587 830 ;
set Cs[2131]:=
390 25 743 462 795 417 ;
set Cs[2132]:=
303 682 267 453 946 503 ;
set Cs[2133]:=
496 265 563 171 553 ;
set Cs[2134]:=
641 80 240 350 396 ;
set Cs[2135]:=
767 619 207 905 346 248 896 ;
set Cs[2136]:=
356 286 642 798 219 ;
set Cs[2137]:=
263 606 545 682 563 ;
set Cs[2138]:=
253 265 277 670 39 491 ;
set Cs[2139]:=
744 115 240 627 901 360 ;
set Cs[2140]:=
156 830 196 267 831 720 ;
set Cs[2141]:=
133 696 34 977 181 ;
set Cs[2142]:=
274 367 301 516 147 403 ;
set Cs[2143]:=
108 845 257 199 944 ;
set Cs[2144]:=
82 219 40 977 705 ;
set Cs[2145]:=
819 847 611 190 978 ;
set Cs[2146]:=
6 176 772 412 21 ;
set Cs[2147]:=
857 628 347 265 87 ;
set Cs[2148]:=
88 688 929 428 186 ;
set Cs[2149]:=
136 557 46 798 614 ;
set Cs[2150]:=
55 844 436 636 763 ;
set Cs[2151]:=
770 394 136 381 760 ;
set Cs[2152]:=
963 966 222 39 147 177 300 ;
set Cs[2153]:=
830 803 222 433 767 857 259 ;
set Cs[2154]:=
67 88 394 442 560 27 48 ;
set Cs[2155]:=
948 324 772 566 190 ;
set Cs[2156]:=
642 42 865 913 455 ;
set Cs[2157]:=
459 674 553 836 456 671 ;
set Cs[2158]:=
91 321 528 772 719 ;
set Cs[2159]:=
419 601 609 685 916 350 166 ;
set Cs[2160]:=
218 545 967 809 714 835 ;
set Cs[2161]:=
647 740 810 168 121 ;
set Cs[2162]:=
178 506 253 192 571 ;
set Cs[2163]:=
225 342 650 957 902 557 ;
set Cs[2164]:=
72 135 623 954 651 60 621 ;
set Cs[2165]:=
1000 336 442 146 63 ;
set Cs[2166]:=
987 783 848 859 758 ;
set Cs[2167]:=
457 558 641 899 503 168 9 ;
set Cs[2168]:=
584 72 284 532 58 ;
set Cs[2169]:=
347 864 879 3 490 ;
set Cs[2170]:=
204 251 376 34 497 428 924 ;
set Cs[2171]:=
347 641 390 444 240 909 ;
set Cs[2172]:=
38 887 446 869 627 789 727 ;
set Cs[2173]:=
636 315 522 27 197 821 623 ;
set Cs[2174]:=
865 824 987 300 238 466 ;
set Cs[2175]:=
246 151 932 259 327 388 832 ;
set Cs[2176]:=
499 444 198 953 135 673 240 ;
set Cs[2177]:=
44 307 683 797 907 ;
set Cs[2178]:=
996 322 742 501 628 636 613 ;
set Cs[2179]:=
763 650 641 620 80 889 ;
set Cs[2180]:=
84 640 526 238 88 ;
set Cs[2181]:=
585 21 606 605 627 ;
set Cs[2182]:=
265 452 758 567 344 ;
set Cs[2183]:=
266 365 645 589 65 ;
set Cs[2184]:=
387 723 849 561 861 3 ;
set Cs[2185]:=
651 701 517 121 191 95 ;
set Cs[2186]:=
385 623 54 414 490 558 597 ;
set Cs[2187]:=
628 442 318 29 91 ;
set Cs[2188]:=
999 14 504 611 604 ;
set Cs[2189]:=
19 869 444 965 683 ;
set Cs[2190]:=
568 942 237 100 645 ;
set Cs[2191]:=
285 165 954 874 901 506 641 ;
set Cs[2192]:=
739 599 194 539 253 ;
set Cs[2193]:=
595 252 205 661 507 ;
set Cs[2194]:=
820 203 19 812 831 3 917 ;
set Cs[2195]:=
377 60 720 265 302 ;
set Cs[2196]:=
902 221 501 673 798 194 941 ;
set Cs[2197]:=
658 199 146 564 29 ;
set Cs[2198]:=
189 844 39 558 319 388 433 ;
set Cs[2199]:=
17 860 59 927 84 777 ;
set Cs[2200]:=
809 811 16 827 8 ;
set Cs[2201]:=
292 390 67 883 116 ;
set Cs[2202]:=
671 889 261 522 651 361 507 ;
set Cs[2203]:=
538 446 210 720 614 ;
set Cs[2204]:=
553 192 309 194 286 52 ;
set Cs[2205]:=
599 201 63 418 567 ;
set Cs[2206]:=
869 354 552 615 941 820 877 ;
set Cs[2207]:=
154 192 624 267 944 676 11 ;
set Cs[2208]:=
615 373 59 186 932 ;
set Cs[2209]:=
819 343 522 238 259 742 563 ;
set Cs[2210]:=
757 358 691 464 811 198 131 ;
set Cs[2211]:=
543 777 803 900 127 181 63 ;
set Cs[2212]:=
729 465 777 253 395 280 ;
set Cs[2213]:=
385 378 265 123 149 ;
set Cs[2214]:=
906 641 80 511 874 219 ;
set Cs[2215]:=
912 785 214 811 660 442 715 ;
set Cs[2216]:=
739 723 634 199 84 920 794 ;
set Cs[2217]:=
456 299 88 786 317 219 ;
set Cs[2218]:=
573 199 594 988 333 776 504 ;
set Cs[2219]:=
601 367 386 650 688 221 936 ;
set Cs[2220]:=
421 729 491 900 919 173 ;
set Cs[2221]:=
88 499 485 58 847 715 407 ;
set Cs[2222]:=
252 995 758 804 199 111 342 ;
set Cs[2223]:=
42 234 640 289 465 ;
set Cs[2224]:=
744 314 658 385 950 202 76 ;
set Cs[2225]:=
532 350 656 502 729 345 411 ;
set Cs[2226]:=
413 82 912 780 266 718 361 ;
set Cs[2227]:=
288 629 91 446 321 ;
set Cs[2228]:=
35 485 298 866 150 235 88 ;
set Cs[2229]:=
744 869 905 923 866 446 494 ;
set Cs[2230]:=
763 462 345 643 268 ;
set Cs[2231]:=
431 191 916 616 443 ;
set Cs[2232]:=
909 156 682 446 361 51 999 ;
set Cs[2233]:=
377 517 465 175 941 321 686 ;
set Cs[2234]:=
802 737 535 623 199 674 ;
set Cs[2235]:=
509 804 237 442 915 955 192 ;
set Cs[2236]:=
645 371 40 590 532 627 ;
set Cs[2237]:=
907 101 981 715 764 ;
set Cs[2238]:=
781 58 665 552 887 545 740 ;
set Cs[2239]:=
608 830 89 63 271 ;
set Cs[2240]:=
988 375 286 66 578 244 449 ;
set Cs[2241]:=
379 961 100 58 946 203 ;
set Cs[2242]:=
490 996 491 136 558 ;
set Cs[2243]:=
795 323 883 166 636 ;
set Cs[2244]:=
465 240 640 947 906 800 ;
set Cs[2245]:=
25 185 889 748 583 601 ;
set Cs[2246]:=
701 439 499 33 805 930 457 ;
set Cs[2247]:=
57 470 565 492 891 173 216 ;
set Cs[2248]:=
378 693 902 171 315 80 ;
set Cs[2249]:=
658 913 438 386 844 673 ;
set Cs[2250]:=
757 824 514 343 907 ;
set Cs[2251]:=
715 572 173 33 40 931 673 ;
set Cs[2252]:=
859 729 5 741 35 124 580 ;
set Cs[2253]:=
411 120 763 170 49 358 318 ;
set Cs[2254]:=
52 566 150 775 538 615 ;
set Cs[2255]:=
538 411 786 686 108 ;
set Cs[2256]:=
647 871 263 975 339 945 ;
set Cs[2257]:=
439 655 886 281 624 238 918 ;
set Cs[2258]:=
882 958 775 703 98 457 502 ;
set Cs[2259]:=
367 337 222 289 756 627 710 ;
set Cs[2260]:=
9 986 812 846 667 420 641 ;
set Cs[2261]:=
28 356 785 19 896 ;
set Cs[2262]:=
84 500 695 533 68 ;
set Cs[2263]:=
760 559 525 173 789 596 621 ;
set Cs[2264]:=
978 641 901 677 764 ;
set Cs[2265]:=
191 924 890 511 563 ;
set Cs[2266]:=
799 865 73 661 233 ;
set Cs[2267]:=
558 928 764 315 673 776 ;
set Cs[2268]:=
830 39 946 38 49 486 ;
set Cs[2269]:=
911 967 228 433 906 ;
set Cs[2270]:=
435 880 393 257 292 926 323 ;
set Cs[2271]:=
850 54 552 133 615 ;
set Cs[2272]:=
442 478 174 214 953 ;
set Cs[2273]:=
221 63 627 472 578 74 ;
set Cs[2274]:=
387 934 155 125 960 629 ;
set Cs[2275]:=
729 998 623 366 183 469 ;
set Cs[2276]:=
762 90 26 339 314 ;
set Cs[2277]:=
624 707 44 801 708 195 883 ;
set Cs[2278]:=
270 885 476 677 394 ;
set Cs[2279]:=
801 752 953 411 797 68 538 ;
set Cs[2280]:=
760 815 413 49 313 175 971 ;
set Cs[2281]:=
786 497 631 374 156 527 ;
set Cs[2282]:=
717 176 262 177 561 631 384 ;
set Cs[2283]:=
420 999 568 538 267 ;
set Cs[2284]:=
271 486 338 311 963 135 ;
set Cs[2285]:=
72 641 494 887 31 684 ;
set Cs[2286]:=
662 818 135 15 896 688 ;
set Cs[2287]:=
763 164 404 953 248 585 ;
set Cs[2288]:=
285 136 319 246 788 ;
set Cs[2289]:=
744 811 238 120 199 ;
set Cs[2290]:=
255 647 225 352 211 609 ;
set Cs[2291]:=
533 405 862 302 946 49 9 ;
set Cs[2292]:=
605 720 279 321 225 ;
set Cs[2293]:=
702 973 972 17 604 529 ;
set Cs[2294]:=
765 259 495 76 702 916 40 ;
set Cs[2295]:=
963 990 313 575 99 ;
set Cs[2296]:=
745 551 615 300 29 ;
set Cs[2297]:=
621 899 207 26 284 844 ;
set Cs[2298]:=
953 600 481 658 175 ;
set Cs[2299]:=
875 958 197 539 182 527 5 ;
set Cs[2300]:=
600 840 865 21 732 ;
set Cs[2301]:=
507 124 195 695 937 755 ;
set Cs[2302]:=
448 616 476 259 874 ;
set Cs[2303]:=
285 161 442 136 753 885 ;
set Cs[2304]:=
936 451 497 115 265 817 8 ;
set Cs[2305]:=
508 186 428 872 38 459 ;
set Cs[2306]:=
715 505 362 953 602 177 ;
set Cs[2307]:=
656 439 909 260 99 565 198 ;
set Cs[2308]:=
79 859 961 714 207 390 173 ;
set Cs[2309]:=
94 847 202 67 703 279 ;
set Cs[2310]:=
717 977 175 517 207 285 432 ;
set Cs[2311]:=
82 587 594 772 612 682 ;
set Cs[2312]:=
344 655 514 811 76 780 ;
set Cs[2313]:=
826 411 927 900 786 ;
set Cs[2314]:=
760 445 13 401 388 972 642 ;
set Cs[2315]:=
532 840 785 387 764 560 782 ;
set Cs[2316]:=
343 52 545 535 156 ;
set Cs[2317]:=
913 909 288 173 741 221 ;
set Cs[2318]:=
405 366 316 821 545 ;
set Cs[2319]:=
758 866 629 268 299 ;
set Cs[2320]:=
554 101 629 372 621 ;
set Cs[2321]:=
819 123 397 10 19 ;
set Cs[2322]:=
901 382 27 810 585 413 530 ;
set Cs[2323]:=
663 552 265 442 836 ;
set Cs[2324]:=
955 144 78 900 106 ;
set Cs[2325]:=
486 261 902 924 173 944 802 ;
set Cs[2326]:=
166 257 296 765 611 309 ;
set Cs[2327]:=
608 205 42 175 624 ;
set Cs[2328]:=
285 527 534 651 531 630 161 ;
set Cs[2329]:=
665 600 446 526 419 719 ;
set Cs[2330]:=
982 125 254 707 451 586 ;
set Cs[2331]:=
57 131 42 164 798 202 ;
set Cs[2332]:=
902 280 913 979 705 502 435 ;
set Cs[2333]:=
764 688 551 586 131 11 ;
set Cs[2334]:=
590 811 334 849 906 219 ;
set Cs[2335]:=
614 733 822 866 587 439 ;
set Cs[2336]:=
534 135 175 502 876 ;
set Cs[2337]:=
465 364 349 410 603 157 ;
set Cs[2338]:=
531 552 630 564 366 723 56 ;
set Cs[2339]:=
309 755 863 424 446 844 491 ;
set Cs[2340]:=
818 411 627 715 282 702 ;
set Cs[2341]:=
740 633 337 173 165 933 321 ;
set Cs[2342]:=
654 109 72 679 972 390 ;
set Cs[2343]:=
683 565 47 941 860 180 ;
set Cs[2344]:=
688 70 125 664 607 ;
set Cs[2345]:=
80 131 836 934 218 885 953 ;
set Cs[2346]:=
57 715 394 532 219 831 214 ;
set Cs[2347]:=
4 257 613 108 623 175 ;
set Cs[2348]:=
951 197 620 800 521 ;
set Cs[2349]:=
602 77 497 806 641 317 ;
set Cs[2350]:=
763 319 285 617 274 996 ;
set Cs[2351]:=
960 623 356 375 812 717 ;
set Cs[2352]:=
113 633 189 750 386 410 ;
set Cs[2353]:=
258 565 941 816 303 589 ;
set Cs[2354]:=
375 521 737 173 815 228 ;
set Cs[2355]:=
451 214 819 732 798 ;
set Cs[2356]:=
321 543 405 82 663 ;
set Cs[2357]:=
238 653 717 258 679 ;
set Cs[2358]:=
367 465 739 698 214 865 ;
set Cs[2359]:=
929 525 764 773 76 82 304 ;
set Cs[2360]:=
466 530 836 847 545 772 845 ;
set Cs[2361]:=
565 618 552 726 785 688 175 ;
set Cs[2362]:=
469 939 612 69 96 ;
set Cs[2363]:=
800 615 307 300 967 403 ;
set Cs[2364]:=
66 262 52 819 620 654 ;
set Cs[2365]:=
301 357 367 919 987 437 63 ;
set Cs[2366]:=
630 207 199 345 647 112 ;
set Cs[2367]:=
318 527 453 538 63 315 ;
set Cs[2368]:=
772 506 136 834 265 131 529 ;
set Cs[2369]:=
412 601 847 211 325 ;
set Cs[2370]:=
967 947 783 461 584 759 890 ;
set Cs[2371]:=
551 744 63 196 475 446 ;
set Cs[2372]:=
371 405 829 573 189 443 600 ;
set Cs[2373]:=
364 909 752 453 48 665 ;
set Cs[2374]:=
624 785 664 121 660 584 ;
set Cs[2375]:=
367 310 553 541 870 498 ;
set Cs[2376]:=
845 238 246 160 601 185 291 ;
set Cs[2377]:=
996 912 491 798 376 614 120 ;
set Cs[2378]:=
983 776 257 886 166 917 ;
set Cs[2379]:=
887 78 530 131 651 253 ;
set Cs[2380]:=
474 244 615 464 32 559 636 ;
set Cs[2381]:=
545 82 396 988 876 336 945 ;
set Cs[2382]:=
804 1000 507 656 869 939 ;
set Cs[2383]:=
302 403 303 719 46 ;
set Cs[2384]:=
650 432 713 153 171 731 733 ;
set Cs[2385]:=
601 630 812 627 77 ;
set Cs[2386]:=
219 693 814 738 881 ;
set Cs[2387]:=
102 306 191 845 148 600 66 ;
set Cs[2388]:=
332 708 227 505 460 940 ;
set Cs[2389]:=
271 662 942 601 751 ;
set Cs[2390]:=
165 303 946 954 87 387 ;
set Cs[2391]:=
427 893 697 231 664 214 ;
set Cs[2392]:=
47 996 907 439 311 908 834 ;
set Cs[2393]:=
286 476 314 915 451 887 ;
set Cs[2394]:=
719 745 162 844 967 96 ;
set Cs[2395]:=
789 38 763 175 584 719 928 ;
set Cs[2396]:=
673 830 820 462 667 ;
set Cs[2397]:=
707 880 994 628 831 663 645 ;
set Cs[2398]:=
831 359 541 112 848 252 486 ;
set Cs[2399]:=
351 281 666 417 330 19 685 ;
set Cs[2400]:=
384 257 516 163 54 133 ;

set Ra[1]:=
42 21 20 46 44 ;
set Ra[2]:=
20 28 41 ;
set Ra[3]:=
45 1 28 ;
set Ra[4]:=
29 37 45 ;
set Ra[5]:=
39 12 36 ;
set Ra[6]:=
33 2 ;
set Ra[7]:=
24 29 13 ;
set Ra[8]:=
2 32 3 31 25 ;
set Ra[9]:=
29 35 25 38 ;
set Ra[10]:=
47 31 3 13 29 46 ;
set Ra[11]:=
21 ;
set Ra[12]:=
26 41 20 10 44 28 ;
set Ra[13]:=
50 40 41 ;
set Ra[14]:=
36 ;
set Ra[15]:=
10 44 ;
set Ra[16]:=
37 7 38 12 ;
set Ra[17]:=
22 36 4 ;
set Ra[18]:=
46 16 38 8 ;
set Ra[19]:=
6 ;
set Ra[20]:=
5 6 46 ;
set Ra[21]:=
49 10 ;
set Ra[22]:=
27 50 46 10 ;
set Ra[23]:=
26 3 ;
set Ra[24]:=
23 21 46 31 22 ;
set Ra[25]:=
46 17 42 26 7 31 ;
set Ra[26]:=
27 37 43 25 9 ;
set Ra[27]:=
6 44 48 15 ;
set Ra[28]:=
7 27 10 3 15 ;
set Ra[29]:=
37 23 27 24 29 ;
set Ra[30]:=
1 ;
set Ra[31]:=
38 ;
set Ra[32]:=
43 48 ;
set Ra[33]:=
29 2 1 7 ;
set Ra[34]:=
22 8 33 11 24 9 ;
set Ra[35]:=
45 6 13 1 25 ;
set Ra[36]:=
24 ;
set Ra[37]:=
48 41 ;
set Ra[38]:=
38 20 28 14 13 ;
set Ra[39]:=
32 6 45 38 22 ;
set Ra[40]:=
6 33 ;
set Ra[41]:=
26 20 6 50 18 37 ;
set Ra[42]:=
44 31 ;
set Ra[43]:=
2 ;
set Ra[44]:=
36 41 28 23 ;
set Ra[45]:=
24 ;
set Ra[46]:=
28 9 15 16 ;
set Ra[47]:=
23 4 ;
set Ra[48]:=
9 7 49 ;
set Ra[49]:=
27 11 38 32 8 45 ;
set Ra[50]:=
6 24 8 ;
set Ra[51]:=
45 ;
set Ra[52]:=
42 49 23 19 ;
set Ra[53]:=
29 16 34 42 7 ;
set Ra[54]:=
43 ;
set Ra[55]:=
34 23 1 17 11 42 ;
set Ra[56]:=
31 24 2 37 22 1 ;
set Ra[57]:=
28 45 17 48 39 36 ;
set Ra[58]:=
45 27 50 20 17 ;
set Ra[59]:=
41 37 26 23 ;
set Ra[60]:=
13 24 5 18 3 ;
set Ra[61]:=
44 17 ;
set Ra[62]:=
3 47 8 40 ;
set Ra[63]:=
19 42 21 18 ;
set Ra[64]:=
12 23 1 13 ;
set Ra[65]:=
45 8 ;
set Ra[66]:=
21 13 ;
set Ra[67]:=
2 46 29 24 ;
set Ra[68]:=
14 23 12 21 ;
set Ra[69]:=
42 34 40 5 20 ;
set Ra[70]:=
9 ;
set Ra[71]:=
37 ;
set Ra[72]:=
19 39 42 ;
set Ra[73]:=
28 20 22 39 ;
set Ra[74]:=
13 ;
set Ra[75]:=
17 35 47 26 32 41 ;
set Ra[76]:=
42 44 1 5 34 23 ;
set Ra[77]:=
35 42 32 28 27 ;
set Ra[78]:=
3 ;
set Ra[79]:=
24 45 ;
set Ra[80]:=
30 40 26 ;
set Ra[81]:=
41 28 43 18 ;
set Ra[82]:=
38 39 40 ;
set Ra[83]:=
47 42 35 30 7 45 ;
set Ra[84]:=
50 46 ;
set Ra[85]:=
14 41 45 15 19 ;
set Ra[86]:=
36 24 3 28 ;
set Ra[87]:=
18 ;
set Ra[88]:=
32 36 45 10 7 11 ;
set Ra[89]:=
5 ;
set Ra[90]:=
43 39 ;
set Ra[91]:=
11 24 42 31 43 ;
set Ra[92]:=
1 30 50 28 ;
set Ra[93]:=
30 32 41 4 ;
set Ra[94]:=
4 15 28 8 22 ;
set Ra[95]:=
34 24 50 15 ;
set Ra[96]:=
31 14 46 ;
set Ra[97]:=
48 9 22 23 45 ;
set Ra[98]:=
22 37 13 ;
set Ra[99]:=
15 10 ;
set Ra[100]:=
27 5 4 ;
set Ra[101]:=
49 11 ;
set Ra[102]:=
33 38 32 7 21 31 ;
set Ra[103]:=
48 21 ;
set Ra[104]:=
45 ;
set Ra[105]:=
5 ;
set Ra[106]:=
18 45 17 40 9 19 ;
set Ra[107]:=
13 5 29 39 ;
set Ra[108]:=
1 31 23 37 ;
set Ra[109]:=
45 17 ;
set Ra[110]:=
12 33 8 1 29 41 ;
set Ra[111]:=
8 35 48 44 28 ;
set Ra[112]:=
20 3 13 48 50 23 ;
set Ra[113]:=
44 ;
set Ra[114]:=
33 12 29 24 18 45 ;
set Ra[115]:=
35 6 19 ;
set Ra[116]:=
40 27 7 2 6 44 ;
set Ra[117]:=
15 21 5 41 4 43 ;
set Ra[118]:=
30 43 40 26 ;
set Ra[119]:=
39 34 14 23 29 32 ;
set Ra[120]:=
1 15 49 33 ;
set Ra[121]:=
43 35 19 37 ;
set Ra[122]:=
14 4 7 23 33 37 ;
set Ra[123]:=
23 34 31 ;
set Ra[124]:=
20 8 45 ;
set Ra[125]:=
37 38 16 9 6 ;
set Ra[126]:=
18 1 20 37 8 ;
set Ra[127]:=
21 1 46 38 ;
set Ra[128]:=
9 21 ;
set Ra[129]:=
1 48 12 26 ;
set Ra[130]:=
46 9 28 27 3 ;
set Ra[131]:=
38 47 23 32 16 ;
set Ra[132]:=
9 6 ;
set Ra[133]:=
26 49 30 ;
set Ra[134]:=
2 ;
set Ra[135]:=
8 49 37 39 16 5 ;
set Ra[136]:=
36 8 26 40 17 ;
set Ra[137]:=
4 17 8 49 ;
set Ra[138]:=
4 ;
set Ra[139]:=
3 12 17 ;
set Ra[140]:=
13 ;
set Ra[141]:=
29 34 ;
set Ra[142]:=
43 47 35 29 42 ;
set Ra[143]:=
32 14 31 21 41 10 ;
set Ra[144]:=
35 6 36 7 5 17 ;
set Ra[145]:=
31 25 ;
set Ra[146]:=
28 ;
set Ra[147]:=
18 9 33 34 30 4 ;
set Ra[148]:=
45 6 ;
set Ra[149]:=
42 21 13 ;
set Ra[150]:=
13 ;
set Ra[151]:=
42 13 38 ;
set Ra[152]:=
8 ;
set Ra[153]:=
10 36 11 14 44 ;
set Ra[154]:=
16 ;
set Ra[155]:=
29 17 ;
set Ra[156]:=
30 ;
set Ra[157]:=
45 3 19 4 ;
set Ra[158]:=
50 42 41 33 ;
set Ra[159]:=
44 45 34 3 2 38 ;
set Ra[160]:=
31 17 44 24 46 18 ;
set Ra[161]:=
31 ;
set Ra[162]:=
29 30 32 41 31 ;
set Ra[163]:=
20 42 27 2 ;
set Ra[164]:=
15 ;
set Ra[165]:=
37 40 1 44 ;
set Ra[166]:=
1 33 31 47 24 ;
set Ra[167]:=
7 19 ;
set Ra[168]:=
46 44 41 21 ;
set Ra[169]:=
4 19 ;
set Ra[170]:=
35 47 ;
set Ra[171]:=
22 35 42 ;
set Ra[172]:=
18 41 17 30 ;
set Ra[173]:=
48 44 27 4 1 ;
set Ra[174]:=
38 9 49 28 44 40 ;
set Ra[175]:=
21 45 1 ;
set Ra[176]:=
45 47 27 33 ;
set Ra[177]:=
32 20 8 37 24 ;
set Ra[178]:=
28 45 1 49 31 ;
set Ra[179]:=
46 17 33 ;
set Ra[180]:=
19 42 ;
set Ra[181]:=
31 ;
set Ra[182]:=
42 21 ;
set Ra[183]:=
47 32 49 13 16 ;
set Ra[184]:=
3 29 ;
set Ra[185]:=
22 ;
set Ra[186]:=
11 50 ;
set Ra[187]:=
19 31 40 10 42 46 ;
set Ra[188]:=
10 41 12 34 24 18 ;
set Ra[189]:=
27 39 9 7 ;
set Ra[190]:=
5 6 44 41 20 17 ;
set Ra[191]:=
44 47 37 29 ;
set Ra[192]:=
25 13 ;
set Ra[193]:=
43 12 42 25 11 34 ;
set Ra[194]:=
7 21 37 ;
set Ra[195]:=
17 44 14 ;
set Ra[196]:=
39 10 ;
set Ra[197]:=
41 8 6 14 ;
set Ra[198]:=
7 12 4 ;
set Ra[199]:=
2 4 20 25 37 40 ;
set Ra[200]:=
8 34 31 ;
set Ra[201]:=
35 17 50 39 ;
set Ra[202]:=
49 24 48 ;
set Ra[203]:=
21 37 11 ;
set Ra[204]:=
27 16 36 38 31 43 ;
set Ra[205]:=
16 5 10 8 ;
set Ra[206]:=
24 41 46 ;
set Ra[207]:=
30 48 ;
set Ra[208]:=
50 ;
set Ra[209]:=
35 39 24 42 38 ;
set Ra[210]:=
41 24 1 18 23 35 ;
set Ra[211]:=
48 12 ;
set Ra[212]:=
14 3 ;
set Ra[213]:=
45 ;
set Ra[214]:=
33 2 15 37 23 ;
set Ra[215]:=
1 10 41 26 ;
set Ra[216]:=
22 43 ;
set Ra[217]:=
33 35 42 23 14 ;
set Ra[218]:=
37 6 15 ;
set Ra[219]:=
2 19 23 ;
set Ra[220]:=
43 27 ;
set Ra[221]:=
48 ;
set Ra[222]:=
41 45 19 14 31 ;
set Ra[223]:=
4 47 10 6 33 ;
set Ra[224]:=
6 2 3 7 47 ;
set Ra[225]:=
33 ;
set Ra[226]:=
38 32 ;
set Ra[227]:=
7 ;
set Ra[228]:=
27 28 33 34 6 37 ;
set Ra[229]:=
32 26 48 ;
set Ra[230]:=
2 47 12 8 9 29 ;
set Ra[231]:=
44 6 31 49 46 ;
set Ra[232]:=
44 7 ;
set Ra[233]:=
21 47 38 4 30 31 ;
set Ra[234]:=
26 10 30 2 38 46 ;
set Ra[235]:=
21 8 41 19 32 ;
set Ra[236]:=
41 46 ;
set Ra[237]:=
50 2 35 ;
set Ra[238]:=
50 43 28 31 39 42 ;
set Ra[239]:=
24 ;
set Ra[240]:=
34 39 49 ;
set Ra[241]:=
47 30 7 17 ;
set Ra[242]:=
19 4 16 25 46 ;
set Ra[243]:=
4 42 12 14 ;
set Ra[244]:=
21 ;
set Ra[245]:=
25 45 14 ;
set Ra[246]:=
44 39 50 ;
set Ra[247]:=
36 48 8 47 4 21 ;
set Ra[248]:=
24 ;
set Ra[249]:=
19 31 46 14 ;
set Ra[250]:=
33 47 27 34 ;
set Ra[251]:=
11 49 22 14 ;
set Ra[252]:=
21 8 40 32 ;
set Ra[253]:=
50 1 14 41 46 48 ;
set Ra[254]:=
45 40 47 ;
set Ra[255]:=
18 30 2 10 ;
set Ra[256]:=
36 20 46 48 43 ;
set Ra[257]:=
19 31 24 45 40 ;
set Ra[258]:=
49 41 22 2 ;
set Ra[259]:=
24 22 3 12 48 ;
set Ra[260]:=
46 40 7 ;
set Ra[261]:=
25 21 44 39 ;
set Ra[262]:=
46 33 27 31 42 25 ;
set Ra[263]:=
49 ;
set Ra[264]:=
33 12 41 14 50 45 ;
set Ra[265]:=
2 32 8 ;
set Ra[266]:=
18 42 48 41 20 22 ;
set Ra[267]:=
38 50 19 ;
set Ra[268]:=
9 ;
set Ra[269]:=
34 33 45 35 ;
set Ra[270]:=
30 4 48 ;
set Ra[271]:=
48 23 41 ;
set Ra[272]:=
31 ;
set Ra[273]:=
28 14 38 26 22 ;
set Ra[274]:=
50 23 31 39 28 37 ;
set Ra[275]:=
19 15 8 36 16 7 ;
set Ra[276]:=
40 33 21 26 ;
set Ra[277]:=
25 ;
set Ra[278]:=
1 43 16 22 ;
set Ra[279]:=
9 27 ;
set Ra[280]:=
1 16 36 44 33 ;
set Ra[281]:=
26 23 17 ;
set Ra[282]:=
1 37 33 23 30 ;
set Ra[283]:=
40 16 23 12 9 35 ;
set Ra[284]:=
31 4 48 ;
set Ra[285]:=
1 41 39 2 12 16 ;
set Ra[286]:=
19 ;
set Ra[287]:=
48 22 29 11 33 34 ;
set Ra[288]:=
45 24 35 23 ;
set Ra[289]:=
25 12 45 20 43 33 ;
set Ra[290]:=
40 5 36 ;
set Ra[291]:=
48 10 ;
set Ra[292]:=
43 50 25 23 15 ;
set Ra[293]:=
7 2 24 3 36 ;
set Ra[294]:=
38 10 22 28 21 15 ;
set Ra[295]:=
15 33 44 43 ;
set Ra[296]:=
8 47 ;
set Ra[297]:=
6 2 31 ;
set Ra[298]:=
16 2 50 ;
set Ra[299]:=
35 29 40 10 ;
set Ra[300]:=
28 11 46 25 ;
set Ra[301]:=
28 8 41 ;
set Ra[302]:=
36 6 23 17 14 46 ;
set Ra[303]:=
13 14 25 ;
set Ra[304]:=
3 26 36 49 50 44 ;
set Ra[305]:=
8 18 5 ;
set Ra[306]:=
39 15 ;
set Ra[307]:=
26 5 4 ;
set Ra[308]:=
50 34 41 ;
set Ra[309]:=
25 3 42 47 13 21 ;
set Ra[310]:=
15 26 5 20 32 ;
set Ra[311]:=
5 45 33 48 4 ;
set Ra[312]:=
16 11 30 47 2 ;
set Ra[313]:=
16 ;
set Ra[314]:=
2 42 29 47 19 ;
set Ra[315]:=
31 7 43 5 8 44 ;
set Ra[316]:=
22 16 31 46 13 ;
set Ra[317]:=
18 ;
set Ra[318]:=
39 43 33 32 37 29 ;
set Ra[319]:=
10 ;
set Ra[320]:=
21 14 6 ;
set Ra[321]:=
46 43 6 ;
set Ra[322]:=
42 10 7 ;
set Ra[323]:=
45 25 19 7 27 9 ;
set Ra[324]:=
31 ;
set Ra[325]:=
19 ;
set Ra[326]:=
15 35 24 28 ;
set Ra[327]:=
18 35 34 9 3 ;
set Ra[328]:=
49 10 23 ;
set Ra[329]:=
18 6 24 49 5 40 ;
set Ra[330]:=
46 39 18 ;
set Ra[331]:=
5 21 13 ;
set Ra[332]:=
30 8 13 ;
set Ra[333]:=
33 36 49 21 ;
set Ra[334]:=
18 35 24 14 45 ;
set Ra[335]:=
41 3 16 47 ;
set Ra[336]:=
23 13 ;
set Ra[337]:=
35 8 50 47 25 ;
set Ra[338]:=
21 12 ;
set Ra[339]:=
11 14 ;
set Ra[340]:=
29 40 1 32 22 50 ;
set Ra[341]:=
8 28 29 35 16 ;
set Ra[342]:=
37 18 30 ;
set Ra[343]:=
43 5 39 ;
set Ra[344]:=
3 13 47 7 19 ;
set Ra[345]:=
25 6 9 2 50 3 ;
set Ra[346]:=
15 48 ;
set Ra[347]:=
18 ;
set Ra[348]:=
40 ;
set Ra[349]:=
17 24 13 ;
set Ra[350]:=
38 ;
set Ra[351]:=
16 43 ;
set Ra[352]:=
28 50 40 47 5 ;
set Ra[353]:=
47 ;
set Ra[354]:=
10 43 ;
set Ra[355]:=
38 46 21 12 40 ;
set Ra[356]:=
45 ;
set Ra[357]:=
22 ;
set Ra[358]:=
43 ;
set Ra[359]:=
33 1 26 38 ;
set Ra[360]:=
22 2 25 42 40 14 ;
set Ra[361]:=
23 7 31 47 4 42 ;
set Ra[362]:=
19 40 45 2 12 24 ;
set Ra[363]:=
48 29 46 35 12 37 ;
set Ra[364]:=
42 3 20 6 46 ;
set Ra[365]:=
17 ;
set Ra[366]:=
27 ;
set Ra[367]:=
8 33 27 38 19 45 ;
set Ra[368]:=
46 33 ;
set Ra[369]:=
49 31 ;
set Ra[370]:=
40 37 8 27 7 35 ;
set Ra[371]:=
25 26 13 2 12 16 ;
set Ra[372]:=
33 11 2 ;
set Ra[373]:=
41 11 ;
set Ra[374]:=
5 22 ;
set Ra[375]:=
2 7 9 36 23 ;
set Ra[376]:=
19 18 20 ;
set Ra[377]:=
39 38 ;
set Ra[378]:=
3 ;
set Ra[379]:=
24 36 2 9 11 ;
set Ra[380]:=
33 13 49 28 ;
set Ra[381]:=
29 47 30 ;
set Ra[382]:=
35 20 43 ;
set Ra[383]:=
20 3 8 23 ;
set Ra[384]:=
38 10 21 ;
set Ra[385]:=
16 ;
set Ra[386]:=
8 46 ;
set Ra[387]:=
34 20 ;
set Ra[388]:=
10 16 4 46 17 18 ;
set Ra[389]:=
5 10 ;
set Ra[390]:=
43 12 42 47 ;
set Ra[391]:=
44 ;
set Ra[392]:=
24 21 1 6 34 19 ;
set Ra[393]:=
40 5 ;
set Ra[394]:=
31 1 50 35 38 7 ;
set Ra[395]:=
40 11 1 5 16 ;
set Ra[396]:=
34 43 15 32 22 ;
set Ra[397]:=
21 29 ;
set Ra[398]:=
27 23 25 ;
set Ra[399]:=
31 38 16 8 29 18 ;
set Ra[400]:=
46 42 45 48 27 ;
set Ra[401]:=
18 28 21 42 ;
set Ra[402]:=
46 1 12 47 22 ;
set Ra[403]:=
24 16 ;
set Ra[404]:=
45 5 48 6 43 ;
set Ra[405]:=
29 49 ;
set Ra[406]:=
19 39 1 42 13 ;
set Ra[407]:=
38 42 3 24 ;
set Ra[408]:=
28 37 39 43 ;
set Ra[409]:=
40 ;
set Ra[410]:=
8 49 15 38 43 17 ;
set Ra[411]:=
49 47 26 ;
set Ra[412]:=
18 ;
set Ra[413]:=
25 49 17 36 ;
set Ra[414]:=
31 50 30 41 ;
set Ra[415]:=
35 14 34 41 ;
set Ra[416]:=
37 ;
set Ra[417]:=
46 41 29 7 2 ;
set Ra[418]:=
1 24 46 ;
set Ra[419]:=
1 42 20 46 47 ;
set Ra[420]:=
49 ;
set Ra[421]:=
18 39 27 8 32 ;
set Ra[422]:=
44 35 29 32 37 38 ;
set Ra[423]:=
50 34 38 4 8 29 ;
set Ra[424]:=
43 38 42 17 ;
set Ra[425]:=
4 48 9 10 47 50 ;
set Ra[426]:=
34 45 ;
set Ra[427]:=
50 18 9 27 25 33 ;
set Ra[428]:=
3 33 31 ;
set Ra[429]:=
8 24 9 39 43 ;
set Ra[430]:=
14 3 24 21 ;
set Ra[431]:=
14 23 42 50 41 ;
set Ra[432]:=
40 ;
set Ra[433]:=
37 ;
set Ra[434]:=
26 10 32 21 16 ;
set Ra[435]:=
44 2 ;
set Ra[436]:=
19 24 9 12 27 7 ;
set Ra[437]:=
33 41 34 ;
set Ra[438]:=
46 42 41 37 ;
set Ra[439]:=
21 33 ;
set Ra[440]:=
8 5 21 19 43 20 ;
set Ra[441]:=
32 13 6 ;
set Ra[442]:=
6 20 25 13 19 ;
set Ra[443]:=
18 19 37 ;
set Ra[444]:=
28 38 15 32 ;
set Ra[445]:=
11 9 7 ;
set Ra[446]:=
41 ;
set Ra[447]:=
21 31 19 2 4 ;
set Ra[448]:=
30 48 47 38 29 39 ;
set Ra[449]:=
34 18 37 3 ;
set Ra[450]:=
36 38 25 13 37 ;
set Ra[451]:=
13 ;
set Ra[452]:=
6 2 ;
set Ra[453]:=
48 41 16 23 21 ;
set Ra[454]:=
47 29 36 41 38 10 ;
set Ra[455]:=
39 ;
set Ra[456]:=
34 31 ;
set Ra[457]:=
42 26 40 ;
set Ra[458]:=
33 21 13 ;
set Ra[459]:=
14 10 19 23 32 ;
set Ra[460]:=
18 ;
set Ra[461]:=
24 ;
set Ra[462]:=
1 40 28 25 49 20 ;
set Ra[463]:=
42 22 44 45 23 7 ;
set Ra[464]:=
25 15 10 9 ;
set Ra[465]:=
30 18 1 24 34 ;
set Ra[466]:=
8 30 39 ;
set Ra[467]:=
30 5 18 40 50 ;
set Ra[468]:=
5 ;
set Ra[469]:=
34 ;
set Ra[470]:=
31 5 6 ;
set Ra[471]:=
49 17 ;
set Ra[472]:=
40 15 46 18 39 ;
set Ra[473]:=
30 43 ;
set Ra[474]:=
4 27 ;
set Ra[475]:=
14 47 ;
set Ra[476]:=
12 ;
set Ra[477]:=
23 ;
set Ra[478]:=
24 10 22 ;
set Ra[479]:=
37 ;
set Ra[480]:=
27 48 23 14 41 ;
set Ra[481]:=
31 ;
set Ra[482]:=
46 15 ;
set Ra[483]:=
20 47 17 9 14 ;
set Ra[484]:=
15 38 ;
set Ra[485]:=
11 17 3 26 7 ;
set Ra[486]:=
41 21 50 ;
set Ra[487]:=
18 17 25 37 8 23 ;
set Ra[488]:=
33 32 48 ;
set Ra[489]:=
22 40 ;
set Ra[490]:=
44 18 ;
set Ra[491]:=
46 27 39 16 29 7 ;
set Ra[492]:=
25 32 33 24 3 ;
set Ra[493]:=
32 ;
set Ra[494]:=
10 26 8 32 ;
set Ra[495]:=
2 24 ;
set Ra[496]:=
50 46 9 7 28 29 ;
set Ra[497]:=
16 40 18 ;
set Ra[498]:=
24 ;
set Ra[499]:=
1 18 ;
set Ra[500]:=
43 29 36 34 28 16 ;
set Ra[501]:=
22 37 13 6 ;
set Ra[502]:=
40 6 ;
set Ra[503]:=
20 42 ;
set Ra[504]:=
34 3 35 2 27 ;
set Ra[505]:=
8 3 37 29 17 26 ;
set Ra[506]:=
5 19 22 ;
set Ra[507]:=
29 19 38 34 ;
set Ra[508]:=
34 41 7 ;
set Ra[509]:=
31 ;
set Ra[510]:=
30 ;
set Ra[511]:=
37 16 ;
set Ra[512]:=
39 5 38 49 26 4 ;
set Ra[513]:=
11 35 49 9 ;
set Ra[514]:=
30 ;
set Ra[515]:=
14 34 22 42 ;
set Ra[516]:=
13 23 48 ;
set Ra[517]:=
37 38 50 12 10 ;
set Ra[518]:=
49 10 38 21 ;
set Ra[519]:=
17 7 33 20 27 24 ;
set Ra[520]:=
49 12 13 1 ;
set Ra[521]:=
4 17 19 44 34 37 ;
set Ra[522]:=
46 12 6 3 35 20 ;
set Ra[523]:=
50 ;
set Ra[524]:=
34 29 ;
set Ra[525]:=
10 49 ;
set Ra[526]:=
24 41 43 9 11 ;
set Ra[527]:=
40 ;
set Ra[528]:=
15 ;
set Ra[529]:=
37 ;
set Ra[530]:=
13 38 45 25 36 19 ;
set Ra[531]:=
28 14 36 13 29 ;
set Ra[532]:=
11 29 ;
set Ra[533]:=
45 40 41 37 ;
set Ra[534]:=
24 45 36 ;
set Ra[535]:=
15 42 7 ;
set Ra[536]:=
37 2 ;
set Ra[537]:=
25 38 41 ;
set Ra[538]:=
1 ;
set Ra[539]:=
44 22 36 21 43 ;
set Ra[540]:=
13 17 32 16 ;
set Ra[541]:=
2 ;
set Ra[542]:=
46 30 ;
set Ra[543]:=
10 ;
set Ra[544]:=
18 29 8 7 48 ;
set Ra[545]:=
23 5 2 28 ;
set Ra[546]:=
15 49 19 ;
set Ra[547]:=
13 21 ;
set Ra[548]:=
18 35 ;
set Ra[549]:=
15 25 ;
set Ra[550]:=
47 ;
set Ra[551]:=
32 15 1 38 23 7 ;
set Ra[552]:=
38 ;
set Ra[553]:=
6 ;
set Ra[554]:=
11 17 3 21 30 44 ;
set Ra[555]:=
25 9 49 6 38 ;
set Ra[556]:=
11 42 25 ;
set Ra[557]:=
12 29 27 9 32 38 ;
set Ra[558]:=
32 ;
set Ra[559]:=
48 33 ;
set Ra[560]:=
28 12 43 50 38 11 ;
set Ra[561]:=
14 32 41 ;
set Ra[562]:=
32 48 10 40 ;
set Ra[563]:=
14 25 1 5 49 ;
set Ra[564]:=
11 38 16 ;
set Ra[565]:=
28 21 18 13 ;
set Ra[566]:=
25 35 15 43 20 ;
set Ra[567]:=
3 32 43 ;
set Ra[568]:=
24 10 12 2 14 ;
set Ra[569]:=
10 20 35 23 21 ;
set Ra[570]:=
35 38 36 ;
set Ra[571]:=
17 10 ;
set Ra[572]:=
50 11 21 25 10 3 ;
set Ra[573]:=
35 ;
set Ra[574]:=
44 43 24 1 ;
set Ra[575]:=
38 24 41 48 39 10 ;
set Ra[576]:=
26 43 ;
set Ra[577]:=
4 2 5 41 43 ;
set Ra[578]:=
17 2 34 36 ;
set Ra[579]:=
33 7 11 ;
set Ra[580]:=
4 25 9 37 ;
set Ra[581]:=
7 18 ;
set Ra[582]:=
49 ;
set Ra[583]:=
15 20 ;
set Ra[584]:=
12 ;
set Ra[585]:=
11 33 15 ;
set Ra[586]:=
30 23 1 ;
set Ra[587]:=
28 29 5 47 34 ;
set Ra[588]:=
43 30 21 ;
set Ra[589]:=
32 29 24 30 ;
set Ra[590]:=
42 48 ;
set Ra[591]:=
28 38 31 49 19 25 ;
set Ra[592]:=
24 40 17 ;
set Ra[593]:=
10 28 31 18 17 ;
set Ra[594]:=
36 2 18 40 ;
set Ra[595]:=
26 42 46 ;
set Ra[596]:=
3 ;
set Ra[597]:=
14 ;
set Ra[598]:=
34 23 48 46 ;
set Ra[599]:=
46 30 35 38 ;
set Ra[600]:=
12 49 ;
set Ra[601]:=
21 ;
set Ra[602]:=
18 9 40 47 23 49 ;
set Ra[603]:=
33 ;
set Ra[604]:=
5 40 46 4 7 27 ;
set Ra[605]:=
6 42 ;
set Ra[606]:=
3 46 11 30 ;
set Ra[607]:=
17 31 30 4 27 ;
set Ra[608]:=
8 47 2 ;
set Ra[609]:=
45 25 22 13 27 29 ;
set Ra[610]:=
37 ;
set Ra[611]:=
25 7 39 ;
set Ra[612]:=
7 ;
set Ra[613]:=
34 35 1 2 22 29 ;
set Ra[614]:=
16 ;
set Ra[615]:=
41 47 43 49 36 ;
set Ra[616]:=
9 43 18 ;
set Ra[617]:=
1 47 35 7 23 ;
set Ra[618]:=
4 13 39 40 16 ;
set Ra[619]:=
39 15 7 26 48 ;
set Ra[620]:=
31 37 34 ;
set Ra[621]:=
33 28 ;
set Ra[622]:=
10 38 37 ;
set Ra[623]:=
37 48 47 35 ;
set Ra[624]:=
17 46 24 ;
set Ra[625]:=
44 17 19 41 ;
set Ra[626]:=
37 ;
set Ra[627]:=
14 18 50 10 ;
set Ra[628]:=
48 14 23 46 ;
set Ra[629]:=
11 46 27 3 ;
set Ra[630]:=
50 39 3 ;
set Ra[631]:=
9 13 32 31 ;
set Ra[632]:=
29 50 ;
set Ra[633]:=
45 26 5 27 22 ;
set Ra[634]:=
19 38 18 13 10 ;
set Ra[635]:=
13 7 28 21 9 ;
set Ra[636]:=
36 4 32 19 11 ;
set Ra[637]:=
35 16 43 14 8 ;
set Ra[638]:=
24 ;
set Ra[639]:=
21 ;
set Ra[640]:=
26 35 23 31 41 47 ;
set Ra[641]:=
29 34 49 11 ;
set Ra[642]:=
31 3 27 49 44 47 ;
set Ra[643]:=
30 8 12 2 5 ;
set Ra[644]:=
12 28 29 48 ;
set Ra[645]:=
28 10 12 30 ;
set Ra[646]:=
15 3 18 26 32 31 ;
set Ra[647]:=
47 15 14 34 ;
set Ra[648]:=
26 21 23 25 ;
set Ra[649]:=
10 49 36 7 44 ;
set Ra[650]:=
48 32 ;
set Ra[651]:=
14 ;
set Ra[652]:=
38 25 16 2 ;
set Ra[653]:=
9 46 45 27 29 14 ;
set Ra[654]:=
6 50 30 18 42 8 ;
set Ra[655]:=
42 17 21 3 6 ;
set Ra[656]:=
30 ;
set Ra[657]:=
6 ;
set Ra[658]:=
28 17 ;
set Ra[659]:=
44 ;
set Ra[660]:=
41 40 24 21 9 4 ;
set Ra[661]:=
47 2 12 38 ;
set Ra[662]:=
14 44 21 ;
set Ra[663]:=
2 44 49 25 ;
set Ra[664]:=
30 36 27 28 26 ;
set Ra[665]:=
25 42 ;
set Ra[666]:=
4 50 13 35 16 28 ;
set Ra[667]:=
44 12 36 ;
set Ra[668]:=
30 4 46 37 14 20 ;
set Ra[669]:=
32 24 12 ;
set Ra[670]:=
27 3 17 44 32 48 ;
set Ra[671]:=
36 8 27 37 47 ;
set Ra[672]:=
33 ;
set Ra[673]:=
7 40 ;
set Ra[674]:=
42 26 50 13 ;
set Ra[675]:=
4 44 15 21 ;
set Ra[676]:=
22 ;
set Ra[677]:=
4 38 36 ;
set Ra[678]:=
9 12 46 17 ;
set Ra[679]:=
17 33 43 30 44 7 ;
set Ra[680]:=
33 13 24 44 ;
set Ra[681]:=
49 23 8 13 ;
set Ra[682]:=
39 19 16 ;
set Ra[683]:=
46 12 8 ;
set Ra[684]:=
16 10 19 5 47 2 ;
set Ra[685]:=
49 8 ;
set Ra[686]:=
7 48 39 32 ;
set Ra[687]:=
45 11 40 ;
set Ra[688]:=
5 19 44 ;
set Ra[689]:=
19 12 34 37 39 ;
set Ra[690]:=
49 17 10 38 ;
set Ra[691]:=
5 20 37 ;
set Ra[692]:=
3 ;
set Ra[693]:=
10 11 34 42 45 32 ;
set Ra[694]:=
2 37 23 50 ;
set Ra[695]:=
44 33 31 6 ;
set Ra[696]:=
10 30 ;
set Ra[697]:=
26 40 18 ;
set Ra[698]:=
47 11 20 ;
set Ra[699]:=
6 ;
set Ra[700]:=
40 28 1 9 26 ;
set Ra[701]:=
23 35 38 26 ;
set Ra[702]:=
48 19 31 ;
set Ra[703]:=
33 10 50 34 5 41 ;
set Ra[704]:=
17 ;
set Ra[705]:=
2 36 49 11 50 ;
set Ra[706]:=
31 7 27 18 47 3 ;
set Ra[707]:=
12 39 16 41 47 4 ;
set Ra[708]:=
44 33 ;
set Ra[709]:=
16 ;
set Ra[710]:=
47 43 35 27 ;
set Ra[711]:=
39 10 16 37 30 32 ;
set Ra[712]:=
20 16 14 ;
set Ra[713]:=
24 23 29 48 42 31 ;
set Ra[714]:=
45 30 ;
set Ra[715]:=
9 46 32 28 4 2 ;
set Ra[716]:=
15 21 ;
set Ra[717]:=
29 7 24 25 49 ;
set Ra[718]:=
44 23 20 38 ;
set Ra[719]:=
28 29 8 ;
set Ra[720]:=
42 46 27 ;
set Ra[721]:=
45 2 10 37 ;
set Ra[722]:=
48 16 18 31 ;
set Ra[723]:=
1 5 40 ;
set Ra[724]:=
16 48 15 34 ;
set Ra[725]:=
48 30 ;
set Ra[726]:=
37 ;
set Ra[727]:=
35 5 ;
set Ra[728]:=
40 35 12 4 21 ;
set Ra[729]:=
22 39 36 ;
set Ra[730]:=
30 11 ;
set Ra[731]:=
41 ;
set Ra[732]:=
47 26 32 28 ;
set Ra[733]:=
8 9 17 ;
set Ra[734]:=
23 46 ;
set Ra[735]:=
25 30 34 ;
set Ra[736]:=
32 29 5 40 6 ;
set Ra[737]:=
15 ;
set Ra[738]:=
44 46 15 34 18 50 ;
set Ra[739]:=
12 ;
set Ra[740]:=
32 48 9 ;
set Ra[741]:=
38 ;
set Ra[742]:=
2 28 33 40 19 38 ;
set Ra[743]:=
5 29 ;
set Ra[744]:=
45 17 11 49 8 ;
set Ra[745]:=
11 ;
set Ra[746]:=
21 3 7 28 41 ;
set Ra[747]:=
4 22 34 47 ;
set Ra[748]:=
8 35 ;
set Ra[749]:=
3 44 37 10 22 ;
set Ra[750]:=
48 ;
set Ra[751]:=
48 15 ;
set Ra[752]:=
32 13 16 22 ;
set Ra[753]:=
27 6 50 30 43 2 ;
set Ra[754]:=
34 45 19 33 14 38 ;
set Ra[755]:=
42 32 18 33 9 ;
set Ra[756]:=
32 ;
set Ra[757]:=
41 24 21 5 ;
set Ra[758]:=
5 27 ;
set Ra[759]:=
27 44 ;
set Ra[760]:=
33 24 37 29 1 41 ;
set Ra[761]:=
10 8 30 43 ;
set Ra[762]:=
15 37 30 45 ;
set Ra[763]:=
7 37 1 31 32 48 ;
set Ra[764]:=
21 34 2 22 46 50 ;
set Ra[765]:=
10 ;
set Ra[766]:=
33 ;
set Ra[767]:=
7 3 46 10 39 ;
set Ra[768]:=
2 27 47 10 46 ;
set Ra[769]:=
34 22 ;
set Ra[770]:=
37 17 1 5 26 16 ;
set Ra[771]:=
4 22 14 47 ;
set Ra[772]:=
24 44 19 30 ;
set Ra[773]:=
20 11 4 9 29 ;
set Ra[774]:=
49 43 26 ;
set Ra[775]:=
47 26 30 48 25 16 ;
set Ra[776]:=
16 37 50 43 12 ;
set Ra[777]:=
14 9 45 ;
set Ra[778]:=
28 50 42 ;
set Ra[779]:=
9 1 49 33 22 ;
set Ra[780]:=
32 33 22 3 17 34 ;
set Ra[781]:=
26 36 6 7 21 11 ;
set Ra[782]:=
43 17 12 ;
set Ra[783]:=
5 41 24 ;
set Ra[784]:=
18 20 2 23 9 ;
set Ra[785]:=
29 ;
set Ra[786]:=
10 6 27 29 ;
set Ra[787]:=
34 32 16 48 ;
set Ra[788]:=
40 43 35 44 17 ;
set Ra[789]:=
49 ;
set Ra[790]:=
17 21 ;
set Ra[791]:=
15 21 30 ;
set Ra[792]:=
28 20 11 40 18 12 ;
set Ra[793]:=
42 39 26 48 ;
set Ra[794]:=
41 8 27 18 42 16 ;
set Ra[795]:=
45 36 3 28 ;
set Ra[796]:=
47 21 32 ;
set Ra[797]:=
41 24 50 28 ;
set Ra[798]:=
16 46 20 33 25 ;
set Ra[799]:=
25 11 40 48 ;
set Ra[800]:=
19 38 ;
set Ra[801]:=
29 14 ;
set Ra[802]:=
32 43 ;
set Ra[803]:=
14 ;
set Ra[804]:=
37 39 38 ;
set Ra[805]:=
15 28 29 27 6 ;
set Ra[806]:=
32 25 11 17 8 ;
set Ra[807]:=
45 20 41 13 ;
set Ra[808]:=
12 49 ;
set Ra[809]:=
1 26 ;
set Ra[810]:=
20 17 45 4 49 ;
set Ra[811]:=
10 43 37 9 26 2 ;
set Ra[812]:=
9 30 ;
set Ra[813]:=
4 ;
set Ra[814]:=
49 1 39 48 4 3 ;
set Ra[815]:=
5 ;
set Ra[816]:=
22 ;
set Ra[817]:=
20 40 31 50 32 19 ;
set Ra[818]:=
36 ;
set Ra[819]:=
44 33 24 19 49 ;
set Ra[820]:=
50 26 10 22 16 40 ;
set Ra[821]:=
13 10 39 49 42 ;
set Ra[822]:=
46 32 30 ;
set Ra[823]:=
29 23 45 7 12 43 ;
set Ra[824]:=
39 49 32 19 ;
set Ra[825]:=
46 8 48 18 10 16 ;
set Ra[826]:=
13 ;
set Ra[827]:=
27 36 33 50 42 45 ;
set Ra[828]:=
44 42 27 34 9 ;
set Ra[829]:=
4 15 31 47 ;
set Ra[830]:=
38 10 44 5 24 50 ;
set Ra[831]:=
23 44 27 2 34 ;
set Ra[832]:=
5 ;
set Ra[833]:=
49 19 3 48 ;
set Ra[834]:=
36 19 ;
set Ra[835]:=
38 8 6 27 ;
set Ra[836]:=
46 48 45 41 12 5 ;
set Ra[837]:=
6 35 4 45 12 42 ;
set Ra[838]:=
24 28 29 11 49 10 ;
set Ra[839]:=
15 ;
set Ra[840]:=
43 37 34 31 7 ;
set Ra[841]:=
13 15 26 5 4 ;
set Ra[842]:=
22 17 14 ;
set Ra[843]:=
36 20 47 38 24 12 ;
set Ra[844]:=
37 41 3 28 ;
set Ra[845]:=
15 44 2 47 43 42 ;
set Ra[846]:=
9 36 ;
set Ra[847]:=
28 11 ;
set Ra[848]:=
35 41 ;
set Ra[849]:=
21 4 5 ;
set Ra[850]:=
44 11 10 4 ;
set Ra[851]:=
45 4 10 19 18 41 ;
set Ra[852]:=
13 48 50 19 7 37 ;
set Ra[853]:=
23 48 ;
set Ra[854]:=
6 ;
set Ra[855]:=
6 50 22 37 26 ;
set Ra[856]:=
43 6 ;
set Ra[857]:=
9 41 ;
set Ra[858]:=
30 24 40 ;
set Ra[859]:=
43 35 38 36 ;
set Ra[860]:=
22 47 ;
set Ra[861]:=
25 ;
set Ra[862]:=
43 50 33 2 ;
set Ra[863]:=
19 40 17 5 ;
set Ra[864]:=
16 34 20 45 13 40 ;
set Ra[865]:=
21 32 2 ;
set Ra[866]:=
38 ;
set Ra[867]:=
18 5 ;
set Ra[868]:=
35 15 32 39 49 ;
set Ra[869]:=
49 33 44 ;
set Ra[870]:=
47 33 35 4 41 ;
set Ra[871]:=
16 44 24 49 7 26 ;
set Ra[872]:=
3 31 7 16 50 ;
set Ra[873]:=
35 6 48 32 45 10 ;
set Ra[874]:=
24 13 ;
set Ra[875]:=
32 13 29 49 23 40 ;
set Ra[876]:=
11 ;
set Ra[877]:=
28 49 ;
set Ra[878]:=
49 24 3 34 37 38 ;
set Ra[879]:=
39 28 ;
set Ra[880]:=
42 17 ;
set Ra[881]:=
41 ;
set Ra[882]:=
11 29 49 ;
set Ra[883]:=
1 9 ;
set Ra[884]:=
32 5 9 34 ;
set Ra[885]:=
5 3 44 37 47 50 ;
set Ra[886]:=
44 38 ;
set Ra[887]:=
36 ;
set Ra[888]:=
43 47 13 41 ;
set Ra[889]:=
47 13 42 9 ;
set Ra[890]:=
37 44 ;
set Ra[891]:=
30 18 14 21 ;
set Ra[892]:=
6 4 5 37 ;
set Ra[893]:=
26 3 10 ;
set Ra[894]:=
19 ;
set Ra[895]:=
7 18 24 12 39 ;
set Ra[896]:=
37 ;
set Ra[897]:=
31 20 7 19 30 50 ;
set Ra[898]:=
5 32 47 33 39 ;
set Ra[899]:=
38 32 ;
set Ra[900]:=
27 26 7 8 13 2 ;
set Ra[901]:=
24 4 30 14 49 ;
set Ra[902]:=
32 ;
set Ra[903]:=
39 4 45 15 1 31 ;
set Ra[904]:=
35 ;
set Ra[905]:=
12 ;
set Ra[906]:=
20 12 36 ;
set Ra[907]:=
29 10 35 39 25 ;
set Ra[908]:=
21 ;
set Ra[909]:=
1 50 38 5 46 12 ;
set Ra[910]:=
13 41 12 37 26 15 ;
set Ra[911]:=
41 21 ;
set Ra[912]:=
19 25 24 46 ;
set Ra[913]:=
43 9 ;
set Ra[914]:=
22 27 23 18 48 ;
set Ra[915]:=
41 11 14 ;
set Ra[916]:=
32 42 24 5 23 ;
set Ra[917]:=
1 17 ;
set Ra[918]:=
20 19 9 24 48 15 ;
set Ra[919]:=
11 23 10 38 39 ;
set Ra[920]:=
15 ;
set Ra[921]:=
50 15 34 ;
set Ra[922]:=
16 43 26 50 37 ;
set Ra[923]:=
31 42 13 9 1 ;
set Ra[924]:=
14 36 38 22 19 48 ;
set Ra[925]:=
17 1 15 23 14 19 ;
set Ra[926]:=
12 27 47 43 39 ;
set Ra[927]:=
49 ;
set Ra[928]:=
48 31 ;
set Ra[929]:=
45 4 ;
set Ra[930]:=
47 40 11 24 17 ;
set Ra[931]:=
4 47 ;
set Ra[932]:=
45 11 2 27 28 ;
set Ra[933]:=
33 23 26 22 ;
set Ra[934]:=
20 12 ;
set Ra[935]:=
41 11 ;
set Ra[936]:=
13 31 6 19 15 ;
set Ra[937]:=
43 46 35 39 36 ;
set Ra[938]:=
29 ;
set Ra[939]:=
24 31 38 43 8 ;
set Ra[940]:=
30 ;
set Ra[941]:=
37 17 30 47 20 32 ;
set Ra[942]:=
41 3 33 8 23 ;
set Ra[943]:=
29 30 ;
set Ra[944]:=
31 22 21 ;
set Ra[945]:=
17 ;
set Ra[946]:=
33 44 ;
set Ra[947]:=
16 40 34 4 8 30 ;
set Ra[948]:=
49 38 12 34 35 ;
set Ra[949]:=
30 9 ;
set Ra[950]:=
46 1 32 ;
set Ra[951]:=
25 ;
set Ra[952]:=
31 21 11 4 22 ;
set Ra[953]:=
11 50 ;
set Ra[954]:=
25 4 2 12 40 29 ;
set Ra[955]:=
2 14 34 44 ;
set Ra[956]:=
3 4 ;
set Ra[957]:=
42 48 4 39 8 ;
set Ra[958]:=
7 ;
set Ra[959]:=
30 9 15 7 50 12 ;
set Ra[960]:=
30 7 3 41 ;
set Ra[961]:=
8 27 ;
set Ra[962]:=
32 21 ;
set Ra[963]:=
18 16 14 49 36 26 ;
set Ra[964]:=
48 32 5 9 ;
set Ra[965]:=
18 ;
set Ra[966]:=
19 2 23 8 ;
set Ra[967]:=
33 29 10 ;
set Ra[968]:=
45 ;
set Ra[969]:=
42 7 10 43 32 ;
set Ra[970]:=
26 11 24 46 13 ;
set Ra[971]:=
29 45 48 46 7 ;
set Ra[972]:=
43 7 23 27 18 48 ;
set Ra[973]:=
44 30 12 21 29 11 ;
set Ra[974]:=
6 ;
set Ra[975]:=
12 47 ;
set Ra[976]:=
21 5 ;
set Ra[977]:=
47 33 12 ;
set Ra[978]:=
43 21 14 25 ;
set Ra[979]:=
18 25 41 11 ;
set Ra[980]:=
39 ;
set Ra[981]:=
45 36 5 2 ;
set Ra[982]:=
11 24 ;
set Ra[983]:=
14 ;
set Ra[984]:=
7 18 8 ;
set Ra[985]:=
30 17 42 41 36 2 ;
set Ra[986]:=
16 47 48 ;
set Ra[987]:=
48 ;
set Ra[988]:=
25 22 47 21 2 34 ;
set Ra[989]:=
25 2 33 ;
set Ra[990]:=
11 7 50 ;
set Ra[991]:=
4 21 16 20 34 ;
set Ra[992]:=
39 22 ;
set Ra[993]:=
33 25 ;
set Ra[994]:=
8 ;
set Ra[995]:=
10 16 20 35 ;
set Ra[996]:=
26 ;
set Ra[997]:=
17 4 ;
set Ra[998]:=
37 25 15 48 3 ;
set Ra[999]:=
43 36 5 12 ;
set Ra[1000]:=
16 ;
set Ra[1001]:=
35 ;
set Ra[1002]:=
26 8 45 ;
set Ra[1003]:=
50 7 1 22 ;
set Ra[1004]:=
5 7 3 25 14 ;
set Ra[1005]:=
39 11 49 20 13 33 ;
set Ra[1006]:=
34 8 36 40 ;
set Ra[1007]:=
10 4 22 9 49 3 ;
set Ra[1008]:=
16 34 24 15 7 18 ;
set Ra[1009]:=
3 ;
set Ra[1010]:=
36 42 4 19 8 ;
set Ra[1011]:=
13 45 10 ;
set Ra[1012]:=
45 23 17 30 ;
set Ra[1013]:=
8 ;
set Ra[1014]:=
25 30 ;
set Ra[1015]:=
9 43 7 25 ;
set Ra[1016]:=
24 10 ;
set Ra[1017]:=
8 39 27 16 23 10 ;
set Ra[1018]:=
19 13 ;
set Ra[1019]:=
25 14 18 8 16 ;
set Ra[1020]:=
6 13 ;
set Ra[1021]:=
31 ;
set Ra[1022]:=
21 35 ;
set Ra[1023]:=
9 13 30 16 ;
set Ra[1024]:=
28 8 ;
set Ra[1025]:=
12 7 39 47 21 5 ;
set Ra[1026]:=
14 ;
set Ra[1027]:=
37 ;
set Ra[1028]:=
9 37 46 ;
set Ra[1029]:=
42 40 49 9 2 ;
set Ra[1030]:=
42 ;
set Ra[1031]:=
10 28 ;
set Ra[1032]:=
28 39 ;
set Ra[1033]:=
24 5 15 13 ;
set Ra[1034]:=
50 23 34 ;
set Ra[1035]:=
20 36 ;
set Ra[1036]:=
42 33 26 ;
set Ra[1037]:=
43 4 40 31 ;
set Ra[1038]:=
20 30 46 ;
set Ra[1039]:=
21 37 ;
set Ra[1040]:=
7 35 ;
set Ra[1041]:=
48 8 3 50 33 ;
set Ra[1042]:=
39 33 8 ;
set Ra[1043]:=
1 46 13 30 ;
set Ra[1044]:=
39 6 ;
set Ra[1045]:=
43 21 29 33 50 ;
set Ra[1046]:=
17 ;
set Ra[1047]:=
42 ;
set Ra[1048]:=
6 46 4 1 37 ;
set Ra[1049]:=
12 48 18 19 24 37 ;
set Ra[1050]:=
35 6 33 48 45 46 ;
set Ra[1051]:=
7 39 17 ;
set Ra[1052]:=
26 2 30 4 28 ;
set Ra[1053]:=
50 18 27 ;
set Ra[1054]:=
9 50 42 49 21 ;
set Ra[1055]:=
23 42 47 43 ;
set Ra[1056]:=
25 6 8 10 ;
set Ra[1057]:=
22 34 2 17 41 ;
set Ra[1058]:=
44 ;
set Ra[1059]:=
32 49 33 41 18 27 ;
set Ra[1060]:=
26 ;
set Ra[1061]:=
34 2 33 ;
set Ra[1062]:=
18 37 26 15 3 ;
set Ra[1063]:=
34 47 ;
set Ra[1064]:=
8 ;
set Ra[1065]:=
39 16 19 37 12 ;
set Ra[1066]:=
38 5 46 27 42 41 ;
set Ra[1067]:=
35 41 13 36 17 43 ;
set Ra[1068]:=
3 ;
set Ra[1069]:=
19 26 1 ;
set Ra[1070]:=
40 28 29 26 7 49 ;
set Ra[1071]:=
47 15 38 49 40 ;
set Ra[1072]:=
33 43 21 32 ;
set Ra[1073]:=
21 8 46 ;
set Ra[1074]:=
4 ;
set Ra[1075]:=
33 7 ;
set Ra[1076]:=
49 21 32 ;
set Ra[1077]:=
9 21 18 2 ;
set Ra[1078]:=
30 3 ;
set Ra[1079]:=
36 ;
set Ra[1080]:=
45 21 ;
set Ra[1081]:=
33 7 26 41 ;
set Ra[1082]:=
39 50 ;
set Ra[1083]:=
38 45 10 ;
set Ra[1084]:=
5 44 28 ;
set Ra[1085]:=
33 36 29 ;
set Ra[1086]:=
34 21 ;
set Ra[1087]:=
42 3 20 27 24 1 ;
set Ra[1088]:=
4 11 ;
set Ra[1089]:=
27 19 ;
set Ra[1090]:=
46 ;
set Ra[1091]:=
25 41 1 21 42 ;
set Ra[1092]:=
3 21 18 ;
set Ra[1093]:=
5 38 20 22 ;
set Ra[1094]:=
10 22 19 ;
set Ra[1095]:=
14 9 45 ;
set Ra[1096]:=
3 33 43 13 34 23 ;
set Ra[1097]:=
49 31 38 1 5 ;
set Ra[1098]:=
4 8 18 21 ;
set Ra[1099]:=
26 ;
set Ra[1100]:=
17 29 ;
set Ra[1101]:=
3 35 17 ;
set Ra[1102]:=
49 7 31 2 27 38 ;
set Ra[1103]:=
9 17 2 8 13 ;
set Ra[1104]:=
4 17 ;
set Ra[1105]:=
34 ;
set Ra[1106]:=
42 48 18 10 38 ;
set Ra[1107]:=
9 12 23 15 ;
set Ra[1108]:=
35 45 27 37 ;
set Ra[1109]:=
42 24 9 49 ;
set Ra[1110]:=
45 ;
set Ra[1111]:=
38 37 3 33 49 45 ;
set Ra[1112]:=
41 7 45 48 ;
set Ra[1113]:=
36 19 ;
set Ra[1114]:=
12 45 46 ;
set Ra[1115]:=
20 22 ;
set Ra[1116]:=
19 6 39 27 ;
set Ra[1117]:=
30 11 10 ;
set Ra[1118]:=
10 33 27 ;
set Ra[1119]:=
3 34 5 ;
set Ra[1120]:=
1 24 48 35 38 ;
set Ra[1121]:=
5 18 37 ;
set Ra[1122]:=
21 49 3 8 12 ;
set Ra[1123]:=
48 45 20 27 22 13 ;
set Ra[1124]:=
33 22 ;
set Ra[1125]:=
44 29 34 ;
set Ra[1126]:=
30 35 36 ;
set Ra[1127]:=
2 20 34 ;
set Ra[1128]:=
26 21 ;
set Ra[1129]:=
24 28 1 49 17 29 ;
set Ra[1130]:=
14 28 30 48 ;
set Ra[1131]:=
4 ;
set Ra[1132]:=
8 21 ;
set Ra[1133]:=
13 39 6 ;
set Ra[1134]:=
21 ;
set Ra[1135]:=
44 12 6 36 11 ;
set Ra[1136]:=
12 43 33 5 48 ;
set Ra[1137]:=
28 40 31 37 ;
set Ra[1138]:=
31 23 39 1 ;
set Ra[1139]:=
41 ;
set Ra[1140]:=
44 ;
set Ra[1141]:=
33 2 17 50 3 ;
set Ra[1142]:=
45 ;
set Ra[1143]:=
46 24 33 ;
set Ra[1144]:=
28 33 11 32 ;
set Ra[1145]:=
31 46 47 12 27 ;
set Ra[1146]:=
17 42 1 ;
set Ra[1147]:=
2 5 8 19 7 ;
set Ra[1148]:=
16 14 12 50 24 18 ;
set Ra[1149]:=
50 34 31 4 20 13 ;
set Ra[1150]:=
3 21 23 ;
set Ra[1151]:=
18 ;
set Ra[1152]:=
12 21 26 ;
set Ra[1153]:=
31 39 ;
set Ra[1154]:=
21 33 8 29 ;
set Ra[1155]:=
3 20 30 10 7 27 ;
set Ra[1156]:=
1 38 23 24 9 49 ;
set Ra[1157]:=
18 46 35 1 ;
set Ra[1158]:=
40 41 43 27 ;
set Ra[1159]:=
6 ;
set Ra[1160]:=
38 25 9 44 ;
set Ra[1161]:=
43 40 ;
set Ra[1162]:=
25 19 ;
set Ra[1163]:=
36 50 8 30 26 31 ;
set Ra[1164]:=
24 19 36 33 ;
set Ra[1165]:=
41 ;
set Ra[1166]:=
3 14 44 10 37 ;
set Ra[1167]:=
1 ;
set Ra[1168]:=
18 26 25 44 16 4 ;
set Ra[1169]:=
5 25 14 11 ;
set Ra[1170]:=
10 38 ;
set Ra[1171]:=
46 28 41 ;
set Ra[1172]:=
11 25 21 7 29 14 ;
set Ra[1173]:=
20 13 ;
set Ra[1174]:=
41 27 19 35 9 45 ;
set Ra[1175]:=
48 ;
set Ra[1176]:=
50 30 24 23 11 ;
set Ra[1177]:=
4 ;
set Ra[1178]:=
35 31 24 48 ;
set Ra[1179]:=
11 2 30 34 ;
set Ra[1180]:=
15 30 42 20 ;
set Ra[1181]:=
40 34 48 ;
set Ra[1182]:=
45 5 16 ;
set Ra[1183]:=
38 45 37 35 41 ;
set Ra[1184]:=
26 50 2 ;
set Ra[1185]:=
28 20 31 23 ;
set Ra[1186]:=
5 12 33 21 18 44 ;
set Ra[1187]:=
11 ;
set Ra[1188]:=
38 20 29 27 1 11 ;
set Ra[1189]:=
32 ;
set Ra[1190]:=
22 35 4 6 26 11 ;
set Ra[1191]:=
18 ;
set Ra[1192]:=
43 ;
set Ra[1193]:=
31 23 21 46 27 34 ;
set Ra[1194]:=
1 20 35 ;
set Ra[1195]:=
15 24 50 27 ;
set Ra[1196]:=
22 8 23 9 ;
set Ra[1197]:=
48 28 29 49 45 37 ;
set Ra[1198]:=
39 19 24 47 20 ;
set Ra[1199]:=
11 43 7 35 32 ;
set Ra[1200]:=
37 8 4 32 1 ;
set Ra[1201]:=
9 1 ;
set Ra[1202]:=
41 30 ;
set Ra[1203]:=
21 45 24 48 ;
set Ra[1204]:=
42 ;
set Ra[1205]:=
19 42 ;
set Ra[1206]:=
16 ;
set Ra[1207]:=
45 19 ;
set Ra[1208]:=
11 39 38 45 22 ;
set Ra[1209]:=
50 8 45 38 ;
set Ra[1210]:=
33 ;
set Ra[1211]:=
42 26 5 ;
set Ra[1212]:=
33 46 ;
set Ra[1213]:=
20 19 ;
set Ra[1214]:=
6 27 30 46 49 21 ;
set Ra[1215]:=
43 ;
set Ra[1216]:=
7 35 31 30 15 ;
set Ra[1217]:=
36 3 5 50 33 34 ;
set Ra[1218]:=
10 26 43 41 14 ;
set Ra[1219]:=
49 33 10 ;
set Ra[1220]:=
40 19 18 23 ;
set Ra[1221]:=
15 32 ;
set Ra[1222]:=
5 34 29 47 ;
set Ra[1223]:=
45 ;
set Ra[1224]:=
2 36 47 14 43 38 ;
set Ra[1225]:=
20 25 1 ;
set Ra[1226]:=
27 14 33 11 50 ;
set Ra[1227]:=
40 15 ;
set Ra[1228]:=
38 ;
set Ra[1229]:=
10 26 36 ;
set Ra[1230]:=
22 7 30 ;
set Ra[1231]:=
14 ;
set Ra[1232]:=
37 16 20 ;
set Ra[1233]:=
5 21 ;
set Ra[1234]:=
41 20 ;
set Ra[1235]:=
48 16 45 26 3 ;
set Ra[1236]:=
46 ;
set Ra[1237]:=
25 17 ;
set Ra[1238]:=
8 5 30 14 16 37 ;
set Ra[1239]:=
26 5 7 30 44 31 ;
set Ra[1240]:=
29 38 9 21 49 ;
set Ra[1241]:=
32 43 15 3 20 ;
set Ra[1242]:=
44 7 41 20 ;
set Ra[1243]:=
11 ;
set Ra[1244]:=
21 12 42 ;
set Ra[1245]:=
23 41 18 6 29 24 ;
set Ra[1246]:=
26 5 33 30 41 14 ;
set Ra[1247]:=
6 ;
set Ra[1248]:=
37 21 5 33 ;
set Ra[1249]:=
23 19 ;
set Ra[1250]:=
3 14 47 12 46 25 ;
set Ra[1251]:=
19 20 25 22 34 ;
set Ra[1252]:=
13 40 7 25 8 6 ;
set Ra[1253]:=
16 ;
set Ra[1254]:=
22 43 ;
set Ra[1255]:=
25 49 5 18 ;
set Ra[1256]:=
12 38 44 29 46 ;
set Ra[1257]:=
43 ;
set Ra[1258]:=
19 36 ;
set Ra[1259]:=
26 ;
set Ra[1260]:=
23 ;
set Ra[1261]:=
4 22 8 ;
set Ra[1262]:=
49 19 12 7 ;
set Ra[1263]:=
32 28 47 17 13 ;
set Ra[1264]:=
34 6 ;
set Ra[1265]:=
30 27 ;
set Ra[1266]:=
47 ;
set Ra[1267]:=
23 35 48 ;
set Ra[1268]:=
36 2 4 19 28 10 ;
set Ra[1269]:=
35 11 ;
set Ra[1270]:=
39 ;
set Ra[1271]:=
31 37 35 24 ;
set Ra[1272]:=
21 50 5 38 27 ;
set Ra[1273]:=
10 2 50 ;
set Ra[1274]:=
16 19 49 26 40 11 ;
set Ra[1275]:=
39 ;
set Ra[1276]:=
30 34 ;
set Ra[1277]:=
44 48 8 46 13 ;
set Ra[1278]:=
47 ;
set Ra[1279]:=
31 25 38 1 33 11 ;
set Ra[1280]:=
50 22 49 ;
set Ra[1281]:=
33 9 48 49 5 ;
set Ra[1282]:=
14 43 26 45 ;
set Ra[1283]:=
13 19 ;
set Ra[1284]:=
41 44 43 30 ;
set Ra[1285]:=
3 32 28 ;
set Ra[1286]:=
24 ;
set Ra[1287]:=
48 49 ;
set Ra[1288]:=
26 ;
set Ra[1289]:=
10 41 48 49 ;
set Ra[1290]:=
29 2 26 6 ;
set Ra[1291]:=
15 16 45 10 30 2 ;
set Ra[1292]:=
6 46 36 ;
set Ra[1293]:=
37 50 46 39 24 1 ;
set Ra[1294]:=
49 ;
set Ra[1295]:=
4 2 ;
set Ra[1296]:=
31 26 1 2 ;
set Ra[1297]:=
38 48 ;
set Ra[1298]:=
22 27 20 ;
set Ra[1299]:=
23 5 39 6 40 45 ;
set Ra[1300]:=
41 35 ;
set Ra[1301]:=
2 32 ;
set Ra[1302]:=
29 23 20 ;
set Ra[1303]:=
28 ;
set Ra[1304]:=
43 30 42 ;
set Ra[1305]:=
1 36 37 22 27 ;
set Ra[1306]:=
23 38 37 18 5 31 ;
set Ra[1307]:=
48 29 46 30 50 ;
set Ra[1308]:=
48 25 2 46 11 33 ;
set Ra[1309]:=
14 9 ;
set Ra[1310]:=
42 6 1 49 3 ;
set Ra[1311]:=
15 23 12 39 47 3 ;
set Ra[1312]:=
4 32 42 2 33 30 ;
set Ra[1313]:=
18 23 14 39 36 ;
set Ra[1314]:=
2 29 14 35 ;
set Ra[1315]:=
33 26 16 15 1 4 ;
set Ra[1316]:=
15 30 24 ;
set Ra[1317]:=
38 24 12 42 ;
set Ra[1318]:=
20 24 19 43 18 ;
set Ra[1319]:=
46 18 7 1 47 22 ;
set Ra[1320]:=
14 22 ;
set Ra[1321]:=
28 47 41 22 8 9 ;
set Ra[1322]:=
18 ;
set Ra[1323]:=
12 48 10 32 37 2 ;
set Ra[1324]:=
3 ;
set Ra[1325]:=
28 ;
set Ra[1326]:=
17 39 43 50 11 ;
set Ra[1327]:=
27 9 38 8 45 32 ;
set Ra[1328]:=
26 10 39 23 7 ;
set Ra[1329]:=
49 14 41 29 17 ;
set Ra[1330]:=
26 8 28 18 42 ;
set Ra[1331]:=
20 30 6 19 ;
set Ra[1332]:=
1 39 43 28 ;
set Ra[1333]:=
25 8 33 18 47 ;
set Ra[1334]:=
45 7 ;
set Ra[1335]:=
43 3 40 ;
set Ra[1336]:=
21 42 ;
set Ra[1337]:=
37 18 ;
set Ra[1338]:=
9 4 28 21 ;
set Ra[1339]:=
46 14 8 47 1 19 ;
set Ra[1340]:=
33 27 38 8 ;
set Ra[1341]:=
17 47 7 ;
set Ra[1342]:=
37 4 12 ;
set Ra[1343]:=
11 5 35 3 ;
set Ra[1344]:=
10 48 26 18 ;
set Ra[1345]:=
17 28 39 27 43 13 ;
set Ra[1346]:=
20 ;
set Ra[1347]:=
29 25 1 ;
set Ra[1348]:=
2 43 ;
set Ra[1349]:=
42 29 39 25 6 4 ;
set Ra[1350]:=
22 14 11 ;
set Ra[1351]:=
45 36 27 34 ;
set Ra[1352]:=
49 ;
set Ra[1353]:=
38 ;
set Ra[1354]:=
4 29 17 27 ;
set Ra[1355]:=
24 9 26 49 44 ;
set Ra[1356]:=
31 ;
set Ra[1357]:=
3 30 16 39 ;
set Ra[1358]:=
34 48 1 12 18 ;
set Ra[1359]:=
5 8 ;
set Ra[1360]:=
30 6 ;
set Ra[1361]:=
31 43 20 45 12 ;
set Ra[1362]:=
15 ;
set Ra[1363]:=
37 46 8 45 10 ;
set Ra[1364]:=
47 27 9 38 43 ;
set Ra[1365]:=
35 ;
set Ra[1366]:=
1 39 4 30 42 ;
set Ra[1367]:=
46 40 ;
set Ra[1368]:=
17 13 32 ;
set Ra[1369]:=
24 48 14 ;
set Ra[1370]:=
23 7 16 ;
set Ra[1371]:=
19 31 44 27 47 ;
set Ra[1372]:=
31 3 43 12 48 21 ;
set Ra[1373]:=
20 19 39 ;
set Ra[1374]:=
30 33 ;
set Ra[1375]:=
48 24 16 ;
set Ra[1376]:=
16 28 26 ;
set Ra[1377]:=
48 40 13 36 10 ;
set Ra[1378]:=
43 27 1 16 26 14 ;
set Ra[1379]:=
18 26 ;
set Ra[1380]:=
13 37 45 27 33 ;
set Ra[1381]:=
17 26 8 ;
set Ra[1382]:=
18 40 14 45 ;
set Ra[1383]:=
39 19 27 40 14 ;
set Ra[1384]:=
25 14 50 32 ;
set Ra[1385]:=
2 15 19 35 5 42 ;
set Ra[1386]:=
48 5 ;
set Ra[1387]:=
34 10 ;
set Ra[1388]:=
28 ;
set Ra[1389]:=
10 45 12 26 ;
set Ra[1390]:=
22 ;
set Ra[1391]:=
26 47 19 21 ;
set Ra[1392]:=
48 21 6 ;
set Ra[1393]:=
38 44 11 41 36 ;
set Ra[1394]:=
37 2 33 21 1 ;
set Ra[1395]:=
36 6 49 26 5 ;
set Ra[1396]:=
11 21 7 47 5 17 ;
set Ra[1397]:=
39 16 33 5 22 40 ;
set Ra[1398]:=
22 44 39 ;
set Ra[1399]:=
28 33 25 ;
set Ra[1400]:=
40 47 32 37 ;
set Ra[1401]:=
49 16 28 20 42 4 ;
set Ra[1402]:=
30 14 45 26 ;
set Ra[1403]:=
4 13 12 28 30 ;
set Ra[1404]:=
4 15 ;
set Ra[1405]:=
49 6 25 7 23 32 ;
set Ra[1406]:=
42 45 37 40 ;
set Ra[1407]:=
15 22 8 45 19 29 ;
set Ra[1408]:=
36 44 ;
set Ra[1409]:=
38 1 ;
set Ra[1410]:=
14 20 23 ;
set Ra[1411]:=
47 50 12 32 1 49 ;
set Ra[1412]:=
5 20 45 46 4 24 ;
set Ra[1413]:=
2 11 29 13 24 ;
set Ra[1414]:=
50 23 41 ;
set Ra[1415]:=
25 37 1 19 21 11 ;
set Ra[1416]:=
47 17 2 ;
set Ra[1417]:=
49 34 43 ;
set Ra[1418]:=
2 27 49 50 4 25 ;
set Ra[1419]:=
28 44 31 29 33 ;
set Ra[1420]:=
21 4 42 3 ;
set Ra[1421]:=
9 44 49 ;
set Ra[1422]:=
3 47 21 7 5 ;
set Ra[1423]:=
31 24 3 10 16 ;
set Ra[1424]:=
19 24 40 ;
set Ra[1425]:=
47 30 33 ;
set Ra[1426]:=
26 32 28 22 42 ;
set Ra[1427]:=
8 5 22 26 ;
set Ra[1428]:=
12 36 10 ;
set Ra[1429]:=
16 ;
set Ra[1430]:=
15 20 ;
set Ra[1431]:=
33 38 42 23 ;
set Ra[1432]:=
41 10 20 ;
set Ra[1433]:=
13 12 49 ;
set Ra[1434]:=
22 46 12 ;
set Ra[1435]:=
38 30 3 ;
set Ra[1436]:=
24 ;
set Ra[1437]:=
17 1 39 ;
set Ra[1438]:=
24 12 6 36 32 50 ;
set Ra[1439]:=
3 6 41 10 12 15 ;
set Ra[1440]:=
3 ;
set Ra[1441]:=
22 49 36 43 ;
set Ra[1442]:=
22 15 1 13 47 31 ;
set Ra[1443]:=
27 47 17 19 16 5 ;
set Ra[1444]:=
26 8 11 ;
set Ra[1445]:=
11 ;
set Ra[1446]:=
28 27 32 ;
set Ra[1447]:=
7 ;
set Ra[1448]:=
23 ;
set Ra[1449]:=
46 2 ;
set Ra[1450]:=
24 26 5 33 ;
set Ra[1451]:=
34 ;
set Ra[1452]:=
29 21 ;
set Ra[1453]:=
28 34 40 ;
set Ra[1454]:=
28 11 27 21 ;
set Ra[1455]:=
3 29 ;
set Ra[1456]:=
23 20 31 19 29 ;
set Ra[1457]:=
42 27 15 44 ;
set Ra[1458]:=
29 15 47 20 31 38 ;
set Ra[1459]:=
21 50 13 47 7 24 ;
set Ra[1460]:=
43 15 42 45 ;
set Ra[1461]:=
7 3 ;
set Ra[1462]:=
14 4 ;
set Ra[1463]:=
35 49 ;
set Ra[1464]:=
50 ;
set Ra[1465]:=
11 ;
set Ra[1466]:=
9 ;
set Ra[1467]:=
8 28 42 50 ;
set Ra[1468]:=
15 24 4 ;
set Ra[1469]:=
41 39 ;
set Ra[1470]:=
47 36 31 6 41 ;
set Ra[1471]:=
36 ;
set Ra[1472]:=
45 44 20 19 ;
set Ra[1473]:=
4 30 21 ;
set Ra[1474]:=
24 23 42 35 ;
set Ra[1475]:=
4 12 15 33 5 ;
set Ra[1476]:=
35 ;
set Ra[1477]:=
29 44 33 5 45 ;
set Ra[1478]:=
38 ;
set Ra[1479]:=
29 50 28 ;
set Ra[1480]:=
44 24 17 ;
set Ra[1481]:=
7 33 24 37 18 46 ;
set Ra[1482]:=
43 17 50 9 22 39 ;
set Ra[1483]:=
39 ;
set Ra[1484]:=
47 21 ;
set Ra[1485]:=
18 32 ;
set Ra[1486]:=
35 13 31 14 27 7 ;
set Ra[1487]:=
45 29 40 17 ;
set Ra[1488]:=
24 19 6 16 ;
set Ra[1489]:=
35 50 32 45 34 ;
set Ra[1490]:=
45 20 49 ;
set Ra[1491]:=
23 3 42 33 ;
set Ra[1492]:=
28 14 26 39 ;
set Ra[1493]:=
6 3 37 39 ;
set Ra[1494]:=
46 6 2 18 ;
set Ra[1495]:=
23 ;
set Ra[1496]:=
39 49 50 20 ;
set Ra[1497]:=
45 7 41 38 46 30 ;
set Ra[1498]:=
27 13 29 40 ;
set Ra[1499]:=
18 27 23 20 36 48 ;
set Ra[1500]:=
37 10 15 40 27 46 ;
set Ra[1501]:=
22 50 12 21 47 25 ;
set Ra[1502]:=
8 10 27 30 ;
set Ra[1503]:=
37 49 ;
set Ra[1504]:=
6 50 ;
set Ra[1505]:=
7 ;
set Ra[1506]:=
6 17 37 47 ;
set Ra[1507]:=
4 31 41 ;
set Ra[1508]:=
15 11 30 24 3 ;
set Ra[1509]:=
3 37 ;
set Ra[1510]:=
5 49 15 35 38 ;
set Ra[1511]:=
19 21 42 17 8 33 ;
set Ra[1512]:=
16 42 ;
set Ra[1513]:=
40 48 ;
set Ra[1514]:=
2 18 15 ;
set Ra[1515]:=
47 46 22 43 ;
set Ra[1516]:=
27 25 18 ;
set Ra[1517]:=
6 1 ;
set Ra[1518]:=
8 32 49 ;
set Ra[1519]:=
34 19 ;
set Ra[1520]:=
22 29 6 24 ;
set Ra[1521]:=
34 35 8 ;
set Ra[1522]:=
17 12 49 ;
set Ra[1523]:=
29 8 41 ;
set Ra[1524]:=
25 18 33 13 ;
set Ra[1525]:=
15 46 3 1 21 ;
set Ra[1526]:=
50 ;
set Ra[1527]:=
40 35 43 33 2 20 ;
set Ra[1528]:=
29 ;
set Ra[1529]:=
44 ;
set Ra[1530]:=
41 38 36 9 34 30 ;
set Ra[1531]:=
30 19 20 9 14 ;
set Ra[1532]:=
46 47 34 48 37 ;
set Ra[1533]:=
40 2 ;
set Ra[1534]:=
26 ;
set Ra[1535]:=
36 45 25 4 ;
set Ra[1536]:=
25 31 12 7 ;
set Ra[1537]:=
12 ;
set Ra[1538]:=
19 ;
set Ra[1539]:=
12 22 20 ;
set Ra[1540]:=
24 ;
set Ra[1541]:=
5 30 20 3 ;
set Ra[1542]:=
26 12 ;
set Ra[1543]:=
15 ;
set Ra[1544]:=
27 22 10 42 45 34 ;
set Ra[1545]:=
11 50 13 ;
set Ra[1546]:=
29 44 1 ;
set Ra[1547]:=
39 ;
set Ra[1548]:=
40 25 ;
set Ra[1549]:=
45 37 24 ;
set Ra[1550]:=
18 49 10 ;
set Ra[1551]:=
13 46 1 ;
set Ra[1552]:=
9 38 39 46 41 21 ;
set Ra[1553]:=
45 29 4 24 ;
set Ra[1554]:=
31 8 ;
set Ra[1555]:=
11 10 26 24 ;
set Ra[1556]:=
46 8 ;
set Ra[1557]:=
46 25 ;
set Ra[1558]:=
50 ;
set Ra[1559]:=
43 8 21 49 ;
set Ra[1560]:=
48 ;
set Ra[1561]:=
21 5 13 47 ;
set Ra[1562]:=
3 28 9 2 ;
set Ra[1563]:=
28 25 22 32 2 12 ;
set Ra[1564]:=
32 40 10 45 39 ;
set Ra[1565]:=
26 37 13 38 ;
set Ra[1566]:=
18 ;
set Ra[1567]:=
31 11 14 24 36 44 ;
set Ra[1568]:=
45 42 21 ;
set Ra[1569]:=
23 3 ;
set Ra[1570]:=
20 ;
set Ra[1571]:=
38 44 42 17 3 22 ;
set Ra[1572]:=
15 35 49 ;
set Ra[1573]:=
35 ;
set Ra[1574]:=
20 ;
set Ra[1575]:=
38 49 27 ;
set Ra[1576]:=
1 32 43 2 50 ;
set Ra[1577]:=
2 22 25 8 7 21 ;
set Ra[1578]:=
40 34 35 ;
set Ra[1579]:=
11 15 44 47 49 38 ;
set Ra[1580]:=
39 41 35 ;
set Ra[1581]:=
29 4 32 ;
set Ra[1582]:=
46 41 23 ;
set Ra[1583]:=
22 18 30 26 41 48 ;
set Ra[1584]:=
40 36 43 17 21 ;
set Ra[1585]:=
44 ;
set Ra[1586]:=
18 4 41 40 ;
set Ra[1587]:=
12 7 28 ;
set Ra[1588]:=
25 9 37 32 8 ;
set Ra[1589]:=
30 43 15 36 7 ;
set Ra[1590]:=
28 41 16 6 24 ;
set Ra[1591]:=
44 ;
set Ra[1592]:=
37 26 ;
set Ra[1593]:=
36 16 ;
set Ra[1594]:=
4 36 12 33 ;
set Ra[1595]:=
40 ;
set Ra[1596]:=
19 ;
set Ra[1597]:=
41 12 43 23 ;
set Ra[1598]:=
7 32 18 36 43 16 ;
set Ra[1599]:=
36 24 15 47 23 ;
set Ra[1600]:=
44 6 46 41 10 ;
set Ra[1601]:=
25 26 47 27 ;
set Ra[1602]:=
27 9 21 1 40 ;
set Ra[1603]:=
25 15 35 11 ;
set Ra[1604]:=
4 ;
set Ra[1605]:=
33 15 12 19 ;
set Ra[1606]:=
35 47 ;
set Ra[1607]:=
44 47 ;
set Ra[1608]:=
21 14 6 15 48 45 ;
set Ra[1609]:=
17 16 18 27 44 ;
set Ra[1610]:=
32 ;
set Ra[1611]:=
46 28 31 ;
set Ra[1612]:=
26 7 ;
set Ra[1613]:=
16 45 24 23 40 41 ;
set Ra[1614]:=
13 10 32 28 ;
set Ra[1615]:=
24 40 ;
set Ra[1616]:=
37 30 36 33 4 ;
set Ra[1617]:=
21 38 25 19 1 3 ;
set Ra[1618]:=
3 ;
set Ra[1619]:=
6 8 ;
set Ra[1620]:=
2 34 44 39 ;
set Ra[1621]:=
26 35 21 43 33 36 ;
set Ra[1622]:=
32 42 1 37 9 ;
set Ra[1623]:=
27 ;
set Ra[1624]:=
24 ;
set Ra[1625]:=
32 29 50 7 33 42 ;
set Ra[1626]:=
35 37 18 ;
set Ra[1627]:=
46 5 43 15 19 ;
set Ra[1628]:=
22 45 28 38 25 39 ;
set Ra[1629]:=
7 42 46 ;
set Ra[1630]:=
20 38 15 23 36 9 ;
set Ra[1631]:=
16 37 26 38 29 ;
set Ra[1632]:=
37 15 ;
set Ra[1633]:=
30 16 47 36 26 ;
set Ra[1634]:=
5 7 24 27 25 ;
set Ra[1635]:=
19 41 1 46 28 11 ;
set Ra[1636]:=
35 ;
set Ra[1637]:=
30 12 32 ;
set Ra[1638]:=
40 13 9 23 46 2 ;
set Ra[1639]:=
33 32 28 ;
set Ra[1640]:=
26 24 ;
set Ra[1641]:=
36 46 14 ;
set Ra[1642]:=
44 27 22 4 47 29 ;
set Ra[1643]:=
44 5 30 34 36 ;
set Ra[1644]:=
30 15 ;
set Ra[1645]:=
39 14 ;
set Ra[1646]:=
50 ;
set Ra[1647]:=
25 11 15 29 7 45 ;
set Ra[1648]:=
15 13 30 19 42 33 ;
set Ra[1649]:=
41 48 17 14 36 16 ;
set Ra[1650]:=
22 ;
set Ra[1651]:=
12 ;
set Ra[1652]:=
40 46 38 10 1 9 ;
set Ra[1653]:=
39 ;
set Ra[1654]:=
13 18 41 ;
set Ra[1655]:=
2 1 ;
set Ra[1656]:=
39 11 ;
set Ra[1657]:=
47 2 43 46 15 41 ;
set Ra[1658]:=
18 16 ;
set Ra[1659]:=
44 39 29 45 23 9 ;
set Ra[1660]:=
9 23 30 ;
set Ra[1661]:=
36 21 17 33 10 ;
set Ra[1662]:=
38 ;
set Ra[1663]:=
19 45 40 38 ;
set Ra[1664]:=
50 37 5 17 15 9 ;
set Ra[1665]:=
22 ;
set Ra[1666]:=
28 18 35 1 29 ;
set Ra[1667]:=
7 10 ;
set Ra[1668]:=
16 7 42 ;
set Ra[1669]:=
12 38 ;
set Ra[1670]:=
24 46 ;
set Ra[1671]:=
35 50 ;
set Ra[1672]:=
36 2 48 ;
set Ra[1673]:=
33 37 ;
set Ra[1674]:=
14 ;
set Ra[1675]:=
29 22 3 16 50 ;
set Ra[1676]:=
4 ;
set Ra[1677]:=
49 17 ;
set Ra[1678]:=
17 26 ;
set Ra[1679]:=
45 1 19 ;
set Ra[1680]:=
42 1 23 37 33 ;
set Ra[1681]:=
5 ;
set Ra[1682]:=
27 32 ;
set Ra[1683]:=
4 20 27 49 ;
set Ra[1684]:=
12 22 19 9 32 31 ;
set Ra[1685]:=
10 27 47 13 5 3 ;
set Ra[1686]:=
32 7 10 ;
set Ra[1687]:=
34 44 ;
set Ra[1688]:=
20 14 4 11 ;
set Ra[1689]:=
44 23 12 47 39 ;
set Ra[1690]:=
10 47 24 ;
set Ra[1691]:=
48 42 12 ;
set Ra[1692]:=
35 ;
set Ra[1693]:=
33 23 39 9 31 5 ;
set Ra[1694]:=
32 30 26 2 ;
set Ra[1695]:=
13 50 ;
set Ra[1696]:=
48 17 33 36 ;
set Ra[1697]:=
24 3 12 17 ;
set Ra[1698]:=
42 39 46 19 ;
set Ra[1699]:=
16 50 12 36 24 40 ;
set Ra[1700]:=
48 22 43 7 20 35 ;
set Ra[1701]:=
35 12 41 19 ;
set Ra[1702]:=
5 12 43 17 ;
set Ra[1703]:=
11 33 15 ;
set Ra[1704]:=
7 50 27 ;
set Ra[1705]:=
39 23 27 13 38 47 ;
set Ra[1706]:=
16 ;
set Ra[1707]:=
32 42 12 30 23 34 ;
set Ra[1708]:=
46 32 2 19 ;
set Ra[1709]:=
39 45 2 36 ;
set Ra[1710]:=
32 35 48 12 ;
set Ra[1711]:=
21 ;
set Ra[1712]:=
11 3 42 48 ;
set Ra[1713]:=
36 10 43 16 47 ;
set Ra[1714]:=
37 6 47 18 30 ;
set Ra[1715]:=
39 1 6 29 24 21 ;
set Ra[1716]:=
29 ;
set Ra[1717]:=
45 25 46 28 42 ;
set Ra[1718]:=
35 ;
set Ra[1719]:=
45 40 36 ;
set Ra[1720]:=
33 13 ;
set Ra[1721]:=
4 43 46 2 50 34 ;
set Ra[1722]:=
49 29 8 39 37 27 ;
set Ra[1723]:=
30 4 10 17 37 11 ;
set Ra[1724]:=
48 32 47 45 1 ;
set Ra[1725]:=
44 1 11 12 13 ;
set Ra[1726]:=
43 ;
set Ra[1727]:=
10 18 4 20 ;
set Ra[1728]:=
17 13 16 25 31 39 ;
set Ra[1729]:=
40 ;
set Ra[1730]:=
8 9 34 ;
set Ra[1731]:=
41 18 3 8 39 26 ;
set Ra[1732]:=
29 31 14 4 16 2 ;
set Ra[1733]:=
48 10 28 ;
set Ra[1734]:=
20 47 ;
set Ra[1735]:=
39 11 ;
set Ra[1736]:=
36 21 ;
set Ra[1737]:=
41 10 32 42 33 39 ;
set Ra[1738]:=
16 44 ;
set Ra[1739]:=
42 50 ;
set Ra[1740]:=
25 29 31 38 34 36 ;
set Ra[1741]:=
10 28 27 36 ;
set Ra[1742]:=
32 50 19 4 9 ;
set Ra[1743]:=
35 ;
set Ra[1744]:=
11 47 29 5 ;
set Ra[1745]:=
38 ;
set Ra[1746]:=
21 18 47 3 ;
set Ra[1747]:=
26 45 4 14 32 41 ;
set Ra[1748]:=
48 38 15 42 28 23 ;
set Ra[1749]:=
38 5 ;
set Ra[1750]:=
50 5 12 24 1 47 ;
set Ra[1751]:=
47 15 31 19 36 ;
set Ra[1752]:=
11 10 49 23 31 50 ;
set Ra[1753]:=
50 49 46 48 28 ;
set Ra[1754]:=
44 21 36 41 5 ;
set Ra[1755]:=
26 41 ;
set Ra[1756]:=
10 50 27 47 39 ;
set Ra[1757]:=
18 25 ;
set Ra[1758]:=
29 47 3 49 26 ;
set Ra[1759]:=
40 46 ;
set Ra[1760]:=
47 14 34 1 35 23 ;
set Ra[1761]:=
28 23 11 ;
set Ra[1762]:=
35 12 49 ;
set Ra[1763]:=
4 49 37 10 46 17 ;
set Ra[1764]:=
49 6 21 27 34 ;
set Ra[1765]:=
21 28 ;
set Ra[1766]:=
49 18 10 37 5 34 ;
set Ra[1767]:=
8 6 28 47 26 12 ;
set Ra[1768]:=
14 24 25 42 3 ;
set Ra[1769]:=
31 11 45 35 ;
set Ra[1770]:=
14 28 34 47 1 ;
set Ra[1771]:=
37 33 32 21 ;
set Ra[1772]:=
15 37 5 ;
set Ra[1773]:=
32 29 11 34 25 28 ;
set Ra[1774]:=
30 26 46 18 37 ;
set Ra[1775]:=
39 23 ;
set Ra[1776]:=
16 ;
set Ra[1777]:=
41 42 15 28 44 ;
set Ra[1778]:=
38 ;
set Ra[1779]:=
45 30 1 ;
set Ra[1780]:=
25 4 ;
set Ra[1781]:=
39 37 1 ;
set Ra[1782]:=
9 2 39 36 ;
set Ra[1783]:=
11 ;
set Ra[1784]:=
23 29 32 ;
set Ra[1785]:=
39 28 17 32 ;
set Ra[1786]:=
35 21 5 14 11 43 ;
set Ra[1787]:=
33 24 ;
set Ra[1788]:=
22 33 18 ;
set Ra[1789]:=
14 37 ;
set Ra[1790]:=
3 46 14 38 16 ;
set Ra[1791]:=
11 40 47 45 18 29 ;
set Ra[1792]:=
30 28 16 29 ;
set Ra[1793]:=
8 15 45 ;
set Ra[1794]:=
13 48 ;
set Ra[1795]:=
17 39 ;
set Ra[1796]:=
27 10 6 5 ;
set Ra[1797]:=
30 1 36 19 2 ;
set Ra[1798]:=
11 36 40 9 ;
set Ra[1799]:=
45 15 47 41 ;
set Ra[1800]:=
13 47 43 12 23 27 ;
set Ra[1801]:=
13 10 ;
set Ra[1802]:=
41 12 38 40 5 ;
set Ra[1803]:=
49 43 14 18 24 3 ;
set Ra[1804]:=
23 ;
set Ra[1805]:=
30 12 ;
set Ra[1806]:=
5 27 ;
set Ra[1807]:=
49 1 46 18 ;
set Ra[1808]:=
30 33 1 ;
set Ra[1809]:=
23 14 ;
set Ra[1810]:=
11 34 15 ;
set Ra[1811]:=
19 16 18 ;
set Ra[1812]:=
34 6 12 ;

set Ts[1]:=
1_5_6 4_19_20 2_11_12 4_17_18 1_11_12 3_19_20 3_9_10 ;
set Ts[2]:=
1_5_6 4_5_6 4_9_10 1_7_8 5_15_16 1_3_4 ;
set Ts[3]:=
2_11_12 2_3_4 2_13_14 3_15_16 4_13_14 ;
set Ts[4]:=
2_11_12 5_13_14 4_19_20 1_5_6 5_9_10 4_15_16 3_13_14 1_19_20 5_7_8 ;
set Ts[5]:=
2_17_18 3_13_14 ;
set Ts[6]:=
4_1_2 5_17_18 2_15_16 5_5_6 4_5_6 ;
set Ts[7]:=
4_11_12 3_13_14 ;
set Ts[8]:=
3_7_8 3_15_16 ;
set Ts[9]:=
4_19_20 3_5_6 ;
set Ts[10]:=
2_15_16 2_11_12 5_19_20 ;
set Ts[11]:=
1_15_16 2_19_20 4_11_12 2_15_16 4_1_2 ;
set Ts[12]:=
5_13_14 2_19_20 3_13_14 5_7_8 2_11_12 2_9_10 5_17_18 3_19_20 4_11_12 ;
set Ts[13]:=
5_3_4 4_13_14 5_1_2 1_11_12 2_15_16 3_1_2 ;
set Ts[14]:=
5_19_20 2_5_6 5_17_18 2_1_2 3_7_8 4_1_2 1_19_20 4_9_10 2_11_12 ;
set Ts[15]:=
2_19_20 4_19_20 1_3_4 4_11_12 2_17_18 2_9_10 ;
set Ts[16]:=
1_1_2 1_19_20 1_17_18 1_13_14 5_1_2 4_1_2 5_5_6 ;
set Ts[17]:=
5_9_10 4_9_10 3_13_14 1_1_2 5_17_18 2_11_12 1_3_4 ;
set Ts[18]:=
5_15_16 4_15_16 1_7_8 1_13_14 5_3_4 1_3_4 1_5_6 1_1_2 ;
set Ts[19]:=
3_1_2 3_5_6 5_7_8 2_5_6 ;
set Ts[20]:=
1_3_4 3_3_4 5_5_6 3_5_6 4_1_2 5_19_20 3_19_20 ;
set Ts[21]:=
2_9_10 5_11_12 4_5_6 5_7_8 3_9_10 ;
set Ts[22]:=
2_15_16 4_1_2 2_7_8 3_19_20 ;
set Ts[23]:=
2_9_10 1_9_10 1_5_6 5_7_8 4_7_8 2_13_14 2_11_12 4_17_18 ;
set Ts[24]:=
2_9_10 3_9_10 3_15_16 2_3_4 1_3_4 5_19_20 5_5_6 ;
set Ts[25]:=
2_9_10 2_5_6 4_1_2 1_3_4 5_19_20 2_3_4 4_11_12 1_5_6 4_19_20 ;
set Ts[26]:=
2_19_20 5_1_2 4_13_14 3_11_12 1_15_16 3_9_10 4_5_6 5_3_4 ;
set Ts[27]:=
4_15_16 4_17_18 2_13_14 1_5_6 ;
set Ts[28]:=
4_1_2 2_5_6 3_19_20 ;
set Ts[29]:=
3_15_16 4_13_14 2_3_4 5_9_10 1_7_8 2_19_20 5_1_2 2_15_16 2_5_6 ;
set Ts[30]:=
4_3_4 1_7_8 ;
set Ts[31]:=
4_13_14 4_9_10 5_7_8 4_19_20 1_1_2 1_17_18 4_1_2 3_13_14 5_1_2 3_7_8 ;
set Ts[32]:=
5_1_2 3_11_12 ;
set Ts[33]:=
3_5_6 5_19_20 2_5_6 1_7_8 1_19_20 4_5_6 ;
set Ts[34]:=
4_13_14 3_3_4 4_3_4 1_15_16 5_13_14 1_3_4 2_7_8 2_3_4 ;
set Ts[35]:=
2_1_2 3_1_2 1_11_12 4_17_18 2_17_18 3_3_4 4_15_16 1_13_14 2_7_8 2_15_16 1_1_2 ;
set Ts[36]:=
4_1_2 1_17_18 5_13_14 5_1_2 ;
set Ts[37]:=
1_3_4 4_11_12 1_1_2 2_19_20 5_5_6 1_7_8 ;
set Ts[38]:=
1_1_2 5_3_4 3_3_4 1_17_18 ;
set Ts[39]:=
2_3_4 2_5_6 1_13_14 5_1_2 ;
set Ts[40]:=
1_1_2 1_7_8 ;
set Ts[41]:=
5_1_2 2_13_14 2_3_4 3_3_4 3_13_14 2_7_8 2_1_2 4_11_12 3_9_10 1_11_12 1_7_8 5_19_20 2_17_18 ;
set Ts[42]:=
1_15_16 4_5_6 1_3_4 3_7_8 5_1_2 1_13_14 5_15_16 1_11_12 4_9_10 2_1_2 2_13_14 ;
set Ts[43]:=
3_1_2 1_9_10 1_1_2 ;
set Ts[44]:=
4_1_2 1_9_10 5_1_2 4_15_16 4_5_6 4_7_8 ;
set Ts[45]:=
1_1_2 3_3_4 2_3_4 5_3_4 ;
set Ts[46]:=
1_11_12 1_3_4 5_15_16 3_1_2 ;
set Ts[47]:=
2_9_10 3_7_8 1_7_8 ;
set Ts[48]:=
5_9_10 5_19_20 ;
set Ts[49]:=
2_7_8 1_9_10 2_3_4 ;
set Ts[50]:=
1_1_2 1_11_12 ;
set Ts[51]:=
5_17_18 2_11_12 5_3_4 3_5_6 1_15_16 5_15_16 2_3_4 3_7_8 5_13_14 1_9_10 ;
set Ts[52]:=
1_5_6 2_9_10 4_9_10 5_13_14 4_15_16 3_9_10 1_13_14 5_9_10 1_11_12 2_17_18 1_15_16 3_5_6 2_15_16 ;
set Ts[53]:=
2_5_6 3_19_20 3_7_8 2_19_20 3_11_12 2_3_4 1_15_16 3_9_10 1_5_6 ;
set Ts[54]:=
4_15_16 5_1_2 5_5_6 3_1_2 3_11_12 1_1_2 5_17_18 2_3_4 3_7_8 2_19_20 ;
set Ts[55]:=
4_5_6 2_3_4 4_3_4 1_3_4 3_19_20 3_7_8 2_1_2 5_19_20 3_1_2 4_19_20 1_15_16 ;
set Ts[56]:=
4_15_16 4_11_12 1_11_12 4_5_6 5_9_10 4_1_2 3_7_8 4_19_20 2_13_14 ;
set Ts[57]:=
5_1_2 2_3_4 ;
set Ts[58]:=
5_7_8 3_13_14 5_15_16 1_11_12 1_7_8 1_19_20 5_19_20 3_1_2 ;
set Ts[59]:=
1_9_10 4_7_8 4_13_14 4_3_4 3_11_12 2_3_4 2_7_8 2_15_16 2_9_10 ;
set Ts[60]:=
1_9_10 5_5_6 2_17_18 5_17_18 3_3_4 1_19_20 4_11_12 5_19_20 5_7_8 2_11_12 1_11_12 ;
set Ts[61]:=
3_5_6 4_15_16 3_7_8 ;
set Ts[62]:=
5_17_18 4_19_20 1_7_8 2_3_4 3_1_2 3_7_8 ;
set Ts[63]:=
1_9_10 5_1_2 3_15_16 2_13_14 5_9_10 2_3_4 5_11_12 1_5_6 2_17_18 4_13_14 ;
set Ts[64]:=
5_7_8 2_5_6 4_3_4 5_5_6 4_9_10 2_7_8 3_5_6 1_13_14 3_17_18 4_19_20 1_7_8 ;
set Ts[65]:=
1_11_12 4_11_12 1_5_6 5_11_12 1_19_20 5_7_8 5_19_20 2_13_14 5_13_14 2_9_10 ;
set Ts[66]:=
4_11_12 2_17_18 5_7_8 ;
set Ts[67]:=
3_9_10 1_15_16 1_11_12 3_3_4 1_5_6 4_7_8 5_19_20 3_19_20 5_15_16 ;
set Ts[68]:=
4_1_2 1_7_8 1_11_12 1_19_20 5_13_14 3_3_4 ;
set Ts[69]:=
5_19_20 4_7_8 ;
set Ts[70]:=
5_11_12 1_15_16 4_9_10 2_7_8 ;
set Ts[71]:=
3_9_10 4_15_16 3_11_12 1_13_14 4_13_14 2_7_8 1_3_4 1_11_12 2_9_10 ;
set Ts[72]:=
2_7_8 1_3_4 5_19_20 5_17_18 ;
set Ts[73]:=
2_3_4 4_15_16 ;
set Ts[74]:=
2_3_4 2_7_8 3_3_4 1_13_14 ;
set Ts[75]:=
4_3_4 1_9_10 3_1_2 4_1_2 5_7_8 4_11_12 4_15_16 3_11_12 1_15_16 5_17_18 3_3_4 4_9_10 2_13_14 ;
set Ts[76]:=
2_1_2 3_19_20 4_9_10 2_9_10 ;
set Ts[77]:=
4_1_2 1_17_18 4_17_18 ;
set Ts[78]:=
1_15_16 2_1_2 4_7_8 3_11_12 5_17_18 2_5_6 2_13_14 ;
set Ts[79]:=
4_15_16 2_5_6 3_19_20 ;
set Ts[80]:=
4_11_12 3_11_12 4_15_16 4_3_4 4_5_6 3_13_14 5_1_2 2_5_6 ;
set Ts[81]:=
2_3_4 4_13_14 1_13_14 1_11_12 ;
set Ts[82]:=
1_17_18 3_11_12 ;
set Ts[83]:=
3_9_10 5_19_20 4_15_16 2_17_18 2_19_20 1_13_14 5_13_14 3_19_20 3_13_14 5_3_4 1_17_18 4_9_10 ;
set Ts[84]:=
3_5_6 2_5_6 4_3_4 ;
set Ts[85]:=
3_3_4 5_7_8 2_7_8 2_19_20 5_1_2 4_1_2 ;
set Ts[86]:=
3_9_10 4_15_16 5_15_16 5_19_20 4_11_12 3_11_12 1_15_16 ;
set Ts[87]:=
5_5_6 2_7_8 ;
set Ts[88]:=
4_13_14 1_9_10 4_1_2 5_11_12 4_19_20 3_17_18 2_13_14 5_5_6 1_3_4 5_7_8 1_5_6 4_17_18 ;
set Ts[89]:=
4_19_20 2_15_16 3_5_6 5_11_12 4_7_8 3_17_18 ;
set Ts[90]:=
1_5_6 5_1_2 1_1_2 4_13_14 5_15_16 ;
set Ts[91]:=
3_1_2 3_9_10 1_11_12 4_17_18 ;
set Ts[92]:=
5_13_14 4_3_4 4_15_16 5_17_18 2_5_6 5_9_10 4_5_6 5_19_20 2_1_2 2_3_4 ;
set Ts[93]:=
1_5_6 1_11_12 2_19_20 4_11_12 1_7_8 3_11_12 1_3_4 ;
set Ts[94]:=
1_13_14 5_11_12 ;
set Ts[95]:=
1_19_20 4_7_8 4_9_10 4_13_14 4_17_18 3_13_14 ;
set Ts[96]:=
2_5_6 4_1_2 4_19_20 4_3_4 1_9_10 1_11_12 ;
set Ts[97]:=
5_11_12 4_5_6 2_5_6 2_15_16 4_13_14 4_15_16 5_17_18 1_11_12 1_13_14 ;
set Ts[98]:=
5_7_8 2_3_4 5_17_18 2_13_14 5_1_2 3_17_18 ;
set Ts[99]:=
3_13_14 4_13_14 5_19_20 2_15_16 1_17_18 4_15_16 3_17_18 ;
set Ts[100]:=
2_9_10 4_3_4 4_13_14 1_19_20 2_1_2 4_5_6 5_19_20 5_11_12 3_11_12 ;
set Ts[101]:=
1_13_14 3_19_20 4_5_6 3_7_8 ;
set Ts[102]:=
2_7_8 3_9_10 2_13_14 1_7_8 3_17_18 ;
set Ts[103]:=
3_3_4 4_17_18 2_19_20 1_15_16 2_17_18 ;
set Ts[104]:=
2_5_6 2_9_10 1_5_6 1_19_20 4_7_8 ;
set Ts[105]:=
5_13_14 2_13_14 ;
set Ts[106]:=
1_5_6 1_9_10 4_1_2 1_13_14 2_11_12 3_17_18 1_1_2 5_13_14 3_1_2 3_13_14 ;
set Ts[107]:=
4_3_4 3_11_12 5_7_8 2_19_20 3_9_10 1_5_6 3_1_2 ;
set Ts[108]:=
2_9_10 2_15_16 5_7_8 3_9_10 1_19_20 1_1_2 5_15_16 5_3_4 2_19_20 ;
set Ts[109]:=
2_13_14 4_13_14 4_19_20 5_13_14 ;
set Ts[110]:=
4_11_12 1_7_8 4_19_20 ;
set Ts[111]:=
2_5_6 1_5_6 5_5_6 2_13_14 4_1_2 2_15_16 5_19_20 ;
set Ts[112]:=
3_15_16 2_17_18 3_3_4 2_3_4 4_13_14 5_11_12 1_7_8 ;
set Ts[113]:=
2_1_2 4_9_10 ;
set Ts[114]:=
1_1_2 1_19_20 3_1_2 2_17_18 5_9_10 2_15_16 3_17_18 4_7_8 ;
set Ts[115]:=
2_3_4 1_17_18 5_1_2 4_17_18 4_19_20 1_5_6 1_3_4 3_3_4 2_15_16 2_17_18 ;
set Ts[116]:=
2_9_10 5_9_10 1_3_4 ;
set Ts[117]:=
2_5_6 5_1_2 4_17_18 5_9_10 5_7_8 3_9_10 3_13_14 2_1_2 4_15_16 3_17_18 4_13_14 ;
set Ts[118]:=
3_1_2 2_19_20 2_11_12 1_9_10 2_3_4 ;
set Ts[119]:=
3_13_14 1_1_2 5_7_8 4_13_14 3_5_6 4_7_8 1_5_6 5_11_12 2_19_20 1_19_20 5_3_4 4_15_16 2_11_12 ;
set Ts[120]:=
3_5_6 3_3_4 2_15_16 5_1_2 2_19_20 5_19_20 1_7_8 1_1_2 ;
set Ts[121]:=
4_13_14 5_3_4 3_5_6 5_19_20 4_7_8 2_13_14 3_3_4 4_15_16 ;
set Ts[122]:=
3_11_12 1_5_6 4_15_16 5_15_16 3_15_16 5_19_20 ;
set Ts[123]:=
2_13_14 1_17_18 4_13_14 5_1_2 1_1_2 1_19_20 ;
set Ts[124]:=
3_15_16 2_17_18 1_9_10 ;
set Ts[125]:=
1_19_20 1_3_4 1_13_14 1_17_18 ;
set Ts[126]:=
2_3_4 5_1_2 4_5_6 4_17_18 5_19_20 1_15_16 5_3_4 ;
set Ts[127]:=
4_7_8 4_11_12 ;
set Ts[128]:=
4_19_20 5_3_4 2_11_12 4_1_2 3_5_6 ;
set Ts[129]:=
5_11_12 2_9_10 5_3_4 1_15_16 1_19_20 3_3_4 1_5_6 2_7_8 5_13_14 5_17_18 ;
set Ts[130]:=
4_17_18 1_3_4 1_19_20 5_11_12 4_19_20 1_1_2 ;
set Ts[131]:=
3_7_8 4_1_2 5_7_8 1_5_6 5_5_6 5_19_20 2_7_8 ;
set Ts[132]:=
4_7_8 1_13_14 4_11_12 5_11_12 1_15_16 4_19_20 3_11_12 ;
set Ts[133]:=
4_5_6 4_19_20 4_13_14 ;
set Ts[134]:=
4_19_20 5_7_8 ;
set Ts[135]:=
1_5_6 2_5_6 3_15_16 4_15_16 3_7_8 1_13_14 1_19_20 5_17_18 2_3_4 ;
set Ts[136]:=
4_9_10 1_3_4 4_13_14 2_9_10 5_1_2 ;
set Ts[137]:=
5_7_8 1_19_20 1_9_10 2_7_8 2_15_16 5_3_4 ;
set Ts[138]:=
5_7_8 2_7_8 1_7_8 5_5_6 5_3_4 1_17_18 4_3_4 4_5_6 ;
set Ts[139]:=
5_19_20 3_13_14 3_9_10 1_3_4 5_5_6 4_17_18 5_13_14 2_9_10 ;
set Ts[140]:=
4_5_6 5_1_2 3_9_10 3_11_12 1_15_16 3_5_6 1_19_20 1_11_12 ;
set Ts[141]:=
4_3_4 2_3_4 5_19_20 2_11_12 1_5_6 4_17_18 ;
set Ts[142]:=
3_9_10 2_19_20 1_19_20 2_15_16 5_13_14 5_5_6 ;
set Ts[143]:=
2_13_14 2_7_8 3_3_4 5_17_18 2_15_16 1_5_6 3_7_8 2_3_4 2_19_20 1_11_12 5_19_20 ;
set Ts[144]:=
3_19_20 1_11_12 1_5_6 2_9_10 2_17_18 3_9_10 4_7_8 ;
set Ts[145]:=
4_7_8 4_19_20 2_7_8 5_13_14 1_9_10 ;
set Ts[146]:=
4_5_6 5_9_10 4_19_20 3_17_18 2_15_16 ;
set Ts[147]:=
3_1_2 1_13_14 2_19_20 3_11_12 4_1_2 1_17_18 1_15_16 2_15_16 5_3_4 ;
set Ts[148]:=
1_15_16 1_11_12 2_11_12 ;
set Ts[149]:=
2_1_2 1_3_4 3_5_6 2_13_14 5_5_6 2_5_6 ;
set Ts[150]:=
5_5_6 1_19_20 5_3_4 3_3_4 5_11_12 5_13_14 ;
set Ts[151]:=
5_7_8 4_15_16 2_1_2 3_11_12 ;
set Ts[152]:=
4_5_6 2_17_18 3_5_6 5_11_12 4_15_16 2_19_20 1_1_2 ;
set Ts[153]:=
4_7_8 3_7_8 2_3_4 1_7_8 2_1_2 5_7_8 5_3_4 4_5_6 2_9_10 3_9_10 5_15_16 3_5_6 ;
set Ts[154]:=
2_15_16 3_11_12 4_15_16 4_19_20 5_11_12 ;
set Ts[155]:=
3_5_6 5_5_6 4_17_18 2_3_4 ;
set Ts[156]:=
4_1_2 4_5_6 3_11_12 4_15_16 1_3_4 5_17_18 ;
set Ts[157]:=
2_17_18 1_9_10 3_3_4 5_19_20 2_3_4 2_7_8 2_15_16 3_13_14 ;
set Ts[158]:=
2_9_10 5_19_20 ;
set Ts[159]:=
4_17_18 2_15_16 ;
set Ts[160]:=
5_1_2 4_17_18 1_3_4 4_13_14 4_9_10 2_15_16 ;
set Ts[161]:=
1_7_8 4_9_10 2_19_20 3_15_16 2_3_4 1_1_2 3_9_10 5_1_2 ;
set Ts[162]:=
1_5_6 1_19_20 1_7_8 4_5_6 4_3_4 3_1_2 1_11_12 2_11_12 ;
set Ts[163]:=
5_15_16 5_5_6 ;
set Ts[164]:=
3_3_4 3_11_12 4_13_14 3_15_16 2_17_18 5_3_4 1_3_4 2_7_8 4_19_20 ;
set Ts[165]:=
5_1_2 2_7_8 2_19_20 ;
set Ts[166]:=
2_9_10 5_19_20 2_1_2 2_17_18 3_9_10 3_15_16 5_3_4 2_3_4 1_1_2 5_5_6 1_3_4 3_1_2 ;
set Ts[167]:=
1_9_10 2_17_18 2_15_16 1_3_4 2_19_20 5_15_16 1_1_2 2_3_4 1_7_8 5_3_4 5_7_8 3_19_20 ;
set Ts[168]:=
2_7_8 3_15_16 3_11_12 2_1_2 3_1_2 1_15_16 3_3_4 1_3_4 2_5_6 3_13_14 3_5_6 ;
set Ts[169]:=
1_9_10 4_17_18 1_17_18 3_5_6 5_9_10 4_5_6 ;
set Ts[170]:=
4_11_12 4_13_14 1_13_14 5_7_8 3_17_18 2_9_10 5_11_12 3_9_10 5_3_4 ;
set Ts[171]:=
2_11_12 1_5_6 5_5_6 4_3_4 3_5_6 4_7_8 5_15_16 ;
set Ts[172]:=
3_11_12 4_3_4 1_9_10 1_11_12 4_17_18 5_15_16 3_9_10 4_9_10 5_5_6 3_5_6 2_5_6 3_13_14 2_9_10 ;
set Ts[173]:=
1_5_6 2_5_6 2_19_20 1_17_18 4_5_6 5_19_20 3_13_14 4_7_8 ;
set Ts[174]:=
5_1_2 1_3_4 1_11_12 3_1_2 3_9_10 1_19_20 5_3_4 5_13_14 4_13_14 ;
set Ts[175]:=
4_11_12 2_15_16 3_7_8 ;
set Ts[176]:=
1_5_6 3_9_10 3_13_14 2_11_12 2_1_2 5_13_14 1_19_20 3_5_6 4_13_14 4_7_8 1_11_12 3_17_18 ;
set Ts[177]:=
4_17_18 5_1_2 2_9_10 5_15_16 4_15_16 2_13_14 ;
set Ts[178]:=
2_11_12 4_19_20 5_15_16 5_11_12 ;
set Ts[179]:=
5_5_6 3_13_14 3_1_2 3_15_16 5_11_12 3_7_8 1_5_6 4_13_14 3_9_10 ;
set Ts[180]:=
5_1_2 2_7_8 5_5_6 4_15_16 4_11_12 ;
set Ts[181]:=
5_3_4 1_15_16 3_7_8 ;
set Ts[182]:=
4_19_20 4_7_8 2_5_6 1_7_8 ;
set Ts[183]:=
1_19_20 5_13_14 2_17_18 4_5_6 5_15_16 3_7_8 ;
set Ts[184]:=
1_3_4 1_15_16 ;
set Ts[185]:=
4_13_14 5_15_16 4_11_12 ;
set Ts[186]:=
3_5_6 2_5_6 2_19_20 ;
set Ts[187]:=
4_5_6 2_17_18 ;
set Ts[188]:=
4_7_8 3_15_16 5_19_20 5_1_2 2_7_8 3_3_4 1_7_8 5_9_10 1_15_16 ;
set Ts[189]:=
5_5_6 1_13_14 ;
set Ts[190]:=
2_11_12 5_5_6 1_9_10 1_11_12 ;
set Ts[191]:=
2_3_4 2_9_10 5_9_10 4_17_18 4_13_14 ;
set Ts[192]:=
5_9_10 2_3_4 ;
set Ts[193]:=
2_7_8 1_3_4 1_13_14 ;
set Ts[194]:=
3_11_12 4_1_2 5_7_8 1_7_8 2_11_12 1_17_18 5_15_16 ;
set Ts[195]:=
2_7_8 3_7_8 3_3_4 1_9_10 2_9_10 ;
set Ts[196]:=
4_11_12 5_1_2 5_17_18 4_19_20 ;
set Ts[197]:=
2_7_8 4_5_6 1_3_4 1_17_18 4_3_4 5_9_10 4_19_20 5_19_20 ;
set Ts[198]:=
2_9_10 4_1_2 3_9_10 1_17_18 5_1_2 3_1_2 ;
set Ts[199]:=
5_7_8 2_11_12 2_13_14 3_15_16 5_13_14 4_19_20 ;
set Ts[200]:=
3_9_10 4_13_14 5_1_2 3_19_20 3_13_14 ;
set Ts[201]:=
2_15_16 3_17_18 5_15_16 5_3_4 2_3_4 1_5_6 3_5_6 4_11_12 5_7_8 4_5_6 2_7_8 ;
set Ts[202]:=
4_13_14 4_1_2 5_7_8 ;
set Ts[203]:=
1_11_12 3_13_14 3_11_12 5_17_18 5_1_2 4_11_12 4_3_4 2_9_10 ;
set Ts[204]:=
3_9_10 5_9_10 1_7_8 4_5_6 2_7_8 5_7_8 1_9_10 2_19_20 ;
set Ts[205]:=
4_11_12 1_5_6 5_3_4 2_13_14 2_7_8 4_17_18 4_13_14 3_1_2 4_15_16 ;
set Ts[206]:=
1_11_12 5_11_12 5_17_18 5_5_6 3_17_18 ;
set Ts[207]:=
1_5_6 1_11_12 3_13_14 4_3_4 3_15_16 2_19_20 4_13_14 3_11_12 5_19_20 4_9_10 ;
set Ts[208]:=
2_13_14 5_7_8 2_17_18 4_19_20 3_9_10 ;
set Ts[209]:=
1_15_16 3_19_20 2_19_20 5_13_14 1_11_12 5_1_2 2_7_8 ;
set Ts[210]:=
3_13_14 3_3_4 5_13_14 1_15_16 4_9_10 ;
set Ts[211]:=
4_19_20 1_19_20 5_3_4 2_9_10 ;
set Ts[212]:=
4_13_14 5_3_4 1_15_16 3_7_8 1_17_18 ;
set Ts[213]:=
1_19_20 5_13_14 4_11_12 5_17_18 4_9_10 4_5_6 ;
set Ts[214]:=
2_7_8 3_11_12 2_9_10 4_17_18 2_13_14 ;
set Ts[215]:=
4_3_4 1_7_8 2_7_8 4_7_8 3_9_10 ;
set Ts[216]:=
5_15_16 4_5_6 4_19_20 1_7_8 1_17_18 3_19_20 2_7_8 4_15_16 1_19_20 1_9_10 5_19_20 ;
set Ts[217]:=
3_15_16 2_13_14 3_11_12 5_5_6 1_11_12 1_15_16 2_19_20 4_17_18 3_19_20 5_17_18 ;
set Ts[218]:=
3_17_18 4_1_2 2_9_10 4_15_16 4_13_14 3_3_4 4_19_20 1_11_12 1_15_16 ;
set Ts[219]:=
5_7_8 1_7_8 3_9_10 ;
set Ts[220]:=
4_1_2 1_5_6 ;
set Ts[221]:=
1_13_14 2_1_2 2_17_18 4_9_10 ;
set Ts[222]:=
5_5_6 5_1_2 4_15_16 4_19_20 2_15_16 5_7_8 4_1_2 ;
set Ts[223]:=
3_5_6 1_19_20 1_13_14 1_17_18 5_3_4 ;
set Ts[224]:=
2_3_4 1_15_16 4_11_12 5_7_8 4_17_18 5_13_14 4_3_4 ;
set Ts[225]:=
2_1_2 1_17_18 ;
set Ts[226]:=
5_1_2 3_17_18 2_3_4 1_17_18 1_15_16 5_7_8 ;
set Ts[227]:=
5_3_4 1_11_12 4_9_10 5_7_8 1_5_6 2_13_14 2_15_16 ;
set Ts[228]:=
1_15_16 1_5_6 1_7_8 3_3_4 3_19_20 1_11_12 5_17_18 2_19_20 1_13_14 ;
set Ts[229]:=
1_5_6 5_9_10 4_11_12 ;
set Ts[230]:=
4_11_12 4_3_4 5_11_12 3_13_14 2_1_2 ;
set Ts[231]:=
4_17_18 4_19_20 1_5_6 3_1_2 2_9_10 5_11_12 ;
set Ts[232]:=
5_17_18 2_1_2 1_13_14 4_3_4 2_17_18 3_11_12 2_7_8 1_3_4 5_9_10 ;
set Ts[233]:=
1_1_2 3_9_10 3_15_16 2_3_4 1_17_18 3_13_14 5_15_16 4_15_16 ;
set Ts[234]:=
1_5_6 2_3_4 2_11_12 ;
set Ts[235]:=
4_5_6 2_9_10 2_13_14 3_3_4 2_11_12 1_19_20 4_7_8 ;
set Ts[236]:=
5_5_6 1_9_10 3_15_16 4_9_10 5_15_16 5_1_2 1_15_16 3_7_8 ;
set Ts[237]:=
1_1_2 3_1_2 4_13_14 2_15_16 3_11_12 5_11_12 4_9_10 3_7_8 4_17_18 ;
set Ts[238]:=
2_5_6 4_1_2 ;
set Ts[239]:=
1_1_2 1_17_18 ;
set Ts[240]:=
1_1_2 3_15_16 1_15_16 1_17_18 4_7_8 4_13_14 3_1_2 5_1_2 ;
set Ts[241]:=
5_5_6 2_1_2 ;
set Ts[242]:=
4_5_6 3_3_4 1_5_6 ;
set Ts[243]:=
5_17_18 4_13_14 4_1_2 2_17_18 ;
set Ts[244]:=
3_7_8 3_17_18 4_17_18 1_13_14 4_1_2 5_5_6 5_3_4 1_11_12 1_15_16 ;
set Ts[245]:=
4_3_4 1_9_10 1_13_14 4_5_6 ;
set Ts[246]:=
2_13_14 5_15_16 1_3_4 4_7_8 5_1_2 5_5_6 1_11_12 2_1_2 3_7_8 ;
set Ts[247]:=
4_17_18 5_15_16 ;
set Ts[248]:=
2_5_6 1_7_8 3_7_8 3_1_2 ;
set Ts[249]:=
3_7_8 4_17_18 3_5_6 2_5_6 4_19_20 3_17_18 2_9_10 ;
set Ts[250]:=
4_1_2 1_7_8 5_1_2 4_13_14 1_5_6 1_3_4 4_17_18 4_9_10 2_15_16 ;
set Ts[251]:=
1_3_4 4_13_14 3_11_12 3_7_8 1_17_18 1_19_20 2_7_8 ;
set Ts[252]:=
5_11_12 1_1_2 4_1_2 ;
set Ts[253]:=
3_13_14 4_5_6 3_9_10 5_13_14 1_15_16 ;
set Ts[254]:=
5_7_8 4_1_2 3_9_10 2_15_16 1_15_16 4_19_20 4_7_8 2_11_12 ;
set Ts[255]:=
1_3_4 2_13_14 3_7_8 3_3_4 2_7_8 ;
set Ts[256]:=
3_7_8 2_3_4 5_13_14 2_9_10 5_9_10 1_15_16 4_19_20 1_13_14 2_5_6 5_5_6 2_7_8 5_17_18 5_1_2 ;
set Ts[257]:=
1_1_2 3_7_8 1_15_16 3_11_12 3_5_6 4_19_20 2_9_10 1_5_6 5_11_12 1_7_8 2_1_2 ;
set Ts[258]:=
4_5_6 3_19_20 5_13_14 1_7_8 5_11_12 ;
set Ts[259]:=
5_19_20 1_13_14 2_9_10 3_5_6 1_19_20 2_15_16 4_9_10 1_15_16 ;
set Ts[260]:=
2_19_20 3_7_8 3_13_14 1_5_6 1_9_10 5_13_14 3_11_12 3_3_4 4_1_2 3_19_20 ;
set Ts[261]:=
5_7_8 4_3_4 4_5_6 ;
set Ts[262]:=
4_5_6 2_13_14 3_7_8 3_11_12 ;
set Ts[263]:=
5_1_2 2_5_6 1_1_2 3_5_6 1_11_12 2_19_20 4_9_10 1_5_6 4_15_16 4_11_12 1_15_16 1_7_8 4_17_18 ;
set Ts[264]:=
2_15_16 2_1_2 2_17_18 2_5_6 1_7_8 5_3_4 2_19_20 3_19_20 1_19_20 ;
set Ts[265]:=
1_5_6 5_19_20 2_1_2 5_7_8 3_15_16 4_1_2 2_5_6 ;
set Ts[266]:=
4_15_16 2_19_20 3_13_14 2_15_16 ;
set Ts[267]:=
5_1_2 2_19_20 3_7_8 2_15_16 ;
set Ts[268]:=
3_13_14 1_17_18 3_7_8 ;
set Ts[269]:=
4_15_16 2_17_18 4_7_8 5_19_20 5_7_8 ;
set Ts[270]:=
4_5_6 1_17_18 2_19_20 3_19_20 5_1_2 3_1_2 1_15_16 2_13_14 ;
set Ts[271]:=
2_9_10 5_15_16 1_13_14 2_7_8 4_7_8 ;
set Ts[272]:=
3_13_14 3_7_8 2_15_16 5_11_12 2_7_8 4_9_10 5_7_8 5_1_2 4_17_18 3_5_6 ;
set Ts[273]:=
2_9_10 1_11_12 2_1_2 4_17_18 1_13_14 ;
set Ts[274]:=
4_7_8 4_15_16 1_11_12 5_5_6 2_1_2 4_9_10 4_19_20 3_17_18 ;
set Ts[275]:=
2_3_4 2_17_18 1_15_16 ;
set Ts[276]:=
1_17_18 4_3_4 5_15_16 ;
set Ts[277]:=
1_13_14 4_7_8 ;
set Ts[278]:=
5_17_18 1_13_14 4_5_6 5_1_2 5_11_12 ;
set Ts[279]:=
3_13_14 3_5_6 1_17_18 5_13_14 2_19_20 1_11_12 2_11_12 5_5_6 ;
set Ts[280]:=
4_15_16 5_13_14 5_17_18 4_17_18 ;
set Ts[281]:=
4_1_2 3_3_4 ;
set Ts[282]:=
4_13_14 3_1_2 ;
set Ts[283]:=
2_11_12 3_11_12 5_3_4 ;
set Ts[284]:=
4_9_10 2_5_6 ;
set Ts[285]:=
5_19_20 5_9_10 2_19_20 4_11_12 4_19_20 2_5_6 ;
set Ts[286]:=
3_7_8 1_19_20 4_13_14 4_11_12 4_3_4 ;
set Ts[287]:=
2_3_4 3_7_8 1_11_12 4_19_20 2_11_12 5_15_16 1_17_18 1_9_10 4_15_16 ;
set Ts[288]:=
3_1_2 5_5_6 4_5_6 2_11_12 4_7_8 5_13_14 3_9_10 1_5_6 4_9_10 4_13_14 2_1_2 4_19_20 2_13_14 ;
set Ts[289]:=
2_7_8 1_19_20 2_9_10 1_13_14 5_15_16 5_11_12 4_13_14 5_9_10 4_3_4 ;
set Ts[290]:=
1_9_10 4_7_8 1_1_2 4_1_2 2_3_4 1_19_20 3_3_4 5_9_10 2_19_20 ;
set Ts[291]:=
5_17_18 4_3_4 1_19_20 3_7_8 4_7_8 ;
set Ts[292]:=
1_7_8 3_11_12 2_19_20 ;
set Ts[293]:=
3_7_8 2_5_6 ;
set Ts[294]:=
4_17_18 3_9_10 3_1_2 4_5_6 2_7_8 3_15_16 5_1_2 5_17_18 4_13_14 2_13_14 5_15_16 4_9_10 4_7_8 ;
set Ts[295]:=
3_7_8 5_1_2 3_17_18 4_19_20 3_15_16 2_3_4 ;
set Ts[296]:=
3_7_8 5_11_12 4_15_16 5_7_8 2_11_12 1_5_6 2_3_4 3_17_18 ;
set Ts[297]:=
4_5_6 3_15_16 1_13_14 1_5_6 3_11_12 ;
set Ts[298]:=
5_5_6 2_5_6 3_5_6 5_17_18 ;
set Ts[299]:=
2_19_20 5_15_16 1_13_14 ;
set Ts[300]:=
1_17_18 1_1_2 3_13_14 4_5_6 1_19_20 4_17_18 ;
set Ts[301]:=
5_1_2 4_3_4 ;
set Ts[302]:=
4_1_2 5_1_2 1_11_12 1_19_20 ;
set Ts[303]:=
2_7_8 1_11_12 1_3_4 4_1_2 1_5_6 4_11_12 2_5_6 4_9_10 2_1_2 ;
set Ts[304]:=
2_7_8 1_9_10 4_3_4 4_13_14 3_13_14 4_9_10 4_17_18 5_17_18 4_11_12 ;
set Ts[305]:=
3_5_6 3_19_20 3_7_8 1_17_18 2_3_4 5_19_20 3_1_2 4_11_12 3_13_14 4_1_2 5_1_2 5_17_18 ;
set Ts[306]:=
2_3_4 5_1_2 ;
set Ts[307]:=
4_17_18 4_19_20 ;
set Ts[308]:=
3_15_16 5_9_10 3_3_4 3_7_8 1_3_4 4_13_14 2_13_14 ;
set Ts[309]:=
3_7_8 2_9_10 3_13_14 5_11_12 1_9_10 5_15_16 5_5_6 3_5_6 4_5_6 3_15_16 ;
set Ts[310]:=
4_15_16 3_5_6 ;
set Ts[311]:=
1_13_14 4_15_16 1_19_20 3_11_12 ;
set Ts[312]:=
4_3_4 2_19_20 ;
set Ts[313]:=
4_5_6 2_11_12 4_9_10 2_19_20 1_1_2 4_19_20 1_3_4 5_17_18 4_17_18 3_17_18 3_7_8 4_11_12 ;
set Ts[314]:=
1_15_16 2_1_2 3_17_18 ;
set Ts[315]:=
5_3_4 2_19_20 1_19_20 2_5_6 3_3_4 5_19_20 5_9_10 ;
set Ts[316]:=
2_7_8 5_3_4 5_9_10 3_13_14 5_19_20 4_15_16 ;
set Ts[317]:=
2_13_14 5_1_2 1_11_12 3_3_4 3_17_18 3_15_16 2_5_6 4_3_4 ;
set Ts[318]:=
4_19_20 5_7_8 1_15_16 4_11_12 ;
set Ts[319]:=
1_5_6 4_17_18 ;
set Ts[320]:=
1_15_16 1_5_6 4_1_2 3_13_14 4_3_4 3_17_18 3_1_2 2_13_14 1_9_10 2_3_4 ;
set Ts[321]:=
1_11_12 4_17_18 3_7_8 3_13_14 3_9_10 5_11_12 4_13_14 3_1_2 ;
set Ts[322]:=
4_19_20 2_1_2 ;
set Ts[323]:=
5_19_20 2_11_12 4_11_12 1_3_4 5_11_12 3_3_4 ;
set Ts[324]:=
4_11_12 3_3_4 5_17_18 4_1_2 2_1_2 1_19_20 5_3_4 ;
set Ts[325]:=
4_13_14 3_13_14 1_11_12 2_3_4 4_17_18 3_19_20 4_7_8 4_11_12 3_11_12 ;
set Ts[326]:=
1_3_4 5_13_14 3_9_10 1_5_6 5_17_18 ;
set Ts[327]:=
3_15_16 1_17_18 3_19_20 2_9_10 4_3_4 5_5_6 5_19_20 4_5_6 4_15_16 ;
set Ts[328]:=
1_3_4 4_5_6 2_7_8 3_17_18 ;
set Ts[329]:=
5_5_6 4_1_2 2_9_10 1_9_10 2_3_4 3_5_6 5_1_2 1_3_4 3_13_14 1_1_2 4_15_16 ;
set Ts[330]:=
3_13_14 1_3_4 4_9_10 4_13_14 1_17_18 3_7_8 ;
set Ts[331]:=
5_3_4 2_7_8 4_13_14 ;
set Ts[332]:=
3_1_2 4_1_2 2_1_2 2_7_8 3_11_12 ;
set Ts[333]:=
4_19_20 5_15_16 2_7_8 3_11_12 3_5_6 1_19_20 5_11_12 5_1_2 3_15_16 ;
set Ts[334]:=
5_5_6 4_19_20 4_11_12 2_5_6 2_3_4 2_1_2 1_19_20 5_7_8 1_1_2 ;
set Ts[335]:=
2_5_6 5_15_16 4_15_16 4_7_8 2_7_8 5_1_2 4_11_12 2_3_4 5_3_4 1_3_4 ;
set Ts[336]:=
4_11_12 2_13_14 4_5_6 1_13_14 2_15_16 1_3_4 1_7_8 5_5_6 3_19_20 3_9_10 2_5_6 ;
set Ts[337]:=
4_3_4 1_17_18 3_19_20 5_9_10 4_17_18 ;
set Ts[338]:=
5_13_14 2_9_10 4_17_18 4_9_10 1_3_4 ;
set Ts[339]:=
3_19_20 2_3_4 ;
set Ts[340]:=
1_11_12 1_19_20 5_3_4 3_7_8 5_9_10 1_7_8 1_17_18 ;
set Ts[341]:=
2_15_16 5_1_2 5_15_16 ;
set Ts[342]:=
3_17_18 2_17_18 5_19_20 5_9_10 3_3_4 ;
set Ts[343]:=
3_11_12 1_3_4 1_7_8 3_5_6 1_13_14 4_11_12 1_9_10 ;
set Ts[344]:=
2_5_6 5_19_20 4_13_14 3_9_10 1_17_18 5_13_14 4_11_12 2_17_18 5_5_6 1_9_10 2_13_14 4_17_18 1_19_20 ;
set Ts[345]:=
2_3_4 5_5_6 2_15_16 2_17_18 5_17_18 1_3_4 1_13_14 ;
set Ts[346]:=
3_5_6 5_1_2 2_3_4 ;
set Ts[347]:=
2_3_4 3_19_20 3_17_18 5_11_12 2_1_2 3_9_10 4_15_16 4_11_12 3_1_2 1_13_14 2_5_6 5_7_8 ;
set Ts[348]:=
4_15_16 1_3_4 ;
set Ts[349]:=
4_7_8 1_13_14 5_13_14 5_11_12 3_7_8 ;
set Ts[350]:=
4_7_8 3_19_20 1_17_18 3_11_12 2_7_8 4_15_16 4_9_10 5_17_18 4_17_18 1_1_2 3_3_4 3_1_2 ;
set Ts[351]:=
3_7_8 5_17_18 1_9_10 3_13_14 2_19_20 4_15_16 ;
set Ts[352]:=
3_13_14 4_3_4 5_1_2 3_11_12 1_9_10 ;
set Ts[353]:=
3_5_6 1_3_4 4_3_4 ;
set Ts[354]:=
2_3_4 5_5_6 3_19_20 4_15_16 2_13_14 4_11_12 4_13_14 2_11_12 3_9_10 ;
set Ts[355]:=
5_11_12 1_13_14 3_15_16 2_11_12 1_9_10 1_3_4 4_5_6 4_3_4 4_17_18 5_9_10 5_15_16 ;
set Ts[356]:=
3_15_16 3_3_4 4_1_2 2_5_6 2_11_12 2_19_20 5_19_20 1_3_4 2_1_2 ;
set Ts[357]:=
2_15_16 4_15_16 4_17_18 5_13_14 3_13_14 5_7_8 ;
set Ts[358]:=
4_7_8 4_9_10 5_17_18 5_5_6 3_5_6 2_13_14 2_1_2 ;
set Ts[359]:=
2_7_8 5_9_10 ;
set Ts[360]:=
2_15_16 5_1_2 2_17_18 2_19_20 4_3_4 5_17_18 3_1_2 5_5_6 5_3_4 4_15_16 3_11_12 4_13_14 ;
set Ts[361]:=
5_9_10 2_17_18 5_7_8 2_19_20 2_3_4 1_9_10 3_1_2 4_17_18 1_11_12 4_11_12 3_5_6 5_15_16 ;
set Ts[362]:=
4_17_18 1_7_8 1_15_16 3_9_10 5_9_10 1_5_6 3_19_20 5_5_6 5_11_12 ;
set Ts[363]:=
5_13_14 2_19_20 5_15_16 1_11_12 3_9_10 3_17_18 ;
set Ts[364]:=
2_7_8 1_7_8 1_11_12 5_13_14 5_11_12 1_13_14 ;
set Ts[365]:=
5_7_8 2_9_10 3_13_14 ;
set Ts[366]:=
5_9_10 1_3_4 4_13_14 5_3_4 3_1_2 4_7_8 5_13_14 ;
set Ts[367]:=
1_17_18 5_15_16 4_17_18 5_11_12 1_11_12 3_1_2 4_11_12 2_13_14 1_1_2 ;
set Ts[368]:=
3_11_12 2_9_10 1_1_2 1_5_6 5_1_2 2_17_18 2_11_12 3_7_8 4_7_8 5_19_20 2_13_14 4_9_10 1_3_4 ;
set Ts[369]:=
3_7_8 4_5_6 ;
set Ts[370]:=
5_13_14 2_9_10 4_11_12 1_9_10 4_19_20 2_3_4 ;
set Ts[371]:=
2_3_4 4_13_14 1_9_10 4_1_2 4_3_4 2_1_2 3_11_12 1_1_2 3_5_6 2_9_10 1_3_4 5_9_10 3_3_4 ;
set Ts[372]:=
3_9_10 2_13_14 2_7_8 4_3_4 ;
set Ts[373]:=
2_11_12 2_19_20 3_1_2 1_9_10 4_9_10 2_1_2 2_17_18 ;
set Ts[374]:=
4_3_4 2_1_2 ;
set Ts[375]:=
4_3_4 3_19_20 5_7_8 ;
set Ts[376]:=
2_1_2 1_5_6 4_1_2 5_5_6 5_13_14 2_7_8 3_15_16 1_17_18 5_11_12 1_9_10 ;
set Ts[377]:=
3_17_18 1_19_20 2_15_16 4_11_12 1_1_2 1_7_8 4_17_18 2_7_8 2_19_20 3_19_20 ;
set Ts[378]:=
4_13_14 5_19_20 1_7_8 5_11_12 4_3_4 3_19_20 2_17_18 ;
set Ts[379]:=
4_9_10 1_11_12 2_9_10 2_19_20 3_3_4 ;
set Ts[380]:=
3_15_16 4_1_2 2_5_6 4_9_10 1_19_20 5_9_10 3_3_4 4_17_18 4_15_16 3_17_18 5_11_12 ;
set Ts[381]:=
1_19_20 3_15_16 2_7_8 5_19_20 4_9_10 2_5_6 5_15_16 4_7_8 3_17_18 3_3_4 ;
set Ts[382]:=
1_11_12 1_19_20 3_3_4 3_17_18 5_19_20 4_5_6 2_13_14 3_15_16 1_9_10 ;
set Ts[383]:=
3_11_12 4_9_10 1_7_8 4_7_8 2_5_6 1_3_4 3_19_20 5_15_16 5_1_2 ;
set Ts[384]:=
1_13_14 4_7_8 3_9_10 5_3_4 5_7_8 4_19_20 1_5_6 3_7_8 4_13_14 3_19_20 2_11_12 1_11_12 ;
set Ts[385]:=
5_11_12 2_15_16 4_17_18 5_3_4 ;
set Ts[386]:=
5_1_2 5_3_4 5_13_14 3_5_6 1_9_10 ;
set Ts[387]:=
3_9_10 3_17_18 1_7_8 1_5_6 4_19_20 2_1_2 5_7_8 ;
set Ts[388]:=
1_19_20 5_3_4 5_13_14 3_19_20 ;
set Ts[389]:=
5_5_6 5_19_20 1_15_16 3_15_16 2_11_12 2_19_20 3_13_14 4_1_2 ;
set Ts[390]:=
1_19_20 2_17_18 5_19_20 3_19_20 3_3_4 3_5_6 ;
set Ts[391]:=
2_1_2 3_15_16 4_13_14 5_9_10 1_19_20 3_1_2 ;
set Ts[392]:=
2_5_6 2_7_8 3_3_4 3_1_2 3_5_6 1_17_18 ;
set Ts[393]:=
4_11_12 4_19_20 2_19_20 3_15_16 1_7_8 1_3_4 5_3_4 4_17_18 5_7_8 ;
set Ts[394]:=
3_1_2 2_3_4 3_19_20 1_1_2 1_19_20 4_11_12 1_17_18 5_1_2 4_9_10 5_15_16 ;
set Ts[395]:=
1_17_18 2_7_8 ;
set Ts[396]:=
4_11_12 2_5_6 5_15_16 3_11_12 1_5_6 2_17_18 2_11_12 3_15_16 5_17_18 ;
set Ts[397]:=
3_3_4 1_5_6 2_5_6 4_17_18 ;
set Ts[398]:=
2_13_14 4_3_4 2_7_8 3_7_8 ;
set Ts[399]:=
3_15_16 3_7_8 4_15_16 5_7_8 1_11_12 4_7_8 5_13_14 4_13_14 2_11_12 ;
set Ts[400]:=
3_11_12 2_9_10 5_13_14 2_19_20 4_5_6 1_11_12 3_17_18 ;
set Ts[401]:=
5_5_6 2_1_2 4_9_10 1_3_4 2_3_4 2_9_10 1_17_18 1_19_20 ;
set Ts[402]:=
3_11_12 2_1_2 4_1_2 2_19_20 1_1_2 3_19_20 5_1_2 4_15_16 2_13_14 ;
set Ts[403]:=
3_9_10 3_1_2 3_19_20 5_15_16 ;
set Ts[404]:=
3_9_10 2_13_14 5_11_12 3_15_16 ;
set Ts[405]:=
2_7_8 5_17_18 5_3_4 2_1_2 3_19_20 2_9_10 1_5_6 ;
set Ts[406]:=
3_15_16 2_13_14 4_9_10 1_11_12 3_7_8 2_1_2 1_15_16 2_3_4 5_11_12 ;
set Ts[407]:=
5_1_2 1_9_10 1_3_4 4_15_16 1_19_20 2_15_16 ;
set Ts[408]:=
3_7_8 3_11_12 5_19_20 2_17_18 1_19_20 1_1_2 4_11_12 2_7_8 ;
set Ts[409]:=
2_11_12 5_3_4 1_15_16 3_19_20 3_17_18 ;
set Ts[410]:=
1_13_14 5_17_18 1_15_16 ;
set Ts[411]:=
2_19_20 2_17_18 1_1_2 4_19_20 ;
set Ts[412]:=
5_11_12 1_13_14 ;
set Ts[413]:=
2_5_6 1_9_10 1_1_2 4_15_16 ;
set Ts[414]:=
5_3_4 5_19_20 4_7_8 2_13_14 5_13_14 2_3_4 2_19_20 1_7_8 4_17_18 ;
set Ts[415]:=
3_3_4 2_3_4 3_7_8 5_19_20 1_9_10 2_1_2 3_15_16 3_1_2 3_11_12 2_13_14 1_5_6 2_17_18 ;
set Ts[416]:=
1_13_14 3_5_6 4_15_16 2_19_20 5_3_4 3_19_20 1_1_2 3_1_2 ;
set Ts[417]:=
1_11_12 1_13_14 2_11_12 4_5_6 4_9_10 2_17_18 2_7_8 2_9_10 ;
set Ts[418]:=
5_19_20 4_7_8 4_17_18 2_5_6 ;
set Ts[419]:=
2_7_8 4_3_4 3_5_6 5_17_18 4_19_20 5_13_14 4_11_12 4_5_6 2_5_6 1_17_18 3_13_14 5_1_2 3_17_18 ;
set Ts[420]:=
4_17_18 2_13_14 ;
set Ts[421]:=
2_15_16 3_7_8 3_15_16 ;
set Ts[422]:=
5_5_6 2_13_14 4_13_14 3_7_8 1_15_16 5_19_20 ;
set Ts[423]:=
3_19_20 4_1_2 ;
set Ts[424]:=
3_17_18 5_13_14 3_9_10 3_5_6 1_19_20 ;
set Ts[425]:=
3_15_16 2_1_2 4_5_6 1_17_18 1_13_14 1_5_6 2_9_10 1_7_8 ;
set Ts[426]:=
2_7_8 4_19_20 5_17_18 4_9_10 3_13_14 5_11_12 2_17_18 3_1_2 5_7_8 5_13_14 1_5_6 5_9_10 ;
set Ts[427]:=
5_13_14 3_7_8 5_11_12 5_19_20 1_5_6 1_15_16 1_1_2 ;
set Ts[428]:=
1_1_2 2_11_12 2_5_6 1_19_20 2_17_18 5_7_8 5_3_4 4_1_2 5_15_16 3_11_12 ;
set Ts[429]:=
4_3_4 2_13_14 2_15_16 5_13_14 4_9_10 3_7_8 5_9_10 3_1_2 3_13_14 5_17_18 2_5_6 ;
set Ts[430]:=
1_1_2 5_17_18 2_1_2 ;
set Ts[431]:=
5_7_8 3_17_18 1_9_10 4_17_18 4_15_16 1_13_14 3_7_8 3_3_4 2_1_2 ;
set Ts[432]:=
2_5_6 4_13_14 1_11_12 1_15_16 4_1_2 4_3_4 5_5_6 2_19_20 1_3_4 ;
set Ts[433]:=
1_19_20 5_1_2 5_17_18 3_17_18 2_17_18 3_5_6 2_13_14 1_3_4 ;
set Ts[434]:=
1_1_2 2_19_20 5_5_6 1_19_20 2_15_16 3_5_6 5_15_16 ;
set Ts[435]:=
1_7_8 2_15_16 1_15_16 3_7_8 5_19_20 ;
set Ts[436]:=
1_17_18 3_7_8 2_11_12 5_5_6 3_5_6 4_11_12 1_9_10 2_17_18 ;
set Ts[437]:=
2_17_18 1_19_20 2_3_4 2_13_14 1_9_10 5_1_2 4_11_12 3_17_18 1_11_12 ;
set Ts[438]:=
3_3_4 1_11_12 3_5_6 4_7_8 4_1_2 2_11_12 2_7_8 ;
set Ts[439]:=
1_17_18 1_19_20 5_15_16 4_15_16 5_3_4 5_1_2 2_17_18 5_17_18 1_11_12 ;
set Ts[440]:=
2_7_8 1_7_8 ;
set Ts[441]:=
4_1_2 5_19_20 3_15_16 3_7_8 4_7_8 5_1_2 5_11_12 5_13_14 ;
set Ts[442]:=
1_15_16 5_15_16 5_13_14 5_7_8 4_9_10 1_11_12 ;
set Ts[443]:=
4_5_6 5_7_8 1_3_4 3_9_10 3_11_12 1_13_14 3_19_20 5_3_4 4_11_12 5_11_12 ;
set Ts[444]:=
4_13_14 2_3_4 1_17_18 4_19_20 5_13_14 3_17_18 3_5_6 3_3_4 4_17_18 2_19_20 4_11_12 1_15_16 ;
set Ts[445]:=
2_19_20 1_9_10 3_3_4 1_3_4 2_11_12 4_1_2 2_3_4 4_7_8 5_11_12 3_9_10 2_5_6 5_19_20 3_7_8 ;
set Ts[446]:=
2_13_14 3_13_14 4_1_2 4_15_16 5_13_14 5_1_2 2_15_16 ;
set Ts[447]:=
3_9_10 5_3_4 5_1_2 5_9_10 4_15_16 1_13_14 1_19_20 ;
set Ts[448]:=
3_9_10 5_13_14 2_7_8 1_19_20 3_17_18 ;
set Ts[449]:=
4_13_14 5_9_10 1_11_12 3_1_2 2_13_14 1_17_18 ;
set Ts[450]:=
2_5_6 2_1_2 5_9_10 ;
set Ts[451]:=
2_9_10 3_9_10 ;
set Ts[452]:=
3_1_2 4_17_18 4_3_4 3_5_6 5_15_16 2_15_16 1_13_14 5_7_8 ;
set Ts[453]:=
5_17_18 5_7_8 5_1_2 2_17_18 1_7_8 5_15_16 3_1_2 5_19_20 ;
set Ts[454]:=
4_17_18 3_13_14 2_11_12 4_9_10 1_13_14 4_1_2 ;
set Ts[455]:=
5_5_6 2_11_12 ;
set Ts[456]:=
3_19_20 4_19_20 1_19_20 5_13_14 2_1_2 4_13_14 1_11_12 1_17_18 5_9_10 3_5_6 5_15_16 ;
set Ts[457]:=
4_19_20 5_13_14 3_9_10 5_19_20 ;
set Ts[458]:=
4_7_8 4_3_4 4_17_18 ;
set Ts[459]:=
2_1_2 2_13_14 4_3_4 4_7_8 2_3_4 5_15_16 5_9_10 5_1_2 1_17_18 4_5_6 ;
set Ts[460]:=
1_7_8 4_7_8 2_9_10 5_1_2 1_13_14 1_17_18 3_11_12 5_13_14 3_17_18 ;
set Ts[461]:=
2_1_2 2_17_18 4_3_4 1_7_8 2_9_10 4_11_12 2_7_8 4_5_6 5_11_12 ;
set Ts[462]:=
5_11_12 2_11_12 2_9_10 5_3_4 ;
set Ts[463]:=
4_15_16 3_9_10 2_11_12 4_3_4 3_7_8 5_15_16 1_11_12 4_13_14 ;
set Ts[464]:=
5_9_10 5_11_12 1_13_14 5_13_14 2_9_10 4_3_4 ;
set Ts[465]:=
5_7_8 1_1_2 3_3_4 2_13_14 1_9_10 1_7_8 2_3_4 4_11_12 ;
set Ts[466]:=
3_13_14 3_1_2 4_7_8 3_15_16 1_15_16 2_17_18 1_1_2 3_9_10 ;
set Ts[467]:=
2_1_2 2_3_4 5_11_12 1_13_14 ;
set Ts[468]:=
1_5_6 2_1_2 1_3_4 3_5_6 3_3_4 ;
set Ts[469]:=
5_13_14 3_1_2 1_13_14 3_5_6 4_19_20 ;
set Ts[470]:=
4_3_4 3_17_18 ;
set Ts[471]:=
1_1_2 1_9_10 4_3_4 2_7_8 ;
set Ts[472]:=
1_17_18 5_5_6 3_13_14 4_19_20 ;
set Ts[473]:=
1_5_6 1_13_14 3_5_6 3_7_8 1_17_18 2_9_10 5_7_8 4_9_10 5_5_6 ;
set Ts[474]:=
3_17_18 1_17_18 ;
set Ts[475]:=
2_7_8 3_9_10 5_13_14 2_13_14 3_15_16 ;
set Ts[476]:=
2_3_4 1_13_14 5_3_4 ;
set Ts[477]:=
1_13_14 5_9_10 1_7_8 5_3_4 4_11_12 2_9_10 4_5_6 1_3_4 5_1_2 ;
set Ts[478]:=
3_1_2 3_7_8 3_11_12 5_5_6 ;
set Ts[479]:=
5_9_10 1_1_2 ;
set Ts[480]:=
1_3_4 4_15_16 2_13_14 3_13_14 3_1_2 2_19_20 ;
set Ts[481]:=
2_11_12 2_9_10 1_11_12 3_13_14 4_19_20 ;
set Ts[482]:=
1_5_6 3_11_12 1_11_12 3_9_10 2_17_18 4_11_12 2_9_10 ;
set Ts[483]:=
5_19_20 1_5_6 1_7_8 4_9_10 2_11_12 1_1_2 ;
set Ts[484]:=
4_13_14 1_7_8 3_15_16 1_3_4 2_13_14 4_7_8 1_15_16 5_17_18 4_11_12 ;
set Ts[485]:=
5_1_2 5_3_4 4_1_2 5_5_6 2_11_12 2_7_8 3_1_2 4_19_20 5_15_16 ;
set Ts[486]:=
3_1_2 1_9_10 2_13_14 2_17_18 2_1_2 2_3_4 4_1_2 1_17_18 3_15_16 5_7_8 ;
set Ts[487]:=
5_11_12 1_1_2 5_1_2 4_5_6 ;
set Ts[488]:=
2_13_14 2_3_4 5_19_20 5_1_2 3_5_6 3_19_20 1_3_4 3_15_16 4_1_2 3_3_4 3_13_14 2_1_2 ;
set Ts[489]:=
2_7_8 4_11_12 ;
set Ts[490]:=
2_7_8 5_19_20 2_5_6 ;
set Ts[491]:=
2_9_10 1_9_10 3_3_4 1_5_6 3_1_2 4_3_4 5_1_2 1_1_2 ;
set Ts[492]:=
3_5_6 4_7_8 3_9_10 ;
set Ts[493]:=
2_9_10 5_3_4 ;
set Ts[494]:=
2_19_20 1_17_18 4_17_18 2_13_14 3_1_2 1_13_14 1_7_8 3_15_16 4_3_4 5_9_10 1_11_12 5_13_14 ;
set Ts[495]:=
1_17_18 3_1_2 1_3_4 3_9_10 4_15_16 1_7_8 5_9_10 ;
set Ts[496]:=
2_5_6 1_5_6 4_7_8 2_19_20 2_3_4 5_11_12 3_9_10 4_1_2 1_15_16 1_17_18 5_17_18 ;
set Ts[497]:=
3_1_2 5_13_14 1_3_4 1_9_10 3_5_6 3_13_14 ;
set Ts[498]:=
2_5_6 1_19_20 5_11_12 2_3_4 4_19_20 4_7_8 1_9_10 3_15_16 3_1_2 3_3_4 ;
set Ts[499]:=
5_1_2 5_15_16 2_7_8 2_5_6 5_13_14 3_15_16 4_11_12 3_5_6 5_7_8 3_11_12 ;
set Ts[500]:=
5_15_16 2_9_10 3_13_14 5_7_8 ;
set Ts[501]:=
5_7_8 1_3_4 5_9_10 2_17_18 3_17_18 3_11_12 4_17_18 2_13_14 ;
set Ts[502]:=
1_19_20 2_13_14 4_17_18 2_1_2 5_19_20 4_19_20 5_13_14 3_7_8 5_11_12 4_3_4 ;
set Ts[503]:=
5_1_2 1_5_6 5_11_12 4_17_18 5_3_4 ;
set Ts[504]:=
2_11_12 5_13_14 4_13_14 5_11_12 1_17_18 2_5_6 5_17_18 2_7_8 1_9_10 4_5_6 ;
set Ts[505]:=
2_7_8 5_11_12 1_11_12 ;
set Ts[506]:=
4_17_18 3_9_10 4_19_20 ;
set Ts[507]:=
2_17_18 1_1_2 4_9_10 1_17_18 2_3_4 5_9_10 3_19_20 3_11_12 5_17_18 2_13_14 4_11_12 ;
set Ts[508]:=
5_13_14 4_5_6 3_13_14 1_1_2 5_15_16 1_11_12 ;
set Ts[509]:=
3_3_4 4_19_20 ;
set Ts[510]:=
2_3_4 3_5_6 2_19_20 5_7_8 4_13_14 3_7_8 5_13_14 ;
set Ts[511]:=
1_13_14 3_17_18 ;
set Ts[512]:=
5_1_2 5_15_16 2_9_10 3_7_8 4_1_2 3_5_6 1_11_12 4_5_6 5_5_6 ;
set Ts[513]:=
1_17_18 3_1_2 2_9_10 1_9_10 5_9_10 2_17_18 5_7_8 2_13_14 2_1_2 ;
set Ts[514]:=
2_5_6 4_3_4 4_7_8 3_15_16 3_7_8 ;
set Ts[515]:=
3_3_4 1_19_20 3_1_2 ;
set Ts[516]:=
5_5_6 1_15_16 1_7_8 4_13_14 2_3_4 2_9_10 5_1_2 3_19_20 4_15_16 1_13_14 1_9_10 ;
set Ts[517]:=
2_15_16 5_11_12 ;
set Ts[518]:=
5_15_16 4_15_16 2_1_2 4_9_10 2_7_8 ;
set Ts[519]:=
2_3_4 1_13_14 1_7_8 3_15_16 3_1_2 ;
set Ts[520]:=
2_1_2 3_17_18 ;
set Ts[521]:=
5_1_2 5_5_6 4_7_8 4_1_2 3_3_4 5_13_14 1_5_6 3_13_14 1_7_8 2_3_4 ;
set Ts[522]:=
3_11_12 3_9_10 4_17_18 3_5_6 4_1_2 ;
set Ts[523]:=
1_7_8 2_17_18 2_3_4 4_5_6 3_3_4 3_7_8 ;
set Ts[524]:=
2_1_2 2_15_16 3_5_6 4_5_6 1_17_18 1_19_20 2_3_4 ;
set Ts[525]:=
5_3_4 5_17_18 ;
set Ts[526]:=
3_3_4 4_9_10 ;
set Ts[527]:=
1_19_20 2_19_20 5_7_8 4_9_10 3_13_14 5_5_6 3_9_10 1_7_8 2_13_14 4_15_16 4_13_14 ;
set Ts[528]:=
2_5_6 3_3_4 5_3_4 2_13_14 5_1_2 2_17_18 5_11_12 ;
set Ts[529]:=
2_1_2 4_9_10 ;
set Ts[530]:=
1_15_16 4_5_6 3_15_16 3_5_6 ;
set Ts[531]:=
2_7_8 1_19_20 5_7_8 1_5_6 2_3_4 2_15_16 2_11_12 4_13_14 ;
set Ts[532]:=
4_5_6 1_11_12 5_5_6 2_5_6 5_9_10 2_1_2 1_9_10 5_7_8 2_3_4 2_7_8 3_1_2 4_13_14 ;
set Ts[533]:=
3_9_10 5_9_10 5_3_4 2_5_6 5_15_16 4_3_4 2_17_18 4_5_6 4_11_12 ;
set Ts[534]:=
3_19_20 5_3_4 2_13_14 4_7_8 3_3_4 3_5_6 2_3_4 1_5_6 1_13_14 1_9_10 ;
set Ts[535]:=
3_1_2 3_9_10 5_3_4 4_1_2 3_19_20 5_11_12 ;
set Ts[536]:=
3_15_16 2_1_2 5_3_4 ;
set Ts[537]:=
1_7_8 3_17_18 ;
set Ts[538]:=
4_1_2 3_19_20 5_11_12 2_11_12 4_9_10 2_5_6 1_15_16 2_13_14 4_13_14 ;
set Ts[539]:=
5_9_10 3_5_6 2_19_20 3_7_8 4_19_20 5_3_4 5_5_6 ;
set Ts[540]:=
2_1_2 1_19_20 1_3_4 1_5_6 5_15_16 3_1_2 ;
set Ts[541]:=
5_7_8 5_11_12 4_17_18 ;
set Ts[542]:=
4_11_12 4_1_2 1_15_16 5_9_10 1_5_6 1_11_12 1_19_20 ;
set Ts[543]:=
5_3_4 4_9_10 5_1_2 3_1_2 ;
set Ts[544]:=
5_3_4 1_11_12 3_9_10 4_5_6 4_19_20 ;
set Ts[545]:=
3_7_8 1_5_6 5_9_10 4_15_16 1_3_4 4_1_2 3_1_2 4_5_6 4_7_8 ;
set Ts[546]:=
4_5_6 5_15_16 3_15_16 1_13_14 1_11_12 2_15_16 3_7_8 4_3_4 5_7_8 1_19_20 ;
set Ts[547]:=
5_17_18 4_19_20 1_5_6 3_13_14 2_9_10 3_19_20 ;
set Ts[548]:=
2_9_10 2_19_20 5_9_10 ;
set Ts[549]:=
1_1_2 4_19_20 5_13_14 5_19_20 4_7_8 3_5_6 2_3_4 1_5_6 4_9_10 2_1_2 ;
set Ts[550]:=
3_5_6 1_9_10 4_19_20 4_5_6 4_13_14 1_11_12 ;
set Ts[551]:=
2_17_18 5_15_16 3_7_8 4_5_6 3_5_6 5_3_4 2_15_16 ;
set Ts[552]:=
2_19_20 2_15_16 ;
set Ts[553]:=
2_9_10 2_7_8 1_3_4 3_1_2 2_11_12 ;
set Ts[554]:=
2_15_16 3_13_14 5_11_12 2_19_20 5_1_2 5_3_4 5_7_8 2_7_8 2_13_14 3_15_16 2_3_4 ;
set Ts[555]:=
4_9_10 1_17_18 1_7_8 ;
set Ts[556]:=
2_19_20 2_15_16 ;
set Ts[557]:=
1_19_20 3_7_8 5_7_8 3_13_14 3_3_4 ;
set Ts[558]:=
2_19_20 3_19_20 3_1_2 1_9_10 ;
set Ts[559]:=
1_13_14 5_17_18 4_19_20 3_1_2 2_1_2 4_3_4 5_3_4 3_7_8 3_5_6 ;
set Ts[560]:=
2_3_4 5_13_14 4_15_16 1_5_6 ;
set Ts[561]:=
5_9_10 4_19_20 1_19_20 3_9_10 3_15_16 3_3_4 4_7_8 3_17_18 5_7_8 ;
set Ts[562]:=
1_5_6 4_5_6 2_5_6 5_19_20 4_17_18 ;
set Ts[563]:=
3_15_16 1_11_12 1_1_2 ;
set Ts[564]:=
2_1_2 3_15_16 2_3_4 5_9_10 ;
set Ts[565]:=
2_17_18 5_1_2 3_9_10 4_3_4 ;
set Ts[566]:=
2_5_6 1_13_14 1_1_2 5_7_8 1_17_18 2_13_14 4_19_20 ;
set Ts[567]:=
4_13_14 5_15_16 1_11_12 4_15_16 1_19_20 5_1_2 1_13_14 ;
set Ts[568]:=
1_7_8 5_5_6 1_5_6 1_13_14 2_1_2 4_3_4 1_15_16 ;
set Ts[569]:=
4_11_12 5_15_16 1_15_16 1_11_12 4_13_14 1_5_6 3_5_6 ;
set Ts[570]:=
1_3_4 5_7_8 3_7_8 5_15_16 ;
set Ts[571]:=
4_7_8 5_7_8 2_11_12 2_9_10 1_1_2 3_7_8 5_11_12 4_3_4 ;
set Ts[572]:=
1_5_6 4_17_18 4_9_10 4_11_12 4_19_20 2_15_16 5_1_2 3_15_16 2_17_18 ;
set Ts[573]:=
4_7_8 5_3_4 1_3_4 ;
set Ts[574]:=
5_5_6 5_7_8 1_17_18 ;
set Ts[575]:=
2_17_18 2_15_16 3_3_4 4_9_10 1_13_14 1_11_12 2_9_10 1_19_20 4_19_20 ;
set Ts[576]:=
1_3_4 1_1_2 2_17_18 5_11_12 4_5_6 ;
set Ts[577]:=
5_7_8 2_9_10 4_3_4 ;
set Ts[578]:=
3_3_4 1_15_16 ;
set Ts[579]:=
2_7_8 1_11_12 2_19_20 2_17_18 3_7_8 2_5_6 1_3_4 5_3_4 3_1_2 ;
set Ts[580]:=
4_1_2 3_5_6 ;
set Ts[581]:=
3_13_14 5_3_4 5_7_8 2_15_16 ;
set Ts[582]:=
3_13_14 1_3_4 3_17_18 2_13_14 2_7_8 2_19_20 2_9_10 4_5_6 ;
set Ts[583]:=
5_7_8 1_19_20 ;
set Ts[584]:=
5_15_16 4_1_2 4_5_6 5_7_8 5_17_18 3_17_18 5_1_2 2_5_6 4_3_4 2_11_12 3_5_6 2_13_14 ;
set Ts[585]:=
4_15_16 1_3_4 5_3_4 3_5_6 3_1_2 1_13_14 ;
set Ts[586]:=
3_7_8 1_13_14 1_17_18 4_7_8 4_11_12 1_11_12 3_9_10 2_7_8 ;
set Ts[587]:=
2_17_18 4_1_2 5_19_20 5_5_6 5_15_16 2_9_10 5_13_14 4_11_12 ;
set Ts[588]:=
3_5_6 5_9_10 1_9_10 4_11_12 3_17_18 1_3_4 4_13_14 3_1_2 3_15_16 3_3_4 ;
set Ts[589]:=
4_11_12 3_15_16 3_19_20 2_13_14 4_3_4 1_17_18 1_7_8 ;
set Ts[590]:=
4_1_2 1_1_2 ;
set Ts[591]:=
3_17_18 1_17_18 2_11_12 1_15_16 2_7_8 5_15_16 ;
set Ts[592]:=
3_11_12 1_7_8 1_19_20 2_7_8 5_5_6 5_9_10 5_17_18 1_17_18 3_9_10 5_19_20 3_17_18 4_1_2 ;
set Ts[593]:=
3_7_8 2_7_8 1_17_18 ;
set Ts[594]:=
3_17_18 2_11_12 2_3_4 1_3_4 4_13_14 4_3_4 3_9_10 ;
set Ts[595]:=
4_7_8 5_7_8 1_17_18 ;
set Ts[596]:=
3_13_14 2_19_20 4_11_12 2_13_14 2_15_16 3_1_2 ;
set Ts[597]:=
2_15_16 4_13_14 1_11_12 4_11_12 ;
set Ts[598]:=
3_15_16 4_19_20 5_5_6 ;
set Ts[599]:=
4_13_14 3_13_14 5_7_8 5_5_6 2_9_10 4_11_12 4_7_8 ;
set Ts[600]:=
2_5_6 1_1_2 2_9_10 2_3_4 3_9_10 3_13_14 1_5_6 1_3_4 ;
set Ts[601]:=
4_15_16 4_5_6 5_11_12 5_17_18 1_9_10 2_17_18 1_7_8 4_1_2 1_19_20 3_19_20 ;
set Ts[602]:=
4_5_6 1_5_6 3_15_16 4_11_12 3_19_20 1_19_20 4_7_8 ;
set Ts[603]:=
5_19_20 2_19_20 5_9_10 1_1_2 1_19_20 1_3_4 2_15_16 5_7_8 2_1_2 ;
set Ts[604]:=
2_17_18 5_15_16 2_13_14 4_17_18 2_5_6 ;
set Ts[605]:=
5_17_18 3_5_6 2_9_10 5_13_14 2_19_20 3_3_4 2_17_18 ;
set Ts[606]:=
3_13_14 1_15_16 5_1_2 5_7_8 ;
set Ts[607]:=
1_9_10 4_7_8 5_13_14 4_3_4 4_11_12 1_3_4 2_11_12 5_3_4 3_15_16 2_17_18 1_17_18 5_7_8 ;
set Ts[608]:=
5_9_10 3_5_6 4_7_8 1_15_16 5_5_6 2_3_4 4_5_6 5_7_8 ;
set Ts[609]:=
2_13_14 2_7_8 2_9_10 3_3_4 1_19_20 1_13_14 2_19_20 4_15_16 4_3_4 ;
set Ts[610]:=
3_15_16 1_19_20 2_3_4 5_5_6 ;
set Ts[611]:=
2_13_14 1_15_16 5_19_20 4_11_12 1_9_10 3_11_12 2_1_2 ;
set Ts[612]:=
1_1_2 3_19_20 3_15_16 ;
set Ts[613]:=
3_1_2 4_13_14 5_3_4 3_9_10 ;
set Ts[614]:=
4_13_14 4_5_6 1_13_14 3_13_14 1_11_12 ;
set Ts[615]:=
5_11_12 2_15_16 3_9_10 4_11_12 2_9_10 1_15_16 5_17_18 5_7_8 2_3_4 ;
set Ts[616]:=
1_3_4 2_11_12 2_19_20 4_13_14 1_9_10 5_13_14 5_11_12 5_17_18 ;
set Ts[617]:=
1_9_10 5_11_12 2_19_20 3_9_10 ;
set Ts[618]:=
3_13_14 3_15_16 ;
set Ts[619]:=
2_9_10 3_5_6 3_1_2 4_3_4 5_11_12 ;
set Ts[620]:=
2_13_14 1_7_8 3_13_14 ;
set Ts[621]:=
3_13_14 1_17_18 2_19_20 1_19_20 2_15_16 5_1_2 ;
set Ts[622]:=
3_11_12 1_1_2 4_15_16 5_7_8 5_17_18 2_9_10 2_11_12 5_3_4 4_7_8 4_11_12 1_11_12 2_7_8 ;
set Ts[623]:=
3_7_8 5_5_6 3_13_14 1_11_12 5_7_8 ;
set Ts[624]:=
5_17_18 5_13_14 1_7_8 4_11_12 5_11_12 ;
set Ts[625]:=
5_17_18 1_7_8 1_13_14 4_15_16 2_5_6 4_9_10 4_5_6 3_11_12 4_11_12 ;
set Ts[626]:=
1_7_8 3_13_14 1_1_2 5_13_14 1_19_20 5_17_18 3_15_16 1_15_16 ;
set Ts[627]:=
1_19_20 3_9_10 5_17_18 4_5_6 4_11_12 3_5_6 5_9_10 3_3_4 ;
set Ts[628]:=
2_5_6 1_11_12 1_17_18 5_9_10 5_17_18 4_5_6 4_13_14 2_7_8 ;
set Ts[629]:=
1_15_16 4_1_2 ;
set Ts[630]:=
5_7_8 3_1_2 1_1_2 ;
set Ts[631]:=
4_15_16 2_19_20 5_13_14 3_15_16 ;
set Ts[632]:=
5_9_10 2_19_20 3_15_16 3_17_18 3_3_4 4_15_16 3_11_12 1_19_20 5_17_18 3_7_8 ;
set Ts[633]:=
4_1_2 5_15_16 4_17_18 1_15_16 3_11_12 1_1_2 2_19_20 3_13_14 ;
set Ts[634]:=
5_11_12 3_9_10 2_1_2 1_9_10 2_11_12 ;
set Ts[635]:=
3_19_20 1_15_16 2_9_10 4_13_14 5_13_14 5_9_10 4_7_8 1_1_2 1_9_10 5_17_18 1_19_20 3_1_2 3_17_18 ;
set Ts[636]:=
3_17_18 1_7_8 3_5_6 1_13_14 2_11_12 5_9_10 4_5_6 2_13_14 1_3_4 3_7_8 5_3_4 ;
set Ts[637]:=
2_17_18 4_17_18 5_19_20 4_5_6 5_9_10 5_1_2 5_5_6 1_3_4 1_1_2 2_19_20 ;
set Ts[638]:=
4_3_4 5_1_2 3_17_18 4_15_16 5_17_18 3_11_12 3_9_10 3_7_8 ;
set Ts[639]:=
5_3_4 5_7_8 1_5_6 2_13_14 4_15_16 ;
set Ts[640]:=
3_19_20 5_1_2 4_11_12 1_7_8 4_9_10 5_3_4 1_13_14 5_9_10 1_1_2 5_15_16 2_17_18 3_3_4 ;
set Ts[641]:=
4_1_2 5_11_12 4_7_8 2_7_8 3_17_18 1_7_8 5_1_2 5_3_4 5_13_14 4_5_6 5_19_20 ;
set Ts[642]:=
3_1_2 5_7_8 1_1_2 5_5_6 4_1_2 1_5_6 1_13_14 2_5_6 1_19_20 1_7_8 1_3_4 ;
set Ts[643]:=
3_5_6 3_1_2 3_7_8 2_17_18 1_19_20 3_9_10 ;
set Ts[644]:=
4_11_12 5_7_8 3_9_10 2_9_10 2_19_20 4_1_2 1_5_6 2_3_4 4_9_10 1_3_4 ;
set Ts[645]:=
3_5_6 5_13_14 4_15_16 2_7_8 2_9_10 3_1_2 2_5_6 4_1_2 ;
set Ts[646]:=
2_17_18 5_13_14 1_3_4 2_9_10 5_7_8 ;
set Ts[647]:=
5_13_14 1_15_16 4_9_10 2_3_4 2_13_14 5_3_4 2_1_2 1_1_2 5_15_16 ;
set Ts[648]:=
4_5_6 4_7_8 5_1_2 2_13_14 1_19_20 4_19_20 ;
set Ts[649]:=
4_19_20 4_3_4 2_11_12 2_13_14 1_9_10 1_5_6 ;
set Ts[650]:=
4_5_6 1_13_14 1_15_16 2_3_4 2_19_20 2_11_12 ;
set Ts[651]:=
2_13_14 5_1_2 3_1_2 3_11_12 1_17_18 2_5_6 5_9_10 1_15_16 ;
set Ts[652]:=
5_15_16 3_7_8 ;
set Ts[653]:=
3_15_16 2_7_8 ;
set Ts[654]:=
5_3_4 1_7_8 4_19_20 1_1_2 4_7_8 ;
set Ts[655]:=
3_13_14 4_5_6 1_3_4 3_3_4 5_9_10 1_19_20 4_11_12 4_15_16 5_15_16 2_19_20 4_17_18 ;
set Ts[656]:=
3_13_14 1_15_16 1_7_8 2_11_12 2_19_20 4_7_8 2_7_8 5_5_6 2_5_6 ;
set Ts[657]:=
5_15_16 5_17_18 1_3_4 1_5_6 5_5_6 3_19_20 3_1_2 4_1_2 5_19_20 1_15_16 2_9_10 ;
set Ts[658]:=
3_7_8 1_9_10 3_5_6 1_5_6 2_7_8 5_17_18 3_17_18 ;
set Ts[659]:=
5_17_18 1_7_8 5_11_12 1_3_4 ;
set Ts[660]:=
5_3_4 1_13_14 3_7_8 3_13_14 2_19_20 2_9_10 ;
set Ts[661]:=
5_17_18 4_17_18 3_7_8 5_9_10 1_11_12 3_13_14 ;
set Ts[662]:=
4_5_6 4_19_20 5_13_14 1_3_4 ;
set Ts[663]:=
4_13_14 5_13_14 1_5_6 3_19_20 4_19_20 3_11_12 ;
set Ts[664]:=
4_3_4 5_9_10 2_15_16 1_19_20 2_9_10 2_1_2 1_13_14 ;
set Ts[665]:=
5_19_20 3_5_6 3_11_12 4_1_2 ;
set Ts[666]:=
5_1_2 1_3_4 3_1_2 ;
set Ts[667]:=
5_13_14 3_13_14 2_13_14 3_7_8 3_1_2 2_5_6 1_11_12 3_15_16 3_11_12 2_19_20 ;
set Ts[668]:=
1_7_8 5_3_4 ;
set Ts[669]:=
5_13_14 4_5_6 ;
set Ts[670]:=
4_3_4 1_13_14 5_1_2 2_11_12 2_13_14 2_7_8 1_11_12 3_11_12 4_17_18 ;
set Ts[671]:=
3_5_6 2_9_10 1_13_14 2_11_12 4_17_18 5_5_6 3_9_10 1_11_12 5_19_20 5_9_10 2_15_16 ;
set Ts[672]:=
1_11_12 4_5_6 2_17_18 5_11_12 4_3_4 2_3_4 4_1_2 4_7_8 ;
set Ts[673]:=
2_9_10 2_19_20 3_3_4 ;
set Ts[674]:=
5_13_14 3_13_14 ;
set Ts[675]:=
3_5_6 1_9_10 ;
set Ts[676]:=
5_9_10 1_9_10 5_3_4 3_19_20 ;
set Ts[677]:=
1_5_6 2_11_12 5_3_4 5_5_6 3_5_6 4_17_18 4_13_14 2_3_4 ;
set Ts[678]:=
4_17_18 3_17_18 4_5_6 2_15_16 1_13_14 1_17_18 3_9_10 1_1_2 4_7_8 ;
set Ts[679]:=
4_13_14 2_9_10 1_7_8 1_5_6 ;
set Ts[680]:=
4_11_12 4_17_18 ;
set Ts[681]:=
3_3_4 1_15_16 2_13_14 2_11_12 3_11_12 3_19_20 5_5_6 4_15_16 1_5_6 ;
set Ts[682]:=
2_5_6 1_5_6 2_9_10 ;
set Ts[683]:=
5_1_2 5_3_4 2_17_18 5_7_8 4_9_10 4_13_14 5_15_16 5_19_20 2_9_10 ;
set Ts[684]:=
1_3_4 5_3_4 5_11_12 2_9_10 4_7_8 5_13_14 3_9_10 ;
set Ts[685]:=
1_15_16 4_3_4 ;
set Ts[686]:=
4_3_4 5_1_2 2_15_16 4_5_6 ;
set Ts[687]:=
1_7_8 5_15_16 4_9_10 5_3_4 2_11_12 ;
set Ts[688]:=
3_15_16 3_7_8 2_13_14 3_11_12 2_11_12 1_17_18 3_19_20 5_11_12 5_7_8 ;
set Ts[689]:=
5_9_10 3_9_10 4_19_20 3_17_18 5_13_14 3_7_8 4_17_18 ;
set Ts[690]:=
5_11_12 5_9_10 3_15_16 1_15_16 4_3_4 ;
set Ts[691]:=
5_17_18 3_5_6 ;
set Ts[692]:=
4_3_4 2_1_2 5_11_12 ;
set Ts[693]:=
2_11_12 2_15_16 ;
set Ts[694]:=
1_15_16 4_7_8 3_15_16 2_15_16 4_1_2 2_13_14 5_1_2 4_13_14 2_5_6 5_7_8 2_1_2 4_11_12 3_19_20 ;
set Ts[695]:=
5_11_12 2_19_20 3_13_14 1_17_18 5_15_16 5_13_14 4_3_4 ;
set Ts[696]:=
1_11_12 5_7_8 1_19_20 2_11_12 3_17_18 ;
set Ts[697]:=
4_9_10 5_13_14 4_11_12 5_19_20 4_15_16 5_17_18 1_9_10 ;
set Ts[698]:=
5_17_18 4_19_20 4_13_14 3_15_16 5_11_12 5_9_10 3_7_8 2_5_6 4_15_16 5_19_20 2_7_8 1_1_2 ;
set Ts[699]:=
5_5_6 4_7_8 2_5_6 1_5_6 2_13_14 5_13_14 3_11_12 ;
set Ts[700]:=
3_17_18 3_1_2 1_19_20 ;
set Ts[701]:=
3_17_18 1_17_18 5_7_8 4_13_14 1_5_6 3_1_2 4_11_12 1_19_20 ;
set Ts[702]:=
4_9_10 1_13_14 2_5_6 3_5_6 4_5_6 3_17_18 2_9_10 3_15_16 5_7_8 2_7_8 3_13_14 4_13_14 ;
set Ts[703]:=
4_15_16 5_17_18 3_11_12 4_13_14 2_17_18 ;
set Ts[704]:=
3_17_18 3_13_14 4_9_10 1_13_14 5_15_16 1_9_10 4_7_8 3_1_2 ;
set Ts[705]:=
5_5_6 1_11_12 5_15_16 5_3_4 2_17_18 4_17_18 ;
set Ts[706]:=
2_15_16 4_15_16 1_13_14 1_1_2 4_7_8 ;
set Ts[707]:=
1_13_14 4_7_8 4_3_4 3_9_10 4_13_14 3_19_20 2_1_2 ;
set Ts[708]:=
2_13_14 2_1_2 2_11_12 3_7_8 4_1_2 3_11_12 4_11_12 1_13_14 2_17_18 ;
set Ts[709]:=
3_19_20 1_7_8 3_17_18 2_17_18 4_13_14 2_13_14 5_3_4 5_7_8 1_13_14 4_5_6 4_9_10 5_11_12 2_3_4 ;
set Ts[710]:=
5_19_20 2_19_20 5_1_2 1_19_20 4_3_4 3_7_8 ;
set Ts[711]:=
2_5_6 3_17_18 1_13_14 5_3_4 ;
set Ts[712]:=
2_15_16 2_1_2 ;
set Ts[713]:=
1_3_4 3_5_6 2_15_16 1_17_18 2_3_4 1_13_14 5_17_18 5_1_2 5_7_8 2_19_20 ;
set Ts[714]:=
3_5_6 2_17_18 4_7_8 1_1_2 1_7_8 5_3_4 5_19_20 2_9_10 1_9_10 4_3_4 5_1_2 4_9_10 ;
set Ts[715]:=
2_13_14 1_11_12 1_13_14 ;
set Ts[716]:=
1_9_10 1_7_8 1_15_16 4_13_14 2_1_2 4_1_2 4_11_12 ;
set Ts[717]:=
4_19_20 4_1_2 3_13_14 3_7_8 ;
set Ts[718]:=
5_11_12 2_17_18 3_9_10 5_7_8 4_11_12 5_13_14 3_15_16 1_19_20 ;
set Ts[719]:=
5_19_20 4_1_2 5_13_14 4_19_20 4_9_10 2_1_2 3_15_16 ;
set Ts[720]:=
2_19_20 3_17_18 3_1_2 ;
set Ts[721]:=
1_7_8 2_17_18 5_15_16 3_19_20 ;
set Ts[722]:=
5_5_6 1_5_6 1_3_4 4_11_12 3_5_6 2_1_2 5_11_12 2_9_10 1_7_8 5_17_18 4_9_10 ;
set Ts[723]:=
5_11_12 5_13_14 3_13_14 ;
set Ts[724]:=
4_5_6 5_11_12 ;
set Ts[725]:=
1_9_10 2_11_12 1_19_20 5_19_20 5_1_2 2_9_10 3_13_14 3_3_4 1_15_16 ;
set Ts[726]:=
5_15_16 4_5_6 2_5_6 4_17_18 1_3_4 3_5_6 3_17_18 1_17_18 3_1_2 ;
set Ts[727]:=
2_7_8 2_3_4 5_5_6 5_11_12 4_19_20 4_5_6 1_13_14 ;
set Ts[728]:=
5_15_16 2_5_6 5_7_8 ;
set Ts[729]:=
5_3_4 2_7_8 4_17_18 2_11_12 5_13_14 5_5_6 1_11_12 2_17_18 ;
set Ts[730]:=
2_5_6 1_5_6 4_15_16 3_3_4 1_3_4 4_9_10 3_11_12 ;
set Ts[731]:=
5_9_10 3_9_10 2_3_4 4_17_18 ;
set Ts[732]:=
1_11_12 3_19_20 1_13_14 ;
set Ts[733]:=
2_1_2 1_5_6 1_7_8 5_3_4 3_15_16 1_19_20 ;
set Ts[734]:=
3_11_12 4_3_4 2_13_14 5_15_16 1_3_4 2_1_2 5_11_12 4_15_16 3_15_16 1_11_12 ;
set Ts[735]:=
1_5_6 1_1_2 ;
set Ts[736]:=
5_9_10 3_11_12 3_15_16 5_15_16 5_3_4 4_5_6 5_7_8 1_1_2 3_5_6 ;
set Ts[737]:=
4_17_18 5_19_20 3_15_16 ;
set Ts[738]:=
4_13_14 3_5_6 5_5_6 4_19_20 1_11_12 ;
set Ts[739]:=
2_11_12 1_7_8 5_11_12 5_15_16 3_13_14 2_9_10 4_13_14 5_19_20 ;
set Ts[740]:=
1_11_12 4_19_20 2_15_16 ;
set Ts[741]:=
4_9_10 2_11_12 3_9_10 4_5_6 5_13_14 1_3_4 3_17_18 1_17_18 1_15_16 ;
set Ts[742]:=
3_5_6 1_13_14 2_11_12 3_15_16 4_17_18 4_3_4 5_3_4 1_11_12 ;
set Ts[743]:=
3_1_2 5_15_16 3_5_6 4_19_20 3_17_18 2_7_8 2_19_20 ;
set Ts[744]:=
4_17_18 1_5_6 2_1_2 3_7_8 3_15_16 4_1_2 3_5_6 1_19_20 2_19_20 1_15_16 ;
set Ts[745]:=
2_1_2 5_7_8 3_1_2 3_7_8 1_9_10 2_7_8 1_3_4 4_5_6 ;
set Ts[746]:=
2_13_14 4_17_18 5_17_18 ;
set Ts[747]:=
5_15_16 1_7_8 1_3_4 4_17_18 ;
set Ts[748]:=
1_9_10 4_13_14 1_17_18 4_1_2 3_15_16 2_9_10 5_11_12 3_1_2 ;
set Ts[749]:=
5_17_18 4_13_14 3_17_18 3_7_8 3_9_10 4_19_20 2_11_12 1_15_16 5_15_16 ;
set Ts[750]:=
4_5_6 2_17_18 3_3_4 5_17_18 ;
set Ts[751]:=
2_13_14 2_3_4 4_5_6 1_15_16 4_13_14 5_9_10 1_5_6 5_17_18 1_13_14 ;
set Ts[752]:=
1_3_4 4_13_14 1_1_2 5_19_20 2_5_6 3_7_8 2_17_18 ;
set Ts[753]:=
1_9_10 4_19_20 3_17_18 1_11_12 4_9_10 1_15_16 ;
set Ts[754]:=
4_7_8 5_3_4 1_11_12 ;
set Ts[755]:=
5_7_8 3_13_14 ;
set Ts[756]:=
5_5_6 1_19_20 5_15_16 ;
set Ts[757]:=
1_15_16 4_9_10 5_13_14 4_17_18 1_7_8 5_17_18 2_15_16 5_1_2 ;
set Ts[758]:=
4_5_6 1_9_10 ;
set Ts[759]:=
1_9_10 1_5_6 3_19_20 3_1_2 2_11_12 5_17_18 ;
set Ts[760]:=
4_13_14 3_3_4 5_13_14 4_3_4 2_1_2 4_1_2 1_11_12 1_1_2 2_3_4 ;
set Ts[761]:=
3_3_4 4_5_6 1_3_4 3_15_16 ;
set Ts[762]:=
1_9_10 5_19_20 ;
set Ts[763]:=
5_9_10 2_11_12 4_5_6 5_3_4 4_19_20 1_19_20 4_13_14 5_7_8 4_15_16 1_7_8 4_9_10 ;
set Ts[764]:=
3_13_14 4_5_6 2_15_16 5_19_20 2_5_6 1_1_2 5_5_6 5_13_14 ;
set Ts[765]:=
2_5_6 2_19_20 2_1_2 4_11_12 4_9_10 3_5_6 5_19_20 1_9_10 ;
set Ts[766]:=
3_9_10 3_1_2 2_1_2 1_13_14 2_15_16 2_19_20 1_7_8 3_15_16 4_3_4 1_1_2 4_13_14 1_11_12 4_17_18 ;
set Ts[767]:=
1_3_4 4_19_20 1_13_14 2_5_6 5_17_18 1_1_2 ;
set Ts[768]:=
5_15_16 2_1_2 3_13_14 ;
set Ts[769]:=
3_9_10 4_3_4 5_11_12 2_15_16 4_1_2 3_15_16 3_1_2 5_19_20 1_15_16 ;
set Ts[770]:=
3_7_8 4_5_6 1_7_8 3_1_2 4_17_18 1_1_2 4_1_2 ;
set Ts[771]:=
3_13_14 2_11_12 3_17_18 4_11_12 5_15_16 ;
set Ts[772]:=
2_15_16 3_3_4 5_3_4 2_7_8 3_17_18 4_3_4 3_11_12 4_19_20 5_1_2 2_17_18 1_11_12 ;
set Ts[773]:=
1_19_20 2_1_2 1_7_8 4_19_20 5_1_2 4_17_18 1_11_12 2_11_12 3_17_18 2_17_18 ;
set Ts[774]:=
2_15_16 3_15_16 ;
set Ts[775]:=
2_7_8 4_9_10 1_5_6 5_15_16 5_9_10 1_13_14 4_7_8 1_15_16 5_7_8 2_19_20 ;
set Ts[776]:=
3_15_16 1_3_4 2_19_20 2_3_4 3_9_10 5_9_10 3_7_8 5_17_18 5_7_8 ;
set Ts[777]:=
4_9_10 1_17_18 ;
set Ts[778]:=
5_11_12 3_13_14 3_11_12 4_13_14 1_15_16 ;
set Ts[779]:=
3_15_16 1_3_4 3_1_2 5_5_6 2_3_4 3_7_8 ;
set Ts[780]:=
4_17_18 2_7_8 4_3_4 5_13_14 4_13_14 4_11_12 5_9_10 5_15_16 3_3_4 1_9_10 4_5_6 3_17_18 ;
set Ts[781]:=
5_13_14 4_3_4 4_19_20 4_5_6 5_11_12 1_5_6 1_11_12 3_5_6 ;
set Ts[782]:=
5_11_12 3_19_20 1_19_20 1_5_6 5_7_8 2_13_14 2_1_2 1_17_18 2_3_4 ;
set Ts[783]:=
3_19_20 4_3_4 1_17_18 5_9_10 ;
set Ts[784]:=
4_7_8 1_7_8 ;
set Ts[785]:=
4_19_20 1_5_6 3_1_2 ;
set Ts[786]:=
4_1_2 1_5_6 1_13_14 1_9_10 4_19_20 1_7_8 5_13_14 4_11_12 1_17_18 3_5_6 1_19_20 ;
set Ts[787]:=
2_1_2 1_15_16 1_7_8 4_17_18 2_15_16 3_11_12 ;
set Ts[788]:=
3_15_16 5_19_20 4_3_4 4_9_10 ;
set Ts[789]:=
5_19_20 3_13_14 5_7_8 1_11_12 1_3_4 1_7_8 4_7_8 ;
set Ts[790]:=
3_11_12 1_17_18 ;
set Ts[791]:=
4_17_18 2_7_8 3_13_14 5_1_2 2_19_20 4_3_4 2_1_2 2_3_4 5_17_18 3_3_4 2_15_16 2_5_6 ;
set Ts[792]:=
3_17_18 2_7_8 ;
set Ts[793]:=
4_3_4 3_17_18 2_13_14 2_1_2 1_3_4 5_5_6 2_7_8 ;
set Ts[794]:=
4_11_12 4_3_4 5_13_14 ;
set Ts[795]:=
5_3_4 4_9_10 3_11_12 1_17_18 4_17_18 1_1_2 3_13_14 3_17_18 1_11_12 ;
set Ts[796]:=
4_1_2 5_19_20 2_7_8 ;
set Ts[797]:=
2_1_2 4_15_16 1_1_2 4_3_4 5_7_8 ;
set Ts[798]:=
5_5_6 1_3_4 2_19_20 3_19_20 2_17_18 5_7_8 2_3_4 ;
set Ts[799]:=
1_19_20 2_3_4 1_15_16 ;
set Ts[800]:=
5_7_8 1_7_8 5_3_4 ;
set Ts[801]:=
5_5_6 4_5_6 1_5_6 3_5_6 4_11_12 ;
set Ts[802]:=
3_15_16 1_9_10 3_9_10 2_5_6 4_5_6 4_3_4 ;
set Ts[803]:=
5_1_2 2_5_6 1_17_18 2_9_10 3_7_8 2_7_8 4_11_12 1_9_10 3_19_20 3_9_10 3_13_14 ;
set Ts[804]:=
5_19_20 4_11_12 5_5_6 5_3_4 5_15_16 2_3_4 4_13_14 4_17_18 3_13_14 5_13_14 ;
set Ts[805]:=
5_1_2 4_17_18 1_19_20 2_1_2 3_15_16 3_9_10 4_5_6 2_9_10 1_15_16 3_11_12 4_3_4 ;
set Ts[806]:=
1_13_14 4_7_8 1_19_20 3_3_4 5_13_14 5_19_20 ;
set Ts[807]:=
5_17_18 4_3_4 ;
set Ts[808]:=
3_11_12 2_1_2 5_11_12 2_5_6 2_13_14 ;
set Ts[809]:=
3_9_10 5_1_2 ;
set Ts[810]:=
4_17_18 3_13_14 4_3_4 2_7_8 3_7_8 ;
set Ts[811]:=
1_15_16 1_1_2 5_11_12 2_1_2 3_11_12 5_1_2 5_17_18 3_9_10 2_9_10 ;
set Ts[812]:=
2_15_16 4_3_4 3_13_14 2_13_14 5_17_18 4_13_14 5_9_10 5_5_6 5_19_20 ;
set Ts[813]:=
2_3_4 3_3_4 5_9_10 ;
set Ts[814]:=
4_3_4 4_11_12 2_3_4 5_5_6 3_13_14 2_9_10 2_13_14 5_3_4 1_5_6 ;
set Ts[815]:=
3_7_8 4_1_2 5_13_14 3_9_10 4_3_4 1_17_18 5_1_2 1_5_6 ;
set Ts[816]:=
2_9_10 4_5_6 3_11_12 5_15_16 ;
set Ts[817]:=
3_19_20 5_7_8 5_15_16 2_9_10 1_13_14 4_9_10 ;
set Ts[818]:=
2_11_12 5_7_8 ;
set Ts[819]:=
1_3_4 2_17_18 4_7_8 3_17_18 3_13_14 5_7_8 5_13_14 ;
set Ts[820]:=
4_13_14 2_9_10 4_11_12 1_17_18 2_13_14 1_9_10 5_15_16 ;
set Ts[821]:=
3_1_2 1_13_14 3_19_20 2_13_14 4_3_4 ;
set Ts[822]:=
1_7_8 4_5_6 ;
set Ts[823]:=
1_15_16 2_17_18 ;
set Ts[824]:=
2_19_20 2_3_4 3_5_6 2_15_16 3_13_14 ;
set Ts[825]:=
5_1_2 2_17_18 2_13_14 4_1_2 1_9_10 2_7_8 1_1_2 4_5_6 4_3_4 1_3_4 5_19_20 ;
set Ts[826]:=
3_17_18 2_17_18 5_3_4 1_9_10 5_11_12 2_11_12 4_3_4 5_17_18 3_9_10 4_11_12 1_19_20 1_13_14 4_5_6 ;
set Ts[827]:=
3_19_20 3_5_6 3_17_18 2_5_6 1_19_20 ;
set Ts[828]:=
5_5_6 5_9_10 5_3_4 4_1_2 1_19_20 3_7_8 5_11_12 1_11_12 4_7_8 1_3_4 3_3_4 3_5_6 2_11_12 ;
set Ts[829]:=
5_9_10 4_3_4 3_5_6 3_9_10 3_11_12 2_7_8 5_17_18 ;
set Ts[830]:=
1_19_20 2_11_12 1_11_12 3_19_20 ;
set Ts[831]:=
5_5_6 3_11_12 5_1_2 1_19_20 3_9_10 5_3_4 2_7_8 ;
set Ts[832]:=
3_1_2 3_7_8 1_3_4 2_9_10 4_15_16 1_5_6 5_9_10 ;
set Ts[833]:=
2_1_2 1_3_4 ;
set Ts[834]:=
3_17_18 2_3_4 4_3_4 5_19_20 1_1_2 4_1_2 ;
set Ts[835]:=
2_9_10 1_19_20 3_13_14 5_13_14 1_5_6 5_19_20 1_17_18 ;
set Ts[836]:=
3_1_2 1_5_6 3_11_12 4_17_18 5_9_10 2_7_8 1_9_10 ;
set Ts[837]:=
3_3_4 2_13_14 1_15_16 ;
set Ts[838]:=
1_3_4 1_17_18 4_1_2 2_7_8 ;
set Ts[839]:=
4_7_8 1_15_16 1_1_2 ;
set Ts[840]:=
4_11_12 2_13_14 4_3_4 2_11_12 ;
set Ts[841]:=
3_9_10 5_17_18 5_15_16 5_3_4 4_1_2 2_15_16 5_9_10 ;
set Ts[842]:=
5_5_6 1_11_12 3_17_18 5_13_14 4_3_4 4_7_8 ;
set Ts[843]:=
1_19_20 3_1_2 1_1_2 1_3_4 5_7_8 ;
set Ts[844]:=
3_5_6 5_3_4 2_15_16 1_13_14 5_7_8 4_15_16 3_3_4 2_3_4 5_15_16 ;
set Ts[845]:=
4_3_4 5_11_12 5_7_8 5_13_14 4_13_14 4_5_6 4_15_16 ;
set Ts[846]:=
3_11_12 3_13_14 3_5_6 4_13_14 2_13_14 5_5_6 5_7_8 5_19_20 ;
set Ts[847]:=
3_17_18 4_13_14 1_3_4 3_3_4 3_7_8 4_5_6 ;
set Ts[848]:=
2_5_6 2_19_20 4_11_12 1_13_14 1_3_4 3_1_2 3_17_18 5_11_12 ;
set Ts[849]:=
3_5_6 2_1_2 5_15_16 5_17_18 3_15_16 5_11_12 1_9_10 1_11_12 5_1_2 4_3_4 3_11_12 ;
set Ts[850]:=
1_15_16 4_19_20 5_15_16 5_5_6 2_9_10 5_7_8 1_9_10 ;
set Ts[851]:=
4_7_8 3_5_6 3_3_4 1_19_20 ;
set Ts[852]:=
2_5_6 3_5_6 3_1_2 4_15_16 2_19_20 4_11_12 5_11_12 4_19_20 2_11_12 1_7_8 ;
set Ts[853]:=
5_5_6 1_11_12 ;
set Ts[854]:=
3_7_8 2_13_14 4_9_10 3_1_2 5_5_6 4_13_14 1_7_8 4_5_6 ;
set Ts[855]:=
3_1_2 3_3_4 5_11_12 4_11_12 4_9_10 3_13_14 2_17_18 4_5_6 ;
set Ts[856]:=
2_9_10 5_1_2 4_15_16 3_11_12 1_3_4 2_7_8 5_9_10 4_17_18 4_9_10 1_9_10 4_13_14 ;
set Ts[857]:=
4_9_10 3_3_4 4_1_2 4_19_20 5_9_10 2_11_12 4_15_16 5_19_20 1_11_12 5_1_2 5_15_16 1_13_14 ;
set Ts[858]:=
2_19_20 1_19_20 4_15_16 ;
set Ts[859]:=
4_13_14 1_3_4 4_19_20 ;
set Ts[860]:=
1_11_12 5_7_8 4_9_10 ;
set Ts[861]:=
4_1_2 5_5_6 2_17_18 4_5_6 1_15_16 1_19_20 ;
set Ts[862]:=
1_9_10 3_7_8 ;
set Ts[863]:=
5_11_12 5_5_6 1_1_2 4_1_2 4_11_12 2_19_20 2_3_4 3_17_18 ;
set Ts[864]:=
1_5_6 4_15_16 3_11_12 1_3_4 2_11_12 2_3_4 5_1_2 2_7_8 1_19_20 ;
set Ts[865]:=
2_9_10 1_13_14 4_19_20 1_11_12 1_3_4 5_19_20 4_17_18 ;
set Ts[866]:=
5_15_16 1_17_18 2_11_12 1_5_6 4_3_4 ;
set Ts[867]:=
3_1_2 2_7_8 1_11_12 4_17_18 2_1_2 ;
set Ts[868]:=
4_9_10 1_1_2 3_13_14 1_7_8 2_9_10 3_11_12 1_13_14 3_15_16 5_9_10 ;
set Ts[869]:=
1_9_10 3_19_20 5_3_4 2_9_10 ;
set Ts[870]:=
1_1_2 2_13_14 4_3_4 4_19_20 ;
set Ts[871]:=
4_7_8 1_11_12 2_17_18 3_9_10 4_11_12 3_3_4 ;
set Ts[872]:=
1_5_6 5_15_16 3_17_18 ;
set Ts[873]:=
1_3_4 5_1_2 1_1_2 4_7_8 2_9_10 ;
set Ts[874]:=
5_15_16 1_15_16 4_13_14 1_9_10 4_3_4 5_3_4 2_17_18 1_3_4 ;
set Ts[875]:=
1_17_18 2_1_2 5_17_18 3_15_16 2_13_14 1_1_2 5_19_20 1_5_6 4_17_18 3_7_8 2_11_12 4_1_2 ;
set Ts[876]:=
5_7_8 1_5_6 2_13_14 4_5_6 5_5_6 5_15_16 1_3_4 ;
set Ts[877]:=
5_19_20 2_19_20 2_5_6 5_3_4 5_7_8 4_3_4 3_17_18 4_9_10 2_17_18 ;
set Ts[878]:=
3_1_2 1_7_8 4_11_12 5_9_10 1_11_12 5_15_16 ;
set Ts[879]:=
2_1_2 5_1_2 2_3_4 5_13_14 4_17_18 1_7_8 1_11_12 4_7_8 3_11_12 2_17_18 3_3_4 ;
set Ts[880]:=
1_1_2 4_5_6 4_9_10 4_7_8 ;
set Ts[881]:=
3_3_4 4_1_2 3_5_6 4_7_8 3_11_12 5_9_10 1_7_8 4_17_18 5_17_18 ;
set Ts[882]:=
4_7_8 5_1_2 ;
set Ts[883]:=
2_5_6 2_3_4 3_15_16 ;
set Ts[884]:=
4_15_16 1_1_2 5_1_2 4_5_6 ;
set Ts[885]:=
1_13_14 1_7_8 1_15_16 2_19_20 2_3_4 2_7_8 4_5_6 5_3_4 4_3_4 ;
set Ts[886]:=
5_11_12 2_17_18 1_17_18 2_1_2 4_9_10 1_19_20 3_17_18 1_13_14 1_11_12 ;
set Ts[887]:=
5_17_18 5_1_2 4_11_12 2_15_16 ;
set Ts[888]:=
4_9_10 2_13_14 1_1_2 5_5_6 2_1_2 ;
set Ts[889]:=
3_5_6 4_1_2 ;
set Ts[890]:=
4_17_18 1_9_10 ;
set Ts[891]:=
4_3_4 4_17_18 2_17_18 1_3_4 1_9_10 3_17_18 5_5_6 4_11_12 2_19_20 ;
set Ts[892]:=
5_1_2 4_11_12 2_13_14 4_9_10 3_15_16 4_1_2 4_3_4 5_11_12 3_1_2 5_7_8 1_7_8 5_3_4 3_3_4 ;
set Ts[893]:=
4_13_14 3_17_18 2_1_2 4_17_18 5_13_14 4_9_10 3_9_10 4_5_6 5_9_10 ;
set Ts[894]:=
2_3_4 4_3_4 5_19_20 4_1_2 1_3_4 5_5_6 ;
set Ts[895]:=
2_17_18 4_19_20 4_1_2 2_5_6 3_9_10 ;
set Ts[896]:=
4_5_6 2_3_4 5_11_12 1_17_18 4_13_14 5_19_20 3_11_12 5_15_16 5_13_14 ;
set Ts[897]:=
1_17_18 1_3_4 5_19_20 4_7_8 3_19_20 3_9_10 ;
set Ts[898]:=
2_13_14 3_19_20 1_1_2 2_17_18 ;
set Ts[899]:=
2_11_12 2_17_18 ;
set Ts[900]:=
5_1_2 5_19_20 ;
set Ts[901]:=
2_7_8 3_13_14 2_17_18 ;
set Ts[902]:=
3_5_6 1_1_2 5_3_4 ;
set Ts[903]:=
2_15_16 5_17_18 5_11_12 2_1_2 1_15_16 1_11_12 2_5_6 2_7_8 5_1_2 1_19_20 4_1_2 1_9_10 ;
set Ts[904]:=
2_19_20 2_15_16 2_7_8 5_19_20 4_9_10 5_5_6 ;
set Ts[905]:=
1_3_4 1_17_18 3_15_16 3_5_6 2_9_10 4_1_2 4_9_10 5_15_16 2_19_20 2_17_18 5_13_14 5_1_2 ;
set Ts[906]:=
3_15_16 4_13_14 2_15_16 ;
set Ts[907]:=
5_17_18 2_19_20 2_3_4 3_19_20 4_17_18 2_15_16 4_3_4 3_5_6 ;
set Ts[908]:=
4_1_2 3_1_2 3_9_10 1_13_14 ;
set Ts[909]:=
1_13_14 1_11_12 3_19_20 1_3_4 2_9_10 2_3_4 2_19_20 4_7_8 3_17_18 3_11_12 ;
set Ts[910]:=
4_5_6 3_15_16 ;
set Ts[911]:=
2_7_8 2_13_14 1_15_16 3_1_2 3_7_8 5_3_4 5_1_2 3_17_18 ;
set Ts[912]:=
1_7_8 5_11_12 4_13_14 ;
set Ts[913]:=
3_17_18 1_11_12 4_7_8 3_3_4 1_3_4 5_11_12 3_19_20 1_19_20 ;
set Ts[914]:=
1_13_14 5_11_12 4_9_10 3_13_14 ;
set Ts[915]:=
1_13_14 1_11_12 5_15_16 3_13_14 1_1_2 1_5_6 2_9_10 ;
set Ts[916]:=
2_1_2 1_7_8 ;
set Ts[917]:=
2_13_14 3_9_10 5_3_4 2_3_4 ;
set Ts[918]:=
2_13_14 1_17_18 3_17_18 4_15_16 4_11_12 3_1_2 3_5_6 ;
set Ts[919]:=
1_9_10 1_15_16 ;
set Ts[920]:=
1_17_18 5_5_6 ;
set Ts[921]:=
3_7_8 4_5_6 ;
set Ts[922]:=
5_9_10 2_3_4 3_3_4 3_19_20 ;
set Ts[923]:=
1_3_4 5_19_20 3_11_12 5_11_12 ;
set Ts[924]:=
2_3_4 4_9_10 2_1_2 3_13_14 4_17_18 4_3_4 5_15_16 ;
set Ts[925]:=
3_1_2 3_19_20 1_11_12 4_7_8 3_3_4 3_5_6 2_1_2 3_17_18 ;
set Ts[926]:=
4_9_10 4_19_20 3_13_14 1_3_4 2_5_6 5_17_18 4_11_12 4_3_4 ;
set Ts[927]:=
4_19_20 3_15_16 2_1_2 5_3_4 2_11_12 1_9_10 5_13_14 3_13_14 ;
set Ts[928]:=
4_13_14 4_9_10 ;
set Ts[929]:=
1_7_8 3_5_6 ;
set Ts[930]:=
1_11_12 2_19_20 3_15_16 5_17_18 ;
set Ts[931]:=
2_19_20 5_5_6 ;
set Ts[932]:=
4_5_6 4_3_4 4_9_10 ;
set Ts[933]:=
4_11_12 5_17_18 2_17_18 4_19_20 5_15_16 2_3_4 1_3_4 ;
set Ts[934]:=
4_9_10 2_7_8 1_9_10 5_9_10 4_17_18 ;
set Ts[935]:=
4_17_18 4_15_16 4_7_8 ;
set Ts[936]:=
4_15_16 2_7_8 4_19_20 4_13_14 3_11_12 3_7_8 3_19_20 2_15_16 ;
set Ts[937]:=
1_19_20 4_9_10 5_5_6 ;
set Ts[938]:=
3_1_2 5_11_12 4_15_16 1_3_4 4_19_20 3_19_20 1_5_6 3_3_4 1_15_16 5_9_10 4_17_18 2_13_14 3_7_8 ;
set Ts[939]:=
5_15_16 4_11_12 ;
set Ts[940]:=
4_15_16 2_19_20 3_19_20 1_7_8 4_3_4 5_5_6 3_15_16 3_11_12 5_13_14 ;
set Ts[941]:=
4_3_4 4_1_2 2_15_16 4_9_10 1_9_10 2_1_2 ;
set Ts[942]:=
3_17_18 4_5_6 4_15_16 5_17_18 ;
set Ts[943]:=
5_9_10 2_13_14 1_19_20 2_5_6 3_9_10 1_5_6 4_17_18 1_15_16 ;
set Ts[944]:=
3_19_20 4_1_2 2_1_2 2_11_12 3_13_14 1_1_2 1_5_6 2_5_6 3_17_18 ;
set Ts[945]:=
1_13_14 5_13_14 2_3_4 2_17_18 1_5_6 ;
set Ts[946]:=
1_11_12 3_13_14 3_1_2 5_7_8 ;
set Ts[947]:=
2_9_10 1_17_18 5_3_4 3_3_4 5_9_10 2_5_6 ;
set Ts[948]:=
2_17_18 1_9_10 2_15_16 3_17_18 4_19_20 ;
set Ts[949]:=
5_3_4 4_11_12 5_9_10 ;
set Ts[950]:=
5_1_2 3_11_12 3_15_16 4_17_18 5_11_12 5_17_18 ;
set Ts[951]:=
3_5_6 3_3_4 ;
set Ts[952]:=
3_19_20 4_11_12 2_19_20 4_7_8 5_15_16 2_9_10 ;
set Ts[953]:=
1_7_8 4_3_4 ;
set Ts[954]:=
1_17_18 2_3_4 1_9_10 3_7_8 3_13_14 ;
set Ts[955]:=
5_5_6 2_17_18 1_3_4 1_1_2 1_17_18 5_3_4 3_17_18 1_15_16 5_11_12 ;
set Ts[956]:=
1_13_14 3_11_12 4_11_12 5_7_8 1_1_2 5_11_12 2_1_2 5_17_18 2_9_10 3_9_10 5_3_4 4_13_14 4_15_16 ;
set Ts[957]:=
5_11_12 3_1_2 5_17_18 3_13_14 4_5_6 5_9_10 3_11_12 5_5_6 ;
set Ts[958]:=
3_9_10 5_17_18 ;
set Ts[959]:=
3_11_12 1_7_8 ;
set Ts[960]:=
3_13_14 4_19_20 2_13_14 4_7_8 5_11_12 ;
set Ts[961]:=
1_19_20 5_15_16 5_19_20 1_7_8 ;
set Ts[962]:=
4_9_10 2_13_14 3_9_10 2_17_18 3_15_16 2_9_10 5_9_10 3_7_8 5_15_16 5_17_18 1_1_2 1_5_6 ;
set Ts[963]:=
1_9_10 2_17_18 3_15_16 ;
set Ts[964]:=
3_9_10 4_9_10 ;
set Ts[965]:=
4_1_2 1_9_10 4_19_20 1_19_20 1_13_14 ;
set Ts[966]:=
1_1_2 1_13_14 ;
set Ts[967]:=
3_7_8 3_9_10 3_1_2 5_3_4 2_1_2 4_3_4 4_15_16 5_17_18 4_9_10 4_1_2 4_19_20 ;
set Ts[968]:=
4_3_4 5_13_14 2_13_14 4_9_10 ;
set Ts[969]:=
3_13_14 5_19_20 1_11_12 2_3_4 4_5_6 1_1_2 ;
set Ts[970]:=
5_17_18 2_19_20 5_15_16 1_9_10 4_7_8 ;
set Ts[971]:=
1_1_2 1_13_14 2_9_10 3_3_4 1_3_4 2_19_20 4_19_20 2_15_16 5_13_14 4_5_6 ;
set Ts[972]:=
5_3_4 1_17_18 1_15_16 2_15_16 4_5_6 3_3_4 1_7_8 3_11_12 4_3_4 ;
set Ts[973]:=
5_11_12 2_11_12 3_17_18 1_11_12 5_9_10 3_5_6 2_13_14 5_3_4 ;
set Ts[974]:=
3_13_14 4_11_12 1_11_12 5_7_8 2_1_2 3_9_10 1_5_6 2_11_12 ;
set Ts[975]:=
4_3_4 3_13_14 1_9_10 ;
set Ts[976]:=
4_13_14 1_13_14 ;
set Ts[977]:=
1_3_4 1_11_12 1_19_20 1_9_10 1_5_6 3_19_20 ;
set Ts[978]:=
1_19_20 3_3_4 5_7_8 3_5_6 1_17_18 ;
set Ts[979]:=
5_9_10 2_1_2 4_9_10 5_17_18 5_19_20 1_1_2 2_15_16 ;
set Ts[980]:=
3_1_2 3_3_4 5_19_20 5_7_8 4_11_12 ;
set Ts[981]:=
2_3_4 2_9_10 1_9_10 1_5_6 1_11_12 2_1_2 4_5_6 5_13_14 ;
set Ts[982]:=
5_5_6 3_17_18 2_5_6 1_13_14 2_3_4 2_9_10 4_9_10 3_3_4 5_11_12 3_19_20 4_13_14 ;
set Ts[983]:=
3_15_16 5_11_12 3_7_8 4_17_18 3_13_14 3_9_10 1_9_10 3_11_12 ;
set Ts[984]:=
3_15_16 5_15_16 3_17_18 2_13_14 3_3_4 2_19_20 1_5_6 5_7_8 1_15_16 ;
set Ts[985]:=
3_9_10 4_15_16 4_3_4 1_5_6 2_7_8 1_13_14 3_13_14 2_15_16 ;
set Ts[986]:=
4_9_10 3_15_16 4_11_12 3_7_8 3_9_10 4_13_14 4_3_4 3_11_12 1_19_20 4_19_20 1_5_6 1_11_12 ;
set Ts[987]:=
3_9_10 4_3_4 2_19_20 ;
set Ts[988]:=
5_15_16 2_3_4 1_15_16 4_7_8 4_9_10 3_1_2 1_9_10 1_5_6 4_19_20 5_5_6 ;
set Ts[989]:=
2_7_8 5_13_14 3_1_2 ;
set Ts[990]:=
3_7_8 5_19_20 4_5_6 3_17_18 3_9_10 4_7_8 2_1_2 ;
set Ts[991]:=
4_7_8 2_15_16 4_1_2 ;
set Ts[992]:=
5_11_12 1_9_10 3_7_8 3_19_20 5_17_18 1_15_16 2_7_8 3_11_12 3_5_6 ;
set Ts[993]:=
1_9_10 4_5_6 5_15_16 2_9_10 1_1_2 2_3_4 5_3_4 ;
set Ts[994]:=
3_11_12 3_17_18 ;
set Ts[995]:=
1_13_14 2_7_8 3_11_12 4_19_20 4_5_6 1_15_16 ;
set Ts[996]:=
2_19_20 5_13_14 2_11_12 2_15_16 2_17_18 1_1_2 3_11_12 ;
set Ts[997]:=
2_11_12 1_1_2 2_3_4 ;
set Ts[998]:=
3_3_4 1_19_20 2_13_14 3_1_2 4_3_4 ;
set Ts[999]:=
1_3_4 3_17_18 4_9_10 5_13_14 5_7_8 1_15_16 2_3_4 2_5_6 4_17_18 4_1_2 5_5_6 ;
set Ts[1000]:=
4_11_12 2_11_12 3_19_20 4_17_18 2_15_16 4_9_10 1_19_20 1_9_10 ;
set Ts[1001]:=
2_1_2 1_3_4 2_19_20 4_7_8 2_11_12 1_13_14 1_15_16 3_11_12 4_15_16 3_3_4 2_13_14 ;
set Ts[1002]:=
5_9_10 1_19_20 3_9_10 3_3_4 4_11_12 ;
set Ts[1003]:=
5_11_12 2_19_20 2_15_16 3_3_4 3_7_8 3_15_16 3_17_18 4_7_8 1_1_2 ;
set Ts[1004]:=
2_5_6 1_5_6 1_15_16 2_3_4 3_19_20 3_15_16 ;
set Ts[1005]:=
3_13_14 1_19_20 2_15_16 1_1_2 2_11_12 3_5_6 ;
set Ts[1006]:=
2_1_2 3_9_10 4_5_6 4_11_12 1_3_4 1_11_12 2_5_6 3_5_6 ;
set Ts[1007]:=
3_3_4 1_11_12 1_1_2 2_7_8 5_3_4 1_15_16 1_9_10 5_1_2 5_19_20 4_19_20 ;
set Ts[1008]:=
2_15_16 1_1_2 4_9_10 ;
set Ts[1009]:=
4_5_6 3_15_16 2_11_12 4_1_2 1_3_4 2_1_2 5_9_10 5_15_16 3_17_18 5_3_4 1_19_20 4_13_14 3_19_20 ;
set Ts[1010]:=
1_15_16 3_13_14 5_15_16 2_1_2 2_13_14 2_5_6 3_9_10 4_17_18 3_11_12 2_11_12 ;
set Ts[1011]:=
5_9_10 2_5_6 1_19_20 2_3_4 ;
set Ts[1012]:=
3_11_12 1_7_8 2_5_6 5_15_16 4_17_18 5_13_14 2_3_4 1_9_10 1_1_2 2_11_12 5_1_2 ;
set Ts[1013]:=
3_7_8 5_17_18 2_5_6 4_17_18 2_1_2 2_3_4 2_17_18 3_3_4 ;
set Ts[1014]:=
5_9_10 3_11_12 3_13_14 2_3_4 3_15_16 5_1_2 1_9_10 1_7_8 ;
set Ts[1015]:=
2_3_4 4_7_8 3_19_20 5_17_18 4_15_16 5_7_8 4_3_4 5_1_2 ;
set Ts[1016]:=
5_1_2 4_19_20 4_17_18 5_11_12 5_13_14 5_7_8 3_15_16 ;
set Ts[1017]:=
2_9_10 4_5_6 3_5_6 3_1_2 2_17_18 3_15_16 1_7_8 5_17_18 ;
set Ts[1018]:=
2_19_20 3_3_4 1_13_14 3_7_8 1_1_2 1_19_20 5_15_16 2_15_16 4_5_6 4_9_10 3_5_6 4_19_20 5_19_20 ;
set Ts[1019]:=
1_7_8 1_11_12 4_15_16 2_9_10 ;
set Ts[1020]:=
1_3_4 4_13_14 2_15_16 5_3_4 3_3_4 2_19_20 4_9_10 4_19_20 5_9_10 5_5_6 1_5_6 ;
set Ts[1021]:=
4_5_6 5_3_4 3_7_8 3_3_4 2_17_18 4_17_18 4_15_16 4_11_12 4_9_10 5_13_14 ;
set Ts[1022]:=
4_7_8 3_11_12 4_9_10 2_1_2 5_1_2 3_19_20 1_17_18 3_3_4 2_15_16 ;
set Ts[1023]:=
3_3_4 1_15_16 2_19_20 3_13_14 2_5_6 2_3_4 1_1_2 ;
set Ts[1024]:=
1_9_10 4_15_16 2_17_18 3_13_14 3_11_12 2_13_14 5_9_10 3_9_10 2_1_2 3_7_8 1_19_20 1_3_4 ;
set Ts[1025]:=
4_1_2 1_11_12 5_15_16 2_11_12 3_3_4 3_7_8 ;
set Ts[1026]:=
2_13_14 5_15_16 5_13_14 4_13_14 4_5_6 3_9_10 1_13_14 ;
set Ts[1027]:=
3_19_20 4_3_4 5_5_6 4_19_20 3_15_16 5_9_10 5_3_4 3_17_18 ;
set Ts[1028]:=
2_1_2 5_17_18 ;
set Ts[1029]:=
5_9_10 4_11_12 4_17_18 3_15_16 5_11_12 2_19_20 3_19_20 1_11_12 2_1_2 4_3_4 ;
set Ts[1030]:=
3_3_4 2_17_18 4_5_6 2_3_4 2_11_12 1_15_16 ;
set Ts[1031]:=
5_17_18 4_17_18 4_3_4 4_5_6 3_13_14 3_19_20 4_7_8 1_15_16 1_11_12 ;
set Ts[1032]:=
5_13_14 5_1_2 3_9_10 5_17_18 ;
set Ts[1033]:=
1_13_14 1_15_16 4_15_16 4_1_2 5_9_10 5_17_18 2_13_14 2_9_10 3_9_10 1_9_10 4_11_12 ;
set Ts[1034]:=
3_3_4 4_17_18 3_1_2 2_5_6 5_17_18 4_7_8 5_11_12 3_13_14 5_5_6 5_19_20 2_19_20 ;
set Ts[1035]:=
2_1_2 4_15_16 4_17_18 1_5_6 1_17_18 3_1_2 ;
set Ts[1036]:=
2_7_8 5_17_18 1_7_8 2_3_4 5_15_16 ;
set Ts[1037]:=
2_19_20 1_17_18 5_17_18 2_5_6 5_5_6 4_15_16 3_13_14 3_1_2 2_13_14 ;
set Ts[1038]:=
2_7_8 4_11_12 1_5_6 5_15_16 5_11_12 3_5_6 2_11_12 1_9_10 2_13_14 ;
set Ts[1039]:=
4_11_12 1_17_18 4_3_4 3_19_20 4_13_14 2_5_6 4_9_10 3_5_6 2_17_18 3_9_10 4_5_6 ;
set Ts[1040]:=
1_3_4 3_17_18 3_11_12 ;
set Ts[1041]:=
1_7_8 5_9_10 3_1_2 3_9_10 1_1_2 5_13_14 ;
set Ts[1042]:=
1_7_8 1_9_10 2_13_14 1_17_18 ;
set Ts[1043]:=
1_7_8 5_15_16 5_9_10 3_9_10 5_11_12 1_11_12 ;
set Ts[1044]:=
3_19_20 1_7_8 1_11_12 5_3_4 ;
set Ts[1045]:=
3_11_12 2_17_18 3_1_2 2_1_2 4_5_6 3_5_6 2_5_6 ;
set Ts[1046]:=
5_9_10 5_11_12 4_15_16 2_5_6 3_5_6 2_9_10 1_11_12 2_3_4 2_17_18 4_1_2 1_7_8 ;
set Ts[1047]:=
4_15_16 4_3_4 2_3_4 2_7_8 2_13_14 2_1_2 4_19_20 5_13_14 1_11_12 4_5_6 2_19_20 2_5_6 ;
set Ts[1048]:=
5_11_12 5_15_16 4_7_8 2_11_12 1_15_16 4_17_18 3_5_6 5_3_4 5_13_14 2_13_14 2_19_20 1_17_18 ;
set Ts[1049]:=
3_3_4 2_19_20 ;
set Ts[1050]:=
5_9_10 4_17_18 2_15_16 4_11_12 2_5_6 3_17_18 2_3_4 1_11_12 ;
set Ts[1051]:=
3_19_20 4_17_18 4_11_12 4_7_8 2_3_4 2_11_12 1_3_4 ;
set Ts[1052]:=
3_11_12 2_5_6 3_19_20 4_19_20 3_13_14 1_7_8 4_7_8 4_1_2 5_15_16 ;
set Ts[1053]:=
3_19_20 2_9_10 2_17_18 4_13_14 2_19_20 3_5_6 2_7_8 4_5_6 3_1_2 1_13_14 3_9_10 ;
set Ts[1054]:=
4_5_6 2_1_2 1_1_2 5_19_20 4_13_14 1_3_4 4_15_16 1_13_14 ;
set Ts[1055]:=
4_5_6 5_17_18 3_5_6 ;
set Ts[1056]:=
4_15_16 1_13_14 3_11_12 5_5_6 2_3_4 5_17_18 ;
set Ts[1057]:=
3_17_18 3_11_12 5_15_16 ;
set Ts[1058]:=
3_1_2 4_11_12 4_17_18 1_7_8 2_1_2 ;
set Ts[1059]:=
2_5_6 5_15_16 3_1_2 1_15_16 2_17_18 4_9_10 ;
set Ts[1060]:=
1_5_6 5_1_2 4_5_6 3_13_14 ;
set Ts[1061]:=
2_11_12 1_15_16 1_9_10 5_1_2 1_19_20 4_9_10 3_5_6 4_7_8 ;
set Ts[1062]:=
3_17_18 5_9_10 2_15_16 1_9_10 1_7_8 2_13_14 2_1_2 1_19_20 3_19_20 5_17_18 2_19_20 ;
set Ts[1063]:=
3_15_16 5_9_10 2_1_2 4_5_6 ;
set Ts[1064]:=
2_1_2 3_17_18 2_11_12 5_11_12 5_1_2 3_1_2 1_17_18 ;
set Ts[1065]:=
4_13_14 4_9_10 5_1_2 ;
set Ts[1066]:=
3_17_18 2_9_10 2_1_2 ;
set Ts[1067]:=
3_15_16 2_15_16 3_11_12 1_1_2 3_19_20 3_13_14 ;
set Ts[1068]:=
2_7_8 3_3_4 3_15_16 2_5_6 3_13_14 5_19_20 3_19_20 5_9_10 2_13_14 5_7_8 3_17_18 1_3_4 ;
set Ts[1069]:=
1_3_4 1_13_14 4_3_4 5_13_14 5_19_20 1_19_20 2_19_20 5_1_2 1_1_2 1_5_6 1_17_18 ;
set Ts[1070]:=
4_13_14 1_19_20 4_3_4 2_17_18 5_17_18 4_11_12 3_15_16 5_11_12 ;
set Ts[1071]:=
2_19_20 5_9_10 2_1_2 4_11_12 1_3_4 5_13_14 ;
set Ts[1072]:=
4_17_18 4_9_10 2_7_8 5_1_2 5_7_8 2_17_18 2_15_16 1_11_12 ;
set Ts[1073]:=
2_1_2 4_15_16 2_9_10 ;
set Ts[1074]:=
4_3_4 2_15_16 2_19_20 1_7_8 5_17_18 2_3_4 4_15_16 3_1_2 1_3_4 ;
set Ts[1075]:=
5_19_20 2_3_4 4_13_14 1_1_2 2_11_12 3_9_10 5_11_12 1_15_16 1_9_10 4_17_18 ;
set Ts[1076]:=
5_1_2 2_13_14 5_13_14 5_15_16 2_19_20 3_1_2 1_1_2 2_5_6 ;
set Ts[1077]:=
2_1_2 1_7_8 3_13_14 ;
set Ts[1078]:=
3_9_10 2_1_2 1_3_4 4_15_16 ;
set Ts[1079]:=
1_9_10 3_7_8 3_17_18 3_19_20 3_3_4 ;
set Ts[1080]:=
2_7_8 4_13_14 ;
set Ts[1081]:=
3_3_4 4_5_6 ;
set Ts[1082]:=
1_5_6 2_15_16 5_7_8 2_19_20 1_11_12 5_19_20 2_9_10 5_9_10 5_15_16 2_7_8 2_11_12 ;
set Ts[1083]:=
2_3_4 3_19_20 2_13_14 1_15_16 2_15_16 3_15_16 3_9_10 2_11_12 4_7_8 4_9_10 1_17_18 ;
set Ts[1084]:=
5_17_18 1_1_2 3_11_12 2_11_12 1_15_16 ;
set Ts[1085]:=
2_17_18 5_9_10 2_5_6 ;
set Ts[1086]:=
4_3_4 3_1_2 ;
set Ts[1087]:=
1_3_4 1_7_8 4_3_4 2_19_20 1_1_2 1_17_18 2_11_12 ;
set Ts[1088]:=
1_5_6 1_3_4 4_19_20 2_13_14 ;
set Ts[1089]:=
5_1_2 2_13_14 3_9_10 ;
set Ts[1090]:=
2_9_10 4_5_6 4_1_2 4_3_4 3_17_18 2_7_8 ;
set Ts[1091]:=
2_9_10 1_5_6 1_13_14 5_15_16 5_19_20 ;
set Ts[1092]:=
4_9_10 2_13_14 1_1_2 ;
set Ts[1093]:=
2_13_14 2_1_2 ;
set Ts[1094]:=
1_1_2 3_3_4 2_1_2 3_9_10 ;
set Ts[1095]:=
4_3_4 2_5_6 4_13_14 ;
set Ts[1096]:=
5_9_10 5_13_14 1_13_14 3_11_12 5_3_4 4_17_18 1_19_20 5_5_6 3_19_20 2_1_2 2_13_14 1_3_4 ;
set Ts[1097]:=
3_17_18 3_1_2 3_9_10 4_19_20 1_1_2 1_3_4 5_9_10 1_9_10 5_3_4 1_11_12 ;
set Ts[1098]:=
2_11_12 5_19_20 2_15_16 3_13_14 1_5_6 2_19_20 ;
set Ts[1099]:=
4_1_2 4_3_4 ;
set Ts[1100]:=
2_9_10 2_15_16 2_17_18 5_19_20 4_1_2 1_3_4 4_15_16 5_11_12 5_17_18 5_5_6 ;
set Ts[1101]:=
5_13_14 4_9_10 4_7_8 1_11_12 3_5_6 1_15_16 2_13_14 1_13_14 4_11_12 2_11_12 1_1_2 5_1_2 ;
set Ts[1102]:=
2_9_10 3_1_2 3_3_4 1_13_14 4_15_16 3_17_18 4_3_4 3_11_12 3_5_6 5_17_18 2_13_14 5_11_12 ;
set Ts[1103]:=
5_3_4 3_15_16 1_15_16 ;
set Ts[1104]:=
5_5_6 2_17_18 3_13_14 3_9_10 2_5_6 3_5_6 2_13_14 2_7_8 4_7_8 4_1_2 ;
set Ts[1105]:=
4_13_14 1_13_14 5_19_20 1_15_16 ;
set Ts[1106]:=
2_19_20 4_9_10 2_1_2 3_17_18 1_17_18 3_13_14 1_15_16 2_5_6 3_5_6 3_3_4 ;
set Ts[1107]:=
5_1_2 1_15_16 2_19_20 4_7_8 2_17_18 ;
set Ts[1108]:=
3_19_20 4_9_10 5_19_20 5_7_8 4_15_16 1_1_2 4_3_4 5_15_16 ;
set Ts[1109]:=
3_11_12 4_9_10 2_19_20 1_1_2 1_11_12 2_9_10 3_1_2 1_5_6 2_7_8 5_13_14 1_7_8 5_7_8 4_17_18 ;
set Ts[1110]:=
4_11_12 5_7_8 4_9_10 ;
set Ts[1111]:=
3_13_14 5_5_6 4_13_14 4_9_10 3_11_12 3_15_16 ;
set Ts[1112]:=
1_7_8 4_5_6 4_13_14 3_7_8 3_1_2 ;
set Ts[1113]:=
5_17_18 3_9_10 1_7_8 5_19_20 1_1_2 5_1_2 ;
set Ts[1114]:=
4_15_16 4_19_20 1_9_10 2_9_10 5_17_18 3_15_16 4_3_4 5_3_4 3_9_10 ;
set Ts[1115]:=
1_7_8 5_9_10 3_17_18 1_13_14 2_15_16 5_7_8 5_11_12 3_13_14 5_5_6 2_1_2 2_7_8 2_13_14 ;
set Ts[1116]:=
4_1_2 2_11_12 3_13_14 5_1_2 1_17_18 3_11_12 4_13_14 4_15_16 ;
set Ts[1117]:=
1_3_4 2_11_12 5_19_20 3_1_2 3_5_6 4_1_2 4_7_8 5_7_8 5_9_10 3_19_20 ;
set Ts[1118]:=
4_1_2 2_11_12 ;
set Ts[1119]:=
1_11_12 4_13_14 ;
set Ts[1120]:=
1_11_12 2_15_16 1_19_20 2_5_6 4_5_6 5_5_6 3_5_6 ;
set Ts[1121]:=
4_3_4 3_9_10 1_19_20 1_3_4 5_15_16 ;
set Ts[1122]:=
2_5_6 2_17_18 1_19_20 3_19_20 5_11_12 ;
set Ts[1123]:=
4_3_4 2_15_16 4_15_16 ;
set Ts[1124]:=
3_15_16 1_9_10 2_19_20 3_1_2 1_7_8 3_17_18 5_1_2 4_11_12 1_5_6 4_1_2 4_5_6 ;
set Ts[1125]:=
2_9_10 5_11_12 1_3_4 3_15_16 2_15_16 1_19_20 2_1_2 5_3_4 ;
set Ts[1126]:=
3_13_14 1_3_4 ;
set Ts[1127]:=
1_15_16 2_15_16 5_7_8 3_1_2 4_9_10 2_13_14 5_17_18 3_11_12 1_13_14 4_1_2 ;
set Ts[1128]:=
1_5_6 4_1_2 5_7_8 ;
set Ts[1129]:=
2_7_8 4_17_18 2_3_4 4_3_4 1_3_4 1_15_16 5_1_2 ;
set Ts[1130]:=
3_17_18 1_11_12 2_5_6 5_13_14 5_19_20 3_13_14 5_9_10 5_15_16 5_17_18 2_1_2 4_19_20 ;
set Ts[1131]:=
2_19_20 2_11_12 ;
set Ts[1132]:=
3_7_8 5_19_20 1_19_20 5_7_8 1_13_14 2_3_4 3_11_12 ;
set Ts[1133]:=
5_7_8 2_9_10 4_13_14 5_13_14 5_1_2 5_5_6 3_5_6 ;
set Ts[1134]:=
3_9_10 2_19_20 1_15_16 2_9_10 1_19_20 1_17_18 1_9_10 3_11_12 ;
set Ts[1135]:=
3_15_16 4_3_4 1_3_4 2_5_6 3_1_2 1_11_12 2_9_10 2_1_2 ;
set Ts[1136]:=
5_5_6 2_15_16 2_9_10 5_9_10 4_13_14 4_9_10 2_7_8 5_13_14 ;
set Ts[1137]:=
2_19_20 1_5_6 5_9_10 4_17_18 1_1_2 2_3_4 5_15_16 1_17_18 4_11_12 3_15_16 5_1_2 2_13_14 3_9_10 ;
set Ts[1138]:=
2_17_18 5_3_4 5_19_20 5_11_12 3_7_8 5_15_16 ;
set Ts[1139]:=
5_11_12 3_17_18 5_3_4 1_1_2 ;
set Ts[1140]:=
5_9_10 4_5_6 1_9_10 5_19_20 5_17_18 5_11_12 5_7_8 4_15_16 2_9_10 2_19_20 2_1_2 ;
set Ts[1141]:=
3_19_20 5_5_6 ;
set Ts[1142]:=
4_5_6 1_11_12 4_11_12 3_19_20 1_7_8 2_17_18 ;
set Ts[1143]:=
4_9_10 5_11_12 5_7_8 ;
set Ts[1144]:=
4_3_4 3_5_6 2_1_2 3_3_4 4_5_6 ;
set Ts[1145]:=
1_19_20 3_15_16 5_11_12 1_17_18 3_3_4 2_7_8 4_13_14 5_13_14 ;
set Ts[1146]:=
2_19_20 2_17_18 ;
set Ts[1147]:=
2_17_18 3_19_20 4_13_14 2_15_16 2_7_8 ;
set Ts[1148]:=
2_1_2 1_1_2 2_17_18 3_11_12 2_7_8 ;
set Ts[1149]:=
4_19_20 4_3_4 ;
set Ts[1150]:=
2_9_10 2_1_2 1_17_18 4_17_18 3_1_2 4_11_12 3_13_14 ;
set Ts[1151]:=
3_13_14 3_11_12 3_1_2 3_3_4 5_17_18 3_17_18 2_13_14 4_3_4 3_15_16 3_9_10 ;
set Ts[1152]:=
5_7_8 5_17_18 3_3_4 2_7_8 ;
set Ts[1153]:=
4_9_10 1_1_2 3_7_8 1_7_8 4_19_20 3_9_10 4_13_14 ;
set Ts[1154]:=
5_13_14 3_7_8 3_13_14 3_5_6 4_11_12 2_1_2 ;
set Ts[1155]:=
2_17_18 5_19_20 4_17_18 2_11_12 1_15_16 4_9_10 4_7_8 5_5_6 1_19_20 5_3_4 1_5_6 2_1_2 ;
set Ts[1156]:=
4_15_16 2_7_8 5_11_12 ;
set Ts[1157]:=
2_9_10 3_11_12 1_19_20 1_7_8 3_3_4 ;
set Ts[1158]:=
5_11_12 2_5_6 1_15_16 1_3_4 3_17_18 4_13_14 ;
set Ts[1159]:=
3_15_16 4_9_10 2_5_6 ;
set Ts[1160]:=
4_19_20 5_1_2 5_5_6 4_17_18 ;
set Ts[1161]:=
3_1_2 2_11_12 1_3_4 2_15_16 5_3_4 4_13_14 3_17_18 ;
set Ts[1162]:=
5_17_18 3_3_4 1_13_14 1_17_18 5_3_4 4_15_16 3_17_18 4_5_6 ;
set Ts[1163]:=
5_5_6 5_15_16 5_9_10 5_3_4 4_1_2 1_5_6 ;
set Ts[1164]:=
1_19_20 4_13_14 ;
set Ts[1165]:=
1_1_2 5_17_18 4_13_14 1_11_12 1_3_4 3_17_18 ;
set Ts[1166]:=
5_19_20 5_11_12 1_3_4 3_11_12 2_13_14 4_15_16 2_5_6 1_5_6 ;
set Ts[1167]:=
5_17_18 2_9_10 1_17_18 3_11_12 3_13_14 2_3_4 1_19_20 ;
set Ts[1168]:=
1_13_14 5_3_4 4_5_6 1_5_6 4_9_10 3_1_2 5_5_6 5_15_16 3_17_18 4_1_2 2_19_20 5_19_20 ;
set Ts[1169]:=
2_15_16 5_9_10 5_19_20 1_9_10 3_11_12 2_9_10 1_15_16 2_19_20 1_3_4 4_7_8 2_17_18 ;
set Ts[1170]:=
4_3_4 5_1_2 3_11_12 ;
set Ts[1171]:=
2_19_20 5_9_10 4_13_14 1_19_20 1_1_2 3_11_12 5_13_14 2_17_18 2_15_16 5_3_4 5_11_12 ;
set Ts[1172]:=
2_9_10 2_1_2 3_7_8 2_11_12 5_13_14 4_3_4 5_7_8 2_15_16 1_15_16 ;
set Ts[1173]:=
1_7_8 3_7_8 5_19_20 5_1_2 2_5_6 5_13_14 1_13_14 ;
set Ts[1174]:=
2_9_10 3_13_14 3_5_6 3_1_2 5_15_16 1_19_20 4_7_8 ;
set Ts[1175]:=
4_1_2 4_7_8 3_7_8 5_9_10 3_15_16 4_11_12 2_15_16 1_3_4 1_9_10 ;
set Ts[1176]:=
4_5_6 1_13_14 3_11_12 1_11_12 4_11_12 2_17_18 5_5_6 3_17_18 1_3_4 ;
set Ts[1177]:=
2_11_12 3_13_14 5_15_16 1_5_6 3_7_8 3_19_20 4_7_8 2_1_2 3_5_6 1_13_14 4_5_6 5_11_12 ;
set Ts[1178]:=
2_5_6 1_5_6 1_9_10 ;
set Ts[1179]:=
2_5_6 5_5_6 4_9_10 4_17_18 2_3_4 5_19_20 ;
set Ts[1180]:=
2_9_10 4_13_14 3_9_10 1_3_4 2_19_20 ;
set Ts[1181]:=
3_5_6 4_17_18 1_7_8 4_1_2 3_13_14 5_15_16 1_5_6 2_3_4 5_5_6 4_11_12 4_19_20 ;
set Ts[1182]:=
3_17_18 5_13_14 2_11_12 2_5_6 2_15_16 ;
set Ts[1183]:=
3_5_6 2_3_4 1_13_14 3_11_12 1_11_12 ;
set Ts[1184]:=
5_13_14 5_1_2 2_15_16 4_15_16 4_3_4 ;
set Ts[1185]:=
2_7_8 2_1_2 3_13_14 3_7_8 5_5_6 4_3_4 2_5_6 ;
set Ts[1186]:=
1_17_18 4_15_16 4_9_10 ;
set Ts[1187]:=
3_11_12 2_17_18 ;
set Ts[1188]:=
4_19_20 5_13_14 4_17_18 1_1_2 2_3_4 4_1_2 4_3_4 ;
set Ts[1189]:=
5_9_10 3_1_2 5_3_4 5_11_12 ;
set Ts[1190]:=
5_3_4 5_7_8 3_9_10 1_7_8 3_19_20 2_3_4 2_17_18 1_19_20 4_19_20 4_15_16 ;
set Ts[1191]:=
3_17_18 2_7_8 3_13_14 5_7_8 2_9_10 ;
set Ts[1192]:=
4_13_14 4_3_4 3_9_10 4_11_12 4_1_2 ;
set Ts[1193]:=
2_3_4 5_13_14 4_7_8 ;
set Ts[1194]:=
3_19_20 2_7_8 4_19_20 2_5_6 5_11_12 2_1_2 ;
set Ts[1195]:=
5_1_2 5_15_16 ;
set Ts[1196]:=
2_19_20 3_5_6 1_11_12 4_15_16 5_15_16 3_7_8 4_13_14 3_17_18 2_17_18 5_17_18 3_15_16 4_9_10 3_1_2 ;
set Ts[1197]:=
5_7_8 2_1_2 4_9_10 5_11_12 1_13_14 ;
set Ts[1198]:=
3_3_4 4_13_14 1_5_6 5_13_14 ;
set Ts[1199]:=
3_19_20 5_19_20 2_17_18 5_5_6 2_11_12 5_3_4 4_13_14 5_15_16 ;
set Ts[1200]:=
4_11_12 3_7_8 5_15_16 5_7_8 ;
set Ts[1201]:=
1_19_20 4_17_18 5_1_2 5_15_16 4_3_4 2_5_6 2_11_12 2_17_18 ;
set Ts[1202]:=
2_3_4 1_7_8 2_9_10 2_7_8 1_19_20 ;
set Ts[1203]:=
5_15_16 3_7_8 4_11_12 2_19_20 5_7_8 4_9_10 ;
set Ts[1204]:=
5_11_12 3_11_12 5_7_8 3_7_8 4_5_6 2_15_16 2_9_10 ;
set Ts[1205]:=
1_11_12 1_15_16 3_7_8 2_19_20 4_15_16 2_7_8 5_13_14 2_9_10 ;
set Ts[1206]:=
1_9_10 4_7_8 3_15_16 3_11_12 5_15_16 4_1_2 ;
set Ts[1207]:=
1_9_10 1_3_4 2_1_2 2_11_12 3_5_6 5_1_2 2_17_18 5_5_6 1_7_8 ;
set Ts[1208]:=
1_15_16 3_3_4 1_13_14 4_7_8 3_13_14 5_7_8 3_11_12 3_15_16 ;
set Ts[1209]:=
1_7_8 5_3_4 2_7_8 3_1_2 3_7_8 5_9_10 5_15_16 ;
set Ts[1210]:=
2_17_18 4_9_10 4_7_8 ;
set Ts[1211]:=
4_9_10 3_11_12 2_19_20 ;
set Ts[1212]:=
4_11_12 4_7_8 5_11_12 5_3_4 2_13_14 3_17_18 5_7_8 2_5_6 ;
set Ts[1213]:=
4_1_2 1_3_4 1_13_14 4_15_16 3_17_18 3_11_12 ;
set Ts[1214]:=
3_17_18 2_17_18 3_19_20 1_3_4 ;
set Ts[1215]:=
5_1_2 2_11_12 5_9_10 1_1_2 4_17_18 3_19_20 1_13_14 ;
set Ts[1216]:=
3_9_10 3_15_16 2_15_16 3_17_18 2_7_8 5_11_12 ;
set Ts[1217]:=
1_11_12 3_19_20 5_11_12 5_13_14 2_11_12 ;
set Ts[1218]:=
4_19_20 3_7_8 2_13_14 5_13_14 2_11_12 3_15_16 ;
set Ts[1219]:=
5_17_18 2_13_14 3_11_12 4_19_20 2_7_8 4_5_6 5_9_10 5_7_8 ;
set Ts[1220]:=
3_7_8 1_13_14 5_5_6 1_19_20 2_1_2 2_11_12 1_11_12 2_7_8 ;
set Ts[1221]:=
5_19_20 5_11_12 ;
set Ts[1222]:=
1_11_12 4_1_2 5_15_16 3_1_2 2_5_6 3_17_18 5_9_10 5_1_2 1_5_6 ;
set Ts[1223]:=
2_15_16 5_1_2 4_13_14 5_19_20 ;
set Ts[1224]:=
4_9_10 5_17_18 3_1_2 2_5_6 1_5_6 2_15_16 2_9_10 3_17_18 3_7_8 3_11_12 5_13_14 4_7_8 2_19_20 ;
set Ts[1225]:=
3_1_2 2_19_20 ;
set Ts[1226]:=
3_13_14 4_13_14 3_3_4 ;
set Ts[1227]:=
3_11_12 2_9_10 1_15_16 2_13_14 ;
set Ts[1228]:=
2_11_12 3_1_2 1_7_8 1_11_12 ;
set Ts[1229]:=
2_9_10 1_13_14 2_3_4 1_7_8 5_13_14 ;
set Ts[1230]:=
4_9_10 3_11_12 1_19_20 4_5_6 3_5_6 1_13_14 5_7_8 ;
set Ts[1231]:=
2_11_12 2_5_6 3_15_16 5_13_14 1_15_16 5_9_10 1_3_4 3_1_2 2_17_18 ;
set Ts[1232]:=
5_1_2 1_11_12 5_13_14 4_11_12 ;
set Ts[1233]:=
4_11_12 5_15_16 3_3_4 4_19_20 1_15_16 4_15_16 3_7_8 1_19_20 4_13_14 2_15_16 2_19_20 ;
set Ts[1234]:=
1_19_20 1_7_8 5_3_4 3_3_4 2_15_16 4_7_8 2_13_14 ;
set Ts[1235]:=
2_9_10 4_17_18 2_17_18 1_19_20 3_17_18 ;
set Ts[1236]:=
4_1_2 5_9_10 5_15_16 4_5_6 2_9_10 5_3_4 2_15_16 5_7_8 ;
set Ts[1237]:=
1_7_8 3_17_18 5_17_18 5_5_6 1_11_12 1_19_20 1_5_6 3_15_16 5_9_10 2_5_6 4_9_10 2_17_18 ;
set Ts[1238]:=
2_7_8 1_15_16 ;
set Ts[1239]:=
1_7_8 1_1_2 4_5_6 3_9_10 ;
set Ts[1240]:=
5_11_12 5_9_10 4_7_8 5_17_18 4_13_14 3_17_18 3_11_12 2_13_14 ;
set Ts[1241]:=
4_15_16 4_3_4 1_19_20 3_5_6 ;
set Ts[1242]:=
3_11_12 3_9_10 ;
set Ts[1243]:=
4_13_14 5_3_4 4_11_12 2_7_8 ;
set Ts[1244]:=
4_13_14 3_1_2 2_1_2 ;
set Ts[1245]:=
5_3_4 2_11_12 ;
set Ts[1246]:=
1_3_4 5_19_20 5_15_16 5_1_2 4_5_6 1_5_6 2_5_6 5_13_14 4_7_8 ;
set Ts[1247]:=
3_11_12 1_11_12 2_7_8 1_15_16 ;
set Ts[1248]:=
4_17_18 4_9_10 1_11_12 2_9_10 4_19_20 ;
set Ts[1249]:=
1_9_10 2_3_4 1_11_12 4_7_8 2_19_20 1_3_4 ;
set Ts[1250]:=
3_13_14 3_15_16 2_1_2 2_17_18 ;
set Ts[1251]:=
3_19_20 5_7_8 4_1_2 4_7_8 5_5_6 ;
set Ts[1252]:=
4_5_6 5_13_14 1_9_10 5_19_20 3_19_20 4_9_10 2_11_12 3_11_12 ;
set Ts[1253]:=
4_5_6 1_9_10 1_15_16 ;
set Ts[1254]:=
2_5_6 2_3_4 5_5_6 1_17_18 1_13_14 2_13_14 ;
set Ts[1255]:=
2_3_4 4_3_4 5_3_4 3_17_18 1_7_8 ;
set Ts[1256]:=
1_15_16 5_13_14 4_5_6 5_15_16 3_19_20 4_19_20 3_1_2 ;
set Ts[1257]:=
1_3_4 5_17_18 4_17_18 2_17_18 ;
set Ts[1258]:=
2_1_2 5_5_6 3_5_6 4_19_20 3_19_20 2_11_12 4_13_14 4_5_6 ;
set Ts[1259]:=
3_9_10 5_7_8 1_13_14 5_3_4 3_11_12 5_13_14 4_1_2 4_13_14 3_3_4 ;
set Ts[1260]:=
4_13_14 1_17_18 5_11_12 4_7_8 5_17_18 3_1_2 ;
set Ts[1261]:=
4_7_8 5_1_2 5_3_4 ;
set Ts[1262]:=
3_1_2 4_5_6 2_9_10 4_19_20 3_7_8 4_11_12 ;
set Ts[1263]:=
1_5_6 5_17_18 5_13_14 1_3_4 3_19_20 4_13_14 4_7_8 ;
set Ts[1264]:=
3_5_6 4_7_8 2_15_16 1_19_20 2_1_2 ;
set Ts[1265]:=
5_5_6 1_1_2 1_17_18 ;
set Ts[1266]:=
5_3_4 2_13_14 1_7_8 ;
set Ts[1267]:=
5_19_20 4_15_16 ;
set Ts[1268]:=
4_9_10 2_17_18 ;
set Ts[1269]:=
1_5_6 4_11_12 2_7_8 5_3_4 5_7_8 5_17_18 5_13_14 4_15_16 5_19_20 ;
set Ts[1270]:=
3_9_10 3_11_12 5_5_6 5_7_8 ;
set Ts[1271]:=
4_17_18 3_13_14 5_3_4 3_15_16 3_17_18 4_13_14 ;
set Ts[1272]:=
4_13_14 2_1_2 ;
set Ts[1273]:=
3_1_2 2_9_10 5_15_16 1_9_10 ;
set Ts[1274]:=
4_7_8 3_9_10 ;
set Ts[1275]:=
5_3_4 2_7_8 5_19_20 5_9_10 2_17_18 ;
set Ts[1276]:=
3_7_8 1_17_18 3_9_10 4_3_4 1_7_8 4_13_14 4_15_16 1_13_14 5_9_10 3_19_20 2_1_2 2_15_16 ;
set Ts[1277]:=
1_19_20 1_11_12 5_7_8 5_1_2 4_13_14 ;
set Ts[1278]:=
4_9_10 5_5_6 3_1_2 3_17_18 2_19_20 3_5_6 ;
set Ts[1279]:=
1_7_8 3_1_2 1_13_14 1_17_18 4_5_6 5_7_8 3_15_16 4_13_14 2_7_8 ;
set Ts[1280]:=
5_15_16 2_3_4 2_1_2 3_19_20 2_5_6 ;
set Ts[1281]:=
4_9_10 1_17_18 2_9_10 4_1_2 3_15_16 5_9_10 2_5_6 ;
set Ts[1282]:=
1_19_20 1_1_2 5_7_8 3_17_18 ;
set Ts[1283]:=
2_15_16 1_13_14 5_3_4 5_13_14 2_7_8 4_19_20 1_5_6 5_7_8 4_17_18 4_7_8 4_15_16 ;
set Ts[1284]:=
1_11_12 1_17_18 3_7_8 5_15_16 2_15_16 1_5_6 1_13_14 3_11_12 ;
set Ts[1285]:=
4_15_16 3_15_16 2_9_10 1_5_6 2_5_6 ;
set Ts[1286]:=
5_3_4 1_9_10 3_13_14 5_15_16 4_9_10 2_11_12 1_5_6 5_5_6 2_7_8 1_17_18 ;
set Ts[1287]:=
3_11_12 5_13_14 4_11_12 3_9_10 5_1_2 2_17_18 2_3_4 3_1_2 ;
set Ts[1288]:=
1_9_10 3_19_20 4_17_18 2_3_4 5_15_16 1_13_14 5_11_12 4_15_16 ;
set Ts[1289]:=
5_17_18 3_13_14 4_19_20 2_5_6 3_9_10 4_9_10 3_19_20 4_13_14 4_3_4 5_13_14 4_5_6 1_11_12 1_15_16 ;
set Ts[1290]:=
1_13_14 3_11_12 2_3_4 2_7_8 3_7_8 5_3_4 5_17_18 5_19_20 3_5_6 4_17_18 ;
set Ts[1291]:=
1_1_2 5_15_16 5_9_10 1_5_6 2_3_4 4_5_6 5_5_6 ;
set Ts[1292]:=
1_13_14 4_3_4 5_1_2 ;
set Ts[1293]:=
1_7_8 4_7_8 3_7_8 2_9_10 4_9_10 1_19_20 ;
set Ts[1294]:=
4_1_2 1_17_18 1_13_14 5_19_20 2_1_2 5_3_4 2_5_6 ;
set Ts[1295]:=
2_9_10 1_1_2 1_11_12 3_5_6 ;
set Ts[1296]:=
2_3_4 4_17_18 5_1_2 ;
set Ts[1297]:=
5_13_14 3_11_12 2_13_14 5_11_12 1_7_8 ;
set Ts[1298]:=
3_13_14 2_17_18 4_7_8 4_13_14 5_5_6 4_17_18 ;
set Ts[1299]:=
4_7_8 1_11_12 1_1_2 5_13_14 3_7_8 3_1_2 2_9_10 5_7_8 ;
set Ts[1300]:=
2_1_2 1_5_6 4_7_8 4_15_16 ;
set Ts[1301]:=
5_15_16 5_1_2 ;
set Ts[1302]:=
3_19_20 5_13_14 4_1_2 1_15_16 3_3_4 5_1_2 4_3_4 5_3_4 4_7_8 ;
set Ts[1303]:=
2_11_12 4_19_20 5_3_4 5_9_10 ;
set Ts[1304]:=
2_15_16 1_5_6 5_7_8 1_11_12 5_5_6 1_15_16 4_13_14 5_3_4 1_9_10 2_3_4 ;
set Ts[1305]:=
1_7_8 5_15_16 2_3_4 4_11_12 1_15_16 5_9_10 3_7_8 ;
set Ts[1306]:=
4_17_18 3_7_8 3_1_2 2_11_12 2_15_16 1_5_6 3_5_6 1_19_20 ;
set Ts[1307]:=
2_1_2 4_19_20 3_9_10 4_9_10 4_3_4 3_1_2 4_1_2 4_5_6 1_17_18 1_11_12 1_13_14 ;
set Ts[1308]:=
3_15_16 1_7_8 2_19_20 1_1_2 ;
set Ts[1309]:=
5_15_16 4_1_2 2_13_14 4_3_4 4_5_6 3_11_12 3_9_10 5_3_4 1_11_12 5_9_10 1_9_10 ;
set Ts[1310]:=
5_15_16 2_11_12 4_15_16 5_17_18 2_9_10 3_3_4 3_5_6 4_5_6 2_15_16 ;
set Ts[1311]:=
2_11_12 3_19_20 4_5_6 4_19_20 ;
set Ts[1312]:=
4_17_18 3_19_20 1_7_8 5_11_12 4_3_4 1_5_6 3_15_16 5_5_6 5_1_2 ;
set Ts[1313]:=
2_13_14 5_17_18 1_9_10 2_19_20 2_9_10 5_15_16 ;
set Ts[1314]:=
2_9_10 1_17_18 ;
set Ts[1315]:=
3_5_6 2_13_14 5_9_10 2_11_12 5_13_14 4_9_10 3_1_2 4_15_16 ;
set Ts[1316]:=
3_19_20 5_19_20 4_3_4 5_11_12 3_11_12 1_15_16 2_5_6 3_5_6 2_3_4 ;
set Ts[1317]:=
5_1_2 5_7_8 5_15_16 1_13_14 2_1_2 4_19_20 4_7_8 3_1_2 ;
set Ts[1318]:=
5_13_14 5_17_18 4_15_16 5_1_2 1_11_12 2_3_4 1_13_14 1_3_4 3_3_4 ;
set Ts[1319]:=
1_5_6 5_5_6 ;
set Ts[1320]:=
2_7_8 2_3_4 4_19_20 2_15_16 5_15_16 2_5_6 2_19_20 2_13_14 3_3_4 ;
set Ts[1321]:=
3_3_4 3_17_18 2_7_8 1_17_18 5_9_10 4_17_18 1_3_4 ;
set Ts[1322]:=
5_5_6 1_15_16 2_11_12 5_3_4 5_17_18 2_13_14 1_3_4 ;
set Ts[1323]:=
3_9_10 2_19_20 4_3_4 5_9_10 5_7_8 5_15_16 5_17_18 3_19_20 ;
set Ts[1324]:=
1_5_6 2_17_18 1_9_10 4_5_6 ;
set Ts[1325]:=
5_11_12 5_15_16 3_13_14 5_9_10 2_9_10 5_17_18 4_13_14 1_13_14 ;
set Ts[1326]:=
1_3_4 1_1_2 3_15_16 1_13_14 5_11_12 ;
set Ts[1327]:=
1_7_8 2_19_20 1_11_12 1_5_6 5_13_14 3_17_18 3_19_20 ;
set Ts[1328]:=
3_9_10 4_17_18 ;
set Ts[1329]:=
5_5_6 4_17_18 5_13_14 2_19_20 1_7_8 3_9_10 2_13_14 2_1_2 3_5_6 4_3_4 1_9_10 1_11_12 5_1_2 ;
set Ts[1330]:=
4_7_8 2_7_8 5_17_18 5_13_14 2_19_20 5_15_16 2_15_16 2_13_14 3_1_2 4_1_2 3_5_6 ;
set Ts[1331]:=
2_11_12 4_9_10 5_11_12 4_17_18 1_13_14 2_3_4 4_7_8 2_9_10 5_5_6 5_17_18 4_19_20 2_19_20 4_3_4 ;
set Ts[1332]:=
2_1_2 4_15_16 5_19_20 3_13_14 1_3_4 5_1_2 ;
set Ts[1333]:=
3_11_12 4_17_18 3_5_6 4_1_2 5_15_16 2_9_10 2_17_18 4_7_8 5_3_4 ;
set Ts[1334]:=
1_9_10 4_3_4 5_1_2 ;
set Ts[1335]:=
5_13_14 1_17_18 4_9_10 ;
set Ts[1336]:=
5_5_6 3_13_14 4_11_12 2_17_18 4_7_8 ;
set Ts[1337]:=
1_19_20 3_13_14 3_19_20 5_13_14 2_17_18 ;
set Ts[1338]:=
3_11_12 1_17_18 3_15_16 1_7_8 4_9_10 5_19_20 ;
set Ts[1339]:=
3_11_12 3_17_18 3_3_4 1_7_8 3_19_20 1_19_20 2_9_10 1_17_18 ;
set Ts[1340]:=
4_15_16 1_1_2 2_19_20 ;
set Ts[1341]:=
3_19_20 3_7_8 5_5_6 2_5_6 2_9_10 ;
set Ts[1342]:=
2_9_10 4_1_2 4_13_14 5_11_12 5_15_16 ;
set Ts[1343]:=
3_19_20 5_1_2 4_5_6 5_13_14 2_19_20 ;
set Ts[1344]:=
3_11_12 5_7_8 2_1_2 5_17_18 ;
set Ts[1345]:=
5_3_4 4_5_6 3_13_14 2_17_18 5_13_14 1_11_12 1_9_10 ;
set Ts[1346]:=
1_7_8 4_9_10 1_5_6 3_19_20 1_9_10 3_3_4 3_15_16 5_1_2 ;
set Ts[1347]:=
1_9_10 1_11_12 5_11_12 5_13_14 1_5_6 1_1_2 5_15_16 ;
set Ts[1348]:=
5_1_2 3_5_6 4_17_18 5_7_8 1_19_20 1_7_8 5_3_4 3_9_10 5_19_20 5_11_12 4_1_2 ;
set Ts[1349]:=
1_5_6 1_11_12 4_19_20 1_3_4 3_1_2 4_5_6 3_15_16 4_7_8 3_11_12 ;
set Ts[1350]:=
2_9_10 3_3_4 2_15_16 ;
set Ts[1351]:=
2_1_2 4_1_2 2_13_14 4_19_20 5_9_10 4_13_14 5_3_4 3_17_18 4_7_8 ;
set Ts[1352]:=
5_15_16 2_11_12 5_19_20 1_1_2 2_19_20 1_13_14 3_11_12 3_17_18 1_15_16 ;
set Ts[1353]:=
2_1_2 4_19_20 3_13_14 1_5_6 4_7_8 2_13_14 2_11_12 1_1_2 1_17_18 ;
set Ts[1354]:=
3_7_8 5_3_4 3_9_10 1_1_2 5_13_14 2_7_8 4_17_18 3_3_4 4_13_14 2_9_10 5_11_12 5_5_6 ;
set Ts[1355]:=
4_13_14 4_11_12 2_19_20 3_5_6 4_5_6 4_19_20 2_3_4 1_3_4 5_11_12 2_13_14 ;
set Ts[1356]:=
2_9_10 4_1_2 2_11_12 2_1_2 2_5_6 5_3_4 1_13_14 1_15_16 5_17_18 5_5_6 5_7_8 3_3_4 ;
set Ts[1357]:=
1_5_6 4_5_6 ;
set Ts[1358]:=
3_11_12 1_19_20 2_11_12 5_15_16 4_7_8 5_19_20 1_7_8 1_5_6 ;
set Ts[1359]:=
4_19_20 3_15_16 5_13_14 4_15_16 1_19_20 1_3_4 5_7_8 2_1_2 ;
set Ts[1360]:=
1_3_4 4_17_18 2_15_16 1_1_2 1_17_18 3_7_8 2_1_2 5_3_4 3_5_6 4_9_10 ;
set Ts[1361]:=
5_11_12 1_7_8 5_7_8 3_13_14 3_5_6 ;
set Ts[1362]:=
1_13_14 4_1_2 3_5_6 2_17_18 2_13_14 ;
set Ts[1363]:=
2_17_18 5_13_14 5_15_16 2_5_6 4_5_6 3_3_4 4_11_12 ;
set Ts[1364]:=
3_7_8 4_15_16 5_11_12 4_1_2 4_13_14 ;
set Ts[1365]:=
5_9_10 5_17_18 1_19_20 4_1_2 ;
set Ts[1366]:=
4_9_10 4_1_2 3_19_20 2_7_8 2_1_2 3_13_14 5_17_18 5_7_8 ;
set Ts[1367]:=
5_9_10 5_13_14 1_1_2 3_11_12 4_13_14 2_19_20 4_1_2 3_19_20 ;
set Ts[1368]:=
3_13_14 2_19_20 3_19_20 3_15_16 5_3_4 4_19_20 3_17_18 2_15_16 ;
set Ts[1369]:=
1_11_12 1_19_20 3_1_2 1_3_4 5_1_2 2_9_10 ;
set Ts[1370]:=
5_11_12 4_15_16 1_17_18 1_13_14 5_15_16 5_7_8 1_1_2 ;
set Ts[1371]:=
4_15_16 2_17_18 4_3_4 ;
set Ts[1372]:=
4_9_10 4_17_18 2_19_20 5_15_16 2_1_2 1_11_12 ;
set Ts[1373]:=
2_7_8 4_9_10 4_7_8 4_1_2 5_5_6 4_17_18 5_1_2 ;
set Ts[1374]:=
2_11_12 2_9_10 ;
set Ts[1375]:=
2_19_20 3_15_16 ;
set Ts[1376]:=
2_1_2 5_3_4 2_13_14 1_13_14 5_13_14 ;
set Ts[1377]:=
3_17_18 5_9_10 4_3_4 1_19_20 1_9_10 5_19_20 5_1_2 ;
set Ts[1378]:=
1_19_20 1_15_16 ;
set Ts[1379]:=
1_5_6 1_13_14 2_11_12 4_3_4 ;
set Ts[1380]:=
1_5_6 4_3_4 3_19_20 ;
set Ts[1381]:=
4_15_16 5_3_4 4_5_6 1_5_6 ;
set Ts[1382]:=
4_15_16 3_5_6 1_11_12 3_7_8 3_17_18 1_17_18 1_7_8 3_9_10 ;
set Ts[1383]:=
1_9_10 4_15_16 3_7_8 ;
set Ts[1384]:=
5_9_10 5_13_14 4_15_16 2_13_14 1_15_16 4_13_14 5_11_12 5_3_4 ;
set Ts[1385]:=
1_5_6 2_3_4 2_19_20 5_9_10 3_3_4 5_15_16 2_11_12 4_11_12 5_1_2 ;
set Ts[1386]:=
2_5_6 1_9_10 4_15_16 1_15_16 3_3_4 2_17_18 1_5_6 5_1_2 2_1_2 ;
set Ts[1387]:=
4_11_12 4_7_8 2_15_16 ;
set Ts[1388]:=
3_1_2 4_7_8 4_3_4 3_9_10 1_3_4 3_19_20 5_5_6 5_19_20 ;
set Ts[1389]:=
1_5_6 3_11_12 ;
set Ts[1390]:=
2_15_16 4_1_2 1_13_14 1_3_4 4_7_8 2_17_18 3_13_14 4_11_12 3_17_18 1_15_16 1_7_8 ;
set Ts[1391]:=
4_7_8 2_7_8 3_19_20 2_15_16 1_1_2 ;
set Ts[1392]:=
1_7_8 1_5_6 2_1_2 1_19_20 3_15_16 ;
set Ts[1393]:=
3_17_18 5_1_2 ;
set Ts[1394]:=
3_17_18 3_15_16 2_11_12 5_5_6 1_3_4 ;
set Ts[1395]:=
4_7_8 3_11_12 5_17_18 1_11_12 2_1_2 4_3_4 1_1_2 3_13_14 ;
set Ts[1396]:=
5_7_8 5_3_4 4_1_2 5_15_16 3_9_10 3_1_2 ;
set Ts[1397]:=
2_17_18 5_17_18 2_3_4 4_15_16 3_3_4 2_9_10 1_3_4 ;
set Ts[1398]:=
5_7_8 1_19_20 4_13_14 4_17_18 1_11_12 1_3_4 4_5_6 ;
set Ts[1399]:=
1_17_18 4_11_12 2_17_18 5_7_8 4_1_2 5_15_16 1_1_2 4_17_18 1_15_16 ;
set Ts[1400]:=
4_1_2 3_3_4 2_3_4 1_5_6 ;
set Ts[1401]:=
4_17_18 3_17_18 3_3_4 ;
set Ts[1402]:=
4_19_20 3_13_14 4_17_18 1_11_12 2_1_2 4_3_4 5_13_14 3_5_6 1_1_2 1_15_16 2_7_8 ;
set Ts[1403]:=
3_17_18 2_5_6 3_15_16 ;
set Ts[1404]:=
1_7_8 3_9_10 4_13_14 2_15_16 3_1_2 ;
set Ts[1405]:=
4_3_4 3_17_18 5_17_18 3_13_14 3_5_6 5_19_20 2_9_10 5_1_2 1_17_18 1_19_20 5_13_14 5_11_12 ;
set Ts[1406]:=
4_1_2 5_17_18 5_7_8 1_13_14 3_19_20 2_7_8 4_19_20 5_5_6 ;
set Ts[1407]:=
5_15_16 1_3_4 ;
set Ts[1408]:=
4_7_8 4_13_14 3_15_16 3_19_20 3_13_14 5_1_2 1_5_6 2_7_8 4_5_6 ;
set Ts[1409]:=
2_13_14 2_15_16 3_7_8 2_19_20 3_1_2 4_13_14 5_15_16 5_13_14 3_15_16 1_7_8 1_17_18 1_19_20 ;
set Ts[1410]:=
5_19_20 2_17_18 4_13_14 1_7_8 3_5_6 2_9_10 3_13_14 1_5_6 5_7_8 3_1_2 ;
set Ts[1411]:=
2_5_6 1_7_8 2_17_18 3_15_16 ;
set Ts[1412]:=
4_11_12 2_19_20 1_1_2 1_19_20 2_1_2 5_9_10 5_3_4 2_3_4 ;
set Ts[1413]:=
5_15_16 4_9_10 1_9_10 4_15_16 2_19_20 4_5_6 3_1_2 3_7_8 5_9_10 ;
set Ts[1414]:=
4_3_4 3_15_16 1_19_20 1_5_6 ;
set Ts[1415]:=
2_7_8 2_3_4 5_15_16 5_19_20 2_11_12 1_19_20 1_1_2 5_11_12 1_13_14 ;
set Ts[1416]:=
2_19_20 1_17_18 4_5_6 1_1_2 5_17_18 3_9_10 4_17_18 1_3_4 ;
set Ts[1417]:=
4_15_16 1_9_10 4_17_18 5_3_4 ;
set Ts[1418]:=
3_1_2 3_15_16 2_7_8 5_7_8 4_7_8 1_19_20 2_17_18 4_13_14 5_15_16 4_15_16 5_9_10 2_13_14 3_9_10 ;
set Ts[1419]:=
2_17_18 5_11_12 1_9_10 1_5_6 ;
set Ts[1420]:=
1_1_2 3_3_4 ;
set Ts[1421]:=
3_11_12 1_13_14 1_7_8 ;
set Ts[1422]:=
4_15_16 4_17_18 ;
set Ts[1423]:=
5_15_16 5_19_20 2_15_16 3_5_6 3_11_12 1_1_2 ;
set Ts[1424]:=
4_11_12 5_11_12 5_9_10 1_15_16 5_3_4 5_7_8 3_13_14 1_7_8 1_5_6 1_17_18 2_17_18 ;
set Ts[1425]:=
2_15_16 4_17_18 5_9_10 4_15_16 4_3_4 1_9_10 3_5_6 1_3_4 4_9_10 3_7_8 1_11_12 ;
set Ts[1426]:=
4_13_14 5_1_2 3_9_10 2_19_20 1_7_8 3_19_20 4_19_20 2_9_10 ;
set Ts[1427]:=
3_9_10 5_7_8 2_1_2 1_11_12 5_15_16 3_7_8 3_15_16 2_19_20 4_3_4 3_13_14 4_17_18 4_11_12 3_17_18 ;
set Ts[1428]:=
1_13_14 5_19_20 4_7_8 4_9_10 5_15_16 3_9_10 3_15_16 5_17_18 2_11_12 ;
set Ts[1429]:=
4_17_18 2_19_20 ;
set Ts[1430]:=
2_15_16 1_7_8 4_3_4 3_7_8 3_11_12 1_15_16 1_13_14 5_3_4 2_7_8 ;
set Ts[1431]:=
5_9_10 1_13_14 5_5_6 1_11_12 5_7_8 1_17_18 4_3_4 5_15_16 2_15_16 ;
set Ts[1432]:=
5_1_2 2_7_8 5_9_10 5_3_4 ;
set Ts[1433]:=
1_3_4 3_5_6 3_9_10 4_5_6 4_1_2 4_7_8 ;
set Ts[1434]:=
3_9_10 3_19_20 5_13_14 4_15_16 1_7_8 1_17_18 2_17_18 1_15_16 3_11_12 ;
set Ts[1435]:=
1_7_8 5_17_18 5_15_16 2_19_20 1_17_18 ;
set Ts[1436]:=
5_11_12 5_9_10 ;
set Ts[1437]:=
4_3_4 3_7_8 2_1_2 4_15_16 1_7_8 3_9_10 ;
set Ts[1438]:=
3_19_20 4_7_8 2_7_8 4_5_6 5_7_8 3_3_4 4_1_2 3_5_6 3_15_16 ;
set Ts[1439]:=
1_19_20 2_17_18 3_9_10 ;
set Ts[1440]:=
2_15_16 5_9_10 5_7_8 3_17_18 4_13_14 2_19_20 ;
set Ts[1441]:=
3_7_8 2_15_16 3_5_6 5_19_20 3_11_12 2_17_18 2_11_12 ;
set Ts[1442]:=
3_15_16 2_19_20 2_11_12 5_11_12 5_17_18 2_5_6 2_9_10 1_7_8 5_19_20 3_7_8 3_5_6 ;
set Ts[1443]:=
2_9_10 3_3_4 5_5_6 4_1_2 1_5_6 3_1_2 3_17_18 ;
set Ts[1444]:=
4_5_6 4_17_18 3_19_20 5_17_18 1_17_18 2_7_8 ;
set Ts[1445]:=
1_11_12 4_19_20 1_7_8 5_15_16 ;
set Ts[1446]:=
4_13_14 4_7_8 1_7_8 3_17_18 3_11_12 1_15_16 2_17_18 5_5_6 ;
set Ts[1447]:=
4_13_14 2_1_2 1_5_6 1_3_4 4_7_8 5_9_10 4_1_2 1_15_16 1_1_2 2_13_14 ;
set Ts[1448]:=
2_15_16 1_15_16 ;
set Ts[1449]:=
3_7_8 4_13_14 4_15_16 1_3_4 5_17_18 3_9_10 4_17_18 1_5_6 2_19_20 4_7_8 2_11_12 1_9_10 5_1_2 ;
set Ts[1450]:=
4_17_18 1_15_16 2_11_12 ;
set Ts[1451]:=
4_3_4 5_17_18 1_7_8 3_19_20 1_3_4 2_15_16 4_9_10 2_5_6 2_3_4 ;
set Ts[1452]:=
3_7_8 4_5_6 5_13_14 2_5_6 2_9_10 1_13_14 ;
set Ts[1453]:=
1_9_10 3_5_6 5_17_18 3_3_4 2_7_8 5_15_16 4_15_16 5_7_8 ;
set Ts[1454]:=
5_3_4 4_3_4 2_19_20 4_5_6 5_1_2 ;
set Ts[1455]:=
3_15_16 2_7_8 3_1_2 ;
set Ts[1456]:=
3_15_16 3_13_14 1_5_6 1_9_10 ;
set Ts[1457]:=
5_9_10 3_17_18 1_3_4 5_1_2 2_9_10 ;
set Ts[1458]:=
1_13_14 3_13_14 3_3_4 4_3_4 ;
set Ts[1459]:=
3_15_16 5_3_4 1_3_4 3_1_2 4_19_20 ;
set Ts[1460]:=
2_17_18 1_13_14 ;
set Ts[1461]:=
5_13_14 3_13_14 4_13_14 5_17_18 1_13_14 5_9_10 5_19_20 4_3_4 ;
set Ts[1462]:=
2_3_4 2_5_6 1_3_4 1_15_16 4_19_20 1_17_18 4_7_8 5_13_14 ;
set Ts[1463]:=
4_7_8 4_15_16 1_11_12 ;
set Ts[1464]:=
2_15_16 3_1_2 1_17_18 2_3_4 5_9_10 ;
set Ts[1465]:=
2_7_8 5_19_20 4_7_8 2_15_16 2_11_12 3_5_6 2_17_18 1_5_6 ;
set Ts[1466]:=
2_13_14 1_3_4 5_19_20 4_11_12 3_11_12 5_5_6 2_11_12 5_11_12 ;
set Ts[1467]:=
5_5_6 5_15_16 4_15_16 5_9_10 3_11_12 5_13_14 2_7_8 2_9_10 4_7_8 4_13_14 ;
set Ts[1468]:=
1_3_4 4_7_8 5_11_12 5_19_20 1_19_20 5_3_4 4_13_14 4_3_4 3_11_12 ;
set Ts[1469]:=
5_1_2 4_13_14 3_3_4 3_15_16 2_1_2 4_5_6 ;
set Ts[1470]:=
1_5_6 1_13_14 2_7_8 2_5_6 ;
set Ts[1471]:=
5_15_16 5_13_14 1_9_10 2_15_16 2_7_8 2_11_12 1_17_18 ;
set Ts[1472]:=
3_3_4 3_17_18 ;
set Ts[1473]:=
4_5_6 5_13_14 1_15_16 2_7_8 ;
set Ts[1474]:=
2_17_18 1_7_8 2_13_14 2_11_12 3_17_18 1_15_16 1_13_14 5_3_4 1_9_10 2_5_6 2_1_2 2_15_16 ;
set Ts[1475]:=
3_11_12 1_19_20 1_11_12 2_7_8 3_19_20 ;
set Ts[1476]:=
3_11_12 4_1_2 2_19_20 3_15_16 1_5_6 2_7_8 4_5_6 4_3_4 ;
set Ts[1477]:=
2_1_2 2_13_14 3_1_2 3_19_20 5_3_4 1_15_16 5_11_12 3_13_14 2_17_18 2_3_4 1_5_6 ;
set Ts[1478]:=
2_17_18 5_7_8 ;
set Ts[1479]:=
5_5_6 2_7_8 2_5_6 1_9_10 1_15_16 3_11_12 1_17_18 ;
set Ts[1480]:=
4_3_4 3_15_16 1_11_12 5_19_20 2_17_18 ;
set Ts[1481]:=
4_7_8 2_7_8 1_7_8 ;
set Ts[1482]:=
1_11_12 5_17_18 2_3_4 1_7_8 3_17_18 4_11_12 2_9_10 4_5_6 4_7_8 5_9_10 ;
set Ts[1483]:=
4_7_8 2_19_20 4_5_6 4_13_14 4_19_20 2_1_2 1_1_2 5_11_12 5_17_18 5_3_4 ;
set Ts[1484]:=
4_9_10 1_7_8 ;
set Ts[1485]:=
1_1_2 1_15_16 3_3_4 5_7_8 5_15_16 3_17_18 2_7_8 3_11_12 2_19_20 ;
set Ts[1486]:=
2_5_6 5_15_16 4_3_4 3_13_14 4_11_12 1_1_2 4_7_8 1_19_20 4_13_14 ;
set Ts[1487]:=
1_7_8 2_19_20 5_5_6 2_13_14 2_3_4 ;
set Ts[1488]:=
5_11_12 1_13_14 4_19_20 5_5_6 2_7_8 1_3_4 3_9_10 1_5_6 1_15_16 5_3_4 ;
set Ts[1489]:=
1_13_14 5_7_8 4_5_6 ;
set Ts[1490]:=
5_13_14 1_15_16 1_13_14 4_1_2 2_5_6 2_7_8 1_7_8 4_3_4 4_13_14 1_1_2 2_3_4 ;
set Ts[1491]:=
2_1_2 3_1_2 2_17_18 2_5_6 5_17_18 4_7_8 ;
set Ts[1492]:=
3_3_4 5_17_18 4_15_16 1_15_16 2_17_18 2_19_20 4_13_14 5_3_4 2_9_10 4_7_8 ;
set Ts[1493]:=
3_7_8 4_19_20 5_5_6 ;
set Ts[1494]:=
1_3_4 1_19_20 3_17_18 ;
set Ts[1495]:=
2_3_4 4_3_4 3_11_12 2_5_6 5_15_16 3_13_14 5_9_10 ;
set Ts[1496]:=
3_1_2 5_15_16 5_1_2 4_11_12 5_13_14 ;
set Ts[1497]:=
5_5_6 3_1_2 4_5_6 4_19_20 2_13_14 4_15_16 5_17_18 ;
set Ts[1498]:=
2_9_10 1_9_10 5_5_6 3_3_4 4_3_4 3_19_20 5_3_4 ;
set Ts[1499]:=
4_5_6 1_13_14 1_3_4 5_7_8 4_19_20 5_13_14 5_15_16 2_11_12 2_7_8 ;
set Ts[1500]:=
4_19_20 3_19_20 1_1_2 4_7_8 ;
set Ts[1501]:=
2_19_20 2_7_8 2_1_2 3_17_18 4_7_8 1_11_12 4_5_6 4_9_10 4_15_16 5_17_18 ;
set Ts[1502]:=
3_5_6 4_17_18 2_17_18 2_5_6 3_11_12 2_9_10 5_15_16 2_11_12 1_7_8 3_13_14 ;
set Ts[1503]:=
1_11_12 5_1_2 5_5_6 4_13_14 ;
set Ts[1504]:=
1_17_18 1_7_8 4_19_20 3_19_20 5_15_16 2_19_20 2_13_14 5_1_2 1_11_12 ;
set Ts[1505]:=
2_3_4 3_1_2 5_5_6 5_9_10 4_3_4 5_7_8 2_7_8 ;
set Ts[1506]:=
1_3_4 2_3_4 2_17_18 2_13_14 3_9_10 ;
set Ts[1507]:=
5_19_20 5_1_2 5_3_4 5_13_14 4_7_8 2_17_18 3_11_12 4_13_14 1_1_2 ;
set Ts[1508]:=
3_9_10 4_19_20 1_3_4 4_11_12 2_1_2 5_3_4 4_3_4 4_5_6 1_19_20 ;
set Ts[1509]:=
4_13_14 5_17_18 1_19_20 2_11_12 1_1_2 1_5_6 1_9_10 5_9_10 1_7_8 ;
set Ts[1510]:=
2_9_10 2_17_18 2_19_20 4_19_20 4_5_6 3_3_4 2_11_12 ;
set Ts[1511]:=
1_11_12 5_17_18 2_3_4 2_13_14 1_1_2 4_7_8 3_15_16 3_7_8 ;
set Ts[1512]:=
4_15_16 5_1_2 5_9_10 5_13_14 2_15_16 4_5_6 3_11_12 1_9_10 2_19_20 5_7_8 3_19_20 4_3_4 ;
set Ts[1513]:=
3_11_12 1_13_14 1_11_12 2_5_6 1_9_10 5_3_4 ;
set Ts[1514]:=
4_11_12 3_17_18 2_15_16 3_11_12 ;
set Ts[1515]:=
1_5_6 1_11_12 5_1_2 2_19_20 3_15_16 ;
set Ts[1516]:=
1_17_18 1_9_10 ;
set Ts[1517]:=
1_19_20 5_7_8 3_17_18 2_7_8 4_11_12 5_1_2 ;
set Ts[1518]:=
2_19_20 4_15_16 1_9_10 3_3_4 2_9_10 5_5_6 2_17_18 4_19_20 2_11_12 ;
set Ts[1519]:=
5_1_2 3_5_6 2_13_14 1_1_2 1_7_8 1_5_6 5_13_14 3_11_12 ;
set Ts[1520]:=
4_1_2 3_7_8 1_3_4 4_11_12 ;
set Ts[1521]:=
5_15_16 4_1_2 2_15_16 3_1_2 4_15_16 ;
set Ts[1522]:=
2_13_14 3_11_12 2_9_10 5_3_4 5_17_18 1_13_14 3_15_16 2_19_20 2_1_2 4_13_14 4_1_2 ;
set Ts[1523]:=
5_17_18 3_13_14 1_7_8 3_19_20 5_5_6 4_15_16 4_1_2 ;
set Ts[1524]:=
3_13_14 5_1_2 2_7_8 1_7_8 2_11_12 2_19_20 4_7_8 1_17_18 5_19_20 ;
set Ts[1525]:=
2_5_6 4_9_10 2_7_8 3_5_6 5_15_16 1_1_2 3_9_10 5_5_6 5_1_2 2_19_20 3_19_20 ;
set Ts[1526]:=
1_9_10 2_3_4 5_15_16 1_13_14 2_13_14 3_19_20 ;
set Ts[1527]:=
2_13_14 1_7_8 2_7_8 1_19_20 1_17_18 3_3_4 5_9_10 2_9_10 5_7_8 4_3_4 ;
set Ts[1528]:=
1_13_14 1_9_10 4_9_10 2_11_12 3_1_2 ;
set Ts[1529]:=
2_13_14 3_3_4 1_15_16 2_1_2 ;
set Ts[1530]:=
4_15_16 5_7_8 4_7_8 1_15_16 5_17_18 2_5_6 3_11_12 2_19_20 2_13_14 3_7_8 ;
set Ts[1531]:=
5_1_2 5_17_18 3_3_4 3_17_18 3_15_16 2_9_10 2_15_16 2_5_6 3_1_2 ;
set Ts[1532]:=
1_5_6 5_3_4 5_11_12 ;
set Ts[1533]:=
3_1_2 1_15_16 5_1_2 3_9_10 1_19_20 4_11_12 3_15_16 4_15_16 4_5_6 ;
set Ts[1534]:=
1_1_2 1_15_16 2_13_14 5_1_2 3_19_20 2_19_20 2_5_6 3_9_10 4_15_16 1_13_14 5_17_18 ;
set Ts[1535]:=
4_17_18 4_7_8 ;
set Ts[1536]:=
4_7_8 1_1_2 4_17_18 3_9_10 3_5_6 1_3_4 4_9_10 2_7_8 4_5_6 3_17_18 ;
set Ts[1537]:=
2_11_12 3_13_14 4_3_4 1_11_12 4_9_10 5_17_18 2_7_8 5_7_8 1_13_14 ;
set Ts[1538]:=
4_17_18 1_15_16 5_5_6 4_19_20 5_1_2 1_19_20 ;
set Ts[1539]:=
4_13_14 2_17_18 3_5_6 2_11_12 4_15_16 3_1_2 4_7_8 2_3_4 5_17_18 2_9_10 4_11_12 ;
set Ts[1540]:=
2_3_4 5_13_14 3_9_10 1_1_2 1_19_20 3_19_20 1_13_14 3_13_14 ;
set Ts[1541]:=
4_5_6 3_19_20 ;
set Ts[1542]:=
5_11_12 1_17_18 5_7_8 3_13_14 4_7_8 ;
set Ts[1543]:=
2_9_10 4_7_8 1_19_20 2_13_14 3_7_8 4_17_18 3_13_14 5_19_20 5_11_12 ;
set Ts[1544]:=
2_17_18 1_3_4 2_1_2 2_5_6 3_5_6 3_9_10 ;
set Ts[1545]:=
3_19_20 4_15_16 5_15_16 1_19_20 2_13_14 4_3_4 4_7_8 2_17_18 2_5_6 3_7_8 1_17_18 2_3_4 ;
set Ts[1546]:=
1_19_20 4_19_20 5_7_8 ;
set Ts[1547]:=
4_5_6 2_17_18 ;
set Ts[1548]:=
2_19_20 2_11_12 ;
set Ts[1549]:=
2_15_16 1_5_6 5_19_20 ;
set Ts[1550]:=
1_13_14 3_11_12 1_11_12 3_13_14 5_9_10 5_3_4 1_19_20 1_17_18 5_19_20 2_17_18 ;
set Ts[1551]:=
1_9_10 4_17_18 5_9_10 4_3_4 1_5_6 ;
set Ts[1552]:=
1_11_12 1_15_16 3_3_4 1_13_14 ;
set Ts[1553]:=
2_11_12 3_9_10 ;
set Ts[1554]:=
4_13_14 1_7_8 2_9_10 1_19_20 2_15_16 5_3_4 5_17_18 5_13_14 4_7_8 3_3_4 ;
set Ts[1555]:=
2_3_4 2_19_20 4_19_20 3_5_6 3_17_18 3_15_16 4_13_14 4_3_4 1_13_14 5_7_8 2_15_16 ;
set Ts[1556]:=
2_19_20 5_9_10 3_17_18 5_11_12 1_3_4 1_19_20 4_5_6 4_1_2 5_7_8 4_17_18 5_13_14 1_17_18 ;
set Ts[1557]:=
4_7_8 5_9_10 2_13_14 2_19_20 5_15_16 ;
set Ts[1558]:=
3_5_6 4_11_12 4_9_10 1_9_10 ;
set Ts[1559]:=
4_1_2 4_3_4 5_17_18 1_13_14 2_1_2 1_15_16 ;
set Ts[1560]:=
2_3_4 4_19_20 ;
set Ts[1561]:=
2_5_6 2_1_2 4_15_16 ;
set Ts[1562]:=
2_5_6 5_17_18 4_3_4 2_17_18 ;
set Ts[1563]:=
5_3_4 4_11_12 3_3_4 1_11_12 ;
set Ts[1564]:=
4_13_14 1_11_12 5_3_4 5_13_14 5_15_16 2_3_4 ;
set Ts[1565]:=
1_11_12 2_13_14 3_5_6 1_5_6 3_7_8 5_3_4 3_9_10 1_13_14 2_17_18 2_19_20 4_9_10 ;
set Ts[1566]:=
4_13_14 2_3_4 2_5_6 4_1_2 2_9_10 3_17_18 1_1_2 1_7_8 5_17_18 4_7_8 4_19_20 3_15_16 ;
set Ts[1567]:=
5_3_4 5_13_14 5_11_12 2_15_16 1_1_2 2_13_14 ;
set Ts[1568]:=
4_5_6 3_3_4 4_7_8 4_11_12 2_1_2 4_19_20 2_13_14 1_5_6 ;
set Ts[1569]:=
4_13_14 5_5_6 4_1_2 2_19_20 1_11_12 2_5_6 5_15_16 4_5_6 ;
set Ts[1570]:=
5_19_20 1_7_8 5_17_18 3_19_20 4_3_4 3_7_8 4_19_20 ;
set Ts[1571]:=
4_11_12 3_1_2 5_17_18 1_13_14 5_15_16 4_13_14 4_7_8 4_15_16 3_11_12 5_7_8 1_9_10 4_1_2 5_1_2 ;
set Ts[1572]:=
5_19_20 4_3_4 3_9_10 5_15_16 1_3_4 3_17_18 2_9_10 4_5_6 3_1_2 5_5_6 5_3_4 5_11_12 1_13_14 ;
set Ts[1573]:=
2_15_16 5_1_2 ;
set Ts[1574]:=
5_15_16 2_9_10 3_1_2 3_7_8 2_15_16 1_7_8 4_17_18 4_15_16 3_11_12 4_3_4 5_17_18 ;
set Ts[1575]:=
5_3_4 1_19_20 3_19_20 1_15_16 1_3_4 3_7_8 3_3_4 1_9_10 3_1_2 5_19_20 ;
set Ts[1576]:=
1_3_4 3_1_2 5_17_18 5_5_6 4_9_10 4_19_20 5_9_10 ;
set Ts[1577]:=
4_13_14 5_15_16 1_11_12 1_17_18 4_19_20 5_3_4 3_17_18 1_7_8 3_11_12 4_1_2 2_9_10 ;
set Ts[1578]:=
2_17_18 4_7_8 2_13_14 ;
set Ts[1579]:=
3_17_18 4_3_4 4_19_20 5_19_20 5_11_12 5_3_4 2_17_18 3_1_2 2_5_6 1_9_10 3_7_8 3_11_12 1_15_16 ;
set Ts[1580]:=
3_7_8 4_11_12 4_1_2 5_1_2 4_15_16 4_5_6 3_17_18 ;
set Ts[1581]:=
3_13_14 2_19_20 3_11_12 1_9_10 1_1_2 2_1_2 ;
set Ts[1582]:=
3_9_10 1_15_16 4_11_12 5_19_20 4_15_16 ;
set Ts[1583]:=
2_11_12 3_7_8 3_3_4 ;
set Ts[1584]:=
5_5_6 3_1_2 5_19_20 3_17_18 5_15_16 3_15_16 4_19_20 1_15_16 1_11_12 ;
set Ts[1585]:=
3_19_20 1_5_6 2_3_4 4_5_6 5_1_2 1_13_14 ;
set Ts[1586]:=
2_5_6 1_19_20 5_13_14 2_1_2 5_17_18 4_1_2 ;
set Ts[1587]:=
1_1_2 5_17_18 1_9_10 5_3_4 5_7_8 4_7_8 5_15_16 4_5_6 2_11_12 3_15_16 1_7_8 5_13_14 ;
set Ts[1588]:=
3_13_14 4_5_6 ;
set Ts[1589]:=
4_5_6 3_11_12 2_15_16 5_19_20 4_9_10 4_7_8 1_3_4 2_11_12 3_9_10 ;
set Ts[1590]:=
3_11_12 4_5_6 3_3_4 3_19_20 2_1_2 2_13_14 1_19_20 ;
set Ts[1591]:=
4_5_6 3_17_18 3_19_20 4_11_12 4_15_16 1_13_14 2_7_8 ;
set Ts[1592]:=
1_13_14 5_17_18 3_19_20 5_9_10 2_3_4 1_9_10 2_1_2 2_15_16 4_5_6 ;
set Ts[1593]:=
5_5_6 4_13_14 3_3_4 3_13_14 1_9_10 5_17_18 2_11_12 ;
set Ts[1594]:=
2_7_8 2_13_14 4_17_18 3_5_6 4_7_8 3_15_16 5_19_20 1_11_12 1_1_2 2_9_10 4_9_10 4_1_2 ;
set Ts[1595]:=
3_19_20 5_7_8 5_1_2 1_13_14 3_9_10 2_7_8 1_15_16 ;
set Ts[1596]:=
5_7_8 3_19_20 2_7_8 1_13_14 5_17_18 1_9_10 ;
set Ts[1597]:=
3_3_4 4_13_14 5_1_2 4_9_10 1_9_10 ;
set Ts[1598]:=
2_5_6 2_1_2 4_13_14 ;
set Ts[1599]:=
4_5_6 5_15_16 2_7_8 1_17_18 ;
set Ts[1600]:=
3_15_16 1_11_12 1_15_16 5_13_14 2_1_2 2_9_10 4_3_4 4_7_8 1_3_4 4_19_20 ;
set Ts[1601]:=
2_9_10 3_15_16 4_15_16 ;
set Ts[1602]:=
1_19_20 3_15_16 5_19_20 4_17_18 ;
set Ts[1603]:=
1_19_20 3_17_18 1_11_12 5_19_20 4_17_18 ;
set Ts[1604]:=
2_17_18 5_19_20 1_5_6 3_15_16 4_9_10 4_17_18 1_3_4 1_13_14 4_3_4 4_5_6 1_9_10 ;
set Ts[1605]:=
3_11_12 4_13_14 5_13_14 ;
set Ts[1606]:=
4_17_18 2_7_8 1_11_12 3_3_4 1_1_2 ;
set Ts[1607]:=
2_3_4 2_11_12 2_17_18 5_9_10 5_3_4 ;
set Ts[1608]:=
4_11_12 1_1_2 2_1_2 5_15_16 5_5_6 3_9_10 ;
set Ts[1609]:=
1_11_12 2_19_20 5_11_12 4_13_14 4_3_4 ;
set Ts[1610]:=
3_17_18 4_19_20 1_19_20 3_3_4 2_17_18 2_15_16 ;
set Ts[1611]:=
4_7_8 2_7_8 4_11_12 4_19_20 3_5_6 2_5_6 1_9_10 2_9_10 ;
set Ts[1612]:=
4_13_14 4_15_16 4_17_18 5_11_12 2_5_6 2_15_16 2_1_2 4_7_8 1_9_10 3_5_6 3_1_2 ;
set Ts[1613]:=
4_1_2 2_5_6 1_13_14 2_9_10 4_13_14 1_15_16 3_1_2 1_17_18 1_11_12 1_5_6 1_1_2 ;
set Ts[1614]:=
1_13_14 5_17_18 1_1_2 4_17_18 2_13_14 1_5_6 3_19_20 4_5_6 ;
set Ts[1615]:=
1_3_4 5_3_4 2_11_12 3_9_10 4_7_8 1_19_20 ;
set Ts[1616]:=
4_11_12 4_1_2 4_7_8 4_3_4 5_1_2 3_13_14 ;
set Ts[1617]:=
1_1_2 2_7_8 5_3_4 2_9_10 3_9_10 ;
set Ts[1618]:=
4_1_2 2_19_20 ;
set Ts[1619]:=
2_3_4 4_17_18 3_17_18 4_5_6 5_11_12 4_15_16 5_7_8 3_3_4 3_5_6 4_11_12 5_1_2 ;
set Ts[1620]:=
4_1_2 5_7_8 ;
set Ts[1621]:=
2_15_16 4_5_6 5_9_10 3_9_10 ;
set Ts[1622]:=
3_15_16 4_5_6 5_7_8 ;
set Ts[1623]:=
2_17_18 3_7_8 1_1_2 2_1_2 5_15_16 ;
set Ts[1624]:=
4_7_8 4_17_18 1_11_12 1_3_4 ;
set Ts[1625]:=
4_7_8 1_1_2 2_7_8 4_13_14 2_13_14 1_15_16 5_11_12 2_19_20 4_9_10 ;
set Ts[1626]:=
4_19_20 4_11_12 ;
set Ts[1627]:=
4_7_8 5_11_12 3_9_10 4_5_6 1_15_16 4_9_10 5_5_6 3_11_12 5_19_20 ;
set Ts[1628]:=
3_5_6 4_7_8 4_19_20 2_5_6 ;
set Ts[1629]:=
1_1_2 5_3_4 5_7_8 5_17_18 ;
set Ts[1630]:=
4_17_18 2_9_10 1_17_18 2_3_4 2_7_8 3_17_18 5_19_20 2_15_16 ;
set Ts[1631]:=
1_5_6 5_1_2 4_15_16 3_19_20 1_11_12 3_9_10 5_15_16 1_9_10 4_5_6 ;
set Ts[1632]:=
5_15_16 1_15_16 3_7_8 2_3_4 3_1_2 ;
set Ts[1633]:=
3_17_18 5_15_16 4_5_6 5_3_4 3_19_20 4_13_14 1_1_2 3_1_2 3_9_10 2_17_18 ;
set Ts[1634]:=
4_1_2 1_3_4 ;
set Ts[1635]:=
1_9_10 2_5_6 5_9_10 3_5_6 4_3_4 2_1_2 1_1_2 ;
set Ts[1636]:=
5_9_10 2_13_14 3_3_4 3_19_20 4_7_8 ;
set Ts[1637]:=
5_11_12 2_19_20 1_11_12 ;
set Ts[1638]:=
5_1_2 4_5_6 1_1_2 3_11_12 ;
set Ts[1639]:=
3_19_20 2_17_18 2_3_4 4_1_2 2_1_2 5_5_6 1_5_6 2_7_8 2_19_20 ;
set Ts[1640]:=
1_9_10 1_15_16 2_3_4 4_1_2 1_1_2 4_5_6 ;
set Ts[1641]:=
3_19_20 3_1_2 3_3_4 1_11_12 ;
set Ts[1642]:=
4_5_6 3_17_18 1_17_18 1_13_14 ;
set Ts[1643]:=
5_11_12 3_1_2 3_5_6 3_11_12 4_9_10 5_15_16 5_17_18 3_13_14 3_17_18 2_7_8 3_7_8 ;
set Ts[1644]:=
3_3_4 4_7_8 ;
set Ts[1645]:=
4_1_2 4_9_10 2_15_16 3_17_18 2_5_6 2_19_20 1_11_12 1_1_2 4_7_8 ;
set Ts[1646]:=
5_3_4 1_11_12 1_15_16 4_3_4 4_19_20 2_13_14 1_19_20 5_11_12 3_19_20 5_7_8 2_11_12 3_17_18 2_15_16 ;
set Ts[1647]:=
5_7_8 2_11_12 5_15_16 3_13_14 1_17_18 4_7_8 2_13_14 1_5_6 ;
set Ts[1648]:=
3_15_16 2_7_8 ;
set Ts[1649]:=
1_1_2 5_9_10 2_1_2 5_17_18 1_19_20 3_7_8 ;
set Ts[1650]:=
2_13_14 5_1_2 4_19_20 3_1_2 ;
set Ts[1651]:=
4_11_12 5_5_6 1_9_10 2_11_12 1_13_14 1_1_2 5_11_12 3_15_16 4_9_10 ;
set Ts[1652]:=
1_7_8 3_15_16 ;
set Ts[1653]:=
1_17_18 3_11_12 5_3_4 5_9_10 4_9_10 5_15_16 ;
set Ts[1654]:=
1_3_4 1_11_12 4_1_2 1_9_10 3_9_10 3_13_14 4_19_20 5_13_14 1_13_14 3_17_18 4_15_16 1_19_20 2_3_4 ;
set Ts[1655]:=
5_7_8 2_1_2 3_1_2 4_13_14 3_3_4 2_3_4 ;
set Ts[1656]:=
3_15_16 1_19_20 4_15_16 2_19_20 5_5_6 ;
set Ts[1657]:=
2_9_10 3_15_16 1_9_10 4_9_10 ;
set Ts[1658]:=
3_15_16 1_15_16 2_13_14 1_9_10 4_13_14 5_15_16 ;
set Ts[1659]:=
5_9_10 4_5_6 4_1_2 2_19_20 3_5_6 1_15_16 ;
set Ts[1660]:=
5_19_20 1_7_8 4_7_8 4_9_10 5_13_14 5_11_12 1_9_10 5_5_6 1_13_14 5_1_2 ;
set Ts[1661]:=
1_19_20 3_19_20 1_11_12 1_9_10 1_5_6 ;
set Ts[1662]:=
4_1_2 1_19_20 3_7_8 4_5_6 3_15_16 5_19_20 4_19_20 5_3_4 3_5_6 ;
set Ts[1663]:=
3_5_6 1_13_14 ;
set Ts[1664]:=
2_9_10 1_1_2 2_13_14 5_3_4 2_5_6 5_11_12 ;
set Ts[1665]:=
2_9_10 5_17_18 5_9_10 ;
set Ts[1666]:=
4_7_8 1_13_14 1_3_4 2_11_12 ;
set Ts[1667]:=
5_19_20 1_11_12 4_7_8 5_9_10 4_15_16 2_9_10 4_1_2 ;
set Ts[1668]:=
1_17_18 3_19_20 5_13_14 5_11_12 5_15_16 ;
set Ts[1669]:=
2_15_16 5_19_20 1_11_12 5_5_6 5_9_10 1_1_2 1_3_4 4_3_4 4_19_20 2_17_18 2_19_20 ;
set Ts[1670]:=
2_17_18 3_15_16 3_5_6 4_11_12 4_19_20 3_1_2 3_19_20 4_7_8 3_13_14 ;
set Ts[1671]:=
5_15_16 3_17_18 4_13_14 5_13_14 ;
set Ts[1672]:=
2_3_4 5_1_2 4_9_10 3_1_2 1_1_2 ;
set Ts[1673]:=
5_13_14 3_3_4 3_5_6 1_3_4 5_1_2 3_1_2 3_15_16 5_7_8 ;
set Ts[1674]:=
5_1_2 2_11_12 1_1_2 1_13_14 1_7_8 ;
set Ts[1675]:=
4_5_6 5_5_6 4_7_8 ;
set Ts[1676]:=
4_5_6 4_11_12 4_7_8 4_9_10 1_5_6 1_9_10 2_19_20 2_7_8 1_19_20 ;
set Ts[1677]:=
3_17_18 1_9_10 4_1_2 3_5_6 4_13_14 5_3_4 2_19_20 ;
set Ts[1678]:=
4_9_10 4_7_8 1_13_14 1_9_10 2_13_14 3_3_4 5_15_16 4_13_14 4_17_18 ;
set Ts[1679]:=
4_9_10 5_7_8 1_11_12 4_17_18 2_13_14 5_13_14 4_15_16 3_3_4 1_17_18 2_1_2 ;
set Ts[1680]:=
2_15_16 5_7_8 ;
set Ts[1681]:=
4_7_8 5_15_16 1_3_4 3_19_20 5_5_6 1_19_20 4_17_18 ;
set Ts[1682]:=
3_5_6 3_11_12 3_19_20 2_3_4 4_17_18 4_3_4 1_7_8 ;
set Ts[1683]:=
3_1_2 3_9_10 3_11_12 ;
set Ts[1684]:=
5_13_14 1_3_4 3_13_14 1_5_6 3_1_2 2_11_12 ;
set Ts[1685]:=
3_19_20 1_15_16 1_9_10 5_7_8 5_15_16 2_5_6 2_11_12 ;
set Ts[1686]:=
1_5_6 5_9_10 4_17_18 1_11_12 3_3_4 4_5_6 1_19_20 2_11_12 4_15_16 3_5_6 4_19_20 ;
set Ts[1687]:=
5_7_8 3_17_18 5_3_4 4_13_14 3_1_2 ;
set Ts[1688]:=
1_5_6 4_9_10 ;
set Ts[1689]:=
1_9_10 2_15_16 2_7_8 3_15_16 3_13_14 5_3_4 ;
set Ts[1690]:=
1_13_14 1_1_2 ;
set Ts[1691]:=
4_5_6 2_17_18 2_7_8 3_3_4 2_1_2 1_17_18 ;
set Ts[1692]:=
3_7_8 5_3_4 4_7_8 5_17_18 4_5_6 1_15_16 5_19_20 1_5_6 2_9_10 ;
set Ts[1693]:=
5_17_18 4_13_14 4_19_20 2_1_2 4_7_8 3_7_8 4_1_2 ;
set Ts[1694]:=
4_5_6 5_9_10 3_17_18 2_7_8 ;
set Ts[1695]:=
5_9_10 2_3_4 1_17_18 2_13_14 5_7_8 3_1_2 5_3_4 ;
set Ts[1696]:=
2_15_16 1_17_18 2_9_10 5_5_6 1_1_2 5_19_20 2_19_20 ;
set Ts[1697]:=
2_7_8 4_1_2 3_15_16 3_7_8 2_9_10 3_13_14 4_15_16 1_5_6 5_7_8 3_5_6 5_13_14 ;
set Ts[1698]:=
4_13_14 4_17_18 3_11_12 2_19_20 ;
set Ts[1699]:=
3_13_14 2_11_12 ;
set Ts[1700]:=
2_5_6 1_19_20 5_7_8 5_9_10 1_17_18 ;
set Ts[1701]:=
1_7_8 1_5_6 3_7_8 3_19_20 4_7_8 4_1_2 4_13_14 4_3_4 3_3_4 1_11_12 2_17_18 5_5_6 ;
set Ts[1702]:=
3_15_16 2_1_2 ;
set Ts[1703]:=
1_19_20 2_1_2 3_5_6 2_19_20 5_1_2 1_5_6 4_9_10 2_11_12 3_7_8 5_11_12 2_9_10 5_7_8 ;
set Ts[1704]:=
1_13_14 3_13_14 1_11_12 ;
set Ts[1705]:=
3_3_4 1_15_16 ;
set Ts[1706]:=
1_13_14 3_15_16 3_3_4 2_13_14 3_11_12 1_7_8 3_1_2 2_15_16 3_9_10 4_15_16 ;
set Ts[1707]:=
3_9_10 1_9_10 2_1_2 2_9_10 5_19_20 4_15_16 1_15_16 1_7_8 ;
set Ts[1708]:=
4_3_4 3_11_12 2_13_14 4_13_14 3_1_2 3_17_18 2_19_20 4_15_16 ;
set Ts[1709]:=
5_15_16 1_7_8 5_3_4 4_1_2 1_17_18 4_7_8 5_7_8 ;
set Ts[1710]:=
3_1_2 4_7_8 3_17_18 1_19_20 2_7_8 4_17_18 3_5_6 2_5_6 1_15_16 3_7_8 1_1_2 1_3_4 ;
set Ts[1711]:=
2_13_14 5_9_10 5_19_20 1_13_14 1_19_20 4_17_18 2_9_10 1_3_4 4_19_20 2_15_16 5_3_4 4_11_12 3_5_6 ;
set Ts[1712]:=
5_3_4 5_13_14 1_7_8 ;
set Ts[1713]:=
4_11_12 2_11_12 5_9_10 3_3_4 3_5_6 5_17_18 ;
set Ts[1714]:=
3_3_4 2_9_10 ;
set Ts[1715]:=
5_1_2 1_17_18 2_19_20 ;
set Ts[1716]:=
3_1_2 4_17_18 4_3_4 2_1_2 3_7_8 4_19_20 1_17_18 3_13_14 4_7_8 ;
set Ts[1717]:=
2_3_4 3_3_4 5_5_6 2_11_12 4_17_18 4_19_20 2_15_16 4_13_14 ;
set Ts[1718]:=
5_7_8 4_15_16 4_3_4 3_13_14 1_7_8 1_17_18 1_3_4 ;
set Ts[1719]:=
2_15_16 4_1_2 ;
set Ts[1720]:=
4_7_8 2_13_14 5_15_16 4_1_2 4_17_18 2_1_2 2_3_4 2_9_10 ;
set Ts[1721]:=
3_13_14 2_11_12 3_7_8 4_1_2 4_17_18 5_3_4 4_19_20 1_13_14 5_9_10 5_5_6 1_5_6 ;
set Ts[1722]:=
1_17_18 1_9_10 3_3_4 5_17_18 2_1_2 3_17_18 4_7_8 5_1_2 1_13_14 ;
set Ts[1723]:=
4_15_16 3_13_14 4_3_4 4_1_2 1_15_16 4_5_6 1_1_2 2_7_8 1_11_12 2_11_12 1_9_10 1_7_8 3_3_4 ;
set Ts[1724]:=
1_7_8 1_3_4 ;
set Ts[1725]:=
3_7_8 4_3_4 3_5_6 3_13_14 5_13_14 5_11_12 2_7_8 1_3_4 3_11_12 ;
set Ts[1726]:=
1_1_2 3_11_12 3_19_20 4_17_18 4_13_14 2_11_12 3_3_4 1_7_8 3_17_18 4_19_20 5_15_16 5_5_6 3_5_6 ;
set Ts[1727]:=
3_3_4 4_3_4 2_15_16 1_15_16 ;
set Ts[1728]:=
5_7_8 4_5_6 1_15_16 2_13_14 1_9_10 2_15_16 ;
set Ts[1729]:=
5_15_16 1_5_6 4_15_16 5_1_2 3_3_4 2_5_6 4_13_14 2_1_2 3_11_12 1_15_16 4_5_6 5_5_6 3_15_16 ;
set Ts[1730]:=
3_3_4 1_17_18 5_7_8 1_1_2 4_9_10 1_3_4 4_19_20 3_17_18 ;
set Ts[1731]:=
4_15_16 1_1_2 4_1_2 3_9_10 4_9_10 3_7_8 1_3_4 4_19_20 2_15_16 ;
set Ts[1732]:=
1_1_2 5_1_2 4_7_8 5_13_14 4_11_12 ;
set Ts[1733]:=
5_15_16 3_5_6 3_9_10 5_17_18 2_7_8 4_1_2 ;
set Ts[1734]:=
5_15_16 1_9_10 4_9_10 2_19_20 3_13_14 4_17_18 ;
set Ts[1735]:=
2_3_4 2_1_2 3_17_18 ;
set Ts[1736]:=
5_11_12 3_1_2 4_13_14 1_9_10 5_3_4 4_19_20 3_7_8 3_15_16 2_3_4 5_7_8 ;
set Ts[1737]:=
2_7_8 5_9_10 4_11_12 3_1_2 3_5_6 5_17_18 4_13_14 2_19_20 5_5_6 2_17_18 3_11_12 2_13_14 ;
set Ts[1738]:=
1_13_14 4_15_16 3_9_10 1_7_8 2_9_10 5_17_18 1_19_20 2_17_18 ;
set Ts[1739]:=
1_11_12 4_5_6 2_19_20 1_7_8 4_17_18 4_1_2 5_3_4 3_15_16 ;
set Ts[1740]:=
4_19_20 1_9_10 1_3_4 1_15_16 5_5_6 1_5_6 2_19_20 3_11_12 1_7_8 2_13_14 ;
set Ts[1741]:=
1_15_16 5_7_8 2_17_18 1_11_12 4_17_18 1_19_20 5_1_2 4_13_14 5_11_12 3_1_2 ;
set Ts[1742]:=
3_19_20 1_1_2 4_13_14 4_5_6 ;
set Ts[1743]:=
3_3_4 2_15_16 3_11_12 1_3_4 5_13_14 4_19_20 3_9_10 ;
set Ts[1744]:=
2_19_20 5_13_14 2_13_14 ;
set Ts[1745]:=
5_19_20 4_15_16 4_17_18 3_19_20 3_17_18 1_9_10 ;
set Ts[1746]:=
4_19_20 2_3_4 2_1_2 3_1_2 1_19_20 3_17_18 5_5_6 1_1_2 ;
set Ts[1747]:=
1_19_20 2_9_10 4_17_18 4_19_20 3_9_10 1_5_6 5_13_14 4_15_16 1_9_10 2_17_18 ;
set Ts[1748]:=
5_11_12 3_19_20 3_17_18 1_5_6 4_3_4 5_13_14 1_3_4 3_1_2 5_5_6 ;
set Ts[1749]:=
1_9_10 5_15_16 3_7_8 2_13_14 5_9_10 2_5_6 ;
set Ts[1750]:=
4_5_6 4_19_20 2_1_2 2_7_8 1_1_2 2_9_10 4_1_2 5_3_4 ;
set Ts[1751]:=
5_9_10 5_1_2 2_13_14 1_17_18 2_19_20 ;
set Ts[1752]:=
5_1_2 5_5_6 3_19_20 2_19_20 5_13_14 ;
set Ts[1753]:=
3_11_12 2_5_6 2_15_16 2_7_8 1_9_10 4_19_20 1_1_2 2_11_12 ;
set Ts[1754]:=
2_19_20 3_1_2 ;
set Ts[1755]:=
2_15_16 5_7_8 ;
set Ts[1756]:=
1_11_12 4_7_8 4_5_6 2_15_16 5_19_20 3_15_16 2_17_18 1_17_18 5_17_18 2_19_20 3_5_6 3_11_12 ;
set Ts[1757]:=
3_19_20 2_3_4 1_5_6 4_13_14 1_9_10 ;
set Ts[1758]:=
2_9_10 1_5_6 5_13_14 3_17_18 4_17_18 4_19_20 ;
set Ts[1759]:=
3_17_18 5_17_18 5_5_6 2_19_20 4_9_10 5_1_2 1_19_20 ;
set Ts[1760]:=
4_13_14 4_17_18 3_3_4 ;
set Ts[1761]:=
4_9_10 2_13_14 3_11_12 3_5_6 ;
set Ts[1762]:=
3_11_12 2_15_16 5_3_4 3_17_18 5_9_10 4_11_12 1_5_6 1_17_18 ;
set Ts[1763]:=
5_7_8 3_3_4 1_7_8 4_9_10 2_19_20 4_1_2 5_5_6 ;
set Ts[1764]:=
5_11_12 5_17_18 4_3_4 ;
set Ts[1765]:=
2_19_20 3_1_2 ;
set Ts[1766]:=
2_17_18 3_11_12 1_11_12 ;
set Ts[1767]:=
5_15_16 4_15_16 3_11_12 1_5_6 5_19_20 3_3_4 3_19_20 4_7_8 2_3_4 5_13_14 3_1_2 ;
set Ts[1768]:=
5_13_14 5_5_6 1_9_10 ;
set Ts[1769]:=
4_11_12 4_19_20 3_11_12 5_17_18 5_19_20 2_7_8 ;
set Ts[1770]:=
1_5_6 5_5_6 2_9_10 3_15_16 4_1_2 2_15_16 5_13_14 5_11_12 ;
set Ts[1771]:=
2_7_8 4_9_10 4_5_6 ;
set Ts[1772]:=
3_17_18 3_11_12 3_1_2 3_9_10 3_5_6 1_15_16 2_3_4 1_13_14 4_9_10 5_17_18 5_15_16 1_9_10 4_1_2 ;
set Ts[1773]:=
5_9_10 4_3_4 5_17_18 3_7_8 3_15_16 5_15_16 3_11_12 2_9_10 1_3_4 ;
set Ts[1774]:=
1_17_18 1_19_20 1_13_14 1_5_6 5_5_6 4_17_18 2_7_8 2_9_10 2_17_18 2_13_14 ;
set Ts[1775]:=
2_5_6 5_11_12 1_17_18 1_9_10 3_11_12 2_7_8 5_19_20 ;
set Ts[1776]:=
2_19_20 1_11_12 2_13_14 3_17_18 2_17_18 1_15_16 4_15_16 5_15_16 5_7_8 5_1_2 ;
set Ts[1777]:=
5_1_2 5_5_6 ;
set Ts[1778]:=
1_9_10 3_7_8 3_17_18 1_17_18 3_19_20 2_15_16 5_15_16 5_3_4 2_1_2 3_9_10 ;
set Ts[1779]:=
3_15_16 2_9_10 4_15_16 3_13_14 4_7_8 4_9_10 ;
set Ts[1780]:=
2_1_2 2_9_10 1_1_2 5_3_4 2_15_16 2_19_20 3_3_4 1_15_16 ;
set Ts[1781]:=
3_1_2 2_9_10 3_9_10 1_13_14 1_15_16 5_17_18 4_9_10 1_9_10 2_3_4 5_13_14 1_3_4 1_7_8 ;
set Ts[1782]:=
1_7_8 5_7_8 1_11_12 2_9_10 4_17_18 ;
set Ts[1783]:=
5_11_12 1_15_16 2_19_20 2_5_6 3_11_12 ;
set Ts[1784]:=
3_1_2 2_11_12 4_11_12 2_3_4 4_7_8 5_15_16 2_17_18 3_19_20 1_5_6 3_3_4 5_7_8 3_11_12 1_15_16 ;
set Ts[1785]:=
4_13_14 4_11_12 4_1_2 3_15_16 3_17_18 3_9_10 4_9_10 2_9_10 1_17_18 2_3_4 4_19_20 ;
set Ts[1786]:=
3_13_14 1_19_20 2_13_14 2_1_2 3_1_2 ;
set Ts[1787]:=
3_7_8 1_1_2 ;
set Ts[1788]:=
3_5_6 4_19_20 ;
set Ts[1789]:=
1_1_2 5_19_20 4_17_18 ;
set Ts[1790]:=
5_3_4 4_13_14 3_19_20 2_17_18 1_7_8 1_13_14 5_15_16 ;
set Ts[1791]:=
3_17_18 2_17_18 3_7_8 1_9_10 5_5_6 ;
set Ts[1792]:=
3_9_10 1_19_20 1_13_14 2_15_16 2_9_10 2_3_4 ;
set Ts[1793]:=
4_11_12 1_7_8 4_1_2 3_17_18 3_7_8 2_7_8 2_17_18 1_5_6 ;
set Ts[1794]:=
2_9_10 5_5_6 5_19_20 3_1_2 4_1_2 2_19_20 ;
set Ts[1795]:=
3_13_14 1_5_6 1_13_14 4_1_2 2_3_4 3_3_4 1_11_12 3_9_10 ;
set Ts[1796]:=
1_9_10 5_19_20 3_19_20 4_11_12 4_3_4 4_17_18 2_11_12 1_11_12 1_7_8 1_15_16 5_17_18 5_9_10 2_5_6 ;
set Ts[1797]:=
3_17_18 5_11_12 1_15_16 ;
set Ts[1798]:=
1_17_18 3_7_8 2_17_18 ;
set Ts[1799]:=
3_19_20 2_3_4 1_19_20 ;
set Ts[1800]:=
1_13_14 2_3_4 1_9_10 4_1_2 ;
set Ts[1801]:=
5_9_10 4_7_8 ;
set Ts[1802]:=
4_1_2 3_15_16 3_19_20 5_3_4 1_7_8 ;
set Ts[1803]:=
1_19_20 4_5_6 1_15_16 ;
set Ts[1804]:=
3_13_14 3_19_20 4_7_8 ;
set Ts[1805]:=
2_5_6 4_15_16 1_15_16 3_17_18 2_7_8 3_19_20 ;
set Ts[1806]:=
1_15_16 3_17_18 2_5_6 3_1_2 5_19_20 3_5_6 2_1_2 1_19_20 4_13_14 ;
set Ts[1807]:=
3_5_6 5_19_20 4_7_8 5_1_2 3_19_20 ;
set Ts[1808]:=
2_9_10 4_5_6 ;
set Ts[1809]:=
3_5_6 2_9_10 4_15_16 1_19_20 5_13_14 ;
set Ts[1810]:=
1_19_20 5_9_10 1_3_4 4_11_12 3_11_12 1_7_8 2_17_18 2_13_14 ;
set Ts[1811]:=
2_1_2 3_5_6 4_17_18 5_3_4 5_19_20 3_9_10 3_11_12 3_3_4 2_15_16 ;
set Ts[1812]:=
2_11_12 3_19_20 2_7_8 1_9_10 5_19_20 ;
set Ts[1813]:=
3_11_12 4_9_10 3_13_14 2_11_12 1_15_16 ;
set Ts[1814]:=
3_13_14 2_1_2 3_9_10 4_15_16 5_3_4 ;
set Ts[1815]:=
4_9_10 3_9_10 1_7_8 2_3_4 2_1_2 5_13_14 ;
set Ts[1816]:=
5_19_20 5_17_18 2_17_18 4_9_10 5_11_12 4_1_2 2_13_14 1_5_6 4_5_6 1_13_14 2_3_4 5_7_8 5_1_2 ;
set Ts[1817]:=
3_15_16 1_3_4 4_11_12 3_11_12 4_5_6 ;
set Ts[1818]:=
3_15_16 2_5_6 1_1_2 5_17_18 3_3_4 1_19_20 2_9_10 1_3_4 2_7_8 1_15_16 3_19_20 ;
set Ts[1819]:=
1_15_16 2_19_20 2_7_8 4_17_18 ;
set Ts[1820]:=
5_17_18 1_3_4 1_7_8 2_13_14 5_5_6 2_15_16 1_5_6 2_9_10 5_7_8 4_1_2 2_19_20 ;
set Ts[1821]:=
4_1_2 5_17_18 3_19_20 2_11_12 4_11_12 1_19_20 ;
set Ts[1822]:=
4_7_8 3_1_2 4_1_2 ;
set Ts[1823]:=
2_11_12 3_13_14 5_15_16 3_19_20 2_9_10 5_1_2 3_5_6 2_13_14 4_9_10 2_7_8 2_1_2 3_7_8 ;
set Ts[1824]:=
5_13_14 1_15_16 1_13_14 4_5_6 1_7_8 2_1_2 1_17_18 4_3_4 2_3_4 ;
set Ts[1825]:=
2_17_18 4_1_2 3_7_8 1_19_20 5_19_20 4_3_4 1_15_16 3_11_12 5_13_14 2_7_8 ;
set Ts[1826]:=
2_11_12 2_17_18 2_3_4 5_1_2 5_17_18 1_15_16 3_3_4 1_13_14 ;
set Ts[1827]:=
3_7_8 1_15_16 2_1_2 1_1_2 2_5_6 ;
set Ts[1828]:=
1_15_16 3_11_12 4_19_20 4_5_6 5_7_8 5_19_20 2_1_2 3_7_8 ;
set Ts[1829]:=
5_5_6 5_19_20 ;
set Ts[1830]:=
3_13_14 2_17_18 1_1_2 4_7_8 1_19_20 2_9_10 3_9_10 5_11_12 4_3_4 1_7_8 ;
set Ts[1831]:=
4_17_18 2_3_4 4_15_16 4_5_6 ;
set Ts[1832]:=
1_5_6 1_1_2 5_17_18 3_3_4 3_7_8 1_11_12 ;
set Ts[1833]:=
1_15_16 2_5_6 ;
set Ts[1834]:=
4_5_6 3_15_16 2_5_6 5_15_16 4_13_14 3_3_4 5_9_10 2_19_20 4_15_16 ;
set Ts[1835]:=
3_9_10 5_19_20 2_11_12 5_11_12 2_3_4 2_5_6 ;
set Ts[1836]:=
1_7_8 1_1_2 2_7_8 3_17_18 2_5_6 2_15_16 3_1_2 2_9_10 5_15_16 ;
set Ts[1837]:=
1_17_18 3_11_12 5_9_10 4_17_18 5_7_8 2_17_18 1_15_16 3_7_8 1_5_6 1_3_4 5_3_4 ;
set Ts[1838]:=
3_9_10 4_5_6 4_7_8 ;
set Ts[1839]:=
4_15_16 2_5_6 2_13_14 5_9_10 3_3_4 5_7_8 5_19_20 3_13_14 5_5_6 4_7_8 4_9_10 4_19_20 5_15_16 ;
set Ts[1840]:=
5_19_20 4_15_16 ;
set Ts[1841]:=
3_3_4 2_5_6 1_11_12 4_15_16 2_1_2 2_9_10 2_17_18 2_7_8 4_19_20 ;
set Ts[1842]:=
2_7_8 5_7_8 5_17_18 3_5_6 1_1_2 ;
set Ts[1843]:=
5_5_6 5_1_2 1_1_2 1_13_14 3_3_4 2_19_20 2_5_6 ;
set Ts[1844]:=
1_5_6 4_17_18 5_13_14 2_19_20 2_17_18 3_3_4 3_11_12 3_5_6 5_11_12 ;
set Ts[1845]:=
2_3_4 1_15_16 2_13_14 3_15_16 5_9_10 3_5_6 4_1_2 1_11_12 4_5_6 ;
set Ts[1846]:=
3_19_20 2_7_8 2_1_2 1_3_4 4_1_2 4_19_20 ;
set Ts[1847]:=
1_9_10 4_1_2 3_5_6 4_13_14 4_3_4 2_3_4 ;
set Ts[1848]:=
3_17_18 1_5_6 ;
set Ts[1849]:=
3_1_2 4_19_20 ;
set Ts[1850]:=
3_19_20 3_13_14 1_13_14 3_3_4 2_1_2 ;
set Ts[1851]:=
4_9_10 5_17_18 4_5_6 1_13_14 4_3_4 5_5_6 5_7_8 2_11_12 ;
set Ts[1852]:=
2_15_16 4_9_10 2_19_20 1_19_20 ;
set Ts[1853]:=
4_13_14 3_15_16 1_3_4 5_9_10 5_15_16 2_15_16 2_3_4 2_9_10 ;
set Ts[1854]:=
2_15_16 4_5_6 3_1_2 2_13_14 5_11_12 2_3_4 ;
set Ts[1855]:=
2_13_14 1_11_12 ;
set Ts[1856]:=
4_7_8 1_9_10 4_17_18 1_7_8 2_5_6 3_1_2 2_1_2 5_3_4 1_13_14 5_13_14 1_17_18 5_1_2 2_17_18 ;
set Ts[1857]:=
4_3_4 3_11_12 3_17_18 2_19_20 3_7_8 3_13_14 1_13_14 1_3_4 ;
set Ts[1858]:=
5_9_10 3_1_2 ;
set Ts[1859]:=
3_3_4 5_3_4 3_11_12 4_5_6 2_19_20 1_11_12 2_15_16 1_3_4 5_11_12 1_5_6 2_5_6 ;
set Ts[1860]:=
2_15_16 1_11_12 4_11_12 3_15_16 3_13_14 ;
set Ts[1861]:=
1_9_10 5_7_8 3_15_16 3_13_14 ;
set Ts[1862]:=
4_1_2 4_17_18 ;
set Ts[1863]:=
3_19_20 1_13_14 ;
set Ts[1864]:=
3_17_18 5_11_12 4_1_2 ;
set Ts[1865]:=
3_11_12 2_13_14 3_9_10 2_1_2 2_7_8 2_11_12 4_13_14 1_7_8 5_11_12 5_7_8 3_17_18 ;
set Ts[1866]:=
4_7_8 1_13_14 3_7_8 5_3_4 3_13_14 3_3_4 4_3_4 ;
set Ts[1867]:=
4_1_2 5_19_20 1_7_8 1_19_20 4_5_6 3_7_8 3_5_6 2_15_16 1_17_18 2_13_14 2_9_10 ;
set Ts[1868]:=
2_13_14 3_1_2 5_17_18 4_11_12 ;
set Ts[1869]:=
1_1_2 2_3_4 2_13_14 1_13_14 3_11_12 5_3_4 5_7_8 4_17_18 ;
set Ts[1870]:=
3_13_14 2_17_18 4_5_6 5_3_4 5_17_18 2_3_4 4_9_10 1_5_6 ;
set Ts[1871]:=
3_1_2 1_13_14 2_3_4 2_11_12 4_11_12 3_11_12 3_17_18 5_11_12 ;
set Ts[1872]:=
2_3_4 4_11_12 4_19_20 ;
set Ts[1873]:=
2_17_18 3_1_2 5_5_6 2_1_2 5_7_8 ;
set Ts[1874]:=
4_11_12 5_5_6 4_9_10 4_1_2 3_15_16 5_15_16 3_17_18 1_17_18 1_13_14 2_9_10 3_5_6 3_9_10 ;
set Ts[1875]:=
5_1_2 5_19_20 3_3_4 2_5_6 5_13_14 1_9_10 1_1_2 1_13_14 ;
set Ts[1876]:=
1_3_4 3_19_20 4_19_20 ;
set Ts[1877]:=
4_17_18 4_11_12 1_1_2 2_9_10 4_1_2 4_19_20 4_5_6 2_7_8 ;
set Ts[1878]:=
2_7_8 1_11_12 1_13_14 2_9_10 2_3_4 4_9_10 4_7_8 5_5_6 2_19_20 3_15_16 ;
set Ts[1879]:=
5_13_14 3_5_6 4_13_14 5_9_10 4_5_6 5_1_2 ;
set Ts[1880]:=
2_19_20 3_7_8 2_1_2 4_13_14 ;
set Ts[1881]:=
4_15_16 2_17_18 5_13_14 1_7_8 4_13_14 2_11_12 5_9_10 2_1_2 ;
set Ts[1882]:=
4_3_4 3_7_8 ;
set Ts[1883]:=
5_19_20 2_1_2 4_19_20 2_19_20 1_13_14 ;
set Ts[1884]:=
1_19_20 3_1_2 3_5_6 4_7_8 5_11_12 5_9_10 5_7_8 1_13_14 4_15_16 2_3_4 1_7_8 5_1_2 ;
set Ts[1885]:=
2_17_18 1_19_20 3_3_4 1_13_14 5_17_18 2_3_4 ;
set Ts[1886]:=
2_1_2 1_11_12 4_7_8 3_9_10 1_9_10 5_13_14 ;
set Ts[1887]:=
4_11_12 4_15_16 ;
set Ts[1888]:=
2_9_10 2_15_16 4_15_16 3_15_16 3_3_4 4_7_8 2_3_4 3_5_6 ;
set Ts[1889]:=
1_15_16 4_1_2 5_7_8 5_13_14 5_1_2 3_3_4 3_13_14 ;
set Ts[1890]:=
4_19_20 1_9_10 2_3_4 ;
set Ts[1891]:=
1_1_2 5_19_20 3_13_14 5_13_14 1_7_8 ;
set Ts[1892]:=
3_1_2 3_13_14 1_1_2 5_9_10 5_13_14 1_11_12 3_19_20 4_19_20 ;
set Ts[1893]:=
1_19_20 1_3_4 ;
set Ts[1894]:=
5_1_2 2_7_8 1_13_14 1_9_10 5_5_6 4_19_20 5_3_4 4_5_6 4_7_8 ;
set Ts[1895]:=
3_15_16 5_1_2 5_5_6 2_13_14 2_3_4 3_13_14 ;
set Ts[1896]:=
5_17_18 5_13_14 5_11_12 3_13_14 ;
set Ts[1897]:=
5_17_18 4_3_4 3_15_16 4_5_6 5_9_10 3_7_8 4_19_20 2_15_16 2_17_18 ;
set Ts[1898]:=
3_19_20 2_17_18 3_5_6 3_9_10 5_13_14 3_1_2 1_11_12 2_19_20 4_13_14 ;
set Ts[1899]:=
5_3_4 3_17_18 1_5_6 3_3_4 1_1_2 3_9_10 ;
set Ts[1900]:=
4_7_8 3_7_8 2_3_4 5_9_10 4_9_10 3_15_16 5_1_2 1_7_8 1_15_16 3_11_12 ;
set Ts[1901]:=
5_5_6 2_7_8 3_15_16 5_15_16 5_19_20 ;
set Ts[1902]:=
5_19_20 4_19_20 5_5_6 4_1_2 5_7_8 3_11_12 1_9_10 2_17_18 4_9_10 1_3_4 5_11_12 1_1_2 ;
set Ts[1903]:=
5_3_4 2_11_12 3_17_18 2_9_10 3_5_6 3_13_14 3_3_4 1_11_12 1_3_4 1_9_10 1_5_6 ;
set Ts[1904]:=
1_19_20 1_9_10 3_15_16 2_5_6 4_19_20 ;
set Ts[1905]:=
2_5_6 4_11_12 5_9_10 2_11_12 1_5_6 ;
set Ts[1906]:=
2_15_16 5_11_12 ;
set Ts[1907]:=
2_13_14 3_1_2 1_9_10 5_15_16 1_15_16 2_1_2 5_13_14 3_7_8 ;
set Ts[1908]:=
3_17_18 1_9_10 5_15_16 5_11_12 3_5_6 2_7_8 5_3_4 2_19_20 4_5_6 4_7_8 2_11_12 5_9_10 3_1_2 ;
set Ts[1909]:=
2_15_16 4_7_8 4_1_2 2_3_4 3_7_8 1_7_8 4_3_4 2_5_6 ;
set Ts[1910]:=
5_1_2 2_17_18 3_9_10 3_13_14 4_19_20 4_1_2 3_19_20 3_1_2 2_19_20 4_15_16 5_7_8 ;
set Ts[1911]:=
4_13_14 4_7_8 1_1_2 ;
set Ts[1912]:=
4_13_14 1_5_6 1_15_16 5_17_18 4_1_2 ;
set Ts[1913]:=
2_17_18 1_1_2 3_7_8 1_7_8 5_19_20 3_11_12 5_1_2 4_3_4 ;
set Ts[1914]:=
4_11_12 1_7_8 ;
set Ts[1915]:=
1_11_12 2_17_18 4_7_8 4_1_2 1_15_16 5_19_20 1_7_8 5_1_2 4_17_18 ;
set Ts[1916]:=
4_9_10 3_3_4 5_3_4 3_9_10 4_11_12 1_17_18 4_3_4 1_13_14 3_11_12 ;
set Ts[1917]:=
3_11_12 4_11_12 2_19_20 3_1_2 3_17_18 ;
set Ts[1918]:=
1_5_6 1_13_14 2_7_8 3_9_10 5_3_4 4_5_6 5_15_16 2_15_16 ;
set Ts[1919]:=
4_5_6 2_19_20 5_1_2 ;
set Ts[1920]:=
1_5_6 1_11_12 2_13_14 5_1_2 4_15_16 4_17_18 1_1_2 5_3_4 ;
set Ts[1921]:=
4_9_10 4_11_12 2_17_18 ;
set Ts[1922]:=
1_19_20 4_11_12 4_17_18 5_3_4 2_11_12 1_3_4 ;
set Ts[1923]:=
2_15_16 3_5_6 4_5_6 2_19_20 4_11_12 1_5_6 5_7_8 1_1_2 2_11_12 2_9_10 ;
set Ts[1924]:=
1_9_10 3_9_10 5_19_20 1_11_12 1_17_18 1_5_6 3_15_16 3_1_2 1_15_16 3_17_18 ;
set Ts[1925]:=
2_17_18 2_5_6 5_5_6 1_9_10 4_15_16 4_19_20 2_13_14 2_1_2 ;
set Ts[1926]:=
2_5_6 4_13_14 3_7_8 1_13_14 2_3_4 2_7_8 1_11_12 5_3_4 4_15_16 ;
set Ts[1927]:=
4_11_12 3_3_4 4_17_18 1_1_2 3_13_14 3_9_10 1_17_18 1_15_16 ;
set Ts[1928]:=
5_13_14 4_3_4 1_7_8 2_15_16 5_9_10 1_5_6 2_1_2 5_5_6 4_5_6 ;
set Ts[1929]:=
4_19_20 3_15_16 3_5_6 3_17_18 2_7_8 4_15_16 4_13_14 ;
set Ts[1930]:=
4_11_12 4_7_8 ;
set Ts[1931]:=
5_11_12 2_11_12 2_3_4 1_1_2 4_9_10 ;
set Ts[1932]:=
1_5_6 3_7_8 2_17_18 5_11_12 2_9_10 2_19_20 4_1_2 ;
set Ts[1933]:=
3_7_8 1_3_4 5_15_16 3_13_14 3_9_10 5_17_18 2_7_8 1_7_8 1_11_12 2_19_20 2_1_2 3_17_18 ;
set Ts[1934]:=
2_5_6 1_13_14 5_13_14 1_5_6 5_3_4 3_9_10 4_7_8 1_17_18 3_15_16 4_1_2 ;
set Ts[1935]:=
3_5_6 2_11_12 1_5_6 3_7_8 4_1_2 1_11_12 3_17_18 ;
set Ts[1936]:=
3_3_4 2_15_16 2_3_4 1_1_2 2_1_2 3_13_14 5_3_4 4_19_20 3_5_6 3_7_8 1_7_8 ;
set Ts[1937]:=
5_3_4 2_15_16 3_17_18 ;
set Ts[1938]:=
4_3_4 2_7_8 4_15_16 5_17_18 1_19_20 ;
set Ts[1939]:=
2_1_2 5_3_4 5_7_8 3_3_4 2_19_20 ;
set Ts[1940]:=
1_3_4 4_3_4 2_13_14 1_7_8 3_7_8 2_19_20 4_17_18 4_5_6 3_1_2 1_5_6 5_9_10 3_15_16 2_15_16 ;
set Ts[1941]:=
2_9_10 2_15_16 3_3_4 ;
set Ts[1942]:=
2_11_12 5_3_4 3_15_16 1_1_2 2_7_8 ;
set Ts[1943]:=
3_9_10 4_3_4 4_1_2 2_15_16 2_7_8 5_5_6 1_19_20 ;
set Ts[1944]:=
4_13_14 3_5_6 2_5_6 5_3_4 1_1_2 3_1_2 4_11_12 1_19_20 1_9_10 2_11_12 3_3_4 ;
set Ts[1945]:=
1_13_14 2_5_6 1_3_4 ;
set Ts[1946]:=
2_9_10 1_5_6 5_7_8 4_5_6 5_5_6 2_11_12 2_15_16 5_9_10 4_3_4 2_19_20 ;
set Ts[1947]:=
3_17_18 1_7_8 5_1_2 ;
set Ts[1948]:=
4_5_6 3_13_14 4_13_14 ;
set Ts[1949]:=
3_1_2 2_5_6 1_17_18 1_7_8 4_13_14 2_13_14 1_19_20 1_5_6 5_11_12 5_15_16 4_9_10 ;
set Ts[1950]:=
3_9_10 1_19_20 3_13_14 5_7_8 4_13_14 4_19_20 3_15_16 3_3_4 5_9_10 5_1_2 3_17_18 ;
set Ts[1951]:=
2_15_16 3_19_20 ;
set Ts[1952]:=
2_3_4 5_7_8 4_11_12 5_1_2 1_1_2 3_5_6 3_17_18 2_15_16 4_5_6 ;
set Ts[1953]:=
3_13_14 1_7_8 3_11_12 ;
set Ts[1954]:=
5_11_12 5_5_6 3_13_14 1_11_12 1_13_14 5_1_2 5_17_18 3_19_20 4_1_2 2_5_6 ;
set Ts[1955]:=
2_7_8 3_19_20 2_5_6 1_19_20 ;
set Ts[1956]:=
3_15_16 5_9_10 1_15_16 2_17_18 ;
set Ts[1957]:=
5_15_16 3_11_12 3_13_14 3_17_18 5_13_14 3_5_6 4_19_20 3_15_16 ;
set Ts[1958]:=
2_5_6 1_9_10 1_15_16 4_5_6 4_1_2 2_3_4 ;
set Ts[1959]:=
4_15_16 2_5_6 4_7_8 3_7_8 1_17_18 1_5_6 ;
set Ts[1960]:=
4_3_4 1_17_18 4_9_10 2_15_16 2_17_18 ;
set Ts[1961]:=
4_3_4 4_15_16 1_11_12 ;
set Ts[1962]:=
4_9_10 3_7_8 2_19_20 ;
set Ts[1963]:=
3_13_14 3_9_10 5_19_20 1_11_12 4_7_8 1_15_16 3_15_16 5_9_10 1_9_10 ;
set Ts[1964]:=
4_17_18 2_3_4 1_7_8 2_19_20 2_5_6 1_3_4 1_11_12 5_3_4 1_9_10 4_13_14 ;
set Ts[1965]:=
1_15_16 4_1_2 3_9_10 5_11_12 2_13_14 2_3_4 1_5_6 4_9_10 4_15_16 ;
set Ts[1966]:=
1_9_10 4_9_10 2_3_4 5_13_14 1_1_2 3_1_2 5_15_16 1_5_6 4_7_8 ;
set Ts[1967]:=
5_1_2 5_7_8 ;
set Ts[1968]:=
3_13_14 3_17_18 1_9_10 2_5_6 5_19_20 3_7_8 4_15_16 4_5_6 ;
set Ts[1969]:=
5_13_14 2_9_10 2_11_12 2_5_6 4_5_6 4_9_10 2_3_4 3_3_4 ;
set Ts[1970]:=
4_3_4 2_9_10 1_9_10 3_3_4 ;
set Ts[1971]:=
1_3_4 3_1_2 1_5_6 ;
set Ts[1972]:=
4_3_4 5_15_16 2_3_4 5_13_14 ;
set Ts[1973]:=
4_15_16 3_17_18 2_13_14 3_7_8 2_9_10 5_3_4 1_11_12 2_7_8 3_11_12 5_17_18 1_7_8 ;
set Ts[1974]:=
1_17_18 4_1_2 1_7_8 3_1_2 3_7_8 1_19_20 ;
set Ts[1975]:=
1_7_8 4_11_12 1_19_20 ;
set Ts[1976]:=
1_7_8 3_11_12 ;
set Ts[1977]:=
1_7_8 4_11_12 3_15_16 2_5_6 2_1_2 3_11_12 1_3_4 1_1_2 ;
set Ts[1978]:=
2_17_18 5_13_14 2_1_2 5_7_8 4_1_2 3_13_14 5_9_10 1_15_16 4_19_20 4_3_4 4_5_6 ;
set Ts[1979]:=
4_3_4 2_11_12 ;
set Ts[1980]:=
1_1_2 1_13_14 1_3_4 2_7_8 4_7_8 ;
set Ts[1981]:=
3_7_8 5_17_18 1_17_18 2_11_12 3_5_6 4_17_18 3_13_14 1_15_16 1_13_14 2_7_8 4_3_4 ;
set Ts[1982]:=
2_19_20 1_5_6 3_13_14 1_7_8 4_11_12 1_1_2 ;
set Ts[1983]:=
4_7_8 2_5_6 4_3_4 ;
set Ts[1984]:=
5_5_6 5_19_20 1_11_12 2_5_6 1_7_8 4_19_20 ;
set Ts[1985]:=
1_5_6 4_19_20 1_3_4 1_9_10 4_3_4 2_5_6 2_17_18 ;
set Ts[1986]:=
1_15_16 1_7_8 1_19_20 3_15_16 1_17_18 ;
set Ts[1987]:=
1_3_4 3_1_2 1_15_16 5_7_8 4_1_2 2_1_2 1_9_10 5_1_2 2_9_10 ;
set Ts[1988]:=
4_13_14 2_3_4 1_9_10 2_11_12 2_7_8 ;
set Ts[1989]:=
2_7_8 5_13_14 3_11_12 5_7_8 5_3_4 2_3_4 1_11_12 3_7_8 ;
set Ts[1990]:=
1_15_16 3_5_6 1_19_20 2_5_6 5_17_18 4_13_14 5_11_12 3_9_10 2_1_2 ;
set Ts[1991]:=
5_1_2 1_5_6 2_3_4 4_5_6 ;
set Ts[1992]:=
4_11_12 3_3_4 5_11_12 4_9_10 ;
set Ts[1993]:=
5_3_4 1_15_16 2_11_12 4_15_16 3_13_14 4_1_2 4_11_12 3_5_6 ;
set Ts[1994]:=
3_15_16 4_13_14 3_9_10 ;
set Ts[1995]:=
2_17_18 1_5_6 1_1_2 ;
set Ts[1996]:=
4_11_12 3_1_2 3_19_20 4_3_4 2_1_2 2_17_18 5_15_16 ;
set Ts[1997]:=
4_3_4 1_9_10 4_17_18 1_7_8 2_19_20 ;
set Ts[1998]:=
3_7_8 5_1_2 ;
set Ts[1999]:=
4_7_8 5_17_18 3_5_6 ;
set Ts[2000]:=
1_3_4 1_1_2 3_1_2 3_5_6 ;
set Ts[2001]:=
3_15_16 1_5_6 5_3_4 1_7_8 3_17_18 ;
set Ts[2002]:=
3_17_18 1_19_20 2_15_16 ;
set Ts[2003]:=
2_17_18 1_19_20 3_13_14 4_13_14 2_15_16 4_1_2 1_7_8 2_7_8 4_15_16 ;
set Ts[2004]:=
5_15_16 2_5_6 3_5_6 ;
set Ts[2005]:=
5_7_8 2_1_2 ;
set Ts[2006]:=
4_11_12 4_9_10 2_1_2 2_19_20 1_7_8 5_11_12 1_1_2 1_15_16 ;
set Ts[2007]:=
1_7_8 5_9_10 3_5_6 4_5_6 1_19_20 5_19_20 ;
set Ts[2008]:=
5_13_14 5_5_6 1_13_14 2_11_12 1_5_6 1_19_20 4_7_8 3_15_16 ;
set Ts[2009]:=
2_1_2 2_9_10 5_7_8 5_15_16 4_15_16 3_15_16 1_13_14 ;
set Ts[2010]:=
1_9_10 1_13_14 1_17_18 4_3_4 5_19_20 3_13_14 2_19_20 ;
set Ts[2011]:=
1_15_16 1_17_18 4_5_6 1_5_6 ;
set Ts[2012]:=
4_15_16 1_19_20 5_9_10 4_5_6 4_11_12 2_1_2 1_13_14 1_15_16 3_3_4 2_3_4 4_17_18 3_9_10 5_13_14 ;
set Ts[2013]:=
2_19_20 4_19_20 ;
set Ts[2014]:=
1_9_10 1_17_18 4_7_8 5_3_4 5_7_8 3_9_10 ;
set Ts[2015]:=
3_11_12 5_5_6 2_9_10 5_19_20 2_1_2 3_1_2 5_15_16 3_7_8 4_11_12 3_9_10 ;
set Ts[2016]:=
2_17_18 4_11_12 4_17_18 4_3_4 2_5_6 5_5_6 ;
set Ts[2017]:=
5_19_20 4_19_20 4_9_10 3_3_4 2_11_12 5_13_14 ;
set Ts[2018]:=
5_9_10 5_15_16 2_11_12 2_9_10 4_15_16 4_3_4 3_9_10 2_13_14 4_17_18 ;
set Ts[2019]:=
1_9_10 4_5_6 4_13_14 1_1_2 ;
set Ts[2020]:=
3_13_14 4_19_20 ;
set Ts[2021]:=
4_7_8 3_19_20 ;
set Ts[2022]:=
3_19_20 1_3_4 2_3_4 1_5_6 5_13_14 3_13_14 ;
set Ts[2023]:=
4_9_10 4_15_16 2_19_20 4_1_2 4_3_4 5_3_4 5_17_18 2_5_6 3_7_8 3_3_4 2_15_16 1_1_2 3_11_12 ;
set Ts[2024]:=
3_1_2 1_19_20 ;
set Ts[2025]:=
2_7_8 2_15_16 3_11_12 5_9_10 2_13_14 4_11_12 1_17_18 3_3_4 1_7_8 ;
set Ts[2026]:=
2_11_12 4_7_8 2_1_2 2_9_10 ;
set Ts[2027]:=
3_11_12 1_1_2 5_11_12 1_9_10 ;
set Ts[2028]:=
3_9_10 3_15_16 5_17_18 4_15_16 2_11_12 4_9_10 1_7_8 ;
set Ts[2029]:=
3_11_12 4_17_18 4_3_4 ;
set Ts[2030]:=
4_11_12 2_5_6 5_11_12 ;
set Ts[2031]:=
3_1_2 4_15_16 2_11_12 3_13_14 2_15_16 ;
set Ts[2032]:=
1_3_4 4_1_2 2_3_4 4_7_8 3_11_12 5_11_12 ;
set Ts[2033]:=
5_3_4 2_17_18 4_17_18 2_19_20 ;
set Ts[2034]:=
2_19_20 1_5_6 3_3_4 4_7_8 3_13_14 4_1_2 1_3_4 4_3_4 4_17_18 ;
set Ts[2035]:=
5_11_12 5_3_4 1_3_4 2_19_20 2_5_6 1_15_16 3_15_16 4_5_6 3_19_20 5_17_18 2_7_8 2_1_2 5_13_14 ;
set Ts[2036]:=
2_15_16 2_1_2 1_5_6 ;
set Ts[2037]:=
5_11_12 5_1_2 5_13_14 1_5_6 4_1_2 1_9_10 1_15_16 4_17_18 ;
set Ts[2038]:=
1_7_8 1_9_10 ;
set Ts[2039]:=
2_11_12 5_13_14 5_9_10 4_9_10 ;
set Ts[2040]:=
1_19_20 3_9_10 2_7_8 1_15_16 2_9_10 5_17_18 4_13_14 4_17_18 1_13_14 2_17_18 ;
set Ts[2041]:=
5_19_20 3_5_6 3_15_16 5_1_2 2_7_8 4_13_14 4_11_12 ;
set Ts[2042]:=
1_13_14 3_17_18 4_3_4 5_1_2 3_15_16 2_3_4 3_9_10 3_13_14 4_5_6 5_5_6 5_3_4 1_1_2 5_19_20 ;
set Ts[2043]:=
4_3_4 3_5_6 ;
set Ts[2044]:=
1_7_8 2_11_12 2_5_6 ;
set Ts[2045]:=
3_15_16 5_3_4 1_3_4 2_11_12 3_5_6 ;
set Ts[2046]:=
3_5_6 1_11_12 1_7_8 2_13_14 4_1_2 3_7_8 1_9_10 2_11_12 5_17_18 3_17_18 ;
set Ts[2047]:=
2_7_8 2_11_12 1_11_12 4_19_20 ;
set Ts[2048]:=
2_19_20 5_7_8 4_1_2 3_13_14 1_9_10 5_11_12 ;
set Ts[2049]:=
5_3_4 1_7_8 2_3_4 3_7_8 2_7_8 5_15_16 ;
set Ts[2050]:=
1_9_10 4_7_8 4_11_12 2_15_16 1_19_20 5_9_10 ;
set Ts[2051]:=
5_11_12 2_7_8 5_13_14 1_13_14 5_17_18 3_19_20 4_11_12 3_15_16 1_7_8 ;
set Ts[2052]:=
4_17_18 1_1_2 4_9_10 5_1_2 3_19_20 3_3_4 2_7_8 ;
set Ts[2053]:=
5_9_10 1_7_8 3_1_2 5_13_14 3_9_10 2_3_4 2_5_6 1_5_6 ;
set Ts[2054]:=
4_9_10 3_7_8 1_7_8 2_19_20 1_15_16 ;
set Ts[2055]:=
5_17_18 4_17_18 3_1_2 ;
set Ts[2056]:=
1_3_4 2_13_14 5_11_12 2_11_12 ;
set Ts[2057]:=
3_19_20 3_3_4 2_15_16 2_19_20 5_11_12 1_19_20 2_13_14 4_19_20 4_1_2 5_5_6 ;
set Ts[2058]:=
3_7_8 2_1_2 2_7_8 5_3_4 3_1_2 1_17_18 4_7_8 3_19_20 4_5_6 4_17_18 1_13_14 ;
set Ts[2059]:=
2_9_10 2_15_16 1_15_16 5_7_8 2_3_4 5_17_18 ;
set Ts[2060]:=
4_13_14 2_11_12 1_11_12 2_1_2 2_15_16 5_15_16 5_3_4 ;
set Ts[2061]:=
2_5_6 4_17_18 3_9_10 1_9_10 2_3_4 2_1_2 2_9_10 2_17_18 ;
set Ts[2062]:=
2_7_8 3_19_20 1_15_16 4_19_20 5_7_8 ;
set Ts[2063]:=
5_15_16 5_13_14 ;
set Ts[2064]:=
2_19_20 1_9_10 5_3_4 ;
set Ts[2065]:=
1_11_12 5_15_16 1_9_10 3_15_16 4_9_10 5_3_4 3_7_8 ;
set Ts[2066]:=
5_13_14 3_5_6 4_17_18 3_15_16 5_3_4 1_1_2 3_9_10 5_1_2 2_13_14 5_9_10 3_17_18 5_11_12 2_7_8 ;
set Ts[2067]:=
5_19_20 3_1_2 1_3_4 4_3_4 3_17_18 3_3_4 4_11_12 ;
set Ts[2068]:=
2_1_2 1_9_10 3_17_18 ;
set Ts[2069]:=
4_15_16 4_9_10 4_7_8 2_7_8 3_17_18 3_3_4 5_17_18 4_5_6 2_17_18 ;
set Ts[2070]:=
3_13_14 4_13_14 1_11_12 ;
set Ts[2071]:=
4_5_6 3_5_6 5_9_10 2_9_10 3_11_12 1_1_2 5_17_18 3_9_10 4_1_2 1_9_10 1_13_14 1_19_20 ;
set Ts[2072]:=
4_15_16 3_19_20 5_17_18 5_15_16 ;
set Ts[2073]:=
1_13_14 2_19_20 2_1_2 2_5_6 5_5_6 ;
set Ts[2074]:=
2_17_18 2_7_8 5_7_8 3_11_12 1_3_4 1_19_20 2_9_10 2_13_14 4_3_4 1_7_8 ;
set Ts[2075]:=
3_17_18 1_11_12 1_5_6 1_15_16 3_11_12 3_1_2 ;
set Ts[2076]:=
2_17_18 3_11_12 3_7_8 1_19_20 3_19_20 3_9_10 4_9_10 4_15_16 2_15_16 ;
set Ts[2077]:=
5_17_18 3_7_8 3_3_4 2_19_20 1_9_10 1_5_6 2_9_10 5_13_14 3_19_20 ;
set Ts[2078]:=
3_15_16 5_19_20 1_5_6 1_15_16 3_17_18 3_13_14 3_1_2 2_3_4 4_9_10 4_19_20 2_15_16 ;
set Ts[2079]:=
4_3_4 5_17_18 3_3_4 4_11_12 1_3_4 2_9_10 3_19_20 1_19_20 ;
set Ts[2080]:=
1_11_12 4_7_8 5_3_4 ;
set Ts[2081]:=
2_15_16 5_7_8 ;
set Ts[2082]:=
3_1_2 2_9_10 3_3_4 1_1_2 4_5_6 1_19_20 4_17_18 ;
set Ts[2083]:=
5_11_12 5_9_10 ;
set Ts[2084]:=
5_11_12 4_11_12 4_19_20 5_13_14 5_17_18 2_19_20 ;
set Ts[2085]:=
2_11_12 4_13_14 1_15_16 5_17_18 3_17_18 ;
set Ts[2086]:=
2_9_10 1_5_6 3_7_8 1_3_4 1_1_2 5_5_6 4_5_6 3_1_2 5_19_20 ;
set Ts[2087]:=
1_9_10 5_9_10 ;
set Ts[2088]:=
5_3_4 1_17_18 1_11_12 4_5_6 4_11_12 1_13_14 ;
set Ts[2089]:=
1_1_2 3_13_14 2_1_2 5_19_20 ;
set Ts[2090]:=
3_9_10 5_3_4 1_9_10 4_9_10 3_3_4 2_1_2 3_11_12 ;
set Ts[2091]:=
4_3_4 1_17_18 5_17_18 4_1_2 4_13_14 2_15_16 4_7_8 ;
set Ts[2092]:=
3_17_18 4_9_10 1_7_8 3_11_12 ;
set Ts[2093]:=
1_5_6 1_3_4 3_19_20 3_11_12 1_11_12 ;
set Ts[2094]:=
4_19_20 1_9_10 4_3_4 5_3_4 5_5_6 4_9_10 4_1_2 1_15_16 ;
set Ts[2095]:=
4_17_18 1_3_4 ;
set Ts[2096]:=
3_13_14 1_5_6 3_11_12 ;
set Ts[2097]:=
2_1_2 4_13_14 5_9_10 2_15_16 5_3_4 1_11_12 ;
set Ts[2098]:=
2_5_6 1_17_18 1_1_2 5_7_8 2_1_2 5_9_10 3_11_12 2_3_4 ;
set Ts[2099]:=
4_15_16 4_7_8 4_11_12 4_17_18 ;
set Ts[2100]:=
2_9_10 5_9_10 ;
set Ts[2101]:=
2_1_2 2_13_14 3_9_10 1_1_2 3_5_6 4_9_10 4_1_2 5_15_16 4_3_4 5_5_6 ;
set Ts[2102]:=
2_9_10 3_1_2 2_11_12 4_15_16 ;
set Ts[2103]:=
1_7_8 5_9_10 ;
set Ts[2104]:=
3_15_16 5_5_6 3_19_20 3_9_10 2_11_12 2_9_10 4_3_4 1_17_18 2_17_18 4_1_2 4_17_18 ;
set Ts[2105]:=
4_5_6 2_3_4 2_5_6 2_15_16 ;
set Ts[2106]:=
5_19_20 5_17_18 2_3_4 ;
set Ts[2107]:=
5_19_20 3_19_20 2_19_20 ;
set Ts[2108]:=
3_13_14 2_5_6 5_15_16 ;
set Ts[2109]:=
4_11_12 4_19_20 5_5_6 ;
set Ts[2110]:=
4_17_18 5_17_18 2_7_8 2_13_14 4_5_6 2_15_16 3_9_10 1_9_10 5_7_8 5_13_14 3_19_20 3_11_12 ;
set Ts[2111]:=
3_9_10 2_9_10 1_19_20 3_17_18 ;
set Ts[2112]:=
3_5_6 4_15_16 5_7_8 ;
set Ts[2113]:=
3_9_10 5_19_20 5_7_8 ;
set Ts[2114]:=
1_5_6 3_15_16 2_13_14 5_17_18 4_3_4 5_3_4 3_5_6 1_15_16 4_19_20 5_15_16 5_19_20 ;
set Ts[2115]:=
5_11_12 5_1_2 1_9_10 1_13_14 1_7_8 1_15_16 5_15_16 5_17_18 5_3_4 5_5_6 ;
set Ts[2116]:=
5_11_12 3_15_16 1_17_18 3_17_18 2_1_2 4_7_8 3_5_6 3_11_12 2_3_4 3_3_4 ;
set Ts[2117]:=
4_17_18 2_1_2 5_13_14 4_9_10 5_15_16 ;
set Ts[2118]:=
1_17_18 5_7_8 5_11_12 1_1_2 2_13_14 ;
set Ts[2119]:=
4_15_16 4_13_14 3_19_20 5_9_10 1_11_12 2_13_14 5_5_6 1_3_4 3_7_8 3_17_18 2_5_6 2_1_2 ;
set Ts[2120]:=
5_9_10 1_1_2 1_15_16 ;
set Ts[2121]:=
5_3_4 1_15_16 4_1_2 2_9_10 2_7_8 ;
set Ts[2122]:=
1_13_14 1_15_16 5_9_10 5_5_6 4_3_4 1_3_4 2_13_14 4_7_8 4_19_20 2_1_2 ;
set Ts[2123]:=
2_9_10 5_15_16 2_15_16 3_9_10 4_19_20 5_1_2 2_3_4 1_1_2 3_3_4 3_15_16 4_7_8 ;
set Ts[2124]:=
2_11_12 2_9_10 4_15_16 2_19_20 5_9_10 4_3_4 3_9_10 2_5_6 1_17_18 ;
set Ts[2125]:=
2_13_14 3_5_6 1_9_10 1_19_20 1_3_4 2_7_8 4_1_2 5_19_20 2_15_16 4_7_8 ;
set Ts[2126]:=
1_13_14 2_15_16 3_13_14 2_5_6 2_7_8 3_5_6 ;
set Ts[2127]:=
2_15_16 4_5_6 5_13_14 4_17_18 ;
set Ts[2128]:=
3_17_18 5_15_16 5_11_12 4_1_2 4_13_14 4_9_10 5_9_10 2_13_14 5_7_8 5_13_14 2_17_18 ;
set Ts[2129]:=
5_9_10 5_1_2 4_1_2 3_3_4 5_11_12 2_13_14 3_5_6 2_3_4 ;
set Ts[2130]:=
2_1_2 2_15_16 3_13_14 1_11_12 5_19_20 3_5_6 ;
set Ts[2131]:=
2_1_2 4_17_18 2_7_8 1_17_18 2_11_12 ;
set Ts[2132]:=
2_17_18 4_1_2 4_19_20 3_13_14 1_11_12 ;
set Ts[2133]:=
3_11_12 5_13_14 2_13_14 4_19_20 3_15_16 5_3_4 2_17_18 5_15_16 4_11_12 ;
set Ts[2134]:=
2_1_2 4_1_2 1_17_18 5_17_18 2_15_16 3_19_20 1_15_16 ;
set Ts[2135]:=
2_13_14 3_1_2 3_15_16 4_17_18 1_9_10 4_15_16 2_17_18 ;
set Ts[2136]:=
4_19_20 1_1_2 2_19_20 5_7_8 4_13_14 4_17_18 5_15_16 ;
set Ts[2137]:=
3_5_6 4_9_10 2_11_12 1_1_2 ;
set Ts[2138]:=
2_3_4 3_11_12 3_19_20 5_19_20 3_1_2 5_9_10 2_17_18 4_9_10 ;
set Ts[2139]:=
3_19_20 3_7_8 5_5_6 2_1_2 ;
set Ts[2140]:=
1_7_8 3_19_20 4_15_16 3_1_2 3_3_4 ;
set Ts[2141]:=
1_7_8 5_19_20 5_17_18 5_9_10 5_5_6 ;
set Ts[2142]:=
1_5_6 1_17_18 5_19_20 1_11_12 5_13_14 2_11_12 2_17_18 ;
set Ts[2143]:=
3_11_12 3_3_4 ;
set Ts[2144]:=
2_3_4 1_11_12 1_3_4 3_11_12 2_13_14 5_5_6 4_19_20 4_11_12 ;
set Ts[2145]:=
4_7_8 1_5_6 5_1_2 5_3_4 4_13_14 3_11_12 4_15_16 5_9_10 ;
set Ts[2146]:=
4_17_18 5_13_14 2_3_4 1_17_18 1_9_10 4_5_6 5_19_20 2_19_20 5_9_10 ;
set Ts[2147]:=
5_15_16 2_1_2 4_3_4 3_13_14 4_13_14 4_19_20 1_13_14 ;
set Ts[2148]:=
5_5_6 3_17_18 2_13_14 ;
set Ts[2149]:=
5_3_4 3_17_18 5_1_2 1_1_2 ;
set Ts[2150]:=
1_3_4 4_7_8 ;
set Ts[2151]:=
2_13_14 2_9_10 2_5_6 3_13_14 1_13_14 ;
set Ts[2152]:=
1_9_10 4_1_2 3_7_8 1_5_6 ;
set Ts[2153]:=
1_1_2 4_11_12 3_9_10 5_19_20 3_7_8 3_3_4 2_5_6 5_11_12 2_13_14 ;
set Ts[2154]:=
5_19_20 3_11_12 5_9_10 5_1_2 1_13_14 ;
set Ts[2155]:=
2_3_4 5_17_18 ;
set Ts[2156]:=
1_13_14 3_19_20 1_5_6 1_17_18 3_5_6 ;
set Ts[2157]:=
1_13_14 1_5_6 2_5_6 ;
set Ts[2158]:=
4_17_18 5_1_2 4_13_14 ;
set Ts[2159]:=
3_11_12 5_17_18 2_9_10 2_11_12 2_13_14 5_15_16 5_19_20 3_3_4 1_15_16 5_9_10 ;
set Ts[2160]:=
1_11_12 2_3_4 4_11_12 5_3_4 4_7_8 2_9_10 1_19_20 3_17_18 ;
set Ts[2161]:=
3_15_16 2_7_8 2_13_14 ;
set Ts[2162]:=
4_17_18 2_5_6 2_19_20 4_15_16 1_3_4 4_9_10 2_9_10 1_13_14 2_13_14 ;
set Ts[2163]:=
2_9_10 1_19_20 2_13_14 5_11_12 3_11_12 1_3_4 4_1_2 2_7_8 ;
set Ts[2164]:=
3_1_2 2_5_6 3_13_14 4_3_4 1_15_16 2_9_10 5_3_4 ;
set Ts[2165]:=
5_19_20 1_5_6 3_19_20 2_1_2 5_17_18 ;
set Ts[2166]:=
1_7_8 2_17_18 ;
set Ts[2167]:=
1_13_14 3_11_12 5_1_2 4_3_4 2_7_8 4_9_10 5_11_12 4_15_16 2_11_12 5_17_18 1_7_8 5_5_6 4_13_14 ;
set Ts[2168]:=
4_19_20 5_9_10 ;
set Ts[2169]:=
3_7_8 4_11_12 4_17_18 3_1_2 4_1_2 4_7_8 3_15_16 ;
set Ts[2170]:=
4_3_4 5_11_12 1_1_2 1_13_14 4_13_14 ;
set Ts[2171]:=
2_1_2 5_3_4 1_3_4 4_7_8 1_17_18 5_9_10 5_17_18 4_11_12 ;
set Ts[2172]:=
2_5_6 1_3_4 4_5_6 4_1_2 3_9_10 3_17_18 ;
set Ts[2173]:=
4_19_20 5_1_2 3_7_8 2_3_4 1_15_16 3_13_14 4_9_10 3_17_18 3_5_6 5_13_14 3_15_16 ;
set Ts[2174]:=
2_1_2 4_9_10 2_7_8 ;
set Ts[2175]:=
5_7_8 5_19_20 5_5_6 2_15_16 4_15_16 5_9_10 ;
set Ts[2176]:=
5_3_4 4_19_20 2_13_14 4_13_14 5_19_20 5_5_6 4_9_10 ;
set Ts[2177]:=
3_19_20 5_5_6 ;
set Ts[2178]:=
3_7_8 5_7_8 4_1_2 3_5_6 ;
set Ts[2179]:=
3_5_6 2_1_2 1_7_8 3_7_8 ;
set Ts[2180]:=
4_5_6 1_7_8 1_1_2 2_17_18 1_15_16 3_19_20 1_5_6 3_1_2 ;
set Ts[2181]:=
4_7_8 1_3_4 5_11_12 1_13_14 5_3_4 ;
set Ts[2182]:=
1_11_12 3_11_12 4_5_6 2_5_6 1_3_4 1_17_18 3_13_14 ;
set Ts[2183]:=
3_15_16 4_17_18 ;
set Ts[2184]:=
3_19_20 5_19_20 1_5_6 2_15_16 3_3_4 5_17_18 3_11_12 4_17_18 2_1_2 2_3_4 5_5_6 ;
set Ts[2185]:=
5_9_10 2_5_6 3_11_12 2_19_20 3_13_14 2_15_16 ;
set Ts[2186]:=
3_1_2 2_15_16 5_19_20 5_13_14 2_5_6 3_19_20 3_13_14 2_13_14 1_7_8 5_9_10 ;
set Ts[2187]:=
3_9_10 4_11_12 4_15_16 1_1_2 ;
set Ts[2188]:=
5_19_20 1_15_16 3_15_16 5_13_14 4_19_20 2_15_16 2_3_4 ;
set Ts[2189]:=
1_15_16 1_7_8 ;
set Ts[2190]:=
2_7_8 3_19_20 1_7_8 3_3_4 3_5_6 5_19_20 2_19_20 ;
set Ts[2191]:=
3_3_4 5_11_12 1_11_12 1_15_16 3_1_2 5_5_6 5_7_8 2_3_4 4_7_8 ;
set Ts[2192]:=
4_5_6 2_9_10 5_5_6 ;
set Ts[2193]:=
2_19_20 3_5_6 ;
set Ts[2194]:=
2_1_2 4_1_2 4_13_14 5_15_16 1_13_14 5_5_6 4_3_4 5_19_20 5_9_10 3_11_12 5_11_12 5_13_14 ;
set Ts[2195]:=
3_19_20 4_19_20 ;
set Ts[2196]:=
2_13_14 5_17_18 ;
set Ts[2197]:=
5_7_8 5_15_16 4_9_10 2_17_18 1_11_12 1_7_8 5_1_2 ;
set Ts[2198]:=
5_11_12 5_9_10 1_15_16 2_15_16 4_5_6 4_9_10 3_3_4 ;
set Ts[2199]:=
4_9_10 3_15_16 4_17_18 5_9_10 2_11_12 1_15_16 2_5_6 ;
set Ts[2200]:=
3_3_4 4_13_14 3_15_16 1_15_16 2_1_2 ;
set Ts[2201]:=
4_11_12 1_3_4 3_15_16 5_3_4 3_9_10 1_11_12 5_13_14 1_7_8 5_7_8 ;
set Ts[2202]:=
3_11_12 4_7_8 3_13_14 3_15_16 5_1_2 5_7_8 3_19_20 1_5_6 2_13_14 ;
set Ts[2203]:=
2_9_10 3_5_6 1_9_10 ;
set Ts[2204]:=
4_3_4 2_17_18 3_15_16 ;
set Ts[2205]:=
4_9_10 5_1_2 5_13_14 1_19_20 ;
set Ts[2206]:=
3_17_18 3_7_8 2_7_8 2_17_18 4_17_18 3_5_6 4_7_8 2_11_12 1_15_16 1_13_14 5_5_6 2_13_14 1_9_10 ;
set Ts[2207]:=
4_3_4 3_17_18 5_13_14 4_5_6 ;
set Ts[2208]:=
1_17_18 3_19_20 4_3_4 4_17_18 5_13_14 1_1_2 5_1_2 5_15_16 4_13_14 ;
set Ts[2209]:=
2_1_2 4_7_8 4_19_20 5_15_16 1_9_10 3_3_4 5_7_8 2_17_18 2_11_12 5_1_2 ;
set Ts[2210]:=
3_13_14 2_1_2 4_19_20 2_13_14 5_19_20 ;
set Ts[2211]:=
1_19_20 1_9_10 1_15_16 4_3_4 1_13_14 3_19_20 2_3_4 1_3_4 5_5_6 3_9_10 5_17_18 ;
set Ts[2212]:=
2_13_14 2_15_16 3_5_6 2_7_8 1_1_2 3_13_14 1_3_4 ;
set Ts[2213]:=
4_3_4 2_15_16 ;
set Ts[2214]:=
2_9_10 2_1_2 ;
set Ts[2215]:=
1_7_8 3_17_18 5_7_8 5_3_4 3_15_16 2_9_10 4_1_2 ;
set Ts[2216]:=
4_11_12 2_7_8 3_5_6 5_5_6 5_17_18 5_19_20 1_15_16 2_19_20 5_13_14 3_1_2 5_9_10 ;
set Ts[2217]:=
2_17_18 2_9_10 5_19_20 1_9_10 4_3_4 3_15_16 2_13_14 4_15_16 3_9_10 2_1_2 ;
set Ts[2218]:=
1_17_18 4_1_2 4_9_10 2_13_14 4_13_14 2_7_8 3_9_10 1_19_20 2_17_18 ;
set Ts[2219]:=
3_3_4 4_1_2 1_11_12 5_17_18 3_11_12 3_1_2 5_1_2 ;
set Ts[2220]:=
3_17_18 5_15_16 ;
set Ts[2221]:=
2_5_6 4_11_12 3_1_2 ;
set Ts[2222]:=
4_11_12 3_17_18 3_7_8 3_11_12 2_1_2 2_11_12 2_13_14 ;
set Ts[2223]:=
4_1_2 3_15_16 ;
set Ts[2224]:=
1_17_18 2_9_10 2_15_16 5_19_20 3_13_14 3_5_6 2_13_14 5_3_4 4_19_20 1_11_12 ;
set Ts[2225]:=
1_3_4 2_15_16 3_15_16 5_1_2 3_11_12 4_7_8 5_19_20 ;
set Ts[2226]:=
4_11_12 3_3_4 2_3_4 1_1_2 4_9_10 1_13_14 3_9_10 4_3_4 ;
set Ts[2227]:=
5_3_4 5_5_6 ;
set Ts[2228]:=
3_7_8 3_15_16 5_11_12 5_1_2 3_11_12 ;
set Ts[2229]:=
2_17_18 5_13_14 3_1_2 2_11_12 ;
set Ts[2230]:=
2_5_6 1_5_6 1_1_2 3_1_2 4_3_4 5_3_4 1_3_4 ;
set Ts[2231]:=
3_9_10 1_15_16 3_3_4 1_1_2 4_3_4 ;
set Ts[2232]:=
1_1_2 2_13_14 2_17_18 1_9_10 5_17_18 4_15_16 4_9_10 1_17_18 1_11_12 1_3_4 3_17_18 4_11_12 2_15_16 ;
set Ts[2233]:=
5_19_20 2_19_20 3_7_8 3_9_10 5_5_6 3_15_16 4_1_2 5_15_16 2_7_8 1_7_8 ;
set Ts[2234]:=
1_11_12 5_9_10 1_7_8 ;
set Ts[2235]:=
4_7_8 1_15_16 5_7_8 1_9_10 1_19_20 5_11_12 1_17_18 2_17_18 ;
set Ts[2236]:=
3_19_20 4_17_18 5_13_14 2_11_12 3_15_16 4_15_16 3_11_12 3_7_8 5_7_8 1_13_14 5_19_20 ;
set Ts[2237]:=
1_3_4 5_17_18 2_1_2 2_17_18 1_19_20 2_13_14 4_15_16 1_17_18 4_3_4 ;
set Ts[2238]:=
3_19_20 5_3_4 2_11_12 5_9_10 5_17_18 4_7_8 2_7_8 4_5_6 1_15_16 1_7_8 1_17_18 ;
set Ts[2239]:=
3_17_18 2_1_2 ;
set Ts[2240]:=
1_11_12 4_15_16 5_15_16 1_19_20 4_7_8 2_7_8 1_13_14 4_5_6 1_7_8 2_15_16 5_7_8 5_11_12 ;
set Ts[2241]:=
3_5_6 4_15_16 2_5_6 3_19_20 1_9_10 4_7_8 4_1_2 4_11_12 ;
set Ts[2242]:=
2_3_4 2_5_6 4_13_14 ;
set Ts[2243]:=
1_15_16 1_7_8 5_5_6 2_15_16 3_19_20 ;
set Ts[2244]:=
4_1_2 3_13_14 4_15_16 5_9_10 5_17_18 1_19_20 4_19_20 2_11_12 4_5_6 ;
set Ts[2245]:=
5_11_12 4_5_6 5_7_8 2_9_10 3_7_8 4_15_16 3_11_12 ;
set Ts[2246]:=
2_5_6 2_1_2 4_15_16 2_9_10 1_19_20 4_7_8 3_11_12 4_1_2 ;
set Ts[2247]:=
3_9_10 3_13_14 2_11_12 4_17_18 5_7_8 5_13_14 1_11_12 1_13_14 ;
set Ts[2248]:=
2_11_12 5_1_2 ;
set Ts[2249]:=
2_9_10 3_1_2 1_15_16 1_11_12 ;
set Ts[2250]:=
1_3_4 3_13_14 ;
set Ts[2251]:=
5_15_16 5_17_18 4_1_2 2_13_14 2_1_2 3_9_10 5_11_12 5_13_14 3_19_20 1_9_10 1_17_18 2_9_10 ;
set Ts[2252]:=
5_15_16 1_9_10 1_13_14 3_13_14 1_7_8 3_5_6 5_17_18 3_15_16 2_13_14 3_11_12 5_11_12 4_7_8 5_1_2 ;
set Ts[2253]:=
1_19_20 3_3_4 5_13_14 5_15_16 2_15_16 5_7_8 ;
set Ts[2254]:=
5_7_8 1_13_14 1_7_8 5_17_18 2_7_8 ;
set Ts[2255]:=
3_15_16 4_17_18 2_13_14 2_3_4 2_7_8 3_7_8 4_3_4 1_11_12 2_17_18 ;
set Ts[2256]:=
1_3_4 1_1_2 4_3_4 ;
set Ts[2257]:=
1_9_10 3_11_12 4_9_10 5_5_6 1_1_2 4_13_14 4_3_4 3_9_10 2_17_18 ;
set Ts[2258]:=
4_7_8 4_17_18 1_5_6 3_5_6 1_15_16 5_1_2 4_9_10 3_19_20 2_7_8 3_17_18 4_13_14 ;
set Ts[2259]:=
5_15_16 3_13_14 2_3_4 5_17_18 2_15_16 4_13_14 2_13_14 1_5_6 3_11_12 1_1_2 ;
set Ts[2260]:=
1_19_20 3_19_20 1_13_14 5_1_2 4_9_10 2_9_10 2_19_20 2_3_4 ;
set Ts[2261]:=
5_9_10 3_1_2 2_5_6 1_1_2 5_11_12 ;
set Ts[2262]:=
3_3_4 2_13_14 3_13_14 5_1_2 2_15_16 1_9_10 1_11_12 3_5_6 3_1_2 ;
set Ts[2263]:=
4_13_14 5_1_2 ;
set Ts[2264]:=
5_7_8 3_9_10 5_9_10 1_15_16 2_15_16 3_19_20 ;
set Ts[2265]:=
2_19_20 5_7_8 2_13_14 4_13_14 2_5_6 2_15_16 3_1_2 3_5_6 ;
set Ts[2266]:=
4_19_20 1_17_18 2_19_20 2_7_8 2_13_14 2_15_16 3_9_10 3_1_2 4_7_8 ;
set Ts[2267]:=
4_17_18 3_17_18 ;
set Ts[2268]:=
3_17_18 1_5_6 5_3_4 ;
set Ts[2269]:=
3_11_12 5_19_20 ;
set Ts[2270]:=
3_11_12 1_15_16 5_1_2 3_7_8 4_3_4 ;
set Ts[2271]:=
2_7_8 3_1_2 ;
set Ts[2272]:=
4_1_2 2_11_12 3_19_20 3_5_6 5_19_20 4_9_10 2_3_4 ;
set Ts[2273]:=
3_19_20 5_5_6 1_17_18 3_17_18 ;
set Ts[2274]:=
2_19_20 5_17_18 1_15_16 ;
set Ts[2275]:=
1_13_14 5_1_2 3_11_12 ;
set Ts[2276]:=
1_13_14 2_5_6 2_15_16 ;
set Ts[2277]:=
4_9_10 5_5_6 4_13_14 3_13_14 2_7_8 2_9_10 4_15_16 1_11_12 1_9_10 4_5_6 ;
set Ts[2278]:=
2_1_2 2_7_8 4_13_14 3_3_4 5_19_20 3_1_2 4_3_4 4_7_8 5_11_12 ;
set Ts[2279]:=
4_5_6 5_11_12 2_13_14 3_3_4 4_11_12 5_7_8 1_15_16 4_15_16 ;
set Ts[2280]:=
4_7_8 4_15_16 5_5_6 1_13_14 5_1_2 2_1_2 5_7_8 2_13_14 ;
set Ts[2281]:=
2_5_6 3_3_4 4_19_20 5_13_14 2_15_16 1_1_2 3_19_20 3_7_8 4_11_12 5_1_2 5_9_10 ;
set Ts[2282]:=
4_15_16 4_3_4 5_5_6 4_19_20 3_17_18 2_17_18 2_19_20 5_9_10 3_11_12 1_3_4 ;
set Ts[2283]:=
1_3_4 2_7_8 2_19_20 5_11_12 4_1_2 3_5_6 5_5_6 ;
set Ts[2284]:=
4_19_20 2_13_14 4_1_2 5_5_6 4_5_6 5_9_10 3_9_10 1_13_14 5_7_8 ;
set Ts[2285]:=
4_19_20 4_7_8 3_11_12 4_1_2 5_11_12 3_7_8 4_5_6 4_3_4 2_15_16 1_9_10 5_1_2 ;
set Ts[2286]:=
2_7_8 5_3_4 2_1_2 1_13_14 5_1_2 ;
set Ts[2287]:=
5_1_2 5_17_18 1_9_10 5_19_20 2_7_8 2_19_20 5_5_6 4_15_16 ;
set Ts[2288]:=
5_17_18 3_13_14 3_5_6 2_5_6 ;
set Ts[2289]:=
1_7_8 3_7_8 2_1_2 1_1_2 5_1_2 4_9_10 5_17_18 2_11_12 ;
set Ts[2290]:=
2_13_14 1_19_20 2_5_6 2_7_8 3_11_12 3_13_14 4_19_20 3_17_18 ;
set Ts[2291]:=
2_1_2 4_5_6 ;
set Ts[2292]:=
3_1_2 5_15_16 4_11_12 2_1_2 ;
set Ts[2293]:=
4_17_18 3_9_10 4_5_6 4_3_4 4_19_20 5_11_12 5_1_2 3_11_12 ;
set Ts[2294]:=
4_19_20 4_17_18 ;
set Ts[2295]:=
4_17_18 4_7_8 1_15_16 3_3_4 3_7_8 5_1_2 3_11_12 2_5_6 4_11_12 ;
set Ts[2296]:=
5_5_6 3_17_18 ;
set Ts[2297]:=
1_5_6 4_1_2 1_13_14 5_19_20 2_9_10 1_7_8 4_5_6 ;
set Ts[2298]:=
1_19_20 1_15_16 3_9_10 3_19_20 2_19_20 ;
set Ts[2299]:=
1_19_20 5_9_10 3_11_12 5_19_20 2_19_20 4_1_2 ;
set Ts[2300]:=
4_19_20 3_5_6 4_15_16 ;
set Ts[2301]:=
1_11_12 2_15_16 ;
set Ts[2302]:=
5_7_8 3_3_4 4_13_14 1_13_14 4_11_12 5_5_6 ;
set Ts[2303]:=
2_11_12 4_3_4 2_5_6 ;
set Ts[2304]:=
2_5_6 5_5_6 5_7_8 2_9_10 1_11_12 3_13_14 5_19_20 1_17_18 ;
set Ts[2305]:=
1_19_20 1_15_16 5_17_18 2_17_18 ;
set Ts[2306]:=
2_13_14 1_9_10 5_1_2 5_15_16 5_3_4 4_5_6 ;
set Ts[2307]:=
3_9_10 4_11_12 3_5_6 3_17_18 4_9_10 4_5_6 5_9_10 1_13_14 5_7_8 2_7_8 4_13_14 4_15_16 ;
set Ts[2308]:=
5_5_6 3_7_8 3_17_18 4_5_6 4_11_12 3_13_14 2_1_2 2_19_20 5_1_2 3_19_20 1_13_14 ;
set Ts[2309]:=
3_19_20 3_3_4 4_9_10 3_11_12 4_17_18 5_7_8 4_5_6 2_15_16 2_5_6 1_7_8 5_17_18 ;
set Ts[2310]:=
3_19_20 2_5_6 3_5_6 1_7_8 ;
set Ts[2311]:=
3_11_12 1_9_10 1_1_2 5_9_10 4_15_16 5_3_4 5_17_18 ;
set Ts[2312]:=
1_11_12 3_19_20 5_11_12 3_1_2 5_19_20 2_19_20 2_7_8 1_1_2 4_11_12 3_15_16 ;
set Ts[2313]:=
1_19_20 5_1_2 3_11_12 2_19_20 3_1_2 ;
set Ts[2314]:=
1_7_8 4_11_12 1_1_2 3_11_12 5_3_4 1_3_4 1_11_12 ;
set Ts[2315]:=
4_17_18 4_19_20 2_7_8 4_7_8 ;
set Ts[2316]:=
3_5_6 4_5_6 2_19_20 3_15_16 ;
set Ts[2317]:=
3_11_12 4_3_4 ;
set Ts[2318]:=
3_1_2 5_19_20 5_5_6 4_1_2 1_7_8 ;
set Ts[2319]:=
1_15_16 3_15_16 4_1_2 1_19_20 5_3_4 3_1_2 5_9_10 2_15_16 5_7_8 ;
set Ts[2320]:=
1_19_20 3_19_20 ;
set Ts[2321]:=
5_3_4 1_15_16 4_9_10 4_11_12 ;
set Ts[2322]:=
2_11_12 4_7_8 5_19_20 2_17_18 4_15_16 3_19_20 2_7_8 ;
set Ts[2323]:=
5_19_20 2_15_16 ;
set Ts[2324]:=
2_9_10 3_3_4 1_13_14 3_1_2 3_19_20 5_9_10 4_11_12 1_7_8 ;
set Ts[2325]:=
2_9_10 2_11_12 5_7_8 4_17_18 4_13_14 4_15_16 5_5_6 4_19_20 2_1_2 5_17_18 ;
set Ts[2326]:=
2_3_4 3_5_6 5_7_8 2_15_16 2_13_14 ;
set Ts[2327]:=
1_19_20 1_15_16 4_13_14 ;
set Ts[2328]:=
1_11_12 4_19_20 2_9_10 ;
set Ts[2329]:=
2_11_12 1_5_6 2_1_2 ;
set Ts[2330]:=
2_7_8 2_9_10 2_13_14 3_9_10 2_11_12 4_17_18 4_15_16 3_1_2 4_11_12 5_15_16 ;
set Ts[2331]:=
2_13_14 4_13_14 2_5_6 1_1_2 3_5_6 1_17_18 2_15_16 ;
set Ts[2332]:=
1_11_12 5_15_16 5_7_8 1_1_2 4_17_18 5_11_12 2_5_6 ;
set Ts[2333]:=
2_19_20 3_19_20 1_11_12 1_5_6 5_13_14 4_5_6 5_9_10 2_5_6 ;
set Ts[2334]:=
2_5_6 2_11_12 1_13_14 5_13_14 2_7_8 4_1_2 ;
set Ts[2335]:=
1_3_4 1_15_16 1_13_14 1_9_10 4_17_18 ;
set Ts[2336]:=
2_15_16 1_19_20 1_13_14 4_5_6 5_9_10 2_5_6 ;
set Ts[2337]:=
5_15_16 4_3_4 5_3_4 3_13_14 1_13_14 4_13_14 1_7_8 3_7_8 5_17_18 4_5_6 1_17_18 ;
set Ts[2338]:=
3_1_2 4_19_20 1_15_16 3_11_12 ;
set Ts[2339]:=
1_5_6 2_9_10 5_11_12 1_1_2 1_13_14 ;
set Ts[2340]:=
3_3_4 1_17_18 ;
set Ts[2341]:=
2_9_10 4_5_6 5_3_4 1_7_8 3_1_2 5_13_14 ;
set Ts[2342]:=
2_15_16 4_1_2 ;
set Ts[2343]:=
3_13_14 5_13_14 4_5_6 3_9_10 2_11_12 2_7_8 4_7_8 4_13_14 1_5_6 ;
set Ts[2344]:=
4_11_12 1_9_10 3_9_10 3_5_6 ;
set Ts[2345]:=
4_3_4 4_9_10 2_7_8 5_11_12 2_13_14 4_19_20 1_19_20 1_3_4 2_15_16 2_5_6 3_15_16 1_9_10 1_5_6 ;
set Ts[2346]:=
5_5_6 5_15_16 5_7_8 5_11_12 2_15_16 1_11_12 2_5_6 4_19_20 5_9_10 5_17_18 3_11_12 1_17_18 1_7_8 ;
set Ts[2347]:=
3_15_16 4_5_6 3_11_12 5_13_14 2_5_6 4_9_10 4_1_2 3_5_6 4_17_18 ;
set Ts[2348]:=
1_19_20 1_3_4 1_7_8 ;
set Ts[2349]:=
5_5_6 5_13_14 3_15_16 4_1_2 4_15_16 ;
set Ts[2350]:=
4_3_4 5_3_4 3_7_8 3_19_20 5_5_6 2_3_4 4_9_10 4_17_18 3_11_12 3_13_14 ;
set Ts[2351]:=
1_3_4 5_3_4 3_13_14 3_15_16 4_9_10 5_11_12 2_5_6 3_1_2 ;
set Ts[2352]:=
2_3_4 2_15_16 1_11_12 3_1_2 4_9_10 1_5_6 5_15_16 5_5_6 ;
set Ts[2353]:=
2_17_18 3_9_10 4_17_18 1_3_4 4_5_6 5_5_6 1_19_20 4_19_20 1_7_8 ;
set Ts[2354]:=
2_17_18 1_11_12 4_5_6 1_3_4 5_1_2 3_13_14 4_13_14 2_13_14 2_11_12 1_5_6 2_15_16 ;
set Ts[2355]:=
5_5_6 1_3_4 2_15_16 4_5_6 ;
set Ts[2356]:=
5_1_2 1_17_18 ;
set Ts[2357]:=
5_9_10 1_11_12 5_19_20 3_19_20 1_1_2 4_5_6 3_13_14 4_15_16 ;
set Ts[2358]:=
1_13_14 1_1_2 3_17_18 5_19_20 1_9_10 1_5_6 1_3_4 ;
set Ts[2359]:=
5_19_20 2_1_2 2_11_12 2_3_4 4_15_16 3_13_14 4_9_10 1_5_6 2_13_14 1_11_12 ;
set Ts[2360]:=
3_7_8 3_11_12 1_15_16 5_11_12 4_13_14 3_5_6 5_1_2 ;
set Ts[2361]:=
1_17_18 5_11_12 1_1_2 2_19_20 2_3_4 1_7_8 2_9_10 ;
set Ts[2362]:=
5_5_6 2_19_20 3_15_16 2_11_12 ;
set Ts[2363]:=
1_19_20 3_1_2 5_5_6 1_11_12 5_9_10 5_17_18 ;
set Ts[2364]:=
4_7_8 1_1_2 1_19_20 1_11_12 ;
set Ts[2365]:=
3_17_18 4_15_16 ;
set Ts[2366]:=
3_17_18 5_9_10 1_3_4 4_17_18 3_11_12 2_5_6 ;
set Ts[2367]:=
3_13_14 3_1_2 3_9_10 2_13_14 5_3_4 1_3_4 2_19_20 5_19_20 1_7_8 ;
set Ts[2368]:=
3_3_4 1_3_4 2_17_18 3_17_18 1_13_14 1_17_18 1_19_20 4_9_10 2_3_4 ;
set Ts[2369]:=
2_5_6 3_19_20 2_13_14 3_15_16 4_5_6 3_7_8 1_7_8 ;
set Ts[2370]:=
2_9_10 4_3_4 4_17_18 ;
set Ts[2371]:=
3_5_6 4_1_2 5_17_18 3_3_4 2_19_20 4_13_14 ;
set Ts[2372]:=
3_15_16 2_1_2 4_3_4 4_15_16 3_5_6 2_11_12 3_13_14 4_1_2 4_7_8 4_11_12 3_11_12 ;
set Ts[2373]:=
5_13_14 1_1_2 4_5_6 4_19_20 4_9_10 1_13_14 2_13_14 2_11_12 ;
set Ts[2374]:=
5_1_2 5_5_6 5_3_4 1_3_4 1_5_6 4_11_12 3_9_10 ;
set Ts[2375]:=
2_3_4 2_7_8 3_9_10 4_1_2 ;
set Ts[2376]:=
2_19_20 1_15_16 3_13_14 4_1_2 1_17_18 4_9_10 1_3_4 5_15_16 5_13_14 ;
set Ts[2377]:=
5_1_2 4_1_2 2_11_12 1_13_14 2_15_16 4_3_4 3_3_4 ;
set Ts[2378]:=
2_17_18 5_17_18 4_5_6 3_17_18 ;
set Ts[2379]:=
4_11_12 2_5_6 1_15_16 5_17_18 5_3_4 1_3_4 2_1_2 2_19_20 2_13_14 3_1_2 ;
set Ts[2380]:=
1_5_6 5_15_16 3_7_8 5_19_20 ;
set Ts[2381]:=
3_11_12 3_5_6 5_9_10 2_19_20 4_9_10 5_11_12 5_13_14 2_5_6 ;
set Ts[2382]:=
4_1_2 5_11_12 3_3_4 ;
set Ts[2383]:=
5_5_6 4_17_18 1_9_10 2_7_8 ;
set Ts[2384]:=
4_19_20 5_5_6 3_9_10 4_13_14 4_7_8 1_17_18 1_9_10 5_3_4 5_15_16 1_3_4 5_1_2 3_3_4 ;
set Ts[2385]:=
2_3_4 4_19_20 2_17_18 ;
set Ts[2386]:=
1_1_2 3_13_14 3_7_8 1_3_4 5_1_2 ;
set Ts[2387]:=
1_9_10 4_15_16 1_5_6 1_11_12 1_3_4 4_7_8 5_5_6 2_1_2 3_9_10 5_3_4 3_3_4 2_5_6 ;
set Ts[2388]:=
5_13_14 2_19_20 2_1_2 5_1_2 1_15_16 3_9_10 1_11_12 1_19_20 4_13_14 2_7_8 4_9_10 ;
set Ts[2389]:=
2_9_10 3_19_20 ;
set Ts[2390]:=
2_17_18 1_17_18 5_1_2 2_19_20 2_5_6 5_9_10 3_15_16 ;
set Ts[2391]:=
1_3_4 4_13_14 3_11_12 4_7_8 1_5_6 2_5_6 4_3_4 5_17_18 5_1_2 3_7_8 1_13_14 ;
set Ts[2392]:=
4_15_16 3_1_2 1_7_8 1_17_18 1_11_12 4_9_10 1_13_14 1_9_10 1_1_2 3_11_12 2_7_8 3_17_18 2_5_6 ;
set Ts[2393]:=
3_1_2 1_1_2 1_17_18 1_11_12 5_1_2 5_3_4 ;
set Ts[2394]:=
5_17_18 5_13_14 2_3_4 ;
set Ts[2395]:=
5_5_6 5_3_4 4_13_14 ;
set Ts[2396]:=
5_1_2 1_17_18 3_9_10 4_17_18 ;
set Ts[2397]:=
1_17_18 5_13_14 1_13_14 4_17_18 4_13_14 1_7_8 5_11_12 ;
set Ts[2398]:=
2_11_12 2_17_18 3_3_4 4_7_8 2_15_16 2_5_6 1_3_4 3_17_18 ;
set Ts[2399]:=
3_9_10 2_11_12 1_1_2 5_5_6 4_3_4 4_15_16 ;
set Ts[2400]:=
2_17_18 5_5_6 5_1_2 1_15_16 4_9_10 3_13_14 5_15_16 1_1_2 ;

param rho:=
1 60
2 60
3 60
4 60
5 60
6 60
7 60
8 60
9 60
10 60
11 60
12 60
13 60
14 60
15 60
16 60
17 60
18 60
19 60
20 60
21 60
22 60
23 60
24 60
25 60
26 60
27 60
28 60
29 60
30 60
31 60
32 60
33 60
34 60
35 60
36 60
37 60
38 60
39 60
40 60
41 60
42 60
43 60
44 60
45 60
46 60
47 60
48 60
49 60
50 60
;

param sigma_class:=
1 6
2 4
3 14
4 20
5 12
6 13
7 4
8 5
9 18
10 6
11 4
13 9
14 18
15 3
16 9
17 22
19 30
20 7
21 20
22 14
23 22
24 7
25 10
26 16
27 16
28 8
29 27
30 11
31 9
32 15
33 12
34 15
35 14
36 15
38 19
39 16
40 28
41 14
42 38
43 4
44 13
46 13
47 30
48 34
49 27
50 11
51 14
52 30
53 5
54 17
55 21
56 26
57 13
58 26
59 17
60 11
61 2
62 8
63 24
64 24
65 15
66 32
67 21
68 10
69 15
70 16
71 5
72 37
73 16
74 13
75 20
76 14
77 17
78 18
79 10
80 42
81 6
82 32
83 5
84 18
85 4
86 4
87 11
88 20
89 12
90 7
91 25
92 6
94 11
95 5
96 6
97 8
98 11
99 9
100 11
101 10
102 6
103 8
104 6
106 6
107 12
108 16
109 25
111 10
112 40
113 7
114 5
115 36
116 6
117 5
118 7
119 13
120 22
121 24
123 12
124 7
125 27
126 17
127 11
128 4
129 13
130 13
131 43
132 17
133 20
134 5
135 32
136 37
138 23
139 15
141 10
143 7
144 9
145 13
146 19
147 16
148 4
149 6
150 12
151 16
152 8
153 3
154 7
155 4
156 26
157 10
159 10
160 18
161 7
162 6
163 4
164 10
165 8
166 26
168 15
169 26
170 14
171 25
173 40
174 8
175 40
176 32
177 25
178 20
179 10
180 12
181 15
182 12
183 14
184 4
185 11
186 11
187 4
188 5
189 18
190 19
191 15
192 32
194 30
195 26
196 25
197 10
198 19
199 61
201 28
202 21
203 18
204 21
205 18
207 33
209 5
210 5
211 18
212 16
213 17
214 25
215 9
216 24
218 14
219 24
221 40
222 29
223 5
225 22
227 22
228 39
229 15
230 8
231 28
232 10
233 11
234 16
235 8
236 27
237 12
238 47
239 18
240 27
241 15
242 22
243 11
244 14
245 8
246 26
248 27
249 14
250 10
251 7
252 12
253 29
254 6
255 5
256 7
257 22
258 20
259 38
260 7
261 24
262 22
263 17
264 18
265 54
266 13
267 23
268 25
270 10
271 24
272 9
273 21
274 15
275 1
276 7
277 7
278 9
279 12
280 13
281 26
282 18
283 19
284 17
285 30
286 34
288 15
289 23
290 4
291 19
292 16
293 12
295 5
296 12
297 19
298 6
299 22
300 36
301 20
302 27
303 22
304 8
305 15
306 2
307 13
308 5
309 33
310 20
311 6
312 4
313 11
314 19
315 18
316 13
317 15
318 21
319 11
320 7
321 42
322 4
323 14
324 11
325 3
326 4
327 18
328 7
329 12
330 8
331 20
332 11
333 5
334 23
335 17
336 19
337 4
338 6
339 26
342 12
343 17
344 20
345 26
346 16
347 22
349 15
350 21
351 10
352 17
353 27
354 4
355 4
356 12
357 9
358 24
359 7
360 6
361 15
362 27
363 15
364 15
365 7
366 31
367 28
369 8
371 13
372 3
373 9
374 5
375 11
376 23
377 16
378 10
379 9
380 9
381 6
382 23
383 14
384 24
385 15
386 29
387 26
388 30
389 5
390 20
391 5
393 12
394 15
395 22
396 14
397 13
398 8
401 12
402 10
403 16
404 12
405 14
406 12
407 9
408 3
409 12
410 15
411 15
412 17
413 11
414 8
415 8
417 10
418 9
419 4
420 15
421 13
422 15
424 9
425 13
426 17
427 13
428 21
429 7
431 9
432 16
433 25
434 7
435 13
436 11
437 21
438 15
439 33
441 11
442 34
443 15
444 18
445 9
446 32
447 6
448 5
449 9
450 14
451 12
452 4
453 12
455 14
456 11
457 23
458 17
459 28
460 6
461 14
462 13
463 17
464 26
465 30
466 8
467 4
469 6
470 3
471 5
472 19
474 31
475 22
476 31
477 8
478 14
480 6
481 11
483 5
484 3
485 16
486 28
487 22
488 15
489 8
490 30
491 36
492 14
493 6
494 10
495 14
496 17
497 32
498 9
499 26
500 20
501 14
502 12
503 15
504 10
505 24
506 17
507 16
508 24
509 8
511 13
512 6
513 11
514 25
515 3
516 6
517 13
518 8
519 10
520 7
521 11
522 20
523 16
525 12
526 30
527 21
528 18
529 18
530 17
531 12
532 27
533 13
534 12
535 11
536 4
537 9
538 32
539 21
540 13
541 8
542 5
543 14
544 4
545 31
546 22
547 6
549 3
551 19
552 25
553 19
554 15
555 8
556 4
557 22
558 29
559 26
560 13
561 24
563 24
564 10
565 31
566 15
567 16
568 15
569 11
570 4
571 7
572 22
573 15
575 26
576 7
577 6
578 23
579 3
580 5
582 8
583 25
584 14
585 28
586 14
587 36
588 5
589 11
590 3
591 15
592 4
593 17
594 25
595 12
596 9
597 5
598 11
599 18
600 17
601 27
602 20
603 10
604 13
605 23
606 8
607 21
608 30
609 15
611 9
612 19
613 8
614 12
615 50
616 21
617 30
618 12
619 4
620 15
621 13
622 7
623 33
624 16
625 5
626 19
627 40
628 19
629 37
630 18
631 20
632 4
633 11
634 19
635 6
636 36
637 10
639 7
640 21
641 40
642 22
643 20
644 3
645 37
646 6
647 11
648 5
650 24
651 34
652 6
653 10
654 21
655 13
656 21
658 51
660 6
661 17
662 6
663 18
664 16
665 12
666 13
667 21
668 10
669 10
670 13
671 22
672 7
673 26
674 39
675 14
676 5
677 18
678 1
679 22
680 6
681 13
682 12
683 16
684 1
685 5
686 9
688 31
691 3
693 21
694 12
695 12
696 16
697 30
698 19
699 3
701 31
702 20
703 18
704 3
705 18
706 10
707 24
708 20
709 5
710 20
711 21
712 9
713 9
714 10
715 43
717 12
718 9
719 28
720 22
721 15
723 18
726 4
727 14
729 28
731 10
732 20
733 11
735 11
736 2
737 19
738 9
739 15
740 20
741 22
742 10
743 17
744 41
745 22
748 21
749 17
750 12
751 5
752 21
753 15
754 8
755 21
756 7
757 15
758 24
759 18
760 28
761 3
762 5
763 35
764 36
765 26
766 9
767 9
768 7
769 3
770 16
772 49
773 7
774 16
775 17
776 13
777 23
779 13
780 23
781 23
782 11
783 45
784 24
785 37
786 29
788 18
789 21
790 26
791 8
792 6
793 9
794 9
795 7
797 27
798 24
799 11
800 16
801 18
802 12
803 30
804 29
805 14
806 6
807 7
808 2
809 10
810 34
811 29
812 19
813 9
814 13
815 12
816 7
817 23
818 13
819 36
820 21
821 22
822 7
823 13
824 6
826 20
827 14
828 8
829 9
830 26
831 33
832 4
833 8
834 15
835 20
836 38
838 12
839 7
840 11
842 8
844 27
845 26
846 6
847 21
848 11
849 15
850 6
851 22
856 21
857 7
858 14
859 18
860 12
861 23
862 15
863 16
864 7
865 18
866 40
869 31
870 10
871 12
872 12
874 24
875 14
876 15
877 7
878 16
879 6
880 17
881 23
882 18
883 35
884 13
885 16
886 36
887 8
888 29
889 17
890 23
891 14
893 14
894 7
895 5
896 17
897 16
898 17
899 14
900 43
901 32
902 31
903 4
904 9
905 8
906 16
907 31
908 12
909 19
910 4
911 6
912 16
913 16
915 11
916 18
917 16
918 12
919 14
920 5
922 3
923 5
924 27
926 7
927 33
928 18
929 22
930 24
931 17
932 22
933 5
934 17
935 3
936 5
937 7
938 8
939 21
940 13
941 25
942 35
944 19
945 18
946 41
947 7
948 12
949 7
950 6
951 5
953 54
954 13
955 24
956 10
957 18
958 16
960 5
961 13
962 5
963 29
964 10
965 7
966 6
967 23
968 5
969 7
971 9
972 14
973 11
974 5
975 17
977 30
978 8
979 7
980 7
981 13
982 18
983 14
984 6
986 14
987 31
988 24
989 2
990 3
991 9
992 11
993 16
994 8
995 8
996 24
997 4
998 14
999 11
1000 11
;

param kmin:=
1 3
2 3
3 3
4 3
5 3
6 2
7 3
8 2
9 3
10 3
11 2
12 3
13 3
14 3
15 3
16 3
17 3
18 2
19 3
20 3
21 3
22 2
23 3
24 3
25 2
26 3
27 2
28 2
29 3
30 2
31 3
32 3
33 3
34 3
35 3
36 2
37 3
38 2
39 3
40 3
41 3
42 3
43 3
44 2
45 3
46 3
47 2
48 3
49 2
50 3
51 3
52 3
53 3
54 3
55 3
56 3
57 3
58 2
59 2
60 3
61 3
62 3
63 3
64 3
65 3
66 3
67 2
68 2
69 3
70 3
71 2
72 2
73 2
74 2
75 3
76 2
77 3
78 2
79 3
80 3
81 3
82 3
83 3
84 2
85 3
86 3
87 3
88 3
89 2
90 3
91 3
92 3
93 3
94 3
95 2
96 2
97 3
98 2
99 3
100 3
101 3
102 3
103 3
104 3
105 3
106 3
107 3
108 2
109 3
110 2
111 2
112 2
113 3
114 2
115 3
116 3
117 3
118 2
119 3
120 2
121 2
122 2
123 2
124 3
125 2
126 2
127 2
128 3
129 3
130 3
131 3
132 3
133 3
134 2
135 2
136 3
137 3
138 3
139 3
140 2
141 3
142 2
143 3
144 3
145 3
146 3
147 3
148 3
149 3
150 2
151 2
152 3
153 3
154 3
155 2
156 2
157 2
158 3
159 3
160 2
161 2
162 3
163 3
164 3
165 3
166 3
167 3
168 3
169 3
170 3
171 3
172 3
173 2
174 3
175 3
176 3
177 3
178 2
179 2
180 2
181 3
182 2
183 3
184 2
185 3
186 3
187 3
188 3
189 2
190 2
191 2
192 2
193 3
194 2
195 3
196 3
197 3
198 3
199 3
200 2
201 3
202 3
203 3
204 3
205 3
206 3
207 3
208 3
209 3
210 3
211 2
212 2
213 3
214 3
215 3
216 3
217 3
218 3
219 2
220 2
221 3
222 2
223 3
224 3
225 2
226 2
227 3
228 3
229 2
230 2
231 3
232 3
233 3
234 2
235 2
236 2
237 2
238 2
239 3
240 2
241 3
242 3
243 2
244 2
245 3
246 3
247 3
248 2
249 3
250 3
251 2
252 3
253 3
254 2
255 3
256 3
257 3
258 2
259 3
260 3
261 2
262 3
263 3
264 2
265 3
266 3
267 3
268 2
269 3
270 2
271 3
272 3
273 2
274 2
275 3
276 2
277 2
278 2
279 2
280 3
281 3
282 2
283 3
284 3
285 3
286 3
287 3
288 3
289 3
290 3
291 3
292 3
293 3
294 3
295 3
296 2
297 2
298 3
299 2
300 2
301 3
302 2
303 3
304 2
305 3
306 3
307 3
308 2
309 3
310 3
311 3
312 3
313 3
314 3
315 3
316 2
317 3
318 3
319 2
320 3
321 2
322 2
323 2
324 3
325 3
326 2
327 2
328 2
329 3
330 2
331 3
332 3
333 3
334 3
335 3
336 3
337 2
338 3
339 3
340 3
341 3
342 2
343 2
344 3
345 3
346 2
347 3
348 2
349 3
350 3
351 2
352 3
353 3
354 3
355 3
356 2
357 2
358 3
359 3
360 3
361 3
362 3
363 2
364 3
365 3
366 3
367 2
368 3
369 3
370 2
371 3
372 3
373 3
374 3
375 2
376 3
377 3
378 3
379 2
380 3
381 3
382 3
383 2
384 3
385 2
386 3
387 2
388 2
389 3
390 3
391 3
392 2
393 2
394 3
395 2
396 3
397 2
398 3
399 3
400 3
401 3
402 2
403 3
404 2
405 3
406 3
407 2
408 3
409 3
410 3
411 3
412 2
413 3
414 2
415 3
416 3
417 2
418 2
419 3
420 3
421 3
422 3
423 3
424 2
425 3
426 3
427 3
428 3
429 3
430 2
431 2
432 3
433 2
434 3
435 2
436 3
437 2
438 3
439 3
440 3
441 2
442 3
443 3
444 3
445 3
446 3
447 3
448 2
449 3
450 2
451 2
452 3
453 3
454 3
455 3
456 3
457 3
458 2
459 3
460 2
461 3
462 3
463 3
464 2
465 2
466 3
467 3
468 3
469 2
470 3
471 3
472 3
473 3
474 2
475 3
476 2
477 3
478 2
479 3
480 2
481 2
482 2
483 3
484 3
485 2
486 3
487 3
488 3
489 3
490 3
491 2
492 2
493 3
494 3
495 2
496 3
497 2
498 3
499 3
500 3
501 2
502 3
503 2
504 3
505 2
506 3
507 3
508 3
509 2
510 3
511 3
512 2
513 2
514 3
515 3
516 3
517 3
518 2
519 3
520 3
521 3
522 3
523 3
524 3
525 3
526 3
527 3
528 2
529 3
530 3
531 3
532 3
533 3
534 3
535 2
536 3
537 2
538 3
539 2
540 3
541 3
542 3
543 3
544 2
545 3
546 3
547 3
548 3
549 3
550 2
551 2
552 3
553 3
554 3
555 3
556 3
557 2
558 2
559 3
560 2
561 3
562 3
563 2
564 3
565 2
566 3
567 3
568 3
569 3
570 3
571 2
572 3
573 3
574 3
575 3
576 2
577 2
578 2
579 2
580 3
581 3
582 2
583 2
584 3
585 2
586 3
587 3
588 3
589 3
590 2
591 3
592 3
593 3
594 3
595 3
596 3
597 2
598 3
599 3
600 2
601 3
602 2
603 3
604 3
605 3
606 3
607 3
608 2
609 3
610 2
611 3
612 3
613 3
614 3
615 3
616 2
617 3
618 3
619 2
620 3
621 3
622 3
623 3
624 3
625 3
626 3
627 2
628 3
629 3
630 3
631 2
632 3
633 3
634 2
635 3
636 3
637 3
638 2
639 3
640 3
641 3
642 3
643 3
644 3
645 2
646 2
647 3
648 2
649 2
650 3
651 3
652 3
653 3
654 3
655 3
656 2
657 3
658 3
659 2
660 3
661 3
662 2
663 2
664 3
665 2
666 3
667 3
668 3
669 3
670 2
671 3
672 3
673 2
674 2
675 3
676 3
677 3
678 3
679 2
680 3
681 2
682 3
683 2
684 2
685 3
686 3
687 3
688 2
689 3
690 3
691 3
692 2
693 2
694 3
695 3
696 3
697 3
698 3
699 2
700 2
701 2
702 3
703 2
704 2
705 3
706 3
707 2
708 2
709 3
710 3
711 3
712 3
713 3
714 3
715 3
716 2
717 3
718 2
719 3
720 3
721 3
722 3
723 3
724 2
725 3
726 3
727 3
728 3
729 3
730 2
731 3
732 3
733 2
734 3
735 3
736 2
737 2
738 2
739 2
740 2
741 2
742 2
743 2
744 3
745 3
746 3
747 2
748 3
749 3
750 3
751 2
752 3
753 3
754 2
755 2
756 2
757 3
758 3
759 3
760 2
761 2
762 2
763 3
764 3
765 2
766 3
767 3
768 3
769 2
770 3
771 2
772 3
773 3
774 3
775 3
776 2
777 2
778 2
779 3
780 3
781 3
782 3
783 3
784 2
785 2
786 3
787 2
788 3
789 3
790 3
791 3
792 3
793 3
794 2
795 2
796 3
797 2
798 3
799 2
800 2
801 2
802 3
803 3
804 3
805 3
806 2
807 2
808 3
809 3
810 2
811 2
812 3
813 3
814 2
815 2
816 3
817 3
818 3
819 2
820 3
821 2
822 3
823 3
824 2
825 3
826 3
827 3
828 3
829 3
830 3
831 3
832 2
833 2
834 3
835 2
836 3
837 3
838 3
839 3
840 2
841 3
842 3
843 2
844 3
845 3
846 3
847 2
848 2
849 3
850 2
851 3
852 3
853 2
854 2
855 2
856 3
857 3
858 3
859 2
860 3
861 3
862 2
863 3
864 2
865 3
866 3
867 2
868 3
869 2
870 2
871 2
872 3
873 2
874 3
875 3
876 2
877 3
878 3
879 3
880 2
881 2
882 3
883 3
884 3
885 2
886 3
887 2
888 2
889 3
890 3
891 2
892 3
893 3
894 3
895 2
896 3
897 2
898 2
899 3
900 3
901 3
902 2
903 3
904 3
905 3
906 3
907 2
908 3
909 3
910 2
911 2
912 2
913 2
914 3
915 3
916 3
917 2
918 3
919 3
920 2
921 3
922 2
923 3
924 2
925 3
926 2
927 2
928 2
929 2
930 3
931 3
932 2
933 3
934 2
935 2
936 3
937 3
938 3
939 2
940 2
941 3
942 2
943 2
944 2
945 2
946 2
947 3
948 2
949 3
950 3
951 2
952 3
953 3
954 3
955 3
956 3
957 2
958 2
959 3
960 3
961 2
962 3
963 2
964 3
965 3
966 3
967 3
968 3
969 3
970 2
971 3
972 3
973 3
974 2
975 3
976 3
977 2
978 3
979 3
980 3
981 3
982 3
983 2
984 2
985 3
986 3
987 3
988 3
989 2
990 3
991 2
992 3
993 2
994 3
995 3
996 2
997 3
998 3
999 3
1000 2
1001 3
1002 3
1003 2
1004 3
1005 2
1006 3
1007 3
1008 2
1009 3
1010 3
1011 2
1012 3
1013 3
1014 2
1015 3
1016 3
1017 2
1018 3
1019 2
1020 3
1021 3
1022 3
1023 3
1024 3
1025 3
1026 3
1027 3
1028 3
1029 3
1030 2
1031 2
1032 2
1033 3
1034 3
1035 3
1036 2
1037 3
1038 3
1039 3
1040 2
1041 2
1042 3
1043 2
1044 3
1045 2
1046 3
1047 3
1048 3
1049 3
1050 2
1051 3
1052 2
1053 3
1054 2
1055 3
1056 3
1057 3
1058 2
1059 3
1060 3
1061 2
1062 3
1063 3
1064 3
1065 2
1066 2
1067 2
1068 3
1069 3
1070 2
1071 3
1072 3
1073 2
1074 3
1075 3
1076 3
1077 3
1078 3
1079 3
1080 3
1081 3
1082 3
1083 3
1084 2
1085 3
1086 2
1087 2
1088 3
1089 3
1090 3
1091 2
1092 2
1093 2
1094 3
1095 3
1096 3
1097 3
1098 2
1099 2
1100 3
1101 3
1102 3
1103 2
1104 3
1105 3
1106 3
1107 2
1108 3
1109 3
1110 3
1111 3
1112 3
1113 3
1114 3
1115 3
1116 3
1117 3
1118 2
1119 2
1120 3
1121 2
1122 2
1123 3
1124 3
1125 2
1126 3
1127 3
1128 3
1129 2
1130 3
1131 3
1132 3
1133 2
1134 2
1135 2
1136 3
1137 3
1138 3
1139 2
1140 3
1141 3
1142 3
1143 3
1144 3
1145 2
1146 3
1147 2
1148 2
1149 2
1150 3
1151 3
1152 3
1153 3
1154 2
1155 3
1156 2
1157 3
1158 2
1159 3
1160 2
1161 3
1162 2
1163 2
1164 3
1165 2
1166 3
1167 3
1168 3
1169 3
1170 3
1171 3
1172 2
1173 2
1174 3
1175 2
1176 2
1177 3
1178 2
1179 2
1180 3
1181 3
1182 3
1183 3
1184 2
1185 3
1186 2
1187 2
1188 2
1189 2
1190 3
1191 3
1192 3
1193 3
1194 2
1195 2
1196 3
1197 3
1198 3
1199 3
1200 3
1201 2
1202 2
1203 3
1204 3
1205 3
1206 2
1207 3
1208 3
1209 3
1210 2
1211 3
1212 2
1213 3
1214 2
1215 2
1216 3
1217 2
1218 2
1219 3
1220 2
1221 2
1222 3
1223 3
1224 3
1225 2
1226 3
1227 3
1228 2
1229 3
1230 2
1231 3
1232 3
1233 3
1234 2
1235 2
1236 2
1237 3
1238 2
1239 2
1240 2
1241 3
1242 2
1243 3
1244 2
1245 3
1246 2
1247 3
1248 3
1249 3
1250 3
1251 3
1252 3
1253 2
1254 2
1255 3
1256 3
1257 3
1258 3
1259 3
1260 3
1261 3
1262 2
1263 3
1264 3
1265 3
1266 3
1267 2
1268 2
1269 2
1270 2
1271 3
1272 2
1273 3
1274 3
1275 2
1276 3
1277 2
1278 2
1279 2
1280 3
1281 3
1282 3
1283 3
1284 3
1285 3
1286 3
1287 3
1288 3
1289 3
1290 3
1291 3
1292 3
1293 3
1294 3
1295 3
1296 2
1297 2
1298 3
1299 3
1300 3
1301 2
1302 2
1303 3
1304 3
1305 2
1306 2
1307 3
1308 3
1309 3
1310 3
1311 3
1312 2
1313 3
1314 3
1315 2
1316 2
1317 3
1318 2
1319 2
1320 2
1321 3
1322 3
1323 3
1324 2
1325 2
1326 3
1327 3
1328 3
1329 3
1330 3
1331 3
1332 2
1333 2
1334 2
1335 2
1336 2
1337 3
1338 2
1339 3
1340 2
1341 3
1342 2
1343 2
1344 3
1345 2
1346 2
1347 3
1348 3
1349 2
1350 3
1351 2
1352 3
1353 3
1354 3
1355 3
1356 3
1357 2
1358 3
1359 2
1360 3
1361 3
1362 3
1363 2
1364 3
1365 3
1366 3
1367 2
1368 3
1369 2
1370 2
1371 3
1372 3
1373 2
1374 2
1375 3
1376 2
1377 2
1378 2
1379 2
1380 2
1381 3
1382 3
1383 3
1384 3
1385 3
1386 3
1387 3
1388 3
1389 2
1390 3
1391 3
1392 2
1393 2
1394 2
1395 3
1396 2
1397 2
1398 2
1399 3
1400 2
1401 2
1402 3
1403 2
1404 3
1405 3
1406 3
1407 2
1408 3
1409 3
1410 3
1411 2
1412 3
1413 3
1414 2
1415 2
1416 3
1417 2
1418 3
1419 3
1420 2
1421 3
1422 2
1423 3
1424 3
1425 3
1426 3
1427 3
1428 3
1429 2
1430 3
1431 2
1432 3
1433 2
1434 3
1435 3
1436 3
1437 2
1438 2
1439 3
1440 3
1441 3
1442 3
1443 2
1444 2
1445 3
1446 2
1447 3
1448 3
1449 3
1450 3
1451 3
1452 3
1453 2
1454 3
1455 2
1456 2
1457 3
1458 2
1459 3
1460 3
1461 2
1462 2
1463 2
1464 3
1465 2
1466 3
1467 3
1468 3
1469 3
1470 2
1471 2
1472 3
1473 3
1474 3
1475 3
1476 3
1477 3
1478 2
1479 3
1480 3
1481 3
1482 3
1483 3
1484 3
1485 3
1486 3
1487 3
1488 3
1489 2
1490 3
1491 3
1492 3
1493 2
1494 3
1495 2
1496 3
1497 3
1498 3
1499 2
1500 3
1501 3
1502 3
1503 3
1504 2
1505 3
1506 3
1507 2
1508 3
1509 3
1510 2
1511 3
1512 3
1513 3
1514 3
1515 2
1516 2
1517 2
1518 2
1519 3
1520 2
1521 3
1522 3
1523 3
1524 3
1525 3
1526 2
1527 3
1528 2
1529 2
1530 3
1531 2
1532 3
1533 2
1534 3
1535 3
1536 3
1537 2
1538 2
1539 3
1540 2
1541 3
1542 3
1543 3
1544 2
1545 3
1546 2
1547 2
1548 3
1549 3
1550 3
1551 3
1552 3
1553 3
1554 3
1555 3
1556 3
1557 3
1558 2
1559 3
1560 3
1561 3
1562 3
1563 3
1564 3
1565 3
1566 3
1567 2
1568 3
1569 3
1570 2
1571 3
1572 3
1573 3
1574 3
1575 3
1576 3
1577 3
1578 2
1579 3
1580 3
1581 3
1582 2
1583 3
1584 3
1585 3
1586 3
1587 3
1588 2
1589 2
1590 3
1591 2
1592 3
1593 2
1594 3
1595 3
1596 2
1597 2
1598 3
1599 3
1600 3
1601 3
1602 2
1603 2
1604 3
1605 3
1606 2
1607 2
1608 2
1609 2
1610 3
1611 2
1612 3
1613 3
1614 3
1615 3
1616 3
1617 2
1618 2
1619 3
1620 3
1621 3
1622 3
1623 2
1624 3
1625 2
1626 3
1627 2
1628 3
1629 3
1630 3
1631 3
1632 2
1633 3
1634 2
1635 3
1636 3
1637 3
1638 3
1639 2
1640 3
1641 3
1642 3
1643 3
1644 2
1645 3
1646 3
1647 2
1648 2
1649 2
1650 2
1651 2
1652 3
1653 2
1654 3
1655 3
1656 3
1657 3
1658 2
1659 3
1660 3
1661 3
1662 2
1663 3
1664 2
1665 2
1666 3
1667 2
1668 3
1669 3
1670 2
1671 3
1672 3
1673 3
1674 3
1675 2
1676 3
1677 2
1678 3
1679 3
1680 3
1681 3
1682 3
1683 3
1684 3
1685 3
1686 3
1687 2
1688 3
1689 2
1690 2
1691 3
1692 3
1693 3
1694 2
1695 2
1696 2
1697 3
1698 2
1699 3
1700 2
1701 3
1702 2
1703 3
1704 3
1705 2
1706 3
1707 3
1708 2
1709 2
1710 3
1711 3
1712 2
1713 3
1714 3
1715 3
1716 3
1717 3
1718 3
1719 2
1720 3
1721 3
1722 3
1723 3
1724 3
1725 2
1726 3
1727 2
1728 2
1729 3
1730 2
1731 3
1732 3
1733 3
1734 3
1735 2
1736 3
1737 3
1738 2
1739 3
1740 3
1741 3
1742 3
1743 3
1744 2
1745 3
1746 3
1747 3
1748 2
1749 2
1750 2
1751 3
1752 3
1753 3
1754 3
1755 3
1756 3
1757 3
1758 2
1759 3
1760 2
1761 3
1762 2
1763 2
1764 3
1765 2
1766 3
1767 3
1768 2
1769 3
1770 2
1771 2
1772 3
1773 2
1774 3
1775 2
1776 3
1777 2
1778 3
1779 3
1780 2
1781 3
1782 3
1783 3
1784 3
1785 3
1786 2
1787 2
1788 3
1789 2
1790 3
1791 3
1792 2
1793 2
1794 3
1795 2
1796 3
1797 2
1798 2
1799 3
1800 2
1801 3
1802 2
1803 2
1804 3
1805 2
1806 2
1807 3
1808 3
1809 3
1810 3
1811 3
1812 2
1813 3
1814 3
1815 2
1816 3
1817 3
1818 3
1819 3
1820 3
1821 3
1822 2
1823 3
1824 2
1825 3
1826 2
1827 2
1828 3
1829 2
1830 3
1831 3
1832 3
1833 2
1834 3
1835 2
1836 2
1837 3
1838 3
1839 3
1840 3
1841 2
1842 3
1843 3
1844 2
1845 3
1846 3
1847 3
1848 3
1849 2
1850 3
1851 2
1852 3
1853 3
1854 3
1855 3
1856 3
1857 2
1858 2
1859 3
1860 2
1861 3
1862 2
1863 3
1864 3
1865 3
1866 2
1867 3
1868 3
1869 2
1870 2
1871 3
1872 3
1873 2
1874 3
1875 3
1876 3
1877 3
1878 3
1879 3
1880 3
1881 2
1882 3
1883 2
1884 3
1885 3
1886 3
1887 3
1888 3
1889 2
1890 2
1891 2
1892 3
1893 3
1894 3
1895 2
1896 3
1897 3
1898 3
1899 2
1900 3
1901 2
1902 3
1903 3
1904 3
1905 3
1906 3
1907 3
1908 3
1909 3
1910 3
1911 3
1912 2
1913 2
1914 3
1915 3
1916 2
1917 3
1918 3
1919 2
1920 3
1921 3
1922 3
1923 3
1924 3
1925 3
1926 2
1927 2
1928 2
1929 3
1930 2
1931 3
1932 3
1933 3
1934 3
1935 3
1936 3
1937 2
1938 3
1939 3
1940 3
1941 2
1942 2
1943 3
1944 3
1945 3
1946 3
1947 3
1948 3
1949 3
1950 3
1951 3
1952 3
1953 3
1954 3
1955 3
1956 2
1957 2
1958 3
1959 2
1960 3
1961 3
1962 2
1963 2
1964 3
1965 2
1966 3
1967 3
1968 2
1969 3
1970 3
1971 2
1972 3
1973 3
1974 2
1975 2
1976 2
1977 2
1978 3
1979 3
1980 3
1981 3
1982 3
1983 3
1984 3
1985 2
1986 3
1987 3
1988 3
1989 3
1990 3
1991 2
1992 2
1993 3
1994 3
1995 3
1996 2
1997 3
1998 2
1999 2
2000 3
2001 2
2002 3
2003 3
2004 3
2005 3
2006 3
2007 2
2008 2
2009 3
2010 3
2011 2
2012 3
2013 3
2014 3
2015 3
2016 3
2017 2
2018 3
2019 2
2020 3
2021 2
2022 2
2023 3
2024 2
2025 3
2026 2
2027 3
2028 2
2029 3
2030 2
2031 3
2032 3
2033 2
2034 2
2035 3
2036 3
2037 2
2038 2
2039 3
2040 3
2041 2
2042 3
2043 2
2044 3
2045 2
2046 3
2047 3
2048 2
2049 3
2050 2
2051 3
2052 3
2053 3
2054 3
2055 2
2056 2
2057 3
2058 3
2059 2
2060 3
2061 3
2062 3
2063 2
2064 3
2065 3
2066 3
2067 3
2068 2
2069 2
2070 2
2071 3
2072 2
2073 3
2074 3
2075 3
2076 3
2077 2
2078 3
2079 3
2080 3
2081 2
2082 2
2083 2
2084 3
2085 3
2086 3
2087 2
2088 2
2089 3
2090 3
2091 3
2092 2
2093 2
2094 3
2095 3
2096 3
2097 3
2098 2
2099 2
2100 3
2101 3
2102 2
2103 3
2104 3
2105 2
2106 3
2107 2
2108 3
2109 3
2110 3
2111 3
2112 3
2113 3
2114 3
2115 3
2116 3
2117 3
2118 3
2119 3
2120 3
2121 2
2122 3
2123 3
2124 3
2125 3
2126 3
2127 3
2128 3
2129 2
2130 3
2131 3
2132 3
2133 2
2134 2
2135 3
2136 2
2137 2
2138 3
2139 3
2140 3
2141 2
2142 3
2143 2
2144 2
2145 2
2146 2
2147 2
2148 2
2149 2
2150 2
2151 2
2152 3
2153 3
2154 3
2155 2
2156 2
2157 3
2158 2
2159 3
2160 3
2161 2
2162 2
2163 3
2164 3
2165 2
2166 2
2167 3
2168 2
2169 2
2170 3
2171 3
2172 3
2173 3
2174 3
2175 3
2176 3
2177 2
2178 3
2179 3
2180 2
2181 2
2182 2
2183 2
2184 3
2185 3
2186 3
2187 2
2188 2
2189 2
2190 2
2191 3
2192 2
2193 2
2194 3
2195 2
2196 3
2197 2
2198 3
2199 3
2200 2
2201 2
2202 3
2203 2
2204 3
2205 2
2206 3
2207 3
2208 2
2209 3
2210 3
2211 3
2212 3
2213 2
2214 3
2215 3
2216 3
2217 3
2218 3
2219 3
2220 3
2221 3
2222 3
2223 2
2224 3
2225 3
2226 3
2227 2
2228 3
2229 3
2230 2
2231 2
2232 3
2233 3
2234 3
2235 3
2236 3
2237 2
2238 3
2239 2
2240 3
2241 3
2242 2
2243 2
2244 3
2245 3
2246 3
2247 3
2248 3
2249 3
2250 2
2251 3
2252 3
2253 3
2254 3
2255 2
2256 3
2257 3
2258 3
2259 3
2260 3
2261 2
2262 2
2263 3
2264 2
2265 2
2266 2
2267 3
2268 3
2269 2
2270 3
2271 2
2272 2
2273 3
2274 3
2275 3
2276 2
2277 3
2278 2
2279 3
2280 3
2281 3
2282 3
2283 2
2284 3
2285 3
2286 3
2287 3
2288 2
2289 2
2290 3
2291 3
2292 2
2293 3
2294 3
2295 2
2296 2
2297 3
2298 2
2299 3
2300 2
2301 3
2302 2
2303 3
2304 3
2305 3
2306 3
2307 3
2308 3
2309 3
2310 3
2311 3
2312 3
2313 2
2314 3
2315 3
2316 2
2317 3
2318 2
2319 2
2320 2
2321 2
2322 3
2323 2
2324 2
2325 3
2326 3
2327 2
2328 3
2329 3
2330 3
2331 3
2332 3
2333 3
2334 3
2335 3
2336 2
2337 3
2338 3
2339 3
2340 3
2341 3
2342 3
2343 3
2344 2
2345 3
2346 3
2347 3
2348 2
2349 3
2350 3
2351 3
2352 3
2353 3
2354 3
2355 2
2356 2
2357 2
2358 3
2359 3
2360 3
2361 3
2362 2
2363 3
2364 3
2365 3
2366 3
2367 3
2368 3
2369 2
2370 3
2371 3
2372 3
2373 3
2374 3
2375 3
2376 3
2377 3
2378 3
2379 3
2380 3
2381 3
2382 3
2383 2
2384 3
2385 2
2386 2
2387 3
2388 3
2389 2
2390 3
2391 3
2392 3
2393 3
2394 3
2395 3
2396 2
2397 3
2398 3
2399 3
2400 3
;

param kmax:=
1 6
2 7
3 6
4 6
5 7
6 5
7 7
8 5
9 6
10 7
11 5
12 7
13 6
14 6
15 7
16 7
17 7
18 5
19 6
20 6
21 6
22 5
23 6
24 6
25 5
26 7
27 5
28 5
29 7
30 5
31 7
32 6
33 6
34 7
35 6
36 5
37 7
38 5
39 6
40 7
41 7
42 6
43 7
44 5
45 6
46 6
47 5
48 6
49 5
50 7
51 6
52 7
53 6
54 6
55 6
56 6
57 6
58 5
59 5
60 6
61 7
62 7
63 7
64 7
65 7
66 7
67 5
68 5
69 6
70 6
71 5
72 5
73 5
74 5
75 7
76 5
77 7
78 5
79 6
80 6
81 7
82 6
83 7
84 5
85 6
86 6
87 6
88 7
89 5
90 7
91 7
92 6
93 6
94 6
95 5
96 5
97 7
98 5
99 6
100 6
101 6
102 7
103 7
104 6
105 6
106 7
107 7
108 5
109 6
110 5
111 5
112 5
113 6
114 5
115 6
116 7
117 7
118 5
119 7
120 5
121 5
122 5
123 5
124 7
125 5
126 5
127 5
128 6
129 6
130 7
131 7
132 7
133 6
134 5
135 5
136 6
137 6
138 7
139 6
140 5
141 6
142 5
143 6
144 6
145 6
146 7
147 6
148 6
149 6
150 5
151 5
152 7
153 7
154 7
155 5
156 5
157 5
158 6
159 6
160 5
161 5
162 6
163 7
164 6
165 6
166 7
167 7
168 7
169 6
170 7
171 7
172 7
173 5
174 6
175 6
176 7
177 6
178 5
179 5
180 5
181 7
182 5
183 6
184 5
185 7
186 7
187 7
188 6
189 5
190 5
191 5
192 5
193 7
194 5
195 7
196 6
197 7
198 7
199 7
200 5
201 6
202 7
203 7
204 7
205 6
206 6
207 6
208 7
209 6
210 6
211 5
212 5
213 6
214 6
215 7
216 6
217 6
218 7
219 5
220 5
221 6
222 5
223 7
224 7
225 5
226 5
227 7
228 7
229 5
230 5
231 6
232 7
233 7
234 5
235 5
236 5
237 5
238 5
239 7
240 5
241 6
242 6
243 5
244 5
245 7
246 6
247 6
248 5
249 6
250 7
251 5
252 6
253 6
254 5
255 6
256 7
257 7
258 5
259 6
260 7
261 5
262 6
263 7
264 5
265 7
266 6
267 7
268 5
269 6
270 5
271 6
272 7
273 5
274 5
275 7
276 5
277 5
278 5
279 5
280 6
281 6
282 5
283 6
284 6
285 6
286 7
287 6
288 7
289 7
290 6
291 6
292 6
293 7
294 7
295 6
296 5
297 5
298 7
299 5
300 5
301 7
302 5
303 7
304 5
305 7
306 7
307 6
308 5
309 7
310 7
311 7
312 7
313 7
314 7
315 6
316 5
317 6
318 6
319 5
320 7
321 5
322 5
323 5
324 7
325 6
326 5
327 5
328 5
329 6
330 5
331 6
332 6
333 6
334 7
335 7
336 7
337 5
338 6
339 6
340 6
341 6
342 5
343 5
344 7
345 7
346 5
347 7
348 5
349 7
350 7
351 5
352 6
353 7
354 6
355 7
356 5
357 5
358 7
359 7
360 7
361 7
362 7
363 5
364 7
365 7
366 7
367 5
368 7
369 6
370 5
371 7
372 6
373 7
374 6
375 5
376 6
377 6
378 6
379 5
380 6
381 7
382 6
383 5
384 7
385 5
386 7
387 5
388 5
389 7
390 6
391 6
392 5
393 5
394 6
395 5
396 6
397 5
398 6
399 6
400 6
401 6
402 5
403 7
404 5
405 7
406 7
407 5
408 6
409 7
410 6
411 7
412 5
413 6
414 5
415 7
416 6
417 5
418 5
419 7
420 7
421 6
422 6
423 6
424 5
425 6
426 7
427 7
428 7
429 7
430 5
431 5
432 7
433 5
434 6
435 5
436 7
437 5
438 6
439 6
440 7
441 5
442 6
443 7
444 7
445 7
446 6
447 6
448 5
449 7
450 5
451 5
452 6
453 6
454 6
455 6
456 6
457 7
458 5
459 7
460 5
461 6
462 6
463 7
464 5
465 5
466 7
467 7
468 6
469 5
470 7
471 7
472 6
473 6
474 5
475 7
476 5
477 6
478 5
479 6
480 5
481 5
482 5
483 6
484 6
485 5
486 7
487 6
488 7
489 6
490 6
491 5
492 5
493 6
494 7
495 5
496 6
497 5
498 6
499 6
500 7
501 5
502 6
503 5
504 6
505 5
506 6
507 7
508 7
509 5
510 6
511 6
512 5
513 5
514 6
515 7
516 6
517 6
518 5
519 7
520 6
521 7
522 6
523 7
524 6
525 7
526 7
527 6
528 5
529 7
530 6
531 6
532 7
533 6
534 7
535 5
536 6
537 5
538 7
539 5
540 7
541 6
542 7
543 6
544 5
545 7
546 6
547 7
548 6
549 7
550 5
551 5
552 6
553 6
554 6
555 6
556 6
557 5
558 5
559 6
560 5
561 7
562 6
563 5
564 6
565 5
566 7
567 6
568 6
569 7
570 7
571 5
572 7
573 6
574 6
575 6
576 5
577 5
578 5
579 5
580 7
581 6
582 5
583 5
584 7
585 5
586 6
587 6
588 6
589 6
590 5
591 6
592 7
593 7
594 7
595 6
596 6
597 5
598 7
599 6
600 5
601 7
602 5
603 6
604 6
605 6
606 6
607 7
608 5
609 7
610 5
611 7
612 6
613 6
614 7
615 6
616 5
617 7
618 6
619 5
620 6
621 6
622 7
623 7
624 7
625 7
626 6
627 5
628 6
629 7
630 7
631 5
632 7
633 6
634 5
635 7
636 7
637 7
638 5
639 7
640 7
641 7
642 7
643 7
644 7
645 5
646 5
647 7
648 5
649 5
650 6
651 6
652 6
653 6
654 6
655 7
656 5
657 6
658 6
659 5
660 7
661 6
662 5
663 5
664 7
665 5
666 6
667 7
668 7
669 6
670 5
671 6
672 6
673 5
674 5
675 6
676 6
677 7
678 6
679 5
680 6
681 5
682 6
683 5
684 5
685 7
686 6
687 6
688 5
689 7
690 6
691 6
692 5
693 5
694 7
695 7
696 6
697 6
698 7
699 5
700 5
701 5
702 7
703 5
704 5
705 6
706 7
707 5
708 5
709 7
710 6
711 7
712 6
713 6
714 7
715 7
716 5
717 7
718 5
719 7
720 6
721 6
722 7
723 6
724 5
725 6
726 7
727 6
728 7
729 6
730 5
731 6
732 6
733 5
734 6
735 6
736 5
737 5
738 5
739 5
740 5
741 5
742 5
743 5
744 7
745 6
746 7
747 5
748 7
749 7
750 6
751 5
752 7
753 7
754 5
755 5
756 5
757 7
758 7
759 7
760 5
761 5
762 5
763 7
764 6
765 5
766 7
767 6
768 7
769 5
770 7
771 5
772 7
773 6
774 7
775 7
776 5
777 5
778 5
779 6
780 7
781 6
782 6
783 7
784 5
785 5
786 7
787 5
788 7
789 7
790 6
791 7
792 7
793 6
794 5
795 5
796 7
797 5
798 7
799 5
800 5
801 5
802 7
803 6
804 7
805 7
806 5
807 5
808 7
809 7
810 5
811 5
812 6
813 6
814 5
815 5
816 7
817 7
818 6
819 5
820 6
821 5
822 6
823 6
824 5
825 7
826 7
827 6
828 7
829 7
830 7
831 6
832 5
833 5
834 6
835 5
836 7
837 6
838 7
839 7
840 5
841 7
842 6
843 5
844 7
845 7
846 7
847 5
848 5
849 7
850 5
851 6
852 7
853 5
854 5
855 5
856 6
857 7
858 6
859 5
860 6
861 7
862 5
863 7
864 5
865 7
866 7
867 5
868 7
869 5
870 5
871 5
872 6
873 5
874 6
875 7
876 5
877 6
878 6
879 7
880 5
881 5
882 6
883 6
884 7
885 5
886 7
887 5
888 5
889 6
890 6
891 5
892 7
893 6
894 6
895 5
896 6
897 5
898 5
899 6
900 6
901 6
902 5
903 7
904 6
905 7
906 7
907 5
908 7
909 6
910 5
911 5
912 5
913 5
914 6
915 6
916 6
917 5
918 7
919 6
920 5
921 7
922 5
923 7
924 5
925 7
926 5
927 5
928 5
929 5
930 7
931 6
932 5
933 6
934 5
935 5
936 6
937 6
938 7
939 5
940 5
941 6
942 5
943 5
944 5
945 5
946 5
947 6
948 5
949 6
950 7
951 5
952 7
953 6
954 6
955 7
956 7
957 5
958 5
959 7
960 6
961 5
962 7
963 5
964 7
965 7
966 6
967 6
968 6
969 6
970 5
971 7
972 6
973 6
974 5
975 6
976 7
977 5
978 6
979 6
980 6
981 7
982 7
983 5
984 5
985 6
986 7
987 6
988 6
989 5
990 7
991 5
992 7
993 5
994 6
995 6
996 5
997 6
998 7
999 6
1000 5
1001 7
1002 6
1003 5
1004 6
1005 5
1006 6
1007 7
1008 5
1009 7
1010 7
1011 5
1012 7
1013 6
1014 5
1015 7
1016 7
1017 5
1018 7
1019 5
1020 6
1021 6
1022 7
1023 7
1024 7
1025 6
1026 7
1027 6
1028 6
1029 7
1030 5
1031 5
1032 5
1033 7
1034 7
1035 6
1036 5
1037 6
1038 6
1039 6
1040 5
1041 5
1042 6
1043 5
1044 6
1045 5
1046 7
1047 7
1048 7
1049 6
1050 5
1051 6
1052 5
1053 6
1054 5
1055 6
1056 6
1057 7
1058 5
1059 6
1060 6
1061 5
1062 6
1063 6
1064 6
1065 5
1066 5
1067 5
1068 7
1069 7
1070 5
1071 7
1072 7
1073 5
1074 7
1075 7
1076 6
1077 6
1078 7
1079 6
1080 6
1081 7
1082 6
1083 6
1084 5
1085 6
1086 5
1087 5
1088 7
1089 6
1090 6
1091 5
1092 5
1093 5
1094 6
1095 6
1096 7
1097 7
1098 5
1099 5
1100 6
1101 7
1102 7
1103 5
1104 7
1105 6
1106 6
1107 5
1108 6
1109 7
1110 6
1111 6
1112 6
1113 7
1114 6
1115 7
1116 7
1117 6
1118 5
1119 5
1120 6
1121 5
1122 5
1123 7
1124 6
1125 5
1126 6
1127 6
1128 7
1129 5
1130 7
1131 6
1132 6
1133 5
1134 5
1135 5
1136 6
1137 7
1138 7
1139 5
1140 6
1141 6
1142 7
1143 6
1144 7
1145 5
1146 6
1147 5
1148 5
1149 5
1150 7
1151 6
1152 6
1153 6
1154 5
1155 7
1156 5
1157 7
1158 5
1159 6
1160 5
1161 7
1162 5
1163 5
1164 7
1165 5
1166 7
1167 7
1168 7
1169 7
1170 7
1171 7
1172 5
1173 5
1174 7
1175 5
1176 5
1177 7
1178 5
1179 5
1180 7
1181 6
1182 7
1183 6
1184 5
1185 6
1186 5
1187 5
1188 5
1189 5
1190 7
1191 7
1192 6
1193 7
1194 5
1195 5
1196 7
1197 6
1198 6
1199 6
1200 6
1201 5
1202 5
1203 7
1204 7
1205 6
1206 5
1207 6
1208 7
1209 7
1210 5
1211 6
1212 5
1213 7
1214 5
1215 5
1216 7
1217 5
1218 5
1219 6
1220 5
1221 5
1222 7
1223 6
1224 7
1225 5
1226 7
1227 6
1228 5
1229 7
1230 5
1231 7
1232 6
1233 6
1234 5
1235 5
1236 5
1237 7
1238 5
1239 5
1240 5
1241 6
1242 5
1243 6
1244 5
1245 7
1246 5
1247 6
1248 6
1249 6
1250 7
1251 7
1252 6
1253 5
1254 5
1255 6
1256 7
1257 6
1258 6
1259 6
1260 7
1261 6
1262 5
1263 6
1264 6
1265 6
1266 6
1267 5
1268 5
1269 5
1270 5
1271 7
1272 5
1273 6
1274 6
1275 5
1276 7
1277 5
1278 5
1279 5
1280 7
1281 7
1282 6
1283 6
1284 6
1285 7
1286 6
1287 7
1288 6
1289 7
1290 7
1291 6
1292 6
1293 7
1294 7
1295 7
1296 5
1297 5
1298 7
1299 6
1300 7
1301 5
1302 5
1303 7
1304 7
1305 5
1306 5
1307 6
1308 6
1309 6
1310 7
1311 6
1312 5
1313 6
1314 6
1315 5
1316 5
1317 7
1318 5
1319 5
1320 5
1321 6
1322 6
1323 6
1324 5
1325 5
1326 7
1327 6
1328 7
1329 7
1330 6
1331 7
1332 5
1333 5
1334 5
1335 5
1336 5
1337 6
1338 5
1339 7
1340 5
1341 6
1342 5
1343 5
1344 7
1345 5
1346 5
1347 7
1348 7
1349 5
1350 7
1351 5
1352 6
1353 6
1354 7
1355 6
1356 7
1357 5
1358 6
1359 5
1360 7
1361 7
1362 6
1363 5
1364 6
1365 7
1366 7
1367 5
1368 6
1369 5
1370 5
1371 6
1372 6
1373 5
1374 5
1375 7
1376 5
1377 5
1378 5
1379 5
1380 5
1381 6
1382 6
1383 6
1384 6
1385 6
1386 7
1387 6
1388 7
1389 5
1390 7
1391 6
1392 5
1393 5
1394 5
1395 7
1396 5
1397 5
1398 5
1399 6
1400 5
1401 5
1402 6
1403 5
1404 7
1405 7
1406 6
1407 5
1408 7
1409 7
1410 6
1411 5
1412 6
1413 6
1414 5
1415 5
1416 6
1417 5
1418 7
1419 7
1420 5
1421 7
1422 5
1423 6
1424 7
1425 7
1426 7
1427 7
1428 7
1429 5
1430 7
1431 5
1432 6
1433 5
1434 7
1435 6
1436 7
1437 5
1438 5
1439 6
1440 7
1441 7
1442 7
1443 5
1444 5
1445 6
1446 5
1447 6
1448 6
1449 7
1450 6
1451 6
1452 7
1453 5
1454 6
1455 5
1456 5
1457 6
1458 5
1459 6
1460 6
1461 5
1462 5
1463 5
1464 6
1465 5
1466 7
1467 7
1468 6
1469 7
1470 5
1471 5
1472 6
1473 6
1474 7
1475 6
1476 7
1477 6
1478 5
1479 6
1480 6
1481 7
1482 6
1483 6
1484 7
1485 7
1486 6
1487 7
1488 7
1489 5
1490 6
1491 7
1492 6
1493 5
1494 6
1495 5
1496 7
1497 6
1498 7
1499 5
1500 7
1501 7
1502 7
1503 6
1504 5
1505 7
1506 7
1507 5
1508 7
1509 6
1510 5
1511 6
1512 7
1513 6
1514 6
1515 5
1516 5
1517 5
1518 5
1519 6
1520 5
1521 7
1522 6
1523 6
1524 7
1525 7
1526 5
1527 7
1528 5
1529 5
1530 6
1531 5
1532 7
1533 5
1534 6
1535 6
1536 6
1537 5
1538 5
1539 7
1540 5
1541 7
1542 7
1543 7
1544 5
1545 7
1546 5
1547 5
1548 6
1549 6
1550 6
1551 7
1552 7
1553 6
1554 6
1555 7
1556 7
1557 7
1558 5
1559 7
1560 7
1561 7
1562 7
1563 6
1564 6
1565 7
1566 7
1567 5
1568 6
1569 7
1570 5
1571 7
1572 7
1573 6
1574 6
1575 6
1576 7
1577 7
1578 5
1579 7
1580 7
1581 7
1582 5
1583 6
1584 6
1585 7
1586 6
1587 7
1588 5
1589 5
1590 7
1591 5
1592 6
1593 5
1594 7
1595 6
1596 5
1597 5
1598 7
1599 7
1600 6
1601 7
1602 5
1603 5
1604 6
1605 7
1606 5
1607 5
1608 5
1609 5
1610 7
1611 5
1612 6
1613 7
1614 7
1615 6
1616 7
1617 5
1618 5
1619 6
1620 6
1621 6
1622 6
1623 5
1624 7
1625 5
1626 6
1627 5
1628 7
1629 7
1630 7
1631 6
1632 5
1633 6
1634 5
1635 7
1636 7
1637 7
1638 6
1639 5
1640 7
1641 6
1642 7
1643 6
1644 5
1645 7
1646 7
1647 5
1648 5
1649 5
1650 5
1651 5
1652 6
1653 5
1654 7
1655 6
1656 7
1657 6
1658 5
1659 7
1660 6
1661 6
1662 5
1663 7
1664 5
1665 5
1666 7
1667 5
1668 7
1669 7
1670 5
1671 6
1672 6
1673 7
1674 7
1675 5
1676 7
1677 5
1678 6
1679 7
1680 6
1681 6
1682 6
1683 6
1684 6
1685 6
1686 6
1687 5
1688 7
1689 5
1690 5
1691 7
1692 6
1693 6
1694 5
1695 5
1696 5
1697 7
1698 5
1699 6
1700 5
1701 7
1702 5
1703 7
1704 7
1705 5
1706 7
1707 6
1708 5
1709 5
1710 7
1711 7
1712 5
1713 6
1714 6
1715 6
1716 6
1717 7
1718 6
1719 5
1720 7
1721 6
1722 6
1723 7
1724 6
1725 5
1726 7
1727 5
1728 5
1729 7
1730 5
1731 7
1732 6
1733 7
1734 7
1735 5
1736 6
1737 7
1738 5
1739 6
1740 7
1741 7
1742 7
1743 7
1744 5
1745 6
1746 6
1747 6
1748 5
1749 5
1750 5
1751 6
1752 6
1753 7
1754 6
1755 7
1756 7
1757 6
1758 5
1759 7
1760 5
1761 6
1762 5
1763 5
1764 7
1765 5
1766 6
1767 7
1768 5
1769 7
1770 5
1771 5
1772 7
1773 5
1774 7
1775 5
1776 6
1777 5
1778 7
1779 7
1780 5
1781 7
1782 7
1783 7
1784 7
1785 7
1786 5
1787 5
1788 6
1789 5
1790 6
1791 6
1792 5
1793 5
1794 6
1795 5
1796 7
1797 5
1798 5
1799 6
1800 5
1801 7
1802 5
1803 5
1804 7
1805 5
1806 5
1807 7
1808 6
1809 6
1810 6
1811 6
1812 5
1813 6
1814 7
1815 5
1816 7
1817 6
1818 7
1819 6
1820 6
1821 7
1822 5
1823 7
1824 5
1825 6
1826 5
1827 5
1828 6
1829 5
1830 6
1831 7
1832 6
1833 5
1834 6
1835 5
1836 5
1837 7
1838 7
1839 7
1840 6
1841 5
1842 7
1843 7
1844 5
1845 6
1846 7
1847 6
1848 6
1849 5
1850 6
1851 5
1852 7
1853 6
1854 7
1855 6
1856 7
1857 5
1858 5
1859 7
1860 5
1861 6
1862 5
1863 7
1864 6
1865 7
1866 5
1867 6
1868 7
1869 5
1870 5
1871 7
1872 7
1873 5
1874 7
1875 7
1876 6
1877 6
1878 7
1879 7
1880 7
1881 5
1882 6
1883 5
1884 7
1885 7
1886 7
1887 6
1888 6
1889 5
1890 5
1891 5
1892 6
1893 6
1894 7
1895 5
1896 7
1897 6
1898 6
1899 5
1900 7
1901 5
1902 7
1903 7
1904 7
1905 7
1906 6
1907 6
1908 7
1909 7
1910 7
1911 6
1912 5
1913 5
1914 6
1915 7
1916 5
1917 6
1918 6
1919 5
1920 6
1921 7
1922 7
1923 7
1924 6
1925 6
1926 5
1927 5
1928 5
1929 6
1930 5
1931 7
1932 6
1933 7
1934 7
1935 6
1936 6
1937 5
1938 7
1939 6
1940 7
1941 5
1942 5
1943 6
1944 6
1945 6
1946 7
1947 6
1948 7
1949 6
1950 7
1951 7
1952 7
1953 7
1954 7
1955 7
1956 5
1957 5
1958 7
1959 5
1960 7
1961 7
1962 5
1963 5
1964 6
1965 5
1966 6
1967 7
1968 5
1969 7
1970 6
1971 5
1972 6
1973 6
1974 5
1975 5
1976 5
1977 5
1978 6
1979 6
1980 6
1981 6
1982 7
1983 7
1984 6
1985 5
1986 6
1987 7
1988 7
1989 7
1990 6
1991 5
1992 5
1993 7
1994 6
1995 7
1996 5
1997 7
1998 5
1999 5
2000 6
2001 5
2002 7
2003 7
2004 7
2005 7
2006 6
2007 5
2008 5
2009 6
2010 6
2011 5
2012 7
2013 7
2014 6
2015 6
2016 7
2017 5
2018 6
2019 5
2020 7
2021 5
2022 5
2023 7
2024 5
2025 6
2026 5
2027 7
2028 5
2029 6
2030 5
2031 7
2032 7
2033 5
2034 5
2035 7
2036 6
2037 5
2038 5
2039 7
2040 7
2041 5
2042 7
2043 5
2044 6
2045 5
2046 6
2047 7
2048 5
2049 7
2050 5
2051 6
2052 7
2053 6
2054 6
2055 5
2056 5
2057 7
2058 7
2059 5
2060 7
2061 7
2062 6
2063 5
2064 7
2065 6
2066 7
2067 6
2068 5
2069 5
2070 5
2071 7
2072 5
2073 7
2074 7
2075 6
2076 6
2077 5
2078 7
2079 7
2080 7
2081 5
2082 5
2083 5
2084 6
2085 7
2086 7
2087 5
2088 5
2089 6
2090 7
2091 6
2092 5
2093 5
2094 7
2095 6
2096 7
2097 6
2098 5
2099 5
2100 6
2101 6
2102 5
2103 6
2104 6
2105 5
2106 7
2107 5
2108 6
2109 6
2110 7
2111 7
2112 7
2113 7
2114 7
2115 6
2116 6
2117 6
2118 6
2119 7
2120 6
2121 5
2122 6
2123 6
2124 6
2125 6
2126 7
2127 7
2128 7
2129 5
2130 6
2131 6
2132 6
2133 5
2134 5
2135 7
2136 5
2137 5
2138 6
2139 6
2140 6
2141 5
2142 6
2143 5
2144 5
2145 5
2146 5
2147 5
2148 5
2149 5
2150 5
2151 5
2152 7
2153 7
2154 7
2155 5
2156 5
2157 6
2158 5
2159 7
2160 6
2161 5
2162 5
2163 6
2164 7
2165 5
2166 5
2167 7
2168 5
2169 5
2170 7
2171 6
2172 7
2173 7
2174 6
2175 7
2176 7
2177 5
2178 7
2179 6
2180 5
2181 5
2182 5
2183 5
2184 6
2185 6
2186 7
2187 5
2188 5
2189 5
2190 5
2191 7
2192 5
2193 5
2194 7
2195 5
2196 7
2197 5
2198 7
2199 6
2200 5
2201 5
2202 7
2203 5
2204 6
2205 5
2206 7
2207 7
2208 5
2209 7
2210 7
2211 7
2212 6
2213 5
2214 6
2215 7
2216 7
2217 6
2218 7
2219 7
2220 6
2221 7
2222 7
2223 5
2224 7
2225 7
2226 7
2227 5
2228 7
2229 7
2230 5
2231 5
2232 7
2233 7
2234 6
2235 7
2236 6
2237 5
2238 7
2239 5
2240 7
2241 6
2242 5
2243 5
2244 6
2245 6
2246 7
2247 7
2248 6
2249 6
2250 5
2251 7
2252 7
2253 7
2254 6
2255 5
2256 6
2257 7
2258 7
2259 7
2260 7
2261 5
2262 5
2263 7
2264 5
2265 5
2266 5
2267 6
2268 6
2269 5
2270 7
2271 5
2272 5
2273 6
2274 6
2275 6
2276 5
2277 7
2278 5
2279 7
2280 7
2281 6
2282 7
2283 5
2284 6
2285 6
2286 6
2287 6
2288 5
2289 5
2290 6
2291 7
2292 5
2293 6
2294 7
2295 5
2296 5
2297 6
2298 5
2299 7
2300 5
2301 6
2302 5
2303 6
2304 7
2305 6
2306 6
2307 7
2308 7
2309 6
2310 7
2311 6
2312 6
2313 5
2314 7
2315 7
2316 5
2317 6
2318 5
2319 5
2320 5
2321 5
2322 7
2323 5
2324 5
2325 7
2326 6
2327 5
2328 7
2329 6
2330 6
2331 6
2332 7
2333 6
2334 6
2335 6
2336 5
2337 6
2338 7
2339 7
2340 6
2341 7
2342 6
2343 6
2344 5
2345 7
2346 7
2347 6
2348 5
2349 6
2350 6
2351 6
2352 6
2353 6
2354 6
2355 5
2356 5
2357 5
2358 6
2359 7
2360 7
2361 7
2362 5
2363 6
2364 6
2365 7
2366 6
2367 6
2368 7
2369 5
2370 7
2371 6
2372 7
2373 6
2374 6
2375 6
2376 7
2377 7
2378 6
2379 6
2380 7
2381 7
2382 6
2383 5
2384 7
2385 5
2386 5
2387 7
2388 6
2389 5
2390 6
2391 6
2392 7
2393 6
2394 6
2395 7
2396 5
2397 7
2398 7
2399 7
2400 6
;

