param sigma
: 1   2 :=
1 0.00001 0.99999
2 0.10000 0.90000
3 0.20000 0.80000
4 0.30000 0.70000
5 0.40000 0.60000
6 0.50000 0.50000
7 0.90000 0.10000
8 0.80000 0.20000
9 0.70000 0.30000
10 0.60000 0.40000
11 0.99999 0.00001
;

set S:=
1 2 3 4 5 6 7 8 9 10 11 12 13 14 15 16 17 18 19 20 21 22 23 24 25 26 27 28 29 30 31 32 33 34 35 36 37 38 39 40 41 42 43 44 45 46 47 48 49 50 51 52 53 54 55 56 57 58 59 60 61 62 63 64 65 66 67 68 69 70 71 72 73 74 75 76 77 78 79 80 81 82 83 84 85 86 87 88 89 90 91 92 93 94 95 96 97 98 99 100 101 102 103 104 105 106 107 108 109 110 111 112 113 114 115 116 117 118 119 120 121 122 123 124 125 126 127 128 129 130 131 132 133 134 135 136 137 138 139 140 141 142 143 144 145 146 147 148 149 150 151 152 153 154 155 156 157 158 159 160 161 162 163 164 165 166 167 168 169 170 171 172 173 174 175 176 177 178 179 180 181 182 183 184 185 186 187 188 189 190 191 192 193 194 195 196 197 198 199 200 201 202 203 204 205 206 207 208 209 210 211 212 213 214 215 216 217 218 219 220 221 222 223 224 225 226 227 228 229 230 231 232 233 234 235 236 237 238 239 240 241 242 243 244 245 246 247 248 249 250 251 252 253 254 255 256 257 258 259 260 261 262 263 264 265 266 267 268 269 270 271 272 273 274 275 276 277 278 279 280 281 282 283 284 285 286 287 288 289 290 291 292 293 294 295 296 297 298 299 300 301 302 303 304 305 306 307 308 309 310 311 312 313 314 315 316 317 318 319 320 321 322 323 324 325 326 327 328 329 330 331 332 333 334 335 336 337 338 339 340 341 342 343 344 345 346 347 348 349 350 351 352 353 354 355 356 357 358 359 360 361 362 363 364 365 366 367 368 369 370 371 372 373 374 375 376 377 378 379 380 381 382 383 384 385 386 387 388 389 390 391 392 393 394 395 396 397 398 399 400 401 402 403 404 405 406 407 408 409 410 411 412 413 414 415 416 417 418 419 420 421 422 423 424 425 426 427 428 429 430 431 432 433 434 435 436 437 438 439 440 441 442 443 444 445 446 447 448 449 450 451 452 453 454 455 456 457 458 459 460 461 462 463 464 465 466 467 468 469 470 471 472 473 474 475 476 477 478 479 480 481 482 483 484 485 486 487 488 489 490 491 492 493 494 495 496 497 498 499 500 501 502 503 504 505 506 507 508 509 510 511 512 513 514 515 516 517 518 519 520 521 522 523 524 525 526 527 528 529 530 531 532 533 534 535 536 537 538 539 540 541 542 543 544 545 546 547 548 549 550 551 552 553 554 555 556 557 558 559 560 561 562 563 564 565 566 567 568 569 570 571 572 573 574 575 576 577 578 579 580 581 582 583 584 585 586 587 588 589 590 591 592 593 594 595 596 597 598 599 600 601 602 603 604 605 606 607 608 609 610 611 612 613 614 615 616 617 618 619 620 621 622 623 624 625 626 627 628 629 630 631 632 633 634 635 636 637 638 639 640 641 642 643 644 645 646 647 648 649 650 651 652 653 654 655 656 657 658 659 660 661 662 663 664 665 666 667 668 669 670 671 672 673 674 675 676 677 678 679 680 681 682 683 684 685 686 687 688 689 690 691 692 693 694 695 696 697 698 699 700 701 702 703 704 705 706 707 708 709 710 711 712 713 714 715 716 717 718 719 720 721 722 723 724 725 726 727 728 729 730 731 732 733 734 735 736 737 738 739 740 741 742 743 744 745 746 747 748 749 750 751 752 753 754 755 756 757 758 759 760 761 762 763 764 765 766 767 768 769 770 771 772 773 774 775 776 777 778 779 780 781 782 783 784 785 786 787 788 789 790 791 792 793 794 795 796 797 798 799 800 801 802 803 804 805 806 807 808 809 810 811 812 813 814 815 816 817 818 819 820 821 822 823 824 825 826 827 828 829 830 831 832 833 834 835 836 837 838 839 840 841 842 843 844 845 846 847 848 849 850 851 852 853 854 855 856 857 858 859 860 861 862 863 864 865 866 867 868 869 870 871 872 873 874 875 876 877 878 879 880 881 882 883 884 885 886 887 888 889 890 891 892 893 894 895 896 897 898 899 900 901 902 903 904 905 906 907 908 909 910 911 912 913 914 915 916 917 918 919 920 921 922 923 924 925 926 927 928 929 930 931 932 933 934 935 936 937 938 939 940 941 942 943 944 945 946 947 948 949 950 951 952 953 954 955 956 957 958 959 960 961 962 963 964 965 966 967 968 969 970 971 972 973 974 975 976 977 978 979 980 981 982 983 984 985 986 987 988 989 990 991 992 993 994 995 996 997 998 999 1000 1001 1002 1003 1004 1005 1006 1007 1008 1009 1010 1011 1012 1013 1014 1015 1016 1017 1018 1019 1020 1021 1022 1023 1024 1025 1026 1027 1028 1029 1030 1031 1032 1033 1034 1035 1036 1037 1038 1039 1040 1041 1042 1043 1044 1045 1046 1047 1048 1049 1050 1051 1052 1053 1054 1055 1056 1057 1058 1059 1060 1061 1062 1063 1064 1065 1066 1067 1068 1069 1070 1071 1072 1073 1074 1075 1076 1077 1078 1079 1080 1081 1082 1083 1084 1085 1086 1087 1088 1089 1090 1091 1092 1093 1094 1095 1096 1097 1098 1099 1100 1101 1102 1103 1104 1105 1106 1107 1108 1109 1110 1111 1112 1113 1114 1115 1116 1117 1118 1119 1120 1121 1122 1123 1124 1125 1126 1127 1128 1129 1130 1131 1132 1133 1134 1135 1136 1137 1138 1139 1140 1141 1142 1143 1144 1145 1146 1147 1148 1149 1150 1151 1152 1153 1154 1155 1156 1157 1158 1159 1160 1161 1162 1163 1164 1165 1166 1167 1168 1169 1170 1171 1172 1173 1174 1175 1176 1177 1178 1179 1180 1181 1182 1183 1184 1185 1186 1187 1188 1189 1190 1191 1192 1193 1194 1195 1196 1197 1198 1199 1200 1201 1202 1203 1204 1205 1206 1207 1208 1209 1210 1211 1212 1213 1214 1215 1216 1217 1218 1219 1220 1221 1222 1223 1224 1225 1226 1227 1228 1229 1230 1231 1232 1233 1234 1235 1236 1237 1238 1239 1240 1241 1242 1243 1244 1245 1246 1247 1248 1249 1250 1251 1252 1253 1254 1255 1256 1257 1258 1259 1260 1261 1262 1263 1264 1265 1266 1267 1268 1269 1270 1271 1272 1273 1274 1275 1276 1277 1278 1279 1280 1281 1282 1283 1284 1285 1286 1287 1288 1289 1290 1291 1292 1293 1294 1295 1296 1297 1298 1299 1300 1301 1302 1303 1304 1305 1306 1307 1308 1309 1310 1311 1312 1313 1314 1315 1316 1317 1318 1319 1320 1321 1322 1323 1324 1325 1326 1327 1328 1329 1330 1331 1332 1333 1334 1335 1336 1337 1338 1339 1340 1341 1342 1343 1344 1345 1346 1347 1348 1349 1350 1351 1352 1353 1354 1355 1356 1357 1358 1359 1360 1361 1362 1363 1364 1365 1366 1367 1368 1369 1370 1371 1372 1373 1374 1375 1376 1377 1378 1379 1380 1381 1382 1383 1384 1385 1386 1387 1388 1389 1390 1391 1392 1393 1394 1395 1396 1397 1398 1399 1400 1401 1402 1403 1404 1405 1406 1407 1408 1409 1410 1411 1412 1413 1414 1415 1416 1417 1418 1419 1420 1421 1422 1423 1424 1425 1426 1427 1428 1429 1430 1431 1432 1433 1434 1435 1436 1437 1438 1439 1440 1441 1442 1443 1444 1445 1446 1447 1448 1449 1450 1451 1452 1453 1454 1455 1456 1457 1458 1459 1460 1461 1462 1463 1464 1465 1466 1467 1468 1469 1470 1471 1472 1473 1474 1475 1476 1477 1478 1479 1480 1481 1482 1483 1484 1485 1486 1487 1488 1489 1490 1491 1492 1493 1494 1495 1496 1497 1498 1499 1500 1501 1502 1503 1504 1505 1506 1507 1508 1509 1510 1511 1512 1513 1514 1515 1516 1517 1518 1519 1520 1521 1522 1523 1524 1525 1526 1527 1528 1529 1530 1531 1532 1533 1534 1535 1536 1537 1538 1539 1540 1541 1542 1543 1544 1545 1546 1547 1548 1549 1550 1551 1552 1553 1554 1555 1556 1557 1558 1559 1560 1561 1562 1563 1564 1565 1566 1567 1568 1569 1570 1571 1572 1573 1574 1575 1576 1577 1578 1579 1580 1581 1582 1583 1584 1585 1586 1587 1588 1589 1590 1591 1592 1593 1594 1595 1596 1597 1598 1599 1600 1601 1602 1603 1604 1605 1606 1607 1608 1609 1610 1611 1612 1613 1614 1615 1616 1617 1618 1619 1620 1621 1622 1623 1624 1625 1626 1627 1628 1629 1630 1631 1632 1633 1634 1635 1636 1637 1638 1639 1640 1641 1642 1643 1644 1645 1646 1647 1648 1649 1650 1651 1652 1653 1654 1655 1656 1657 1658 1659 1660 1661 1662 1663 1664 1665 1666 1667 1668 1669 1670 1671 1672 1673 1674 1675 1676 1677 1678 1679 1680 1681 1682 1683 1684 1685 1686 1687 1688 1689 1690 1691 1692 1693 1694 1695 1696 1697 1698 1699 1700 1701 1702 1703 1704 1705 1706 1707 1708 1709 1710 1711 1712 1713 1714 1715 1716 1717 1718 1719 1720 1721 1722 1723 1724 1725 1726 1727 1728 1729 1730 1731 1732 1733 1734 1735 1736 1737 1738 1739 1740 1741 1742 1743 1744 1745 1746 1747 1748 1749 1750 1751 1752 1753 1754 1755 1756 1757 1758 1759 1760 1761 1762 1763 1764 1765 1766 1767 1768 1769 1770 1771 1772 1773 1774 1775 1776 1777 1778 1779 1780 1781 1782 1783 1784 1785 1786 1787 1788 1789 1790 1791 1792 1793 1794 1795 1796 1797 1798 1799 1800 1801 1802 1803 1804 1805 1806 1807 1808 1809 1810 1811 1812 1813 1814 1815 1816 1817 1818 1819 1820 1821 1822 1823 1824 1825 1826 1827 1828 1829 1830 1831 1832 1833 1834 1835 1836 1837 1838 1839 1840 1841 1842 1843 1844 1845 1846 1847 1848 1849 1850 1851 1852 1853 1854 1855 1856 1857 1858 1859 1860 1861 1862 1863 1864 1865 1866 1867 1868 1869 1870 1871 1872 1873 1874 1875 1876 1877 1878 1879 1880 1881 1882 1883 1884 1885 1886 1887 1888 1889 1890 1891 1892 1893 1894 1895 1896 1897 1898 1899 1900 1901 1902 1903 1904 1905 1906 1907 1908 1909 1910 1911 1912 1913 1914 1915 1916 1917 1918 1919 1920 1921 1922 1923 1924 1925 1926 1927 1928 1929 1930 1931 1932 1933 1934 1935 1936 1937 1938 1939 1940 1941 1942 1943 1944 1945 1946 1947 1948 1949 1950 1951 1952 1953 1954 1955 1956 1957 1958 1959 1960 1961 1962 1963 1964 1965 1966 1967 1968 1969 1970 1971 1972 1973 1974 1975 1976 1977 1978 1979 1980 1981 1982 1983 1984 1985 1986 1987 1988 1989 1990 1991 1992 1993 1994 1995 1996 1997 1998 1999 2000 2001 2002 2003 2004 2005 2006 2007 2008 2009 2010 2011 2012 2013 2014 2015 2016 2017 2018 2019 2020 2021 2022 2023 2024 2025 2026 2027 2028 2029 2030 2031 2032 2033 2034 2035 2036 2037 2038 2039 2040 2041 2042 2043 2044 2045 2046 2047 2048 2049 2050 2051 2052 2053 2054 2055 2056 2057 2058 2059 2060 2061 2062 2063 2064 2065 2066 2067 2068 2069 2070 2071 2072 2073 2074 2075 2076 2077 2078 2079 2080 2081 2082 2083 2084 2085 2086 2087 2088 2089 2090 2091 2092 2093 2094 2095 2096 2097 2098 2099 2100 2101 2102 2103 2104 2105 2106 2107 2108 2109 2110 2111 2112 2113 2114 2115 2116 2117 2118 2119 2120 2121 2122 2123 2124 2125 2126 2127 2128 2129 2130 2131 2132 2133 2134 2135 2136 2137 2138 2139 2140 2141 2142 2143 2144 2145 2146 2147 2148 2149 2150 2151 2152 2153 2154 2155 2156 2157 2158 2159 2160 2161 2162 2163 2164 2165 2166 2167 2168 2169 2170 2171 2172 2173 2174 2175 2176 2177 2178 2179 2180 2181 2182 2183 2184 2185 2186 2187 2188 2189 2190 2191 2192 2193 2194 2195 2196 2197 2198 2199 2200 2201 2202 2203 2204 2205 2206 2207 2208 2209 2210 2211 2212 2213 2214 2215 2216 2217 2218 2219 2220 2221 2222 2223 2224 2225 2226 2227 2228 2229 2230 2231 2232 2233 2234 2235 2236 2237 2238 2239 2240 2241 2242 2243 2244 2245 2246 2247 2248 2249 2250 2251 2252 2253 2254 2255 2256 2257 2258 2259 2260 2261 2262 2263 2264 2265 2266 2267 2268 2269 2270 2271 2272 2273 2274 2275 2276 2277 2278 2279 2280 2281 2282 2283 2284 2285 2286 2287 2288 2289 2290 2291 2292 2293 2294 2295 2296 2297 2298 2299 2300 2301 2302 2303 2304 2305 2306 2307 2308 2309 2310 2311 2312 2313 2314 2315 2316 2317 2318 2319 2320 2321 2322 2323 2324 2325 2326 2327 2328 2329 2330 2331 2332 2333 2334 2335 2336 2337 2338 2339 2340 2341 2342 2343 2344 2345 2346 2347 2348 2349 2350 2351 2352 2353 2354 2355 2356 2357 2358 2359 2360 2361 2362 2363 2364 2365 2366 2367 2368 2369 2370 2371 2372 2373 2374 2375 2376 2377 2378 2379 2380 2381 2382 2383 2384 2385 2386 2387 2388 2389 2390 2391 2392 2393 2394 2395 2396 2397 2398 2399 2400 ;

set C:=
1 2 3 4 5 6 7 8 9 10 11 12 13 14 15 16 17 18 19 20 21 22 23 24 25 26 27 28 29 30 31 32 33 34 35 36 37 38 39 40 41 42 43 44 45 46 47 48 49 50 51 52 53 54 55 56 57 58 59 60 61 62 63 64 65 66 67 68 69 70 71 72 73 74 75 76 77 78 79 80 81 82 83 84 85 86 87 88 89 90 91 92 93 94 95 96 97 98 99 100 101 102 103 104 105 106 107 108 109 110 111 112 113 114 115 116 117 118 119 120 121 122 123 124 125 126 127 128 129 130 131 132 133 134 135 136 137 138 139 140 141 142 143 144 145 146 147 148 149 150 151 152 153 154 155 156 157 158 159 160 161 162 163 164 165 166 167 168 169 170 171 172 173 174 175 176 177 178 179 180 181 182 183 184 185 186 187 188 189 190 191 192 193 194 195 196 197 198 199 200 201 202 203 204 205 206 207 208 209 210 211 212 213 214 215 216 217 218 219 220 221 222 223 224 225 226 227 228 229 230 231 232 233 234 235 236 237 238 239 240 241 242 243 244 245 246 247 248 249 250 251 252 253 254 255 256 257 258 259 260 261 262 263 264 265 266 267 268 269 270 271 272 273 274 275 276 277 278 279 280 281 282 283 284 285 286 287 288 289 290 291 292 293 294 295 296 297 298 299 300 301 302 303 304 305 306 307 308 309 310 311 312 313 314 315 316 317 318 319 320 321 322 323 324 325 326 327 328 329 330 331 332 333 334 335 336 337 338 339 340 341 342 343 344 345 346 347 348 349 350 351 352 353 354 355 356 357 358 359 360 361 362 363 364 365 366 367 368 369 370 371 372 373 374 375 376 377 378 379 380 381 382 383 384 385 386 387 388 389 390 391 392 393 394 395 396 397 398 399 400 401 402 403 404 405 406 407 408 409 410 411 412 413 414 415 416 417 418 419 420 421 422 423 424 425 426 427 428 429 430 431 432 433 434 435 436 437 438 439 440 441 442 443 444 445 446 447 448 449 450 451 452 453 454 455 456 457 458 459 460 461 462 463 464 465 466 467 468 469 470 471 472 473 474 475 476 477 478 479 480 481 482 483 484 485 486 487 488 489 490 491 492 493 494 495 496 497 498 499 500 501 502 503 504 505 506 507 508 509 510 511 512 513 514 515 516 517 518 519 520 521 522 523 524 525 526 527 528 529 530 531 532 533 534 535 536 537 538 539 540 541 542 543 544 545 546 547 548 549 550 551 552 553 554 555 556 557 558 559 560 561 562 563 564 565 566 567 568 569 570 571 572 573 574 575 576 577 578 579 580 581 582 583 584 585 586 587 588 589 590 591 592 593 594 595 596 597 598 599 600 601 602 603 604 605 606 607 608 609 610 611 612 613 614 615 616 617 618 619 620 621 622 623 624 625 626 627 628 629 630 631 632 633 634 635 636 637 638 639 640 641 642 643 644 645 646 647 648 649 650 651 652 653 654 655 656 657 658 659 660 661 662 663 664 665 666 667 668 669 670 671 672 673 674 675 676 677 678 679 680 681 682 683 684 685 686 687 688 689 690 691 692 693 694 695 696 697 698 699 700 701 702 703 704 705 706 707 708 709 710 711 712 713 714 715 716 717 718 719 720 721 722 723 724 725 726 727 728 729 730 731 732 733 734 735 736 737 738 739 740 741 742 743 744 745 746 747 748 749 750 751 752 753 754 755 756 757 758 759 760 761 762 763 764 765 766 767 768 769 770 771 772 773 774 775 776 777 778 779 780 781 782 783 784 785 786 787 788 789 790 791 792 793 794 795 796 797 798 799 800 801 802 803 804 805 806 807 808 809 810 811 812 813 814 815 816 817 818 819 820 821 822 823 824 825 826 827 828 829 830 831 832 833 834 835 836 837 838 839 840 841 842 843 844 845 846 847 848 849 850 851 852 853 854 855 856 857 858 859 860 861 862 863 864 865 866 867 868 869 870 871 872 873 874 875 876 877 878 879 880 881 882 883 884 885 886 887 888 889 890 891 892 893 894 895 896 897 898 899 900 901 902 903 904 905 906 907 908 909 910 911 912 913 914 915 916 917 918 919 920 921 922 923 924 925 926 927 928 929 930 931 932 933 934 935 936 937 938 939 940 941 942 943 944 945 946 947 948 949 950 951 952 953 954 955 956 957 958 959 960 961 962 963 964 965 966 967 968 969 970 971 972 973 974 975 976 977 978 979 980 981 982 983 984 985 986 987 988 989 990 991 992 993 994 995 996 997 998 999 1000 ;

set A:=
1 2 3 4 5 6 7 8 9 10 11 12 13 14 15 16 17 18 19 20 21 22 23 24 25 26 27 28 29 30 31 32 33 34 35 36 37 38 39 40 41 42 43 44 45 46 47 48 49 50 51 52 53 54 55 56 57 58 59 60 61 62 63 64 65 66 67 68 69 70 71 72 73 74 75 76 77 78 79 80 81 82 83 84 85 86 87 88 89 90 91 92 93 94 95 96 97 98 99 100 101 102 103 104 105 106 107 108 109 110 111 112 113 114 115 116 117 118 119 120 121 122 123 124 125 126 127 128 129 130 131 132 133 134 135 136 137 138 139 140 141 142 143 144 145 146 147 148 149 150 151 152 153 154 155 156 157 158 159 160 161 162 163 164 165 166 167 168 169 170 171 172 173 174 175 176 177 178 179 180 181 182 183 184 185 186 187 188 189 190 191 192 193 194 195 196 197 198 199 200 201 202 203 204 205 206 207 208 209 210 211 212 213 214 215 216 217 218 219 220 221 222 223 224 225 226 227 228 229 230 231 232 233 234 235 236 237 238 239 240 241 242 243 244 245 246 247 248 249 250 251 252 253 254 255 256 257 258 259 260 261 262 263 264 265 266 267 268 269 270 271 272 273 274 275 276 277 278 279 280 281 282 283 284 285 286 287 288 289 290 291 292 293 294 295 296 297 298 299 300 301 302 303 304 305 306 307 308 309 310 311 312 313 314 315 316 317 318 319 320 321 322 323 324 325 326 327 328 329 330 331 332 333 334 335 336 337 338 339 340 341 342 343 344 345 346 347 348 349 350 351 352 353 354 355 356 357 358 359 360 361 362 363 364 365 366 367 368 369 370 371 372 373 374 375 376 377 378 379 380 381 382 383 384 385 386 387 388 389 390 391 392 393 394 395 396 397 398 399 400 401 402 403 404 405 406 407 408 409 410 411 412 413 414 415 416 417 418 419 420 421 422 423 424 425 426 427 428 429 430 431 432 433 434 435 436 437 438 439 440 441 442 443 444 445 446 447 448 449 450 451 452 453 454 455 456 457 458 459 460 461 462 463 464 465 466 467 468 469 470 471 472 473 474 475 476 477 478 479 480 481 482 483 484 485 486 487 488 489 490 491 492 493 494 495 496 497 498 499 500 501 502 503 504 505 506 507 508 509 510 511 512 513 514 515 516 517 518 519 520 521 522 523 524 525 526 527 528 529 530 531 532 533 534 535 536 537 538 539 540 541 542 543 544 545 546 547 548 549 550 551 552 553 554 555 556 557 558 559 560 561 562 563 564 565 566 567 568 569 570 571 572 573 574 575 576 577 578 579 580 581 582 583 584 585 586 587 588 589 590 591 592 593 594 595 596 597 598 599 600 601 602 603 604 605 606 607 608 609 610 611 612 613 614 615 616 617 618 619 620 621 622 623 624 625 626 627 628 629 630 631 632 633 634 635 636 637 638 639 640 641 642 643 644 645 646 647 648 649 650 651 652 653 654 655 656 657 658 659 660 661 662 663 664 665 666 667 668 669 670 671 672 673 674 675 676 677 678 679 680 681 682 683 684 685 686 687 688 689 690 691 692 693 694 695 696 697 698 699 700 701 702 703 704 705 706 707 708 709 710 711 712 713 714 715 716 717 718 719 720 721 722 723 724 725 726 727 728 729 730 731 732 733 734 735 736 737 738 739 740 741 742 743 744 745 746 747 748 749 750 751 752 753 754 755 756 757 758 759 760 761 762 763 764 765 766 767 768 769 770 771 772 773 774 775 776 777 778 779 780 781 782 783 784 785 786 787 788 789 790 791 792 793 794 795 796 797 798 799 800 801 802 803 804 805 806 807 808 809 810 811 812 813 814 815 816 817 818 819 820 821 822 823 824 825 826 827 828 829 830 831 832 833 834 835 836 837 838 839 840 841 842 843 844 845 846 847 848 849 850 851 852 853 854 855 856 857 858 859 860 861 862 863 864 865 866 867 868 869 870 871 872 873 874 875 876 877 878 879 880 881 882 883 884 885 886 887 888 889 890 891 892 893 894 895 896 897 898 899 900 901 902 903 904 905 906 907 908 909 910 911 912 913 914 915 916 917 918 919 920 921 922 923 924 925 926 927 928 929 930 931 932 933 934 935 936 937 938 939 940 941 942 943 944 945 946 947 948 949 950 951 952 953 954 955 956 957 958 959 960 961 962 963 964 965 966 967 968 969 970 971 972 973 974 975 976 977 978 979 980 981 982 983 984 985 986 987 988 989 990 991 992 993 994 995 996 997 998 999 1000 1001 1002 1003 1004 1005 1006 1007 1008 1009 1010 1011 1012 1013 1014 1015 1016 1017 1018 1019 1020 1021 1022 1023 1024 1025 1026 1027 1028 1029 1030 1031 1032 1033 1034 1035 1036 1037 1038 1039 1040 1041 1042 1043 1044 1045 1046 1047 1048 1049 1050 1051 1052 1053 1054 1055 1056 1057 1058 1059 1060 1061 1062 1063 1064 1065 1066 1067 1068 1069 1070 1071 1072 1073 1074 1075 1076 1077 1078 1079 1080 1081 1082 1083 1084 1085 1086 1087 1088 1089 1090 1091 1092 1093 1094 1095 1096 1097 1098 1099 1100 1101 1102 1103 1104 1105 1106 1107 1108 1109 1110 1111 1112 1113 1114 1115 1116 1117 1118 1119 1120 1121 1122 1123 1124 1125 1126 1127 1128 1129 1130 1131 1132 1133 1134 1135 1136 1137 1138 1139 1140 1141 1142 1143 1144 1145 1146 1147 1148 1149 1150 1151 1152 1153 1154 1155 1156 1157 1158 1159 1160 1161 1162 1163 1164 1165 1166 1167 1168 1169 1170 1171 1172 1173 1174 1175 1176 1177 1178 1179 1180 1181 1182 1183 1184 1185 1186 1187 1188 1189 1190 1191 1192 1193 1194 1195 1196 1197 1198 1199 1200 1201 1202 1203 1204 1205 1206 1207 1208 1209 1210 1211 1212 1213 1214 1215 1216 1217 1218 1219 1220 1221 1222 1223 1224 1225 1226 1227 1228 1229 1230 1231 1232 1233 1234 1235 1236 1237 1238 1239 1240 1241 1242 1243 1244 1245 1246 1247 1248 1249 1250 1251 1252 1253 1254 1255 1256 1257 1258 1259 1260 1261 1262 1263 1264 1265 1266 1267 1268 1269 1270 1271 1272 1273 1274 1275 1276 1277 1278 1279 1280 1281 1282 1283 1284 1285 1286 1287 1288 1289 1290 1291 1292 1293 1294 1295 1296 1297 1298 1299 1300 1301 1302 1303 1304 1305 1306 1307 1308 1309 1310 1311 1312 1313 1314 1315 1316 1317 1318 1319 1320 1321 1322 1323 1324 1325 1326 1327 1328 1329 1330 1331 1332 1333 1334 1335 1336 1337 1338 1339 1340 1341 1342 1343 1344 1345 1346 1347 1348 1349 1350 1351 1352 1353 1354 1355 1356 1357 1358 1359 1360 1361 1362 1363 1364 1365 1366 1367 1368 1369 1370 1371 1372 1373 1374 1375 1376 1377 1378 1379 1380 1381 1382 1383 1384 1385 1386 1387 1388 1389 1390 1391 1392 1393 1394 1395 1396 1397 1398 1399 1400 1401 1402 1403 1404 1405 1406 1407 1408 1409 1410 1411 1412 1413 1414 1415 1416 1417 1418 1419 1420 1421 1422 1423 1424 1425 1426 1427 1428 1429 1430 1431 1432 1433 1434 1435 1436 1437 1438 1439 1440 1441 1442 1443 1444 1445 1446 1447 1448 1449 1450 1451 1452 1453 1454 1455 1456 1457 1458 1459 1460 1461 1462 1463 1464 1465 1466 1467 1468 1469 1470 1471 1472 1473 1474 1475 1476 1477 1478 1479 1480 1481 1482 1483 1484 1485 1486 1487 1488 1489 1490 1491 1492 1493 1494 1495 1496 1497 1498 1499 1500 1501 1502 1503 1504 1505 1506 1507 1508 1509 1510 1511 1512 1513 1514 1515 1516 1517 1518 1519 1520 1521 1522 1523 1524 1525 1526 1527 1528 1529 1530 1531 1532 1533 1534 1535 1536 1537 1538 1539 1540 1541 1542 1543 1544 1545 1546 1547 1548 1549 1550 1551 1552 1553 1554 1555 1556 1557 1558 1559 1560 1561 1562 1563 1564 1565 1566 1567 1568 1569 1570 1571 1572 1573 1574 1575 1576 1577 1578 1579 1580 1581 1582 1583 1584 1585 1586 1587 1588 1589 1590 1591 1592 1593 1594 1595 1596 1597 1598 1599 1600 1601 1602 1603 1604 1605 1606 1607 1608 1609 1610 1611 1612 1613 1614 1615 1616 1617 1618 1619 1620 1621 1622 1623 1624 1625 1626 1627 1628 1629 1630 1631 1632 1633 1634 1635 1636 1637 1638 1639 1640 1641 1642 1643 1644 1645 1646 1647 1648 1649 1650 1651 1652 1653 1654 1655 1656 1657 1658 1659 1660 1661 1662 1663 1664 1665 1666 1667 1668 1669 1670 1671 1672 1673 1674 1675 1676 1677 1678 1679 1680 1681 1682 1683 1684 1685 1686 1687 1688 1689 1690 1691 1692 1693 1694 1695 1696 1697 1698 1699 1700 1701 1702 1703 1704 1705 1706 1707 1708 1709 1710 1711 1712 1713 1714 1715 1716 1717 1718 1719 1720 1721 1722 1723 1724 1725 1726 1727 1728 1729 1730 1731 1732 1733 1734 1735 1736 1737 1738 1739 1740 1741 1742 1743 1744 1745 1746 1747 1748 1749 1750 1751 1752 1753 1754 1755 1756 1757 1758 1759 1760 1761 1762 1763 1764 1765 1766 1767 1768 1769 1770 1771 1772 1773 1774 1775 1776 1777 1778 1779 1780 1781 1782 1783 1784 1785 1786 1787 1788 1789 1790 1791 1792 1793 1794 1795 1796 1797 1798 1799 1800 1801 1802 1803 1804 1805 1806 1807 1808 1809 1810 1811 1812 1813 1814 1815 1816 1817 1818 1819 1820 1821 1822 1823 1824 1825 1826 1827 1828 1829 1830 1831 1832 1833 1834 1835 1836 1837 1838 1839 1840 1841 1842 1843 1844 1845 1846 1847 1848 1849 1850 1851 1852 1853 1854 1855 1856 1857 1858 1859 1860 1861 1862 1863 1864 1865 1866 1867 1868 1869 1870 1871 1872 1873 1874 1875 1876 1877 1878 1879 1880 1881 1882 1883 1884 1885 1886 1887 1888 1889 1890 1891 1892 1893 1894 1895 1896 1897 1898 1899 1900 1901 1902 1903 1904 1905 1906 1907 1908 1909 1910 1911 1912 1913 1914 1915 1916 1917 1918 1919 1920 1921 1922 1923 1924 1925 1926 1927 1928 1929 1930 1931 1932 1933 1934 1935 1936 1937 1938 1939 1940 1941 1942 1943 1944 1945 1946 1947 1948 1949 1950 1951 1952 1953 1954 1955 1956 1957 1958 1959 1960 1961 1962 1963 1964 1965 1966 1967 1968 1969 1970 1971 1972 1973 1974 1975 1976 1977 1978 1979 1980 1981 1982 1983 1984 1985 1986 1987 1988 1989 1990 1991 1992 1993 1994 1995 1996 1997 1998 1999 2000 ;

set T:=
1_1_2 1_3_4 1_5_6 1_7_8 1_9_10 1_11_12 1_13_14 1_15_16 1_17_18 1_19_20 2_1_2 2_3_4 2_5_6 2_7_8 2_9_10 2_11_12 2_13_14 2_15_16 2_17_18 2_19_20 3_1_2 3_3_4 3_5_6 3_7_8 3_9_10 3_11_12 3_13_14 3_15_16 3_17_18 3_19_20 4_1_2 4_3_4 4_5_6 4_7_8 4_9_10 4_11_12 4_13_14 4_15_16 4_17_18 4_19_20 5_1_2 5_3_4 5_5_6 5_7_8 5_9_10 5_11_12 5_13_14 5_15_16 5_17_18 5_19_20 ;

set R:=
1 2 3 4 5 6 7 8 9 10 11 12 13 14 15 16 17 18 19 20 21 22 23 24 25 26 27 28 29 30 31 32 33 34 35 36 37 38 39 40 41 42 43 44 45 46 47 48 49 50 ;

set Ac[1]:=
1 2 ;
set Ac[2]:=
3 4 ;
set Ac[3]:=
5 6 ;
set Ac[4]:=
7 8 ;
set Ac[5]:=
9 10 ;
set Ac[6]:=
11 12 ;
set Ac[7]:=
13 14 ;
set Ac[8]:=
15 16 ;
set Ac[9]:=
17 18 ;
set Ac[10]:=
19 20 ;
set Ac[11]:=
21 22 ;
set Ac[12]:=
23 24 ;
set Ac[13]:=
25 26 ;
set Ac[14]:=
27 28 ;
set Ac[15]:=
29 30 ;
set Ac[16]:=
31 32 ;
set Ac[17]:=
33 34 ;
set Ac[18]:=
35 36 ;
set Ac[19]:=
37 38 ;
set Ac[20]:=
39 40 ;
set Ac[21]:=
41 42 ;
set Ac[22]:=
43 44 ;
set Ac[23]:=
45 46 ;
set Ac[24]:=
47 48 ;
set Ac[25]:=
49 50 ;
set Ac[26]:=
51 52 ;
set Ac[27]:=
53 54 ;
set Ac[28]:=
55 56 ;
set Ac[29]:=
57 58 ;
set Ac[30]:=
59 60 ;
set Ac[31]:=
61 62 ;
set Ac[32]:=
63 64 ;
set Ac[33]:=
65 66 ;
set Ac[34]:=
67 68 ;
set Ac[35]:=
69 70 ;
set Ac[36]:=
71 72 ;
set Ac[37]:=
73 74 ;
set Ac[38]:=
75 76 ;
set Ac[39]:=
77 78 ;
set Ac[40]:=
79 80 ;
set Ac[41]:=
81 82 ;
set Ac[42]:=
83 84 ;
set Ac[43]:=
85 86 ;
set Ac[44]:=
87 88 ;
set Ac[45]:=
89 90 ;
set Ac[46]:=
91 92 ;
set Ac[47]:=
93 94 ;
set Ac[48]:=
95 96 ;
set Ac[49]:=
97 98 ;
set Ac[50]:=
99 100 ;
set Ac[51]:=
101 102 ;
set Ac[52]:=
103 104 ;
set Ac[53]:=
105 106 ;
set Ac[54]:=
107 108 ;
set Ac[55]:=
109 110 ;
set Ac[56]:=
111 112 ;
set Ac[57]:=
113 114 ;
set Ac[58]:=
115 116 ;
set Ac[59]:=
117 118 ;
set Ac[60]:=
119 120 ;
set Ac[61]:=
121 122 ;
set Ac[62]:=
123 124 ;
set Ac[63]:=
125 126 ;
set Ac[64]:=
127 128 ;
set Ac[65]:=
129 130 ;
set Ac[66]:=
131 132 ;
set Ac[67]:=
133 134 ;
set Ac[68]:=
135 136 ;
set Ac[69]:=
137 138 ;
set Ac[70]:=
139 140 ;
set Ac[71]:=
141 142 ;
set Ac[72]:=
143 144 ;
set Ac[73]:=
145 146 ;
set Ac[74]:=
147 148 ;
set Ac[75]:=
149 150 ;
set Ac[76]:=
151 152 ;
set Ac[77]:=
153 154 ;
set Ac[78]:=
155 156 ;
set Ac[79]:=
157 158 ;
set Ac[80]:=
159 160 ;
set Ac[81]:=
161 162 ;
set Ac[82]:=
163 164 ;
set Ac[83]:=
165 166 ;
set Ac[84]:=
167 168 ;
set Ac[85]:=
169 170 ;
set Ac[86]:=
171 172 ;
set Ac[87]:=
173 174 ;
set Ac[88]:=
175 176 ;
set Ac[89]:=
177 178 ;
set Ac[90]:=
179 180 ;
set Ac[91]:=
181 182 ;
set Ac[92]:=
183 184 ;
set Ac[93]:=
185 186 ;
set Ac[94]:=
187 188 ;
set Ac[95]:=
189 190 ;
set Ac[96]:=
191 192 ;
set Ac[97]:=
193 194 ;
set Ac[98]:=
195 196 ;
set Ac[99]:=
197 198 ;
set Ac[100]:=
199 200 ;
set Ac[101]:=
201 202 ;
set Ac[102]:=
203 204 ;
set Ac[103]:=
205 206 ;
set Ac[104]:=
207 208 ;
set Ac[105]:=
209 210 ;
set Ac[106]:=
211 212 ;
set Ac[107]:=
213 214 ;
set Ac[108]:=
215 216 ;
set Ac[109]:=
217 218 ;
set Ac[110]:=
219 220 ;
set Ac[111]:=
221 222 ;
set Ac[112]:=
223 224 ;
set Ac[113]:=
225 226 ;
set Ac[114]:=
227 228 ;
set Ac[115]:=
229 230 ;
set Ac[116]:=
231 232 ;
set Ac[117]:=
233 234 ;
set Ac[118]:=
235 236 ;
set Ac[119]:=
237 238 ;
set Ac[120]:=
239 240 ;
set Ac[121]:=
241 242 ;
set Ac[122]:=
243 244 ;
set Ac[123]:=
245 246 ;
set Ac[124]:=
247 248 ;
set Ac[125]:=
249 250 ;
set Ac[126]:=
251 252 ;
set Ac[127]:=
253 254 ;
set Ac[128]:=
255 256 ;
set Ac[129]:=
257 258 ;
set Ac[130]:=
259 260 ;
set Ac[131]:=
261 262 ;
set Ac[132]:=
263 264 ;
set Ac[133]:=
265 266 ;
set Ac[134]:=
267 268 ;
set Ac[135]:=
269 270 ;
set Ac[136]:=
271 272 ;
set Ac[137]:=
273 274 ;
set Ac[138]:=
275 276 ;
set Ac[139]:=
277 278 ;
set Ac[140]:=
279 280 ;
set Ac[141]:=
281 282 ;
set Ac[142]:=
283 284 ;
set Ac[143]:=
285 286 ;
set Ac[144]:=
287 288 ;
set Ac[145]:=
289 290 ;
set Ac[146]:=
291 292 ;
set Ac[147]:=
293 294 ;
set Ac[148]:=
295 296 ;
set Ac[149]:=
297 298 ;
set Ac[150]:=
299 300 ;
set Ac[151]:=
301 302 ;
set Ac[152]:=
303 304 ;
set Ac[153]:=
305 306 ;
set Ac[154]:=
307 308 ;
set Ac[155]:=
309 310 ;
set Ac[156]:=
311 312 ;
set Ac[157]:=
313 314 ;
set Ac[158]:=
315 316 ;
set Ac[159]:=
317 318 ;
set Ac[160]:=
319 320 ;
set Ac[161]:=
321 322 ;
set Ac[162]:=
323 324 ;
set Ac[163]:=
325 326 ;
set Ac[164]:=
327 328 ;
set Ac[165]:=
329 330 ;
set Ac[166]:=
331 332 ;
set Ac[167]:=
333 334 ;
set Ac[168]:=
335 336 ;
set Ac[169]:=
337 338 ;
set Ac[170]:=
339 340 ;
set Ac[171]:=
341 342 ;
set Ac[172]:=
343 344 ;
set Ac[173]:=
345 346 ;
set Ac[174]:=
347 348 ;
set Ac[175]:=
349 350 ;
set Ac[176]:=
351 352 ;
set Ac[177]:=
353 354 ;
set Ac[178]:=
355 356 ;
set Ac[179]:=
357 358 ;
set Ac[180]:=
359 360 ;
set Ac[181]:=
361 362 ;
set Ac[182]:=
363 364 ;
set Ac[183]:=
365 366 ;
set Ac[184]:=
367 368 ;
set Ac[185]:=
369 370 ;
set Ac[186]:=
371 372 ;
set Ac[187]:=
373 374 ;
set Ac[188]:=
375 376 ;
set Ac[189]:=
377 378 ;
set Ac[190]:=
379 380 ;
set Ac[191]:=
381 382 ;
set Ac[192]:=
383 384 ;
set Ac[193]:=
385 386 ;
set Ac[194]:=
387 388 ;
set Ac[195]:=
389 390 ;
set Ac[196]:=
391 392 ;
set Ac[197]:=
393 394 ;
set Ac[198]:=
395 396 ;
set Ac[199]:=
397 398 ;
set Ac[200]:=
399 400 ;
set Ac[201]:=
401 402 ;
set Ac[202]:=
403 404 ;
set Ac[203]:=
405 406 ;
set Ac[204]:=
407 408 ;
set Ac[205]:=
409 410 ;
set Ac[206]:=
411 412 ;
set Ac[207]:=
413 414 ;
set Ac[208]:=
415 416 ;
set Ac[209]:=
417 418 ;
set Ac[210]:=
419 420 ;
set Ac[211]:=
421 422 ;
set Ac[212]:=
423 424 ;
set Ac[213]:=
425 426 ;
set Ac[214]:=
427 428 ;
set Ac[215]:=
429 430 ;
set Ac[216]:=
431 432 ;
set Ac[217]:=
433 434 ;
set Ac[218]:=
435 436 ;
set Ac[219]:=
437 438 ;
set Ac[220]:=
439 440 ;
set Ac[221]:=
441 442 ;
set Ac[222]:=
443 444 ;
set Ac[223]:=
445 446 ;
set Ac[224]:=
447 448 ;
set Ac[225]:=
449 450 ;
set Ac[226]:=
451 452 ;
set Ac[227]:=
453 454 ;
set Ac[228]:=
455 456 ;
set Ac[229]:=
457 458 ;
set Ac[230]:=
459 460 ;
set Ac[231]:=
461 462 ;
set Ac[232]:=
463 464 ;
set Ac[233]:=
465 466 ;
set Ac[234]:=
467 468 ;
set Ac[235]:=
469 470 ;
set Ac[236]:=
471 472 ;
set Ac[237]:=
473 474 ;
set Ac[238]:=
475 476 ;
set Ac[239]:=
477 478 ;
set Ac[240]:=
479 480 ;
set Ac[241]:=
481 482 ;
set Ac[242]:=
483 484 ;
set Ac[243]:=
485 486 ;
set Ac[244]:=
487 488 ;
set Ac[245]:=
489 490 ;
set Ac[246]:=
491 492 ;
set Ac[247]:=
493 494 ;
set Ac[248]:=
495 496 ;
set Ac[249]:=
497 498 ;
set Ac[250]:=
499 500 ;
set Ac[251]:=
501 502 ;
set Ac[252]:=
503 504 ;
set Ac[253]:=
505 506 ;
set Ac[254]:=
507 508 ;
set Ac[255]:=
509 510 ;
set Ac[256]:=
511 512 ;
set Ac[257]:=
513 514 ;
set Ac[258]:=
515 516 ;
set Ac[259]:=
517 518 ;
set Ac[260]:=
519 520 ;
set Ac[261]:=
521 522 ;
set Ac[262]:=
523 524 ;
set Ac[263]:=
525 526 ;
set Ac[264]:=
527 528 ;
set Ac[265]:=
529 530 ;
set Ac[266]:=
531 532 ;
set Ac[267]:=
533 534 ;
set Ac[268]:=
535 536 ;
set Ac[269]:=
537 538 ;
set Ac[270]:=
539 540 ;
set Ac[271]:=
541 542 ;
set Ac[272]:=
543 544 ;
set Ac[273]:=
545 546 ;
set Ac[274]:=
547 548 ;
set Ac[275]:=
549 550 ;
set Ac[276]:=
551 552 ;
set Ac[277]:=
553 554 ;
set Ac[278]:=
555 556 ;
set Ac[279]:=
557 558 ;
set Ac[280]:=
559 560 ;
set Ac[281]:=
561 562 ;
set Ac[282]:=
563 564 ;
set Ac[283]:=
565 566 ;
set Ac[284]:=
567 568 ;
set Ac[285]:=
569 570 ;
set Ac[286]:=
571 572 ;
set Ac[287]:=
573 574 ;
set Ac[288]:=
575 576 ;
set Ac[289]:=
577 578 ;
set Ac[290]:=
579 580 ;
set Ac[291]:=
581 582 ;
set Ac[292]:=
583 584 ;
set Ac[293]:=
585 586 ;
set Ac[294]:=
587 588 ;
set Ac[295]:=
589 590 ;
set Ac[296]:=
591 592 ;
set Ac[297]:=
593 594 ;
set Ac[298]:=
595 596 ;
set Ac[299]:=
597 598 ;
set Ac[300]:=
599 600 ;
set Ac[301]:=
601 602 ;
set Ac[302]:=
603 604 ;
set Ac[303]:=
605 606 ;
set Ac[304]:=
607 608 ;
set Ac[305]:=
609 610 ;
set Ac[306]:=
611 612 ;
set Ac[307]:=
613 614 ;
set Ac[308]:=
615 616 ;
set Ac[309]:=
617 618 ;
set Ac[310]:=
619 620 ;
set Ac[311]:=
621 622 ;
set Ac[312]:=
623 624 ;
set Ac[313]:=
625 626 ;
set Ac[314]:=
627 628 ;
set Ac[315]:=
629 630 ;
set Ac[316]:=
631 632 ;
set Ac[317]:=
633 634 ;
set Ac[318]:=
635 636 ;
set Ac[319]:=
637 638 ;
set Ac[320]:=
639 640 ;
set Ac[321]:=
641 642 ;
set Ac[322]:=
643 644 ;
set Ac[323]:=
645 646 ;
set Ac[324]:=
647 648 ;
set Ac[325]:=
649 650 ;
set Ac[326]:=
651 652 ;
set Ac[327]:=
653 654 ;
set Ac[328]:=
655 656 ;
set Ac[329]:=
657 658 ;
set Ac[330]:=
659 660 ;
set Ac[331]:=
661 662 ;
set Ac[332]:=
663 664 ;
set Ac[333]:=
665 666 ;
set Ac[334]:=
667 668 ;
set Ac[335]:=
669 670 ;
set Ac[336]:=
671 672 ;
set Ac[337]:=
673 674 ;
set Ac[338]:=
675 676 ;
set Ac[339]:=
677 678 ;
set Ac[340]:=
679 680 ;
set Ac[341]:=
681 682 ;
set Ac[342]:=
683 684 ;
set Ac[343]:=
685 686 ;
set Ac[344]:=
687 688 ;
set Ac[345]:=
689 690 ;
set Ac[346]:=
691 692 ;
set Ac[347]:=
693 694 ;
set Ac[348]:=
695 696 ;
set Ac[349]:=
697 698 ;
set Ac[350]:=
699 700 ;
set Ac[351]:=
701 702 ;
set Ac[352]:=
703 704 ;
set Ac[353]:=
705 706 ;
set Ac[354]:=
707 708 ;
set Ac[355]:=
709 710 ;
set Ac[356]:=
711 712 ;
set Ac[357]:=
713 714 ;
set Ac[358]:=
715 716 ;
set Ac[359]:=
717 718 ;
set Ac[360]:=
719 720 ;
set Ac[361]:=
721 722 ;
set Ac[362]:=
723 724 ;
set Ac[363]:=
725 726 ;
set Ac[364]:=
727 728 ;
set Ac[365]:=
729 730 ;
set Ac[366]:=
731 732 ;
set Ac[367]:=
733 734 ;
set Ac[368]:=
735 736 ;
set Ac[369]:=
737 738 ;
set Ac[370]:=
739 740 ;
set Ac[371]:=
741 742 ;
set Ac[372]:=
743 744 ;
set Ac[373]:=
745 746 ;
set Ac[374]:=
747 748 ;
set Ac[375]:=
749 750 ;
set Ac[376]:=
751 752 ;
set Ac[377]:=
753 754 ;
set Ac[378]:=
755 756 ;
set Ac[379]:=
757 758 ;
set Ac[380]:=
759 760 ;
set Ac[381]:=
761 762 ;
set Ac[382]:=
763 764 ;
set Ac[383]:=
765 766 ;
set Ac[384]:=
767 768 ;
set Ac[385]:=
769 770 ;
set Ac[386]:=
771 772 ;
set Ac[387]:=
773 774 ;
set Ac[388]:=
775 776 ;
set Ac[389]:=
777 778 ;
set Ac[390]:=
779 780 ;
set Ac[391]:=
781 782 ;
set Ac[392]:=
783 784 ;
set Ac[393]:=
785 786 ;
set Ac[394]:=
787 788 ;
set Ac[395]:=
789 790 ;
set Ac[396]:=
791 792 ;
set Ac[397]:=
793 794 ;
set Ac[398]:=
795 796 ;
set Ac[399]:=
797 798 ;
set Ac[400]:=
799 800 ;
set Ac[401]:=
801 802 ;
set Ac[402]:=
803 804 ;
set Ac[403]:=
805 806 ;
set Ac[404]:=
807 808 ;
set Ac[405]:=
809 810 ;
set Ac[406]:=
811 812 ;
set Ac[407]:=
813 814 ;
set Ac[408]:=
815 816 ;
set Ac[409]:=
817 818 ;
set Ac[410]:=
819 820 ;
set Ac[411]:=
821 822 ;
set Ac[412]:=
823 824 ;
set Ac[413]:=
825 826 ;
set Ac[414]:=
827 828 ;
set Ac[415]:=
829 830 ;
set Ac[416]:=
831 832 ;
set Ac[417]:=
833 834 ;
set Ac[418]:=
835 836 ;
set Ac[419]:=
837 838 ;
set Ac[420]:=
839 840 ;
set Ac[421]:=
841 842 ;
set Ac[422]:=
843 844 ;
set Ac[423]:=
845 846 ;
set Ac[424]:=
847 848 ;
set Ac[425]:=
849 850 ;
set Ac[426]:=
851 852 ;
set Ac[427]:=
853 854 ;
set Ac[428]:=
855 856 ;
set Ac[429]:=
857 858 ;
set Ac[430]:=
859 860 ;
set Ac[431]:=
861 862 ;
set Ac[432]:=
863 864 ;
set Ac[433]:=
865 866 ;
set Ac[434]:=
867 868 ;
set Ac[435]:=
869 870 ;
set Ac[436]:=
871 872 ;
set Ac[437]:=
873 874 ;
set Ac[438]:=
875 876 ;
set Ac[439]:=
877 878 ;
set Ac[440]:=
879 880 ;
set Ac[441]:=
881 882 ;
set Ac[442]:=
883 884 ;
set Ac[443]:=
885 886 ;
set Ac[444]:=
887 888 ;
set Ac[445]:=
889 890 ;
set Ac[446]:=
891 892 ;
set Ac[447]:=
893 894 ;
set Ac[448]:=
895 896 ;
set Ac[449]:=
897 898 ;
set Ac[450]:=
899 900 ;
set Ac[451]:=
901 902 ;
set Ac[452]:=
903 904 ;
set Ac[453]:=
905 906 ;
set Ac[454]:=
907 908 ;
set Ac[455]:=
909 910 ;
set Ac[456]:=
911 912 ;
set Ac[457]:=
913 914 ;
set Ac[458]:=
915 916 ;
set Ac[459]:=
917 918 ;
set Ac[460]:=
919 920 ;
set Ac[461]:=
921 922 ;
set Ac[462]:=
923 924 ;
set Ac[463]:=
925 926 ;
set Ac[464]:=
927 928 ;
set Ac[465]:=
929 930 ;
set Ac[466]:=
931 932 ;
set Ac[467]:=
933 934 ;
set Ac[468]:=
935 936 ;
set Ac[469]:=
937 938 ;
set Ac[470]:=
939 940 ;
set Ac[471]:=
941 942 ;
set Ac[472]:=
943 944 ;
set Ac[473]:=
945 946 ;
set Ac[474]:=
947 948 ;
set Ac[475]:=
949 950 ;
set Ac[476]:=
951 952 ;
set Ac[477]:=
953 954 ;
set Ac[478]:=
955 956 ;
set Ac[479]:=
957 958 ;
set Ac[480]:=
959 960 ;
set Ac[481]:=
961 962 ;
set Ac[482]:=
963 964 ;
set Ac[483]:=
965 966 ;
set Ac[484]:=
967 968 ;
set Ac[485]:=
969 970 ;
set Ac[486]:=
971 972 ;
set Ac[487]:=
973 974 ;
set Ac[488]:=
975 976 ;
set Ac[489]:=
977 978 ;
set Ac[490]:=
979 980 ;
set Ac[491]:=
981 982 ;
set Ac[492]:=
983 984 ;
set Ac[493]:=
985 986 ;
set Ac[494]:=
987 988 ;
set Ac[495]:=
989 990 ;
set Ac[496]:=
991 992 ;
set Ac[497]:=
993 994 ;
set Ac[498]:=
995 996 ;
set Ac[499]:=
997 998 ;
set Ac[500]:=
999 1000 ;
set Ac[501]:=
1001 1002 ;
set Ac[502]:=
1003 1004 ;
set Ac[503]:=
1005 1006 ;
set Ac[504]:=
1007 1008 ;
set Ac[505]:=
1009 1010 ;
set Ac[506]:=
1011 1012 ;
set Ac[507]:=
1013 1014 ;
set Ac[508]:=
1015 1016 ;
set Ac[509]:=
1017 1018 ;
set Ac[510]:=
1019 1020 ;
set Ac[511]:=
1021 1022 ;
set Ac[512]:=
1023 1024 ;
set Ac[513]:=
1025 1026 ;
set Ac[514]:=
1027 1028 ;
set Ac[515]:=
1029 1030 ;
set Ac[516]:=
1031 1032 ;
set Ac[517]:=
1033 1034 ;
set Ac[518]:=
1035 1036 ;
set Ac[519]:=
1037 1038 ;
set Ac[520]:=
1039 1040 ;
set Ac[521]:=
1041 1042 ;
set Ac[522]:=
1043 1044 ;
set Ac[523]:=
1045 1046 ;
set Ac[524]:=
1047 1048 ;
set Ac[525]:=
1049 1050 ;
set Ac[526]:=
1051 1052 ;
set Ac[527]:=
1053 1054 ;
set Ac[528]:=
1055 1056 ;
set Ac[529]:=
1057 1058 ;
set Ac[530]:=
1059 1060 ;
set Ac[531]:=
1061 1062 ;
set Ac[532]:=
1063 1064 ;
set Ac[533]:=
1065 1066 ;
set Ac[534]:=
1067 1068 ;
set Ac[535]:=
1069 1070 ;
set Ac[536]:=
1071 1072 ;
set Ac[537]:=
1073 1074 ;
set Ac[538]:=
1075 1076 ;
set Ac[539]:=
1077 1078 ;
set Ac[540]:=
1079 1080 ;
set Ac[541]:=
1081 1082 ;
set Ac[542]:=
1083 1084 ;
set Ac[543]:=
1085 1086 ;
set Ac[544]:=
1087 1088 ;
set Ac[545]:=
1089 1090 ;
set Ac[546]:=
1091 1092 ;
set Ac[547]:=
1093 1094 ;
set Ac[548]:=
1095 1096 ;
set Ac[549]:=
1097 1098 ;
set Ac[550]:=
1099 1100 ;
set Ac[551]:=
1101 1102 ;
set Ac[552]:=
1103 1104 ;
set Ac[553]:=
1105 1106 ;
set Ac[554]:=
1107 1108 ;
set Ac[555]:=
1109 1110 ;
set Ac[556]:=
1111 1112 ;
set Ac[557]:=
1113 1114 ;
set Ac[558]:=
1115 1116 ;
set Ac[559]:=
1117 1118 ;
set Ac[560]:=
1119 1120 ;
set Ac[561]:=
1121 1122 ;
set Ac[562]:=
1123 1124 ;
set Ac[563]:=
1125 1126 ;
set Ac[564]:=
1127 1128 ;
set Ac[565]:=
1129 1130 ;
set Ac[566]:=
1131 1132 ;
set Ac[567]:=
1133 1134 ;
set Ac[568]:=
1135 1136 ;
set Ac[569]:=
1137 1138 ;
set Ac[570]:=
1139 1140 ;
set Ac[571]:=
1141 1142 ;
set Ac[572]:=
1143 1144 ;
set Ac[573]:=
1145 1146 ;
set Ac[574]:=
1147 1148 ;
set Ac[575]:=
1149 1150 ;
set Ac[576]:=
1151 1152 ;
set Ac[577]:=
1153 1154 ;
set Ac[578]:=
1155 1156 ;
set Ac[579]:=
1157 1158 ;
set Ac[580]:=
1159 1160 ;
set Ac[581]:=
1161 1162 ;
set Ac[582]:=
1163 1164 ;
set Ac[583]:=
1165 1166 ;
set Ac[584]:=
1167 1168 ;
set Ac[585]:=
1169 1170 ;
set Ac[586]:=
1171 1172 ;
set Ac[587]:=
1173 1174 ;
set Ac[588]:=
1175 1176 ;
set Ac[589]:=
1177 1178 ;
set Ac[590]:=
1179 1180 ;
set Ac[591]:=
1181 1182 ;
set Ac[592]:=
1183 1184 ;
set Ac[593]:=
1185 1186 ;
set Ac[594]:=
1187 1188 ;
set Ac[595]:=
1189 1190 ;
set Ac[596]:=
1191 1192 ;
set Ac[597]:=
1193 1194 ;
set Ac[598]:=
1195 1196 ;
set Ac[599]:=
1197 1198 ;
set Ac[600]:=
1199 1200 ;
set Ac[601]:=
1201 1202 ;
set Ac[602]:=
1203 1204 ;
set Ac[603]:=
1205 1206 ;
set Ac[604]:=
1207 1208 ;
set Ac[605]:=
1209 1210 ;
set Ac[606]:=
1211 1212 ;
set Ac[607]:=
1213 1214 ;
set Ac[608]:=
1215 1216 ;
set Ac[609]:=
1217 1218 ;
set Ac[610]:=
1219 1220 ;
set Ac[611]:=
1221 1222 ;
set Ac[612]:=
1223 1224 ;
set Ac[613]:=
1225 1226 ;
set Ac[614]:=
1227 1228 ;
set Ac[615]:=
1229 1230 ;
set Ac[616]:=
1231 1232 ;
set Ac[617]:=
1233 1234 ;
set Ac[618]:=
1235 1236 ;
set Ac[619]:=
1237 1238 ;
set Ac[620]:=
1239 1240 ;
set Ac[621]:=
1241 1242 ;
set Ac[622]:=
1243 1244 ;
set Ac[623]:=
1245 1246 ;
set Ac[624]:=
1247 1248 ;
set Ac[625]:=
1249 1250 ;
set Ac[626]:=
1251 1252 ;
set Ac[627]:=
1253 1254 ;
set Ac[628]:=
1255 1256 ;
set Ac[629]:=
1257 1258 ;
set Ac[630]:=
1259 1260 ;
set Ac[631]:=
1261 1262 ;
set Ac[632]:=
1263 1264 ;
set Ac[633]:=
1265 1266 ;
set Ac[634]:=
1267 1268 ;
set Ac[635]:=
1269 1270 ;
set Ac[636]:=
1271 1272 ;
set Ac[637]:=
1273 1274 ;
set Ac[638]:=
1275 1276 ;
set Ac[639]:=
1277 1278 ;
set Ac[640]:=
1279 1280 ;
set Ac[641]:=
1281 1282 ;
set Ac[642]:=
1283 1284 ;
set Ac[643]:=
1285 1286 ;
set Ac[644]:=
1287 1288 ;
set Ac[645]:=
1289 1290 ;
set Ac[646]:=
1291 1292 ;
set Ac[647]:=
1293 1294 ;
set Ac[648]:=
1295 1296 ;
set Ac[649]:=
1297 1298 ;
set Ac[650]:=
1299 1300 ;
set Ac[651]:=
1301 1302 ;
set Ac[652]:=
1303 1304 ;
set Ac[653]:=
1305 1306 ;
set Ac[654]:=
1307 1308 ;
set Ac[655]:=
1309 1310 ;
set Ac[656]:=
1311 1312 ;
set Ac[657]:=
1313 1314 ;
set Ac[658]:=
1315 1316 ;
set Ac[659]:=
1317 1318 ;
set Ac[660]:=
1319 1320 ;
set Ac[661]:=
1321 1322 ;
set Ac[662]:=
1323 1324 ;
set Ac[663]:=
1325 1326 ;
set Ac[664]:=
1327 1328 ;
set Ac[665]:=
1329 1330 ;
set Ac[666]:=
1331 1332 ;
set Ac[667]:=
1333 1334 ;
set Ac[668]:=
1335 1336 ;
set Ac[669]:=
1337 1338 ;
set Ac[670]:=
1339 1340 ;
set Ac[671]:=
1341 1342 ;
set Ac[672]:=
1343 1344 ;
set Ac[673]:=
1345 1346 ;
set Ac[674]:=
1347 1348 ;
set Ac[675]:=
1349 1350 ;
set Ac[676]:=
1351 1352 ;
set Ac[677]:=
1353 1354 ;
set Ac[678]:=
1355 1356 ;
set Ac[679]:=
1357 1358 ;
set Ac[680]:=
1359 1360 ;
set Ac[681]:=
1361 1362 ;
set Ac[682]:=
1363 1364 ;
set Ac[683]:=
1365 1366 ;
set Ac[684]:=
1367 1368 ;
set Ac[685]:=
1369 1370 ;
set Ac[686]:=
1371 1372 ;
set Ac[687]:=
1373 1374 ;
set Ac[688]:=
1375 1376 ;
set Ac[689]:=
1377 1378 ;
set Ac[690]:=
1379 1380 ;
set Ac[691]:=
1381 1382 ;
set Ac[692]:=
1383 1384 ;
set Ac[693]:=
1385 1386 ;
set Ac[694]:=
1387 1388 ;
set Ac[695]:=
1389 1390 ;
set Ac[696]:=
1391 1392 ;
set Ac[697]:=
1393 1394 ;
set Ac[698]:=
1395 1396 ;
set Ac[699]:=
1397 1398 ;
set Ac[700]:=
1399 1400 ;
set Ac[701]:=
1401 1402 ;
set Ac[702]:=
1403 1404 ;
set Ac[703]:=
1405 1406 ;
set Ac[704]:=
1407 1408 ;
set Ac[705]:=
1409 1410 ;
set Ac[706]:=
1411 1412 ;
set Ac[707]:=
1413 1414 ;
set Ac[708]:=
1415 1416 ;
set Ac[709]:=
1417 1418 ;
set Ac[710]:=
1419 1420 ;
set Ac[711]:=
1421 1422 ;
set Ac[712]:=
1423 1424 ;
set Ac[713]:=
1425 1426 ;
set Ac[714]:=
1427 1428 ;
set Ac[715]:=
1429 1430 ;
set Ac[716]:=
1431 1432 ;
set Ac[717]:=
1433 1434 ;
set Ac[718]:=
1435 1436 ;
set Ac[719]:=
1437 1438 ;
set Ac[720]:=
1439 1440 ;
set Ac[721]:=
1441 1442 ;
set Ac[722]:=
1443 1444 ;
set Ac[723]:=
1445 1446 ;
set Ac[724]:=
1447 1448 ;
set Ac[725]:=
1449 1450 ;
set Ac[726]:=
1451 1452 ;
set Ac[727]:=
1453 1454 ;
set Ac[728]:=
1455 1456 ;
set Ac[729]:=
1457 1458 ;
set Ac[730]:=
1459 1460 ;
set Ac[731]:=
1461 1462 ;
set Ac[732]:=
1463 1464 ;
set Ac[733]:=
1465 1466 ;
set Ac[734]:=
1467 1468 ;
set Ac[735]:=
1469 1470 ;
set Ac[736]:=
1471 1472 ;
set Ac[737]:=
1473 1474 ;
set Ac[738]:=
1475 1476 ;
set Ac[739]:=
1477 1478 ;
set Ac[740]:=
1479 1480 ;
set Ac[741]:=
1481 1482 ;
set Ac[742]:=
1483 1484 ;
set Ac[743]:=
1485 1486 ;
set Ac[744]:=
1487 1488 ;
set Ac[745]:=
1489 1490 ;
set Ac[746]:=
1491 1492 ;
set Ac[747]:=
1493 1494 ;
set Ac[748]:=
1495 1496 ;
set Ac[749]:=
1497 1498 ;
set Ac[750]:=
1499 1500 ;
set Ac[751]:=
1501 1502 ;
set Ac[752]:=
1503 1504 ;
set Ac[753]:=
1505 1506 ;
set Ac[754]:=
1507 1508 ;
set Ac[755]:=
1509 1510 ;
set Ac[756]:=
1511 1512 ;
set Ac[757]:=
1513 1514 ;
set Ac[758]:=
1515 1516 ;
set Ac[759]:=
1517 1518 ;
set Ac[760]:=
1519 1520 ;
set Ac[761]:=
1521 1522 ;
set Ac[762]:=
1523 1524 ;
set Ac[763]:=
1525 1526 ;
set Ac[764]:=
1527 1528 ;
set Ac[765]:=
1529 1530 ;
set Ac[766]:=
1531 1532 ;
set Ac[767]:=
1533 1534 ;
set Ac[768]:=
1535 1536 ;
set Ac[769]:=
1537 1538 ;
set Ac[770]:=
1539 1540 ;
set Ac[771]:=
1541 1542 ;
set Ac[772]:=
1543 1544 ;
set Ac[773]:=
1545 1546 ;
set Ac[774]:=
1547 1548 ;
set Ac[775]:=
1549 1550 ;
set Ac[776]:=
1551 1552 ;
set Ac[777]:=
1553 1554 ;
set Ac[778]:=
1555 1556 ;
set Ac[779]:=
1557 1558 ;
set Ac[780]:=
1559 1560 ;
set Ac[781]:=
1561 1562 ;
set Ac[782]:=
1563 1564 ;
set Ac[783]:=
1565 1566 ;
set Ac[784]:=
1567 1568 ;
set Ac[785]:=
1569 1570 ;
set Ac[786]:=
1571 1572 ;
set Ac[787]:=
1573 1574 ;
set Ac[788]:=
1575 1576 ;
set Ac[789]:=
1577 1578 ;
set Ac[790]:=
1579 1580 ;
set Ac[791]:=
1581 1582 ;
set Ac[792]:=
1583 1584 ;
set Ac[793]:=
1585 1586 ;
set Ac[794]:=
1587 1588 ;
set Ac[795]:=
1589 1590 ;
set Ac[796]:=
1591 1592 ;
set Ac[797]:=
1593 1594 ;
set Ac[798]:=
1595 1596 ;
set Ac[799]:=
1597 1598 ;
set Ac[800]:=
1599 1600 ;
set Ac[801]:=
1601 1602 ;
set Ac[802]:=
1603 1604 ;
set Ac[803]:=
1605 1606 ;
set Ac[804]:=
1607 1608 ;
set Ac[805]:=
1609 1610 ;
set Ac[806]:=
1611 1612 ;
set Ac[807]:=
1613 1614 ;
set Ac[808]:=
1615 1616 ;
set Ac[809]:=
1617 1618 ;
set Ac[810]:=
1619 1620 ;
set Ac[811]:=
1621 1622 ;
set Ac[812]:=
1623 1624 ;
set Ac[813]:=
1625 1626 ;
set Ac[814]:=
1627 1628 ;
set Ac[815]:=
1629 1630 ;
set Ac[816]:=
1631 1632 ;
set Ac[817]:=
1633 1634 ;
set Ac[818]:=
1635 1636 ;
set Ac[819]:=
1637 1638 ;
set Ac[820]:=
1639 1640 ;
set Ac[821]:=
1641 1642 ;
set Ac[822]:=
1643 1644 ;
set Ac[823]:=
1645 1646 ;
set Ac[824]:=
1647 1648 ;
set Ac[825]:=
1649 1650 ;
set Ac[826]:=
1651 1652 ;
set Ac[827]:=
1653 1654 ;
set Ac[828]:=
1655 1656 ;
set Ac[829]:=
1657 1658 ;
set Ac[830]:=
1659 1660 ;
set Ac[831]:=
1661 1662 ;
set Ac[832]:=
1663 1664 ;
set Ac[833]:=
1665 1666 ;
set Ac[834]:=
1667 1668 ;
set Ac[835]:=
1669 1670 ;
set Ac[836]:=
1671 1672 ;
set Ac[837]:=
1673 1674 ;
set Ac[838]:=
1675 1676 ;
set Ac[839]:=
1677 1678 ;
set Ac[840]:=
1679 1680 ;
set Ac[841]:=
1681 1682 ;
set Ac[842]:=
1683 1684 ;
set Ac[843]:=
1685 1686 ;
set Ac[844]:=
1687 1688 ;
set Ac[845]:=
1689 1690 ;
set Ac[846]:=
1691 1692 ;
set Ac[847]:=
1693 1694 ;
set Ac[848]:=
1695 1696 ;
set Ac[849]:=
1697 1698 ;
set Ac[850]:=
1699 1700 ;
set Ac[851]:=
1701 1702 ;
set Ac[852]:=
1703 1704 ;
set Ac[853]:=
1705 1706 ;
set Ac[854]:=
1707 1708 ;
set Ac[855]:=
1709 1710 ;
set Ac[856]:=
1711 1712 ;
set Ac[857]:=
1713 1714 ;
set Ac[858]:=
1715 1716 ;
set Ac[859]:=
1717 1718 ;
set Ac[860]:=
1719 1720 ;
set Ac[861]:=
1721 1722 ;
set Ac[862]:=
1723 1724 ;
set Ac[863]:=
1725 1726 ;
set Ac[864]:=
1727 1728 ;
set Ac[865]:=
1729 1730 ;
set Ac[866]:=
1731 1732 ;
set Ac[867]:=
1733 1734 ;
set Ac[868]:=
1735 1736 ;
set Ac[869]:=
1737 1738 ;
set Ac[870]:=
1739 1740 ;
set Ac[871]:=
1741 1742 ;
set Ac[872]:=
1743 1744 ;
set Ac[873]:=
1745 1746 ;
set Ac[874]:=
1747 1748 ;
set Ac[875]:=
1749 1750 ;
set Ac[876]:=
1751 1752 ;
set Ac[877]:=
1753 1754 ;
set Ac[878]:=
1755 1756 ;
set Ac[879]:=
1757 1758 ;
set Ac[880]:=
1759 1760 ;
set Ac[881]:=
1761 1762 ;
set Ac[882]:=
1763 1764 ;
set Ac[883]:=
1765 1766 ;
set Ac[884]:=
1767 1768 ;
set Ac[885]:=
1769 1770 ;
set Ac[886]:=
1771 1772 ;
set Ac[887]:=
1773 1774 ;
set Ac[888]:=
1775 1776 ;
set Ac[889]:=
1777 1778 ;
set Ac[890]:=
1779 1780 ;
set Ac[891]:=
1781 1782 ;
set Ac[892]:=
1783 1784 ;
set Ac[893]:=
1785 1786 ;
set Ac[894]:=
1787 1788 ;
set Ac[895]:=
1789 1790 ;
set Ac[896]:=
1791 1792 ;
set Ac[897]:=
1793 1794 ;
set Ac[898]:=
1795 1796 ;
set Ac[899]:=
1797 1798 ;
set Ac[900]:=
1799 1800 ;
set Ac[901]:=
1801 1802 ;
set Ac[902]:=
1803 1804 ;
set Ac[903]:=
1805 1806 ;
set Ac[904]:=
1807 1808 ;
set Ac[905]:=
1809 1810 ;
set Ac[906]:=
1811 1812 ;
set Ac[907]:=
1813 1814 ;
set Ac[908]:=
1815 1816 ;
set Ac[909]:=
1817 1818 ;
set Ac[910]:=
1819 1820 ;
set Ac[911]:=
1821 1822 ;
set Ac[912]:=
1823 1824 ;
set Ac[913]:=
1825 1826 ;
set Ac[914]:=
1827 1828 ;
set Ac[915]:=
1829 1830 ;
set Ac[916]:=
1831 1832 ;
set Ac[917]:=
1833 1834 ;
set Ac[918]:=
1835 1836 ;
set Ac[919]:=
1837 1838 ;
set Ac[920]:=
1839 1840 ;
set Ac[921]:=
1841 1842 ;
set Ac[922]:=
1843 1844 ;
set Ac[923]:=
1845 1846 ;
set Ac[924]:=
1847 1848 ;
set Ac[925]:=
1849 1850 ;
set Ac[926]:=
1851 1852 ;
set Ac[927]:=
1853 1854 ;
set Ac[928]:=
1855 1856 ;
set Ac[929]:=
1857 1858 ;
set Ac[930]:=
1859 1860 ;
set Ac[931]:=
1861 1862 ;
set Ac[932]:=
1863 1864 ;
set Ac[933]:=
1865 1866 ;
set Ac[934]:=
1867 1868 ;
set Ac[935]:=
1869 1870 ;
set Ac[936]:=
1871 1872 ;
set Ac[937]:=
1873 1874 ;
set Ac[938]:=
1875 1876 ;
set Ac[939]:=
1877 1878 ;
set Ac[940]:=
1879 1880 ;
set Ac[941]:=
1881 1882 ;
set Ac[942]:=
1883 1884 ;
set Ac[943]:=
1885 1886 ;
set Ac[944]:=
1887 1888 ;
set Ac[945]:=
1889 1890 ;
set Ac[946]:=
1891 1892 ;
set Ac[947]:=
1893 1894 ;
set Ac[948]:=
1895 1896 ;
set Ac[949]:=
1897 1898 ;
set Ac[950]:=
1899 1900 ;
set Ac[951]:=
1901 1902 ;
set Ac[952]:=
1903 1904 ;
set Ac[953]:=
1905 1906 ;
set Ac[954]:=
1907 1908 ;
set Ac[955]:=
1909 1910 ;
set Ac[956]:=
1911 1912 ;
set Ac[957]:=
1913 1914 ;
set Ac[958]:=
1915 1916 ;
set Ac[959]:=
1917 1918 ;
set Ac[960]:=
1919 1920 ;
set Ac[961]:=
1921 1922 ;
set Ac[962]:=
1923 1924 ;
set Ac[963]:=
1925 1926 ;
set Ac[964]:=
1927 1928 ;
set Ac[965]:=
1929 1930 ;
set Ac[966]:=
1931 1932 ;
set Ac[967]:=
1933 1934 ;
set Ac[968]:=
1935 1936 ;
set Ac[969]:=
1937 1938 ;
set Ac[970]:=
1939 1940 ;
set Ac[971]:=
1941 1942 ;
set Ac[972]:=
1943 1944 ;
set Ac[973]:=
1945 1946 ;
set Ac[974]:=
1947 1948 ;
set Ac[975]:=
1949 1950 ;
set Ac[976]:=
1951 1952 ;
set Ac[977]:=
1953 1954 ;
set Ac[978]:=
1955 1956 ;
set Ac[979]:=
1957 1958 ;
set Ac[980]:=
1959 1960 ;
set Ac[981]:=
1961 1962 ;
set Ac[982]:=
1963 1964 ;
set Ac[983]:=
1965 1966 ;
set Ac[984]:=
1967 1968 ;
set Ac[985]:=
1969 1970 ;
set Ac[986]:=
1971 1972 ;
set Ac[987]:=
1973 1974 ;
set Ac[988]:=
1975 1976 ;
set Ac[989]:=
1977 1978 ;
set Ac[990]:=
1979 1980 ;
set Ac[991]:=
1981 1982 ;
set Ac[992]:=
1983 1984 ;
set Ac[993]:=
1985 1986 ;
set Ac[994]:=
1987 1988 ;
set Ac[995]:=
1989 1990 ;
set Ac[996]:=
1991 1992 ;
set Ac[997]:=
1993 1994 ;
set Ac[998]:=
1995 1996 ;
set Ac[999]:=
1997 1998 ;
set Ac[1000]:=
1999 2000 ;

set Cs[1]:=
575 498 841 611 111 906 597 ;
set Cs[2]:=
392 742 130 229 727 935 360 ;
set Cs[3]:=
897 932 748 414 841 412 ;
set Cs[4]:=
392 943 761 506 776 887 774 ;
set Cs[5]:=
334 654 986 70 418 537 666 ;
set Cs[6]:=
50 239 61 790 590 ;
set Cs[7]:=
877 204 625 164 894 ;
set Cs[8]:=
227 941 359 92 519 ;
set Cs[9]:=
477 485 521 106 692 19 ;
set Cs[10]:=
774 677 79 348 158 898 ;
set Cs[11]:=
609 706 285 150 183 813 78 ;
set Cs[12]:=
808 276 821 965 704 ;
set Cs[13]:=
704 850 581 807 975 10 ;
set Cs[14]:=
590 805 553 221 124 ;
set Cs[15]:=
508 139 138 15 705 ;
set Cs[16]:=
56 468 834 483 793 15 ;
set Cs[17]:=
6 34 120 312 591 220 578 ;
set Cs[18]:=
393 669 642 444 929 ;
set Cs[19]:=
163 149 102 83 992 ;
set Cs[20]:=
911 35 535 551 489 ;
set Cs[21]:=
588 915 899 921 318 702 48 ;
set Cs[22]:=
511 120 757 340 826 ;
set Cs[23]:=
223 970 781 534 407 876 420 ;
set Cs[24]:=
421 92 209 295 707 793 147 ;
set Cs[25]:=
267 984 233 987 251 418 777 ;
set Cs[26]:=
310 529 861 142 506 491 ;
set Cs[27]:=
706 149 610 299 763 655 542 ;
set Cs[28]:=
721 579 546 751 2 ;
set Cs[29]:=
489 501 706 301 763 375 592 ;
set Cs[30]:=
105 636 702 81 551 830 ;
set Cs[31]:=
182 254 266 811 589 ;
set Cs[32]:=
967 405 217 419 541 247 557 ;
set Cs[33]:=
129 842 450 618 396 ;
set Cs[34]:=
727 543 172 370 492 262 ;
set Cs[35]:=
433 225 178 304 595 ;
set Cs[36]:=
730 581 33 853 158 763 ;
set Cs[37]:=
321 887 237 456 736 675 331 ;
set Cs[38]:=
175 499 906 641 237 651 ;
set Cs[39]:=
904 211 22 194 979 ;
set Cs[40]:=
72 35 432 453 656 560 ;
set Cs[41]:=
272 260 443 484 395 432 703 ;
set Cs[42]:=
116 664 973 92 285 418 980 ;
set Cs[43]:=
697 695 1 679 690 ;
set Cs[44]:=
27 922 316 796 851 ;
set Cs[45]:=
47 238 793 37 560 253 ;
set Cs[46]:=
797 366 903 991 456 929 ;
set Cs[47]:=
183 190 254 43 755 463 ;
set Cs[48]:=
295 640 195 622 772 769 ;
set Cs[49]:=
242 764 184 773 120 128 644 ;
set Cs[50]:=
180 888 593 781 944 515 160 ;
set Cs[51]:=
684 20 721 882 452 ;
set Cs[52]:=
1000 648 903 368 275 165 ;
set Cs[53]:=
928 334 612 455 944 234 189 ;
set Cs[54]:=
520 276 224 671 155 518 542 ;
set Cs[55]:=
600 490 849 789 417 634 ;
set Cs[56]:=
814 234 164 19 892 ;
set Cs[57]:=
797 475 704 765 557 546 255 ;
set Cs[58]:=
713 18 84 99 931 748 ;
set Cs[59]:=
663 267 584 690 536 873 ;
set Cs[60]:=
362 301 869 842 61 19 ;
set Cs[61]:=
986 179 718 620 380 ;
set Cs[62]:=
172 741 825 681 772 911 458 ;
set Cs[63]:=
573 213 694 179 345 ;
set Cs[64]:=
238 681 753 394 223 187 232 ;
set Cs[65]:=
348 517 265 690 839 666 825 ;
set Cs[66]:=
219 663 13 87 570 ;
set Cs[67]:=
413 101 274 902 881 643 ;
set Cs[68]:=
699 369 427 137 170 874 ;
set Cs[69]:=
523 516 507 403 346 609 ;
set Cs[70]:=
711 548 681 653 951 211 396 ;
set Cs[71]:=
793 423 714 898 430 284 ;
set Cs[72]:=
758 368 397 946 208 539 ;
set Cs[73]:=
167 250 62 227 562 184 313 ;
set Cs[74]:=
831 810 69 680 65 798 ;
set Cs[75]:=
746 891 806 237 670 ;
set Cs[76]:=
426 87 812 847 927 855 ;
set Cs[77]:=
62 500 23 481 116 ;
set Cs[78]:=
725 328 755 655 393 ;
set Cs[79]:=
504 760 953 558 548 598 427 ;
set Cs[80]:=
953 179 838 261 154 974 429 ;
set Cs[81]:=
297 682 174 499 212 ;
set Cs[82]:=
307 98 151 338 726 ;
set Cs[83]:=
956 728 379 11 334 690 907 ;
set Cs[84]:=
288 885 428 582 350 ;
set Cs[85]:=
377 425 938 565 104 592 834 ;
set Cs[86]:=
64 312 95 590 195 469 ;
set Cs[87]:=
974 46 170 818 679 89 ;
set Cs[88]:=
946 11 930 826 456 765 79 ;
set Cs[89]:=
244 658 355 734 982 327 336 ;
set Cs[90]:=
977 504 446 535 705 ;
set Cs[91]:=
756 990 70 470 648 ;
set Cs[92]:=
851 696 211 240 100 ;
set Cs[93]:=
553 489 52 348 207 98 ;
set Cs[94]:=
981 892 262 376 488 792 ;
set Cs[95]:=
748 804 356 415 498 ;
set Cs[96]:=
149 822 623 217 685 49 963 ;
set Cs[97]:=
163 140 28 627 104 898 ;
set Cs[98]:=
557 876 481 385 738 186 ;
set Cs[99]:=
785 627 370 361 664 ;
set Cs[100]:=
353 453 627 337 243 856 ;
set Cs[101]:=
567 908 433 797 325 225 599 ;
set Cs[102]:=
404 500 380 432 368 446 ;
set Cs[103]:=
509 766 791 234 714 251 329 ;
set Cs[104]:=
840 676 769 219 2 ;
set Cs[105]:=
385 973 391 120 967 516 ;
set Cs[106]:=
156 718 390 534 401 ;
set Cs[107]:=
106 461 856 835 206 ;
set Cs[108]:=
127 568 691 973 473 903 ;
set Cs[109]:=
123 184 386 250 322 ;
set Cs[110]:=
969 588 355 858 433 ;
set Cs[111]:=
415 672 343 585 482 487 790 ;
set Cs[112]:=
990 361 900 811 98 413 ;
set Cs[113]:=
144 556 25 185 934 165 ;
set Cs[114]:=
72 360 89 277 816 ;
set Cs[115]:=
818 378 279 777 79 18 ;
set Cs[116]:=
733 96 932 865 726 449 ;
set Cs[117]:=
580 67 317 784 286 605 ;
set Cs[118]:=
838 646 150 9 285 799 31 ;
set Cs[119]:=
233 762 335 365 949 708 715 ;
set Cs[120]:=
775 376 598 312 744 ;
set Cs[121]:=
190 969 671 833 542 712 ;
set Cs[122]:=
701 812 489 138 407 459 174 ;
set Cs[123]:=
699 629 818 825 828 ;
set Cs[124]:=
509 635 985 833 469 ;
set Cs[125]:=
784 970 647 354 855 ;
set Cs[126]:=
179 935 942 98 809 ;
set Cs[127]:=
50 960 500 609 697 ;
set Cs[128]:=
874 287 715 773 413 346 ;
set Cs[129]:=
835 350 170 146 637 791 899 ;
set Cs[130]:=
36 35 643 47 596 ;
set Cs[131]:=
273 133 253 370 79 ;
set Cs[132]:=
456 781 593 351 802 385 ;
set Cs[133]:=
21 140 795 420 365 920 604 ;
set Cs[134]:=
25 648 227 481 463 278 572 ;
set Cs[135]:=
159 676 979 264 220 94 ;
set Cs[136]:=
133 638 551 830 513 608 354 ;
set Cs[137]:=
764 290 655 141 396 953 613 ;
set Cs[138]:=
366 158 432 544 869 477 524 ;
set Cs[139]:=
545 166 631 185 549 203 295 ;
set Cs[140]:=
96 601 597 626 177 581 ;
set Cs[141]:=
931 891 781 591 964 ;
set Cs[142]:=
108 846 154 989 493 842 48 ;
set Cs[143]:=
867 953 376 67 581 573 ;
set Cs[144]:=
168 39 187 795 700 391 ;
set Cs[145]:=
965 29 395 592 470 ;
set Cs[146]:=
161 480 686 568 766 105 ;
set Cs[147]:=
584 126 727 414 933 591 ;
set Cs[148]:=
768 627 624 812 483 794 399 ;
set Cs[149]:=
916 546 523 652 56 ;
set Cs[150]:=
445 824 672 248 22 ;
set Cs[151]:=
91 376 138 764 434 75 379 ;
set Cs[152]:=
452 41 803 752 524 430 ;
set Cs[153]:=
25 342 99 762 87 642 351 ;
set Cs[154]:=
477 190 333 481 518 750 936 ;
set Cs[155]:=
372 198 244 407 530 ;
set Cs[156]:=
657 66 843 990 295 61 904 ;
set Cs[157]:=
46 750 310 953 824 582 588 ;
set Cs[158]:=
271 658 535 453 86 48 ;
set Cs[159]:=
101 135 581 859 30 154 ;
set Cs[160]:=
291 851 132 161 993 ;
set Cs[161]:=
266 138 788 723 830 ;
set Cs[162]:=
510 321 951 542 298 687 ;
set Cs[163]:=
181 692 736 22 221 244 ;
set Cs[164]:=
573 837 971 420 6 980 371 ;
set Cs[165]:=
135 878 575 429 65 ;
set Cs[166]:=
46 61 690 103 334 337 66 ;
set Cs[167]:=
481 541 265 535 733 423 ;
set Cs[168]:=
864 367 113 237 65 ;
set Cs[169]:=
252 451 192 449 5 ;
set Cs[170]:=
405 91 877 198 549 610 84 ;
set Cs[171]:=
546 756 46 407 983 ;
set Cs[172]:=
712 139 435 204 572 ;
set Cs[173]:=
495 668 667 273 67 661 22 ;
set Cs[174]:=
485 685 606 687 465 578 ;
set Cs[175]:=
254 531 988 954 661 432 350 ;
set Cs[176]:=
167 184 195 918 309 618 ;
set Cs[177]:=
76 815 411 534 474 208 638 ;
set Cs[178]:=
623 580 27 223 215 174 73 ;
set Cs[179]:=
647 810 463 225 747 294 543 ;
set Cs[180]:=
349 195 538 291 315 448 140 ;
set Cs[181]:=
542 141 760 147 125 56 766 ;
set Cs[182]:=
277 561 777 623 604 ;
set Cs[183]:=
924 856 600 543 382 455 ;
set Cs[184]:=
349 76 300 13 880 627 ;
set Cs[185]:=
483 22 853 944 178 ;
set Cs[186]:=
427 78 781 782 180 142 267 ;
set Cs[187]:=
864 704 660 669 68 395 ;
set Cs[188]:=
176 880 400 276 290 ;
set Cs[189]:=
667 476 876 290 702 558 497 ;
set Cs[190]:=
537 363 555 374 181 ;
set Cs[191]:=
900 418 793 191 693 755 ;
set Cs[192]:=
657 311 376 320 380 446 ;
set Cs[193]:=
503 599 408 480 481 202 ;
set Cs[194]:=
818 39 9 532 459 671 504 ;
set Cs[195]:=
844 207 92 691 151 303 29 ;
set Cs[196]:=
702 114 920 685 220 438 ;
set Cs[197]:=
481 848 736 521 9 465 ;
set Cs[198]:=
842 851 253 486 566 479 ;
set Cs[199]:=
945 743 153 257 301 569 ;
set Cs[200]:=
677 740 533 98 222 ;
set Cs[201]:=
867 256 50 61 657 619 445 ;
set Cs[202]:=
277 748 635 681 332 524 270 ;
set Cs[203]:=
539 88 310 37 858 411 905 ;
set Cs[204]:=
107 972 687 970 499 ;
set Cs[205]:=
395 72 883 815 252 968 ;
set Cs[206]:=
736 428 875 549 288 547 ;
set Cs[207]:=
506 389 257 303 784 ;
set Cs[208]:=
863 527 158 317 847 ;
set Cs[209]:=
972 136 677 50 811 542 164 ;
set Cs[210]:=
447 316 584 394 728 567 358 ;
set Cs[211]:=
467 179 435 940 823 46 ;
set Cs[212]:=
600 750 644 507 286 875 ;
set Cs[213]:=
157 702 171 150 915 2 ;
set Cs[214]:=
935 837 96 442 220 ;
set Cs[215]:=
148 3 117 932 782 552 744 ;
set Cs[216]:=
852 135 752 93 874 ;
set Cs[217]:=
689 44 837 326 460 ;
set Cs[218]:=
32 506 594 487 257 901 ;
set Cs[219]:=
383 458 201 942 763 ;
set Cs[220]:=
956 925 196 600 898 29 202 ;
set Cs[221]:=
883 404 401 581 464 ;
set Cs[222]:=
597 171 808 332 934 192 ;
set Cs[223]:=
843 650 589 540 389 875 ;
set Cs[224]:=
237 154 886 970 604 404 345 ;
set Cs[225]:=
68 284 369 795 538 129 ;
set Cs[226]:=
244 524 53 156 732 779 22 ;
set Cs[227]:=
859 240 662 793 729 776 141 ;
set Cs[228]:=
824 178 253 509 373 703 988 ;
set Cs[229]:=
861 854 585 958 718 ;
set Cs[230]:=
12 736 670 694 150 893 ;
set Cs[231]:=
613 426 778 259 795 168 ;
set Cs[232]:=
157 817 571 91 514 659 705 ;
set Cs[233]:=
963 77 516 533 503 ;
set Cs[234]:=
506 808 638 497 304 ;
set Cs[235]:=
320 300 745 358 712 ;
set Cs[236]:=
831 152 646 101 980 659 790 ;
set Cs[237]:=
441 898 89 362 505 47 ;
set Cs[238]:=
493 923 838 432 505 ;
set Cs[239]:=
663 510 924 564 699 731 500 ;
set Cs[240]:=
133 43 379 432 583 336 ;
set Cs[241]:=
233 724 265 561 990 653 ;
set Cs[242]:=
509 732 210 742 874 875 438 ;
set Cs[243]:=
871 520 144 351 114 190 372 ;
set Cs[244]:=
930 719 804 458 6 212 183 ;
set Cs[245]:=
900 624 663 917 397 ;
set Cs[246]:=
207 613 103 51 212 858 ;
set Cs[247]:=
535 384 948 419 771 764 ;
set Cs[248]:=
388 971 220 797 298 44 ;
set Cs[249]:=
124 698 400 513 96 ;
set Cs[250]:=
444 620 758 394 1 927 436 ;
set Cs[251]:=
456 104 301 592 35 63 ;
set Cs[252]:=
952 30 485 582 751 457 ;
set Cs[253]:=
819 944 705 655 372 193 ;
set Cs[254]:=
868 702 205 238 841 1 ;
set Cs[255]:=
835 56 110 837 765 ;
set Cs[256]:=
187 133 230 709 280 758 ;
set Cs[257]:=
995 22 850 145 521 325 ;
set Cs[258]:=
521 65 556 696 95 294 582 ;
set Cs[259]:=
461 734 819 210 410 6 759 ;
set Cs[260]:=
400 582 112 454 184 341 729 ;
set Cs[261]:=
920 519 727 594 147 ;
set Cs[262]:=
839 438 474 335 758 773 433 ;
set Cs[263]:=
258 300 372 132 57 247 ;
set Cs[264]:=
825 519 690 144 558 605 561 ;
set Cs[265]:=
557 666 719 797 106 116 488 ;
set Cs[266]:=
680 321 319 149 737 ;
set Cs[267]:=
570 819 222 718 999 455 ;
set Cs[268]:=
567 431 754 553 601 252 ;
set Cs[269]:=
549 838 374 922 308 699 ;
set Cs[270]:=
299 188 68 332 152 ;
set Cs[271]:=
609 256 796 695 132 995 675 ;
set Cs[272]:=
964 391 698 77 226 703 ;
set Cs[273]:=
760 857 158 906 471 ;
set Cs[274]:=
85 339 286 491 734 ;
set Cs[275]:=
910 255 686 933 346 570 ;
set Cs[276]:=
925 296 486 897 418 ;
set Cs[277]:=
425 28 507 480 176 611 436 ;
set Cs[278]:=
518 813 28 182 559 342 ;
set Cs[279]:=
395 589 445 506 622 ;
set Cs[280]:=
581 245 42 207 499 ;
set Cs[281]:=
801 70 312 189 952 655 ;
set Cs[282]:=
409 351 300 217 890 135 340 ;
set Cs[283]:=
394 553 744 213 702 971 ;
set Cs[284]:=
711 641 725 289 491 369 ;
set Cs[285]:=
255 783 759 725 856 ;
set Cs[286]:=
898 905 280 690 594 822 82 ;
set Cs[287]:=
218 705 708 455 15 ;
set Cs[288]:=
287 93 477 979 368 262 ;
set Cs[289]:=
739 809 1000 637 86 ;
set Cs[290]:=
969 851 125 360 213 128 215 ;
set Cs[291]:=
717 469 103 936 751 895 296 ;
set Cs[292]:=
51 420 340 699 769 235 948 ;
set Cs[293]:=
337 143 326 914 78 317 726 ;
set Cs[294]:=
317 424 375 664 311 244 ;
set Cs[295]:=
23 218 203 280 849 ;
set Cs[296]:=
558 126 827 460 92 ;
set Cs[297]:=
947 877 87 643 633 680 109 ;
set Cs[298]:=
807 399 899 959 631 ;
set Cs[299]:=
405 42 613 27 273 50 304 ;
set Cs[300]:=
57 813 336 180 589 ;
set Cs[301]:=
926 922 571 165 130 ;
set Cs[302]:=
621 840 53 573 826 445 285 ;
set Cs[303]:=
435 16 258 948 768 ;
set Cs[304]:=
100 837 18 420 693 492 576 ;
set Cs[305]:=
282 77 482 960 108 604 517 ;
set Cs[306]:=
699 982 532 288 756 24 966 ;
set Cs[307]:=
290 67 342 471 251 ;
set Cs[308]:=
408 473 908 375 196 ;
set Cs[309]:=
47 531 278 920 62 ;
set Cs[310]:=
694 122 352 485 383 513 ;
set Cs[311]:=
498 104 190 396 176 480 ;
set Cs[312]:=
272 524 541 468 315 695 ;
set Cs[313]:=
100 201 645 396 745 842 ;
set Cs[314]:=
434 696 64 319 232 898 ;
set Cs[315]:=
487 100 370 384 437 439 ;
set Cs[316]:=
146 273 278 333 522 ;
set Cs[317]:=
64 296 242 169 809 356 ;
set Cs[318]:=
206 656 77 690 107 149 ;
set Cs[319]:=
296 894 753 967 766 ;
set Cs[320]:=
218 85 509 839 76 893 475 ;
set Cs[321]:=
812 882 557 371 445 ;
set Cs[322]:=
547 228 533 817 241 ;
set Cs[323]:=
981 529 21 257 223 ;
set Cs[324]:=
611 117 317 575 96 785 ;
set Cs[325]:=
126 376 392 671 874 ;
set Cs[326]:=
550 374 678 896 12 443 ;
set Cs[327]:=
503 80 243 576 91 599 ;
set Cs[328]:=
117 621 48 677 305 ;
set Cs[329]:=
560 847 523 133 469 ;
set Cs[330]:=
683 317 188 365 949 225 435 ;
set Cs[331]:=
612 404 232 229 477 ;
set Cs[332]:=
92 392 813 588 132 625 199 ;
set Cs[333]:=
286 873 396 887 843 914 ;
set Cs[334]:=
655 616 68 618 324 593 ;
set Cs[335]:=
810 615 734 196 218 121 ;
set Cs[336]:=
969 420 83 190 653 265 780 ;
set Cs[337]:=
894 859 753 162 427 ;
set Cs[338]:=
599 871 994 555 979 ;
set Cs[339]:=
763 587 468 872 913 ;
set Cs[340]:=
116 389 481 553 456 759 ;
set Cs[341]:=
918 601 92 972 253 ;
set Cs[342]:=
329 638 899 162 912 333 114 ;
set Cs[343]:=
233 207 801 845 862 535 312 ;
set Cs[344]:=
947 503 805 608 137 112 733 ;
set Cs[345]:=
185 22 595 441 559 248 ;
set Cs[346]:=
453 831 702 186 796 517 ;
set Cs[347]:=
790 298 670 96 209 952 ;
set Cs[348]:=
729 82 196 242 208 420 705 ;
set Cs[349]:=
868 972 138 175 284 831 ;
set Cs[350]:=
880 476 865 180 443 ;
set Cs[351]:=
195 781 761 254 308 ;
set Cs[352]:=
304 137 23 19 722 ;
set Cs[353]:=
965 164 387 711 440 24 907 ;
set Cs[354]:=
653 312 361 77 806 124 458 ;
set Cs[355]:=
706 143 553 275 753 530 557 ;
set Cs[356]:=
997 340 941 234 406 ;
set Cs[357]:=
480 643 674 595 273 56 489 ;
set Cs[358]:=
175 867 503 697 42 853 921 ;
set Cs[359]:=
241 634 959 410 578 ;
set Cs[360]:=
570 76 224 803 808 825 199 ;
set Cs[361]:=
584 498 781 34 955 830 360 ;
set Cs[362]:=
454 87 973 413 541 272 718 ;
set Cs[363]:=
411 749 922 466 489 767 523 ;
set Cs[364]:=
682 371 754 616 743 83 177 ;
set Cs[365]:=
12 858 744 982 989 407 ;
set Cs[366]:=
92 921 272 530 2 ;
set Cs[367]:=
24 34 663 992 353 708 571 ;
set Cs[368]:=
363 747 745 255 1000 ;
set Cs[369]:=
151 321 357 31 202 ;
set Cs[370]:=
816 682 481 963 649 24 2 ;
set Cs[371]:=
988 334 895 931 905 496 688 ;
set Cs[372]:=
612 619 406 578 489 987 ;
set Cs[373]:=
398 794 478 241 835 93 232 ;
set Cs[374]:=
454 756 733 734 359 413 887 ;
set Cs[375]:=
611 904 831 683 764 325 132 ;
set Cs[376]:=
641 166 563 545 587 ;
set Cs[377]:=
139 357 209 730 575 194 851 ;
set Cs[378]:=
230 820 545 438 912 ;
set Cs[379]:=
625 867 887 446 729 ;
set Cs[380]:=
756 708 890 954 248 ;
set Cs[381]:=
893 591 448 238 712 350 544 ;
set Cs[382]:=
871 531 581 425 716 176 ;
set Cs[383]:=
793 802 567 740 386 472 814 ;
set Cs[384]:=
548 307 304 616 67 877 418 ;
set Cs[385]:=
737 678 586 841 551 510 905 ;
set Cs[386]:=
358 176 714 676 544 502 ;
set Cs[387]:=
507 936 341 400 588 ;
set Cs[388]:=
225 67 13 447 237 235 ;
set Cs[389]:=
783 523 813 580 37 ;
set Cs[390]:=
895 420 5 273 443 ;
set Cs[391]:=
36 720 39 895 75 ;
set Cs[392]:=
485 686 190 253 556 554 785 ;
set Cs[393]:=
670 258 866 554 505 308 745 ;
set Cs[394]:=
931 696 475 577 465 65 923 ;
set Cs[395]:=
515 432 314 748 738 209 196 ;
set Cs[396]:=
838 546 68 622 17 486 451 ;
set Cs[397]:=
338 680 735 724 714 759 356 ;
set Cs[398]:=
17 147 293 896 615 765 ;
set Cs[399]:=
893 698 958 787 516 ;
set Cs[400]:=
59 279 451 23 342 ;
set Cs[401]:=
104 223 312 912 842 864 350 ;
set Cs[402]:=
216 426 224 228 639 496 ;
set Cs[403]:=
706 945 454 418 49 998 ;
set Cs[404]:=
114 110 398 106 852 507 469 ;
set Cs[405]:=
251 428 183 461 747 119 285 ;
set Cs[406]:=
97 455 262 362 620 671 492 ;
set Cs[407]:=
395 792 812 174 1000 ;
set Cs[408]:=
362 692 731 327 449 122 704 ;
set Cs[409]:=
419 964 526 125 101 843 945 ;
set Cs[410]:=
473 829 122 355 41 ;
set Cs[411]:=
177 93 488 381 346 85 ;
set Cs[412]:=
186 651 279 116 182 ;
set Cs[413]:=
299 684 587 65 256 536 ;
set Cs[414]:=
518 422 119 947 729 936 734 ;
set Cs[415]:=
339 343 144 9 697 ;
set Cs[416]:=
204 240 337 428 668 421 528 ;
set Cs[417]:=
259 941 456 516 55 ;
set Cs[418]:=
888 427 855 57 189 233 ;
set Cs[419]:=
332 103 924 683 181 ;
set Cs[420]:=
102 648 590 127 124 769 ;
set Cs[421]:=
171 485 687 878 807 859 ;
set Cs[422]:=
635 34 231 940 612 58 483 ;
set Cs[423]:=
294 515 71 899 392 757 ;
set Cs[424]:=
13 121 934 11 229 ;
set Cs[425]:=
654 902 666 840 387 930 ;
set Cs[426]:=
782 964 379 328 427 263 76 ;
set Cs[427]:=
203 514 429 440 797 ;
set Cs[428]:=
354 11 692 757 145 ;
set Cs[429]:=
396 500 962 202 380 407 ;
set Cs[430]:=
109 795 187 65 263 ;
set Cs[431]:=
436 18 443 698 977 190 ;
set Cs[432]:=
745 846 419 260 776 ;
set Cs[433]:=
512 940 423 243 212 ;
set Cs[434]:=
677 875 748 784 909 ;
set Cs[435]:=
955 17 35 567 763 ;
set Cs[436]:=
457 524 30 899 319 166 ;
set Cs[437]:=
949 542 71 239 337 468 963 ;
set Cs[438]:=
922 59 970 52 917 595 336 ;
set Cs[439]:=
42 997 528 487 455 ;
set Cs[440]:=
8 4 38 492 941 509 244 ;
set Cs[441]:=
867 923 403 214 777 161 ;
set Cs[442]:=
394 222 21 415 80 502 349 ;
set Cs[443]:=
483 626 711 418 680 ;
set Cs[444]:=
154 794 283 352 823 ;
set Cs[445]:=
938 524 822 927 93 519 ;
set Cs[446]:=
769 383 251 319 101 112 919 ;
set Cs[447]:=
741 911 328 562 153 ;
set Cs[448]:=
249 994 358 808 364 698 ;
set Cs[449]:=
704 1 232 447 779 ;
set Cs[450]:=
711 535 949 257 358 46 779 ;
set Cs[451]:=
179 604 403 478 315 ;
set Cs[452]:=
220 427 703 461 559 ;
set Cs[453]:=
245 884 18 341 617 391 943 ;
set Cs[454]:=
581 689 338 869 58 ;
set Cs[455]:=
992 592 578 614 354 834 ;
set Cs[456]:=
106 363 708 529 583 218 ;
set Cs[457]:=
511 932 547 8 21 440 994 ;
set Cs[458]:=
619 957 229 949 423 ;
set Cs[459]:=
205 154 682 131 668 ;
set Cs[460]:=
13 526 78 696 897 808 850 ;
set Cs[461]:=
43 516 330 170 640 ;
set Cs[462]:=
357 509 182 815 414 ;
set Cs[463]:=
25 50 375 558 888 969 75 ;
set Cs[464]:=
557 55 80 481 881 ;
set Cs[465]:=
674 464 291 710 726 479 636 ;
set Cs[466]:=
753 231 263 659 828 733 262 ;
set Cs[467]:=
428 608 499 468 450 247 730 ;
set Cs[468]:=
909 173 390 289 701 540 681 ;
set Cs[469]:=
851 988 513 560 811 740 ;
set Cs[470]:=
582 49 535 748 321 ;
set Cs[471]:=
370 562 894 693 5 61 ;
set Cs[472]:=
571 959 84 133 554 6 559 ;
set Cs[473]:=
397 847 692 254 618 790 ;
set Cs[474]:=
635 500 905 742 95 679 ;
set Cs[475]:=
25 116 356 704 168 641 ;
set Cs[476]:=
989 250 881 915 423 ;
set Cs[477]:=
887 928 123 304 953 510 946 ;
set Cs[478]:=
837 276 191 407 163 ;
set Cs[479]:=
882 724 311 579 463 187 ;
set Cs[480]:=
926 747 708 491 224 ;
set Cs[481]:=
490 607 507 769 479 992 ;
set Cs[482]:=
742 382 723 283 758 998 ;
set Cs[483]:=
712 833 6 842 636 570 772 ;
set Cs[484]:=
63 206 429 209 731 12 ;
set Cs[485]:=
781 989 202 550 682 767 575 ;
set Cs[486]:=
907 717 685 956 101 646 598 ;
set Cs[487]:=
243 791 825 928 227 ;
set Cs[488]:=
585 682 42 573 377 889 ;
set Cs[489]:=
656 91 128 622 543 918 333 ;
set Cs[490]:=
130 297 253 20 403 522 448 ;
set Cs[491]:=
815 700 24 841 391 98 506 ;
set Cs[492]:=
888 219 169 311 835 302 ;
set Cs[493]:=
47 450 472 839 491 ;
set Cs[494]:=
866 165 256 178 610 330 ;
set Cs[495]:=
189 298 340 207 782 ;
set Cs[496]:=
520 161 200 967 516 80 120 ;
set Cs[497]:=
961 783 490 13 666 ;
set Cs[498]:=
48 235 488 599 651 762 944 ;
set Cs[499]:=
59 340 908 539 982 520 ;
set Cs[500]:=
534 110 903 478 9 974 758 ;
set Cs[501]:=
984 163 731 91 665 911 957 ;
set Cs[502]:=
512 809 584 151 635 518 191 ;
set Cs[503]:=
471 392 605 765 267 567 ;
set Cs[504]:=
19 701 818 631 630 ;
set Cs[505]:=
250 28 254 445 77 595 275 ;
set Cs[506]:=
393 381 483 118 310 214 977 ;
set Cs[507]:=
972 786 374 254 920 116 ;
set Cs[508]:=
214 148 699 94 788 ;
set Cs[509]:=
713 915 158 99 138 267 27 ;
set Cs[510]:=
300 63 918 434 924 854 514 ;
set Cs[511]:=
654 411 905 2 554 645 ;
set Cs[512]:=
332 470 980 429 592 734 112 ;
set Cs[513]:=
706 176 115 193 883 600 288 ;
set Cs[514]:=
94 774 771 180 190 521 379 ;
set Cs[515]:=
755 67 717 833 349 919 187 ;
set Cs[516]:=
600 973 283 932 328 ;
set Cs[517]:=
794 736 557 705 781 787 ;
set Cs[518]:=
592 191 136 962 367 ;
set Cs[519]:=
379 605 460 377 364 ;
set Cs[520]:=
37 117 896 381 472 966 ;
set Cs[521]:=
961 108 671 147 989 ;
set Cs[522]:=
951 274 536 102 741 ;
set Cs[523]:=
510 664 400 109 182 213 ;
set Cs[524]:=
814 601 678 666 403 468 797 ;
set Cs[525]:=
139 180 21 634 420 938 366 ;
set Cs[526]:=
298 578 905 776 815 241 484 ;
set Cs[527]:=
486 998 730 826 363 468 ;
set Cs[528]:=
701 490 641 329 758 ;
set Cs[529]:=
700 941 339 281 88 ;
set Cs[530]:=
305 343 196 579 788 ;
set Cs[531]:=
190 971 305 944 646 344 ;
set Cs[532]:=
343 60 939 310 817 ;
set Cs[533]:=
659 80 139 340 321 254 ;
set Cs[534]:=
792 184 361 66 296 888 ;
set Cs[535]:=
952 134 517 45 217 811 ;
set Cs[536]:=
874 61 624 563 765 543 820 ;
set Cs[537]:=
830 765 323 37 571 354 263 ;
set Cs[538]:=
242 414 743 733 384 530 ;
set Cs[539]:=
235 469 649 874 96 339 439 ;
set Cs[540]:=
703 874 772 68 955 ;
set Cs[541]:=
134 64 150 164 757 881 ;
set Cs[542]:=
450 556 754 541 71 518 ;
set Cs[543]:=
949 383 928 521 9 ;
set Cs[544]:=
595 497 840 925 807 ;
set Cs[545]:=
560 944 215 98 999 221 887 ;
set Cs[546]:=
280 209 345 571 579 103 386 ;
set Cs[547]:=
694 28 801 811 907 ;
set Cs[548]:=
430 541 45 847 493 731 711 ;
set Cs[549]:=
599 933 182 640 491 664 ;
set Cs[550]:=
161 708 120 754 744 ;
set Cs[551]:=
143 573 530 713 26 ;
set Cs[552]:=
417 835 818 619 432 8 771 ;
set Cs[553]:=
955 657 205 584 160 ;
set Cs[554]:=
714 927 110 365 317 ;
set Cs[555]:=
245 805 276 425 513 ;
set Cs[556]:=
909 307 613 256 814 797 85 ;
set Cs[557]:=
710 52 550 681 822 962 ;
set Cs[558]:=
208 382 139 199 719 ;
set Cs[559]:=
398 752 221 912 784 ;
set Cs[560]:=
346 940 370 966 358 ;
set Cs[561]:=
866 458 742 169 628 298 402 ;
set Cs[562]:=
621 542 715 154 670 351 ;
set Cs[563]:=
8 90 538 327 254 406 298 ;
set Cs[564]:=
20 274 259 219 695 ;
set Cs[565]:=
542 605 296 287 706 ;
set Cs[566]:=
386 469 47 389 423 ;
set Cs[567]:=
433 895 902 639 487 436 472 ;
set Cs[568]:=
559 56 550 916 948 971 ;
set Cs[569]:=
187 858 419 889 555 375 657 ;
set Cs[570]:=
446 939 93 627 890 286 888 ;
set Cs[571]:=
118 54 848 4 148 862 824 ;
set Cs[572]:=
49 860 999 113 435 ;
set Cs[573]:=
871 558 186 484 944 388 155 ;
set Cs[574]:=
50 819 342 237 955 552 704 ;
set Cs[575]:=
551 756 163 974 777 124 ;
set Cs[576]:=
31 348 28 537 101 910 889 ;
set Cs[577]:=
334 285 403 442 611 625 ;
set Cs[578]:=
640 476 532 327 430 155 ;
set Cs[579]:=
281 192 978 847 520 ;
set Cs[580]:=
492 987 672 234 263 662 912 ;
set Cs[581]:=
904 228 600 280 116 ;
set Cs[582]:=
785 129 974 487 760 473 659 ;
set Cs[583]:=
252 242 605 67 756 991 325 ;
set Cs[584]:=
293 991 497 272 556 ;
set Cs[585]:=
729 787 364 197 201 ;
set Cs[586]:=
656 176 304 321 378 ;
set Cs[587]:=
228 943 835 746 600 ;
set Cs[588]:=
770 374 821 254 510 216 572 ;
set Cs[589]:=
283 840 870 846 362 ;
set Cs[590]:=
301 605 235 697 502 ;
set Cs[591]:=
721 707 584 161 506 282 774 ;
set Cs[592]:=
459 7 273 568 967 965 ;
set Cs[593]:=
381 98 366 47 288 ;
set Cs[594]:=
15 625 764 750 215 193 90 ;
set Cs[595]:=
782 552 675 24 441 381 270 ;
set Cs[596]:=
919 36 342 384 68 ;
set Cs[597]:=
164 31 741 948 671 239 400 ;
set Cs[598]:=
661 461 345 452 236 160 127 ;
set Cs[599]:=
803 40 3 218 79 310 425 ;
set Cs[600]:=
238 372 562 910 758 20 303 ;
set Cs[601]:=
485 997 403 218 968 933 76 ;
set Cs[602]:=
30 79 459 345 296 736 122 ;
set Cs[603]:=
482 142 783 177 102 465 62 ;
set Cs[604]:=
171 907 832 631 95 804 533 ;
set Cs[605]:=
354 265 458 621 749 ;
set Cs[606]:=
697 643 81 190 644 654 132 ;
set Cs[607]:=
967 794 257 513 719 789 ;
set Cs[608]:=
757 322 746 31 68 64 11 ;
set Cs[609]:=
275 202 806 330 457 931 406 ;
set Cs[610]:=
541 619 874 247 211 203 ;
set Cs[611]:=
99 988 708 648 112 ;
set Cs[612]:=
597 285 829 189 364 149 ;
set Cs[613]:=
859 137 140 278 593 618 640 ;
set Cs[614]:=
440 474 223 53 163 ;
set Cs[615]:=
926 356 34 778 285 ;
set Cs[616]:=
384 922 907 684 664 ;
set Cs[617]:=
205 558 871 273 892 22 ;
set Cs[618]:=
643 226 679 930 399 ;
set Cs[619]:=
986 16 621 634 340 4 ;
set Cs[620]:=
546 708 120 519 139 ;
set Cs[621]:=
756 271 499 863 557 515 ;
set Cs[622]:=
929 429 331 369 880 971 535 ;
set Cs[623]:=
141 843 492 789 2 ;
set Cs[624]:=
890 277 664 806 385 999 ;
set Cs[625]:=
499 690 353 64 957 ;
set Cs[626]:=
283 311 245 36 978 372 227 ;
set Cs[627]:=
814 429 490 740 108 832 115 ;
set Cs[628]:=
664 212 949 406 662 ;
set Cs[629]:=
413 440 311 134 214 4 ;
set Cs[630]:=
457 908 596 592 529 34 ;
set Cs[631]:=
450 917 709 530 707 107 948 ;
set Cs[632]:=
24 80 654 267 129 ;
set Cs[633]:=
24 479 825 298 918 880 ;
set Cs[634]:=
384 623 624 500 200 ;
set Cs[635]:=
508 151 811 988 607 628 671 ;
set Cs[636]:=
718 573 731 867 941 436 975 ;
set Cs[637]:=
64 753 260 878 683 ;
set Cs[638]:=
459 942 374 372 956 876 ;
set Cs[639]:=
348 566 322 895 422 9 ;
set Cs[640]:=
645 363 194 222 231 ;
set Cs[641]:=
486 754 377 804 729 855 ;
set Cs[642]:=
170 503 293 564 358 ;
set Cs[643]:=
615 927 196 624 685 324 ;
set Cs[644]:=
301 51 966 109 362 411 299 ;
set Cs[645]:=
686 346 883 347 558 74 574 ;
set Cs[646]:=
157 168 509 794 890 ;
set Cs[647]:=
762 737 587 857 565 96 ;
set Cs[648]:=
368 346 294 756 911 8 ;
set Cs[649]:=
554 258 282 818 858 318 120 ;
set Cs[650]:=
725 399 785 706 62 199 862 ;
set Cs[651]:=
204 540 407 812 210 702 ;
set Cs[652]:=
349 320 304 368 374 ;
set Cs[653]:=
21 754 278 334 172 445 ;
set Cs[654]:=
429 806 553 187 748 ;
set Cs[655]:=
321 850 948 78 421 809 410 ;
set Cs[656]:=
192 890 844 459 534 ;
set Cs[657]:=
710 460 32 211 225 529 ;
set Cs[658]:=
666 800 374 994 33 977 ;
set Cs[659]:=
936 532 855 272 46 458 457 ;
set Cs[660]:=
694 554 879 307 958 196 821 ;
set Cs[661]:=
225 382 628 625 616 ;
set Cs[662]:=
616 183 920 669 540 211 ;
set Cs[663]:=
661 551 450 346 927 156 ;
set Cs[664]:=
440 50 635 772 623 ;
set Cs[665]:=
105 708 104 383 814 491 ;
set Cs[666]:=
422 554 647 686 358 448 286 ;
set Cs[667]:=
918 100 984 853 204 ;
set Cs[668]:=
686 885 36 924 525 912 63 ;
set Cs[669]:=
425 514 894 471 827 585 916 ;
set Cs[670]:=
902 625 61 541 909 703 781 ;
set Cs[671]:=
15 984 195 432 546 ;
set Cs[672]:=
39 404 275 675 552 172 85 ;
set Cs[673]:=
714 439 357 4 419 ;
set Cs[674]:=
489 163 788 929 787 808 ;
set Cs[675]:=
323 427 586 627 324 550 ;
set Cs[676]:=
325 493 833 628 875 84 784 ;
set Cs[677]:=
812 831 340 769 983 616 ;
set Cs[678]:=
97 151 678 223 687 714 333 ;
set Cs[679]:=
988 544 520 851 984 372 ;
set Cs[680]:=
812 263 248 46 193 143 ;
set Cs[681]:=
61 743 64 873 198 644 ;
set Cs[682]:=
293 730 69 222 904 887 659 ;
set Cs[683]:=
719 140 163 141 556 679 ;
set Cs[684]:=
764 669 397 655 584 942 ;
set Cs[685]:=
1000 512 311 319 213 786 636 ;
set Cs[686]:=
674 611 572 207 205 ;
set Cs[687]:=
429 708 767 978 906 ;
set Cs[688]:=
545 429 397 620 714 968 797 ;
set Cs[689]:=
849 244 740 336 762 95 733 ;
set Cs[690]:=
196 626 29 606 817 313 454 ;
set Cs[691]:=
734 980 176 258 730 ;
set Cs[692]:=
443 100 244 138 853 180 147 ;
set Cs[693]:=
673 184 968 39 475 ;
set Cs[694]:=
715 907 481 151 236 ;
set Cs[695]:=
970 916 656 859 266 ;
set Cs[696]:=
486 195 488 485 332 ;
set Cs[697]:=
723 602 352 70 831 726 ;
set Cs[698]:=
825 946 769 567 828 ;
set Cs[699]:=
874 900 76 760 896 510 ;
set Cs[700]:=
423 679 67 710 171 559 ;
set Cs[701]:=
678 304 358 962 892 617 307 ;
set Cs[702]:=
748 177 971 922 132 ;
set Cs[703]:=
529 604 915 641 689 334 318 ;
set Cs[704]:=
738 396 476 861 913 428 159 ;
set Cs[705]:=
157 515 610 310 990 ;
set Cs[706]:=
678 688 136 114 224 64 ;
set Cs[707]:=
537 880 300 984 574 127 721 ;
set Cs[708]:=
950 609 320 638 196 ;
set Cs[709]:=
40 769 549 632 115 ;
set Cs[710]:=
310 301 739 78 183 433 ;
set Cs[711]:=
202 794 367 647 596 682 ;
set Cs[712]:=
728 317 411 883 225 730 ;
set Cs[713]:=
997 859 598 552 619 ;
set Cs[714]:=
901 626 781 702 150 886 380 ;
set Cs[715]:=
706 613 893 476 149 886 ;
set Cs[716]:=
371 641 498 576 524 ;
set Cs[717]:=
179 514 918 642 389 ;
set Cs[718]:=
773 920 116 691 61 285 ;
set Cs[719]:=
745 321 426 410 691 ;
set Cs[720]:=
147 502 18 292 771 300 ;
set Cs[721]:=
982 811 899 183 993 574 ;
set Cs[722]:=
182 630 85 830 194 ;
set Cs[723]:=
583 926 817 401 858 928 328 ;
set Cs[724]:=
673 523 629 585 765 281 49 ;
set Cs[725]:=
596 606 789 835 318 190 ;
set Cs[726]:=
627 672 203 464 56 ;
set Cs[727]:=
406 71 47 316 827 605 ;
set Cs[728]:=
374 91 586 829 647 439 994 ;
set Cs[729]:=
234 88 463 637 461 544 817 ;
set Cs[730]:=
915 228 619 20 660 ;
set Cs[731]:=
156 242 23 327 508 338 ;
set Cs[732]:=
746 178 758 968 517 ;
set Cs[733]:=
56 195 495 734 136 914 961 ;
set Cs[734]:=
211 21 36 244 137 ;
set Cs[735]:=
762 896 186 264 44 ;
set Cs[736]:=
428 466 35 968 841 584 ;
set Cs[737]:=
386 86 951 921 827 817 663 ;
set Cs[738]:=
625 894 414 612 167 842 222 ;
set Cs[739]:=
238 829 244 478 259 279 ;
set Cs[740]:=
944 930 245 333 637 777 26 ;
set Cs[741]:=
629 943 868 16 821 967 ;
set Cs[742]:=
553 912 591 360 677 ;
set Cs[743]:=
305 725 141 601 785 194 983 ;
set Cs[744]:=
449 469 645 428 798 341 940 ;
set Cs[745]:=
333 839 574 225 732 579 ;
set Cs[746]:=
804 385 540 939 453 ;
set Cs[747]:=
83 116 607 468 610 ;
set Cs[748]:=
419 791 370 181 971 871 462 ;
set Cs[749]:=
823 559 328 268 7 910 ;
set Cs[750]:=
917 942 881 807 855 373 ;
set Cs[751]:=
472 964 418 602 384 292 420 ;
set Cs[752]:=
340 122 680 743 554 369 ;
set Cs[753]:=
189 634 8 603 854 486 867 ;
set Cs[754]:=
96 144 153 926 374 923 ;
set Cs[755]:=
809 354 204 672 107 80 ;
set Cs[756]:=
132 520 317 886 930 ;
set Cs[757]:=
170 501 252 839 144 918 89 ;
set Cs[758]:=
917 985 708 420 642 756 ;
set Cs[759]:=
963 56 73 227 332 742 784 ;
set Cs[760]:=
322 512 682 290 393 312 ;
set Cs[761]:=
693 797 659 388 173 ;
set Cs[762]:=
991 960 821 945 38 276 656 ;
set Cs[763]:=
668 50 445 202 242 566 ;
set Cs[764]:=
728 132 426 613 238 832 ;
set Cs[765]:=
695 536 46 195 732 714 ;
set Cs[766]:=
962 139 619 138 825 320 54 ;
set Cs[767]:=
538 211 530 924 860 ;
set Cs[768]:=
904 48 664 901 863 467 ;
set Cs[769]:=
222 758 443 861 91 170 82 ;
set Cs[770]:=
290 976 276 162 395 834 ;
set Cs[771]:=
307 367 520 252 396 ;
set Cs[772]:=
342 857 5 926 269 585 394 ;
set Cs[773]:=
213 234 949 880 409 ;
set Cs[774]:=
868 958 922 359 683 63 460 ;
set Cs[775]:=
729 571 746 648 683 1 682 ;
set Cs[776]:=
95 59 824 912 10 7 264 ;
set Cs[777]:=
230 177 592 678 706 411 ;
set Cs[778]:=
6 83 889 488 402 239 810 ;
set Cs[779]:=
609 447 168 92 730 ;
set Cs[780]:=
519 40 889 515 873 ;
set Cs[781]:=
582 649 591 801 133 67 ;
set Cs[782]:=
145 407 417 713 613 937 ;
set Cs[783]:=
611 312 316 483 868 ;
set Cs[784]:=
893 344 757 398 609 ;
set Cs[785]:=
312 556 322 42 614 ;
set Cs[786]:=
977 584 138 691 220 780 232 ;
set Cs[787]:=
379 212 867 917 183 285 904 ;
set Cs[788]:=
886 938 594 447 271 392 873 ;
set Cs[789]:=
25 737 50 47 545 579 732 ;
set Cs[790]:=
519 348 202 54 24 787 ;
set Cs[791]:=
798 500 336 316 122 ;
set Cs[792]:=
372 575 441 170 532 11 975 ;
set Cs[793]:=
253 487 786 308 114 ;
set Cs[794]:=
394 351 254 487 652 88 169 ;
set Cs[795]:=
545 790 993 594 375 ;
set Cs[796]:=
190 57 434 621 473 446 ;
set Cs[797]:=
397 908 734 638 994 ;
set Cs[798]:=
837 852 165 470 513 863 106 ;
set Cs[799]:=
795 645 963 951 549 ;
set Cs[800]:=
423 357 155 144 148 813 781 ;
set Cs[801]:=
2 515 780 333 137 461 ;
set Cs[802]:=
199 925 661 30 662 807 ;
set Cs[803]:=
464 326 216 691 123 ;
set Cs[804]:=
842 117 563 650 16 833 ;
set Cs[805]:=
565 482 465 324 41 ;
set Cs[806]:=
822 986 271 41 411 888 ;
set Cs[807]:=
251 452 279 355 660 ;
set Cs[808]:=
103 301 115 585 269 ;
set Cs[809]:=
692 655 360 834 82 832 ;
set Cs[810]:=
528 773 934 343 469 30 218 ;
set Cs[811]:=
822 94 916 15 793 463 ;
set Cs[812]:=
637 394 91 349 568 895 ;
set Cs[813]:=
61 394 411 536 906 333 ;
set Cs[814]:=
781 146 46 224 420 ;
set Cs[815]:=
969 588 361 982 305 749 ;
set Cs[816]:=
967 219 294 390 33 ;
set Cs[817]:=
161 281 936 912 322 924 ;
set Cs[818]:=
728 895 732 432 941 ;
set Cs[819]:=
41 159 280 813 335 ;
set Cs[820]:=
143 783 515 759 25 ;
set Cs[821]:=
703 577 405 600 451 873 ;
set Cs[822]:=
709 166 47 232 618 ;
set Cs[823]:=
49 544 916 190 72 282 ;
set Cs[824]:=
858 502 750 137 185 91 642 ;
set Cs[825]:=
747 196 117 209 914 165 595 ;
set Cs[826]:=
462 801 176 664 585 812 163 ;
set Cs[827]:=
438 136 281 37 575 ;
set Cs[828]:=
684 817 612 605 718 59 955 ;
set Cs[829]:=
180 955 119 852 170 895 941 ;
set Cs[830]:=
17 153 372 339 87 698 506 ;
set Cs[831]:=
631 185 606 865 978 651 902 ;
set Cs[832]:=
582 515 921 440 529 129 95 ;
set Cs[833]:=
48 893 135 278 213 ;
set Cs[834]:=
651 446 582 871 189 632 270 ;
set Cs[835]:=
455 88 791 927 545 708 564 ;
set Cs[836]:=
940 475 287 365 417 395 ;
set Cs[837]:=
851 783 140 558 427 949 160 ;
set Cs[838]:=
411 657 482 193 556 ;
set Cs[839]:=
333 282 410 493 359 ;
set Cs[840]:=
718 139 379 811 151 87 838 ;
set Cs[841]:=
37 870 432 586 785 23 ;
set Cs[842]:=
765 887 182 994 395 604 ;
set Cs[843]:=
198 649 88 738 1 ;
set Cs[844]:=
891 520 141 670 896 223 492 ;
set Cs[845]:=
365 477 597 400 195 608 709 ;
set Cs[846]:=
434 211 861 879 334 556 552 ;
set Cs[847]:=
264 844 226 928 526 ;
set Cs[848]:=
211 767 210 524 355 991 ;
set Cs[849]:=
895 181 443 483 600 ;
set Cs[850]:=
701 458 394 128 256 894 ;
set Cs[851]:=
422 475 435 332 638 963 ;
set Cs[852]:=
609 183 280 587 973 437 ;
set Cs[853]:=
473 872 953 272 824 923 908 ;
set Cs[854]:=
231 930 531 281 954 205 ;
set Cs[855]:=
449 344 265 970 923 505 ;
set Cs[856]:=
417 981 271 530 357 786 ;
set Cs[857]:=
787 317 221 883 830 491 ;
set Cs[858]:=
492 485 351 635 113 697 ;
set Cs[859]:=
887 663 331 757 461 455 ;
set Cs[860]:=
116 768 256 236 544 ;
set Cs[861]:=
892 104 803 480 950 ;
set Cs[862]:=
795 923 11 446 41 646 499 ;
set Cs[863]:=
253 676 444 601 820 512 ;
set Cs[864]:=
857 893 493 224 82 203 107 ;
set Cs[865]:=
820 539 730 165 336 ;
set Cs[866]:=
207 97 867 618 687 346 ;
set Cs[867]:=
778 883 316 697 591 708 ;
set Cs[868]:=
442 747 259 213 490 565 ;
set Cs[869]:=
444 659 242 871 550 987 468 ;
set Cs[870]:=
300 399 175 911 566 ;
set Cs[871]:=
212 117 138 796 14 ;
set Cs[872]:=
290 947 305 964 19 864 566 ;
set Cs[873]:=
462 1 426 435 486 20 ;
set Cs[874]:=
273 410 825 392 87 ;
set Cs[875]:=
108 466 368 744 787 562 ;
set Cs[876]:=
938 627 131 90 523 42 767 ;
set Cs[877]:=
20 801 827 682 867 287 425 ;
set Cs[878]:=
723 596 550 502 679 750 493 ;
set Cs[879]:=
733 903 83 833 881 ;
set Cs[880]:=
902 76 401 802 20 481 383 ;
set Cs[881]:=
277 497 713 895 555 308 ;
set Cs[882]:=
468 298 731 729 880 855 ;
set Cs[883]:=
291 516 478 420 731 645 294 ;
set Cs[884]:=
213 704 892 146 245 5 ;
set Cs[885]:=
806 159 261 836 839 613 ;
set Cs[886]:=
264 764 867 260 863 944 814 ;
set Cs[887]:=
509 918 23 454 788 ;
set Cs[888]:=
702 103 826 643 712 413 559 ;
set Cs[889]:=
237 151 239 278 123 ;
set Cs[890]:=
764 905 936 3 510 534 794 ;
set Cs[891]:=
285 717 452 534 309 ;
set Cs[892]:=
806 478 373 418 801 ;
set Cs[893]:=
236 103 614 499 839 928 66 ;
set Cs[894]:=
816 163 562 947 733 452 ;
set Cs[895]:=
568 195 715 291 942 ;
set Cs[896]:=
98 417 953 742 726 ;
set Cs[897]:=
346 628 39 588 89 ;
set Cs[898]:=
253 534 608 166 522 668 ;
set Cs[899]:=
827 529 732 173 763 227 ;
set Cs[900]:=
569 328 681 713 392 993 ;
set Cs[901]:=
546 285 411 281 209 ;
set Cs[902]:=
156 319 942 416 284 ;
set Cs[903]:=
342 1 569 124 988 731 ;
set Cs[904]:=
17 244 656 381 934 629 ;
set Cs[905]:=
265 455 576 687 855 ;
set Cs[906]:=
909 40 536 613 381 ;
set Cs[907]:=
39 503 754 23 821 923 318 ;
set Cs[908]:=
463 134 236 566 284 224 153 ;
set Cs[909]:=
778 788 397 539 152 114 266 ;
set Cs[910]:=
476 386 363 377 328 ;
set Cs[911]:=
761 487 159 495 115 450 529 ;
set Cs[912]:=
989 794 257 622 709 656 ;
set Cs[913]:=
12 62 704 981 501 ;
set Cs[914]:=
828 133 660 919 17 ;
set Cs[915]:=
704 937 71 917 746 684 ;
set Cs[916]:=
916 809 335 439 321 983 664 ;
set Cs[917]:=
705 317 382 110 353 ;
set Cs[918]:=
807 277 52 834 241 ;
set Cs[919]:=
499 75 286 929 471 516 ;
set Cs[920]:=
356 367 53 511 968 596 ;
set Cs[921]:=
463 82 80 656 104 804 894 ;
set Cs[922]:=
648 262 577 805 728 139 ;
set Cs[923]:=
426 14 951 175 95 795 810 ;
set Cs[924]:=
548 655 564 584 862 ;
set Cs[925]:=
909 961 398 411 1000 123 ;
set Cs[926]:=
187 441 10 778 103 363 552 ;
set Cs[927]:=
164 290 605 793 507 537 ;
set Cs[928]:=
778 802 14 468 672 948 ;
set Cs[929]:=
224 550 227 894 44 ;
set Cs[930]:=
47 813 242 127 86 ;
set Cs[931]:=
701 837 234 575 894 56 200 ;
set Cs[932]:=
426 531 913 731 53 481 419 ;
set Cs[933]:=
910 963 162 662 846 819 ;
set Cs[934]:=
840 639 671 214 220 809 ;
set Cs[935]:=
674 285 16 932 232 ;
set Cs[936]:=
424 590 692 865 917 533 ;
set Cs[937]:=
228 5 185 90 579 721 226 ;
set Cs[938]:=
663 830 86 42 359 ;
set Cs[939]:=
480 252 374 552 159 ;
set Cs[940]:=
953 441 388 340 459 511 316 ;
set Cs[941]:=
567 702 666 952 821 223 ;
set Cs[942]:=
990 51 676 251 116 ;
set Cs[943]:=
363 49 479 382 602 879 362 ;
set Cs[944]:=
210 540 733 906 897 51 ;
set Cs[945]:=
11 934 460 414 966 998 332 ;
set Cs[946]:=
626 160 925 38 472 974 166 ;
set Cs[947]:=
991 192 459 494 945 352 770 ;
set Cs[948]:=
554 229 122 262 47 430 ;
set Cs[949]:=
243 758 422 465 39 ;
set Cs[950]:=
965 19 279 604 867 656 923 ;
set Cs[951]:=
581 28 550 350 814 ;
set Cs[952]:=
581 663 174 262 864 ;
set Cs[953]:=
241 514 264 764 141 ;
set Cs[954]:=
415 724 15 209 633 441 141 ;
set Cs[955]:=
542 340 151 187 133 262 ;
set Cs[956]:=
999 233 844 277 747 292 695 ;
set Cs[957]:=
438 131 588 647 583 518 430 ;
set Cs[958]:=
537 865 449 313 239 ;
set Cs[959]:=
923 51 959 30 480 ;
set Cs[960]:=
142 223 409 908 901 ;
set Cs[961]:=
990 195 114 174 342 27 ;
set Cs[962]:=
368 100 262 472 994 ;
set Cs[963]:=
971 509 212 835 169 ;
set Cs[964]:=
427 985 676 499 496 ;
set Cs[965]:=
646 230 325 525 206 652 ;
set Cs[966]:=
455 564 302 189 265 384 101 ;
set Cs[967]:=
23 619 352 280 163 318 789 ;
set Cs[968]:=
929 104 610 63 879 630 ;
set Cs[969]:=
144 759 332 653 968 ;
set Cs[970]:=
307 619 863 815 899 251 ;
set Cs[971]:=
217 630 578 513 326 826 ;
set Cs[972]:=
975 7 189 770 235 172 931 ;
set Cs[973]:=
549 346 747 381 967 ;
set Cs[974]:=
804 780 908 329 731 697 ;
set Cs[975]:=
956 212 576 741 96 457 342 ;
set Cs[976]:=
461 636 427 591 435 ;
set Cs[977]:=
723 853 664 70 707 ;
set Cs[978]:=
333 737 968 383 187 ;
set Cs[979]:=
224 502 400 41 523 650 535 ;
set Cs[980]:=
756 406 212 101 6 627 530 ;
set Cs[981]:=
633 802 794 101 511 ;
set Cs[982]:=
508 559 921 44 461 ;
set Cs[983]:=
495 860 438 281 489 930 ;
set Cs[984]:=
183 827 915 665 214 397 ;
set Cs[985]:=
338 328 448 990 815 612 763 ;
set Cs[986]:=
231 611 659 686 114 408 ;
set Cs[987]:=
578 98 167 166 146 ;
set Cs[988]:=
785 391 580 151 594 ;
set Cs[989]:=
92 491 860 287 680 ;
set Cs[990]:=
627 132 460 955 177 ;
set Cs[991]:=
917 423 62 777 494 ;
set Cs[992]:=
184 523 264 657 128 637 85 ;
set Cs[993]:=
209 685 819 493 594 185 666 ;
set Cs[994]:=
337 800 913 89 290 308 ;
set Cs[995]:=
670 99 522 444 203 436 771 ;
set Cs[996]:=
964 595 943 514 749 332 ;
set Cs[997]:=
564 989 341 569 109 ;
set Cs[998]:=
765 437 489 469 411 294 ;
set Cs[999]:=
709 783 679 763 141 951 646 ;
set Cs[1000]:=
442 776 373 367 45 436 ;
set Cs[1001]:=
398 863 497 168 20 42 ;
set Cs[1002]:=
541 279 983 256 699 351 523 ;
set Cs[1003]:=
181 490 613 351 953 ;
set Cs[1004]:=
448 496 601 963 524 ;
set Cs[1005]:=
918 994 738 418 647 636 303 ;
set Cs[1006]:=
473 340 485 262 406 444 ;
set Cs[1007]:=
492 996 876 615 834 515 315 ;
set Cs[1008]:=
222 379 70 291 157 ;
set Cs[1009]:=
845 823 763 723 970 ;
set Cs[1010]:=
856 842 307 551 168 104 382 ;
set Cs[1011]:=
109 55 358 265 278 987 ;
set Cs[1012]:=
781 172 717 521 578 513 14 ;
set Cs[1013]:=
451 257 80 799 168 ;
set Cs[1014]:=
325 295 677 827 711 ;
set Cs[1015]:=
282 923 465 506 372 472 993 ;
set Cs[1016]:=
164 543 717 13 39 291 206 ;
set Cs[1017]:=
932 261 178 927 632 380 ;
set Cs[1018]:=
769 82 333 631 928 ;
set Cs[1019]:=
607 883 589 15 728 711 ;
set Cs[1020]:=
926 25 619 172 707 499 690 ;
set Cs[1021]:=
555 479 242 205 567 350 ;
set Cs[1022]:=
38 628 861 513 668 ;
set Cs[1023]:=
169 996 159 889 749 ;
set Cs[1024]:=
777 72 415 531 525 373 ;
set Cs[1025]:=
451 637 373 524 252 ;
set Cs[1026]:=
801 411 775 590 514 20 ;
set Cs[1027]:=
506 925 90 782 138 14 ;
set Cs[1028]:=
780 78 16 407 545 316 ;
set Cs[1029]:=
122 410 139 758 828 284 725 ;
set Cs[1030]:=
740 609 423 499 912 131 ;
set Cs[1031]:=
760 538 907 311 59 646 563 ;
set Cs[1032]:=
46 587 357 51 714 448 ;
set Cs[1033]:=
491 352 577 373 275 54 ;
set Cs[1034]:=
275 159 584 780 22 250 ;
set Cs[1035]:=
5 181 210 757 975 ;
set Cs[1036]:=
12 319 978 533 304 ;
set Cs[1037]:=
650 627 704 197 481 654 507 ;
set Cs[1038]:=
307 344 511 591 188 ;
set Cs[1039]:=
606 741 315 18 761 919 ;
set Cs[1040]:=
185 777 435 358 568 ;
set Cs[1041]:=
318 917 22 86 99 297 ;
set Cs[1042]:=
838 15 411 227 320 ;
set Cs[1043]:=
780 998 94 518 476 464 ;
set Cs[1044]:=
698 431 910 260 837 377 345 ;
set Cs[1045]:=
5 856 581 973 48 10 1000 ;
set Cs[1046]:=
649 272 40 418 10 ;
set Cs[1047]:=
206 593 829 724 102 662 ;
set Cs[1048]:=
251 717 149 187 561 596 ;
set Cs[1049]:=
658 178 262 887 236 ;
set Cs[1050]:=
300 56 385 859 807 191 ;
set Cs[1051]:=
364 525 762 105 986 ;
set Cs[1052]:=
534 343 923 181 5 ;
set Cs[1053]:=
232 948 90 965 634 824 722 ;
set Cs[1054]:=
262 358 641 596 595 218 ;
set Cs[1055]:=
629 844 314 510 507 ;
set Cs[1056]:=
206 416 267 10 166 132 813 ;
set Cs[1057]:=
983 147 599 785 273 987 996 ;
set Cs[1058]:=
71 538 511 571 651 ;
set Cs[1059]:=
717 580 320 883 465 ;
set Cs[1060]:=
680 380 976 528 654 255 ;
set Cs[1061]:=
512 690 375 869 230 ;
set Cs[1062]:=
107 562 324 802 517 270 ;
set Cs[1063]:=
760 319 219 512 206 467 ;
set Cs[1064]:=
207 158 768 291 35 195 ;
set Cs[1065]:=
793 391 809 702 786 ;
set Cs[1066]:=
563 952 58 904 240 ;
set Cs[1067]:=
744 599 189 835 707 388 658 ;
set Cs[1068]:=
980 250 186 736 591 198 ;
set Cs[1069]:=
151 205 314 309 156 251 ;
set Cs[1070]:=
311 322 598 784 769 ;
set Cs[1071]:=
239 289 83 841 617 173 410 ;
set Cs[1072]:=
525 825 374 772 986 ;
set Cs[1073]:=
337 960 294 355 329 547 504 ;
set Cs[1074]:=
586 426 785 407 4 985 ;
set Cs[1075]:=
335 469 774 234 332 614 603 ;
set Cs[1076]:=
437 5 888 458 666 593 ;
set Cs[1077]:=
512 208 273 43 798 42 ;
set Cs[1078]:=
223 336 246 210 276 450 ;
set Cs[1079]:=
72 587 179 369 746 779 ;
set Cs[1080]:=
737 557 117 289 401 ;
set Cs[1081]:=
444 589 883 737 533 791 496 ;
set Cs[1082]:=
411 832 239 163 453 223 ;
set Cs[1083]:=
344 629 49 633 541 511 ;
set Cs[1084]:=
313 637 344 927 599 49 ;
set Cs[1085]:=
102 46 64 63 967 541 930 ;
set Cs[1086]:=
153 932 834 237 99 130 293 ;
set Cs[1087]:=
847 265 732 990 983 787 ;
set Cs[1088]:=
302 841 24 68 907 796 579 ;
set Cs[1089]:=
508 707 423 370 570 578 ;
set Cs[1090]:=
607 946 222 559 6 456 ;
set Cs[1091]:=
126 587 302 885 834 412 516 ;
set Cs[1092]:=
153 289 804 285 203 714 ;
set Cs[1093]:=
325 44 316 474 600 543 ;
set Cs[1094]:=
155 940 839 584 227 ;
set Cs[1095]:=
728 971 186 371 457 201 ;
set Cs[1096]:=
997 410 118 394 312 605 ;
set Cs[1097]:=
374 342 268 595 117 263 ;
set Cs[1098]:=
597 796 713 642 980 687 ;
set Cs[1099]:=
828 46 247 127 278 749 ;
set Cs[1100]:=
252 276 711 698 998 420 ;
set Cs[1101]:=
825 324 93 58 909 485 ;
set Cs[1102]:=
750 329 574 910 28 ;
set Cs[1103]:=
100 224 366 462 550 ;
set Cs[1104]:=
526 255 589 201 412 650 ;
set Cs[1105]:=
555 23 551 833 363 508 176 ;
set Cs[1106]:=
643 239 29 355 787 284 776 ;
set Cs[1107]:=
339 607 311 620 193 ;
set Cs[1108]:=
309 37 465 962 99 527 ;
set Cs[1109]:=
836 488 763 963 745 420 810 ;
set Cs[1110]:=
193 661 608 711 382 969 946 ;
set Cs[1111]:=
590 823 677 238 187 115 634 ;
set Cs[1112]:=
441 609 266 222 269 916 747 ;
set Cs[1113]:=
449 764 716 796 843 233 ;
set Cs[1114]:=
664 676 687 815 464 16 ;
set Cs[1115]:=
8 10 201 205 269 110 ;
set Cs[1116]:=
857 876 924 587 215 ;
set Cs[1117]:=
643 804 171 433 267 101 ;
set Cs[1118]:=
373 348 753 801 590 388 ;
set Cs[1119]:=
37 122 319 286 241 687 ;
set Cs[1120]:=
63 224 622 780 489 254 ;
set Cs[1121]:=
976 656 160 812 871 ;
set Cs[1122]:=
92 263 942 413 131 992 22 ;
set Cs[1123]:=
795 142 210 62 755 675 ;
set Cs[1124]:=
181 588 966 126 927 ;
set Cs[1125]:=
183 758 570 145 630 685 ;
set Cs[1126]:=
145 170 186 435 868 584 ;
set Cs[1127]:=
915 736 327 439 706 312 940 ;
set Cs[1128]:=
801 418 809 551 967 ;
set Cs[1129]:=
76 341 162 819 774 ;
set Cs[1130]:=
464 907 364 951 26 62 ;
set Cs[1131]:=
712 572 384 796 215 ;
set Cs[1132]:=
940 130 654 420 549 145 ;
set Cs[1133]:=
887 68 847 420 98 572 983 ;
set Cs[1134]:=
373 349 5 255 27 815 ;
set Cs[1135]:=
750 357 833 468 910 ;
set Cs[1136]:=
770 847 873 147 132 12 ;
set Cs[1137]:=
678 403 354 939 43 ;
set Cs[1138]:=
130 804 109 411 818 ;
set Cs[1139]:=
5 124 684 424 486 ;
set Cs[1140]:=
96 274 879 184 480 ;
set Cs[1141]:=
234 239 542 843 166 595 ;
set Cs[1142]:=
457 105 375 669 897 ;
set Cs[1143]:=
557 428 378 110 228 811 200 ;
set Cs[1144]:=
878 257 176 649 89 273 661 ;
set Cs[1145]:=
319 457 280 637 643 ;
set Cs[1146]:=
189 43 309 815 995 854 ;
set Cs[1147]:=
386 928 506 346 297 994 ;
set Cs[1148]:=
708 272 189 185 888 58 ;
set Cs[1149]:=
844 323 161 366 634 ;
set Cs[1150]:=
941 249 379 731 799 388 78 ;
set Cs[1151]:=
295 22 777 190 386 351 818 ;
set Cs[1152]:=
646 104 209 875 128 271 ;
set Cs[1153]:=
659 816 923 878 87 987 304 ;
set Cs[1154]:=
244 332 574 316 80 912 650 ;
set Cs[1155]:=
120 904 181 232 241 167 ;
set Cs[1156]:=
830 543 691 872 511 ;
set Cs[1157]:=
448 968 831 181 7 128 155 ;
set Cs[1158]:=
146 554 283 13 509 ;
set Cs[1159]:=
263 426 821 809 676 250 ;
set Cs[1160]:=
406 438 572 237 133 407 129 ;
set Cs[1161]:=
851 402 117 884 168 286 ;
set Cs[1162]:=
258 896 412 858 420 ;
set Cs[1163]:=
156 24 67 767 383 398 312 ;
set Cs[1164]:=
729 427 718 622 260 ;
set Cs[1165]:=
80 501 753 631 363 690 928 ;
set Cs[1166]:=
996 812 309 701 401 928 ;
set Cs[1167]:=
446 462 605 27 552 ;
set Cs[1168]:=
289 716 513 308 647 ;
set Cs[1169]:=
60 702 709 321 130 ;
set Cs[1170]:=
640 713 147 661 411 867 253 ;
set Cs[1171]:=
653 722 359 634 746 ;
set Cs[1172]:=
885 702 372 898 140 585 ;
set Cs[1173]:=
441 806 775 3 996 266 635 ;
set Cs[1174]:=
931 124 674 292 907 286 45 ;
set Cs[1175]:=
470 934 367 401 175 402 421 ;
set Cs[1176]:=
985 369 496 152 197 318 145 ;
set Cs[1177]:=
568 767 35 202 776 542 ;
set Cs[1178]:=
243 820 105 217 165 104 ;
set Cs[1179]:=
751 6 463 916 976 633 ;
set Cs[1180]:=
606 164 457 30 223 903 ;
set Cs[1181]:=
633 616 776 324 154 ;
set Cs[1182]:=
241 462 499 71 631 ;
set Cs[1183]:=
946 159 872 770 436 852 ;
set Cs[1184]:=
550 739 130 39 363 905 ;
set Cs[1185]:=
790 974 646 463 744 44 ;
set Cs[1186]:=
793 767 592 122 331 515 ;
set Cs[1187]:=
306 461 342 30 543 ;
set Cs[1188]:=
214 431 50 246 413 736 ;
set Cs[1189]:=
608 363 233 681 71 748 254 ;
set Cs[1190]:=
887 427 662 572 219 406 ;
set Cs[1191]:=
700 506 421 699 937 ;
set Cs[1192]:=
281 112 340 594 911 158 ;
set Cs[1193]:=
985 966 895 84 604 ;
set Cs[1194]:=
932 921 292 133 920 89 601 ;
set Cs[1195]:=
763 692 96 412 70 284 795 ;
set Cs[1196]:=
652 372 581 965 891 693 ;
set Cs[1197]:=
559 940 308 905 815 ;
set Cs[1198]:=
255 215 795 128 703 ;
set Cs[1199]:=
54 793 659 342 790 423 ;
set Cs[1200]:=
350 262 611 189 76 797 ;
set Cs[1201]:=
588 40 172 370 209 878 ;
set Cs[1202]:=
734 257 55 254 858 ;
set Cs[1203]:=
508 443 383 437 900 ;
set Cs[1204]:=
621 110 547 703 281 529 156 ;
set Cs[1205]:=
323 663 733 715 789 ;
set Cs[1206]:=
505 487 977 786 733 663 747 ;
set Cs[1207]:=
365 397 732 36 98 ;
set Cs[1208]:=
848 150 214 668 375 1000 ;
set Cs[1209]:=
39 470 967 374 568 673 877 ;
set Cs[1210]:=
848 251 909 584 328 332 839 ;
set Cs[1211]:=
658 146 803 802 807 ;
set Cs[1212]:=
993 436 223 435 665 316 ;
set Cs[1213]:=
310 746 997 179 922 637 ;
set Cs[1214]:=
54 401 999 469 300 757 ;
set Cs[1215]:=
488 675 289 147 423 527 114 ;
set Cs[1216]:=
16 38 899 33 379 137 ;
set Cs[1217]:=
478 465 239 134 79 286 336 ;
set Cs[1218]:=
945 897 802 941 559 156 665 ;
set Cs[1219]:=
215 192 409 523 856 572 160 ;
set Cs[1220]:=
628 608 788 176 364 561 ;
set Cs[1221]:=
401 826 964 615 80 789 199 ;
set Cs[1222]:=
24 511 291 115 927 ;
set Cs[1223]:=
485 37 890 79 329 574 ;
set Cs[1224]:=
141 306 800 464 465 242 ;
set Cs[1225]:=
109 841 245 877 777 229 780 ;
set Cs[1226]:=
56 519 338 179 331 ;
set Cs[1227]:=
338 913 414 352 469 ;
set Cs[1228]:=
173 765 566 521 174 524 ;
set Cs[1229]:=
378 546 16 334 44 938 350 ;
set Cs[1230]:=
28 384 258 641 668 109 394 ;
set Cs[1231]:=
193 337 831 361 258 ;
set Cs[1232]:=
118 356 607 830 298 765 327 ;
set Cs[1233]:=
689 214 717 635 278 255 19 ;
set Cs[1234]:=
971 396 860 353 842 639 735 ;
set Cs[1235]:=
304 44 802 518 237 504 835 ;
set Cs[1236]:=
149 880 371 208 992 330 ;
set Cs[1237]:=
919 621 627 252 906 186 ;
set Cs[1238]:=
759 81 547 606 458 613 ;
set Cs[1239]:=
86 515 945 435 994 ;
set Cs[1240]:=
826 140 318 903 780 ;
set Cs[1241]:=
562 486 718 908 742 ;
set Cs[1242]:=
310 781 347 724 376 296 274 ;
set Cs[1243]:=
645 103 947 502 814 ;
set Cs[1244]:=
504 487 926 152 537 597 ;
set Cs[1245]:=
45 759 911 410 773 ;
set Cs[1246]:=
981 696 872 451 775 ;
set Cs[1247]:=
472 289 538 529 587 478 15 ;
set Cs[1248]:=
904 827 925 877 10 726 ;
set Cs[1249]:=
779 856 494 935 270 ;
set Cs[1250]:=
158 249 469 848 1000 ;
set Cs[1251]:=
173 176 12 769 17 480 628 ;
set Cs[1252]:=
909 912 998 864 136 ;
set Cs[1253]:=
767 697 299 216 534 ;
set Cs[1254]:=
278 231 485 684 31 ;
set Cs[1255]:=
530 857 294 643 483 ;
set Cs[1256]:=
547 824 19 789 936 885 888 ;
set Cs[1257]:=
946 144 614 392 780 451 455 ;
set Cs[1258]:=
994 902 129 524 527 175 ;
set Cs[1259]:=
632 799 476 83 759 812 ;
set Cs[1260]:=
686 52 121 45 160 ;
set Cs[1261]:=
604 992 827 25 1 ;
set Cs[1262]:=
571 700 428 777 653 ;
set Cs[1263]:=
85 792 902 262 239 771 488 ;
set Cs[1264]:=
675 931 811 916 628 564 610 ;
set Cs[1265]:=
805 844 966 995 38 716 871 ;
set Cs[1266]:=
239 786 685 353 794 ;
set Cs[1267]:=
916 795 484 362 828 686 342 ;
set Cs[1268]:=
516 246 651 400 420 ;
set Cs[1269]:=
295 402 690 314 115 548 ;
set Cs[1270]:=
810 504 476 913 840 ;
set Cs[1271]:=
503 126 419 835 921 176 985 ;
set Cs[1272]:=
869 276 552 614 825 127 713 ;
set Cs[1273]:=
240 153 913 52 806 917 152 ;
set Cs[1274]:=
208 150 215 532 132 359 ;
set Cs[1275]:=
555 333 162 877 776 810 ;
set Cs[1276]:=
603 940 569 609 323 449 242 ;
set Cs[1277]:=
740 550 934 795 80 528 ;
set Cs[1278]:=
909 55 323 92 429 212 656 ;
set Cs[1279]:=
670 428 328 329 209 712 ;
set Cs[1280]:=
636 97 373 316 71 797 63 ;
set Cs[1281]:=
7 487 598 680 328 ;
set Cs[1282]:=
587 238 82 942 881 ;
set Cs[1283]:=
932 422 294 360 672 ;
set Cs[1284]:=
387 937 151 434 386 ;
set Cs[1285]:=
336 287 452 273 573 976 ;
set Cs[1286]:=
679 314 911 848 706 809 ;
set Cs[1287]:=
505 840 581 780 896 883 333 ;
set Cs[1288]:=
88 671 705 415 530 ;
set Cs[1289]:=
471 8 273 58 102 569 ;
set Cs[1290]:=
956 803 993 420 673 ;
set Cs[1291]:=
910 104 982 946 947 ;
set Cs[1292]:=
346 355 687 113 534 512 655 ;
set Cs[1293]:=
272 516 804 563 360 ;
set Cs[1294]:=
393 761 970 949 841 685 316 ;
set Cs[1295]:=
994 797 932 910 802 389 585 ;
set Cs[1296]:=
678 256 304 881 733 ;
set Cs[1297]:=
252 316 868 232 159 ;
set Cs[1298]:=
441 615 835 786 147 ;
set Cs[1299]:=
565 732 71 267 673 ;
set Cs[1300]:=
54 641 201 47 820 85 ;
set Cs[1301]:=
461 555 266 414 329 441 ;
set Cs[1302]:=
247 463 877 992 315 971 ;
set Cs[1303]:=
22 969 486 601 626 ;
set Cs[1304]:=
221 56 142 601 944 709 ;
set Cs[1305]:=
17 477 525 101 683 721 ;
set Cs[1306]:=
89 614 152 337 737 764 ;
set Cs[1307]:=
182 322 968 814 463 80 934 ;
set Cs[1308]:=
44 334 755 645 325 151 ;
set Cs[1309]:=
413 388 773 850 468 349 937 ;
set Cs[1310]:=
573 653 46 732 543 ;
set Cs[1311]:=
243 256 654 314 433 ;
set Cs[1312]:=
533 155 415 658 473 862 745 ;
set Cs[1313]:=
721 594 861 110 486 632 414 ;
set Cs[1314]:=
308 920 317 239 132 ;
set Cs[1315]:=
820 296 141 295 441 ;
set Cs[1316]:=
6 844 494 43 602 ;
set Cs[1317]:=
354 927 455 793 608 35 978 ;
set Cs[1318]:=
209 133 374 679 58 965 ;
set Cs[1319]:=
457 820 384 484 178 519 ;
set Cs[1320]:=
696 40 51 957 963 ;
set Cs[1321]:=
367 569 111 529 66 192 ;
set Cs[1322]:=
805 341 787 346 340 866 432 ;
set Cs[1323]:=
956 622 99 839 105 241 ;
set Cs[1324]:=
819 433 493 95 329 794 428 ;
set Cs[1325]:=
861 789 735 988 181 ;
set Cs[1326]:=
662 221 421 290 484 30 383 ;
set Cs[1327]:=
192 233 445 717 580 476 ;
set Cs[1328]:=
794 861 488 828 72 ;
set Cs[1329]:=
695 648 886 525 782 210 ;
set Cs[1330]:=
456 767 446 543 462 594 670 ;
set Cs[1331]:=
959 803 822 404 601 703 351 ;
set Cs[1332]:=
203 633 91 402 360 13 ;
set Cs[1333]:=
213 672 408 458 597 ;
set Cs[1334]:=
442 968 205 333 238 ;
set Cs[1335]:=
183 601 428 104 458 564 ;
set Cs[1336]:=
890 971 623 784 440 128 ;
set Cs[1337]:=
597 895 494 250 747 758 ;
set Cs[1338]:=
513 864 311 528 341 996 ;
set Cs[1339]:=
760 814 91 363 872 723 100 ;
set Cs[1340]:=
815 491 272 440 421 53 979 ;
set Cs[1341]:=
780 396 374 96 563 856 ;
set Cs[1342]:=
454 724 889 958 615 666 969 ;
set Cs[1343]:=
206 963 260 333 818 489 ;
set Cs[1344]:=
7 697 632 997 601 874 ;
set Cs[1345]:=
896 840 937 457 730 ;
set Cs[1346]:=
753 683 294 165 697 132 ;
set Cs[1347]:=
237 257 139 961 579 686 788 ;
set Cs[1348]:=
822 244 979 582 719 159 ;
set Cs[1349]:=
404 39 205 602 356 962 ;
set Cs[1350]:=
752 532 708 419 828 367 342 ;
set Cs[1351]:=
937 341 795 96 217 ;
set Cs[1352]:=
769 444 920 428 281 ;
set Cs[1353]:=
620 414 858 967 999 694 ;
set Cs[1354]:=
191 30 734 242 274 846 ;
set Cs[1355]:=
28 867 68 478 366 210 851 ;
set Cs[1356]:=
374 87 209 307 520 548 ;
set Cs[1357]:=
932 364 361 25 142 178 ;
set Cs[1358]:=
33 296 602 474 464 996 131 ;
set Cs[1359]:=
403 798 953 712 794 866 643 ;
set Cs[1360]:=
840 380 651 133 43 ;
set Cs[1361]:=
105 901 828 612 21 845 ;
set Cs[1362]:=
675 963 427 907 233 ;
set Cs[1363]:=
811 680 962 658 269 391 ;
set Cs[1364]:=
336 613 452 716 621 ;
set Cs[1365]:=
510 586 406 814 620 ;
set Cs[1366]:=
143 724 733 981 360 311 ;
set Cs[1367]:=
219 368 29 491 406 330 ;
set Cs[1368]:=
383 377 885 452 351 ;
set Cs[1369]:=
935 501 352 73 321 926 3 ;
set Cs[1370]:=
277 964 358 445 555 ;
set Cs[1371]:=
264 426 703 240 754 109 ;
set Cs[1372]:=
975 390 565 770 820 420 301 ;
set Cs[1373]:=
267 540 846 708 747 76 ;
set Cs[1374]:=
957 201 233 438 607 317 ;
set Cs[1375]:=
330 127 878 153 321 898 737 ;
set Cs[1376]:=
745 412 546 236 695 810 ;
set Cs[1377]:=
190 356 945 423 279 529 648 ;
set Cs[1378]:=
480 282 831 40 66 ;
set Cs[1379]:=
69 1 253 51 711 846 ;
set Cs[1380]:=
606 149 350 107 509 71 179 ;
set Cs[1381]:=
154 144 98 26 743 844 113 ;
set Cs[1382]:=
175 731 108 298 861 242 ;
set Cs[1383]:=
229 621 650 923 249 ;
set Cs[1384]:=
754 97 586 800 547 148 ;
set Cs[1385]:=
17 141 947 485 194 543 ;
set Cs[1386]:=
866 693 513 335 559 638 ;
set Cs[1387]:=
180 431 553 453 454 974 593 ;
set Cs[1388]:=
329 78 326 890 250 930 445 ;
set Cs[1389]:=
566 866 186 166 941 ;
set Cs[1390]:=
341 695 492 901 907 ;
set Cs[1391]:=
889 668 892 831 990 549 500 ;
set Cs[1392]:=
210 788 160 126 118 350 ;
set Cs[1393]:=
602 968 614 546 288 269 826 ;
set Cs[1394]:=
741 457 504 309 821 248 130 ;
set Cs[1395]:=
316 460 258 800 407 967 477 ;
set Cs[1396]:=
458 596 88 367 232 770 529 ;
set Cs[1397]:=
276 903 301 758 190 846 952 ;
set Cs[1398]:=
859 704 781 929 907 ;
set Cs[1399]:=
468 80 925 924 519 660 238 ;
set Cs[1400]:=
898 528 633 627 468 162 161 ;
set Cs[1401]:=
654 675 121 177 985 26 154 ;
set Cs[1402]:=
616 303 418 1000 438 ;
set Cs[1403]:=
769 320 220 92 649 ;
set Cs[1404]:=
499 552 656 39 942 ;
set Cs[1405]:=
736 542 949 186 906 879 ;
set Cs[1406]:=
680 314 229 424 639 ;
set Cs[1407]:=
977 917 957 995 44 ;
set Cs[1408]:=
944 562 55 706 661 264 ;
set Cs[1409]:=
475 747 675 321 894 413 938 ;
set Cs[1410]:=
585 581 536 598 574 347 ;
set Cs[1411]:=
8 843 237 336 558 124 ;
set Cs[1412]:=
348 224 195 638 169 804 798 ;
set Cs[1413]:=
992 224 993 948 353 702 ;
set Cs[1414]:=
717 505 232 529 95 19 ;
set Cs[1415]:=
41 356 519 959 793 ;
set Cs[1416]:=
33 794 239 880 308 ;
set Cs[1417]:=
873 377 915 362 354 697 301 ;
set Cs[1418]:=
908 673 951 749 298 734 ;
set Cs[1419]:=
717 767 257 299 515 ;
set Cs[1420]:=
550 270 720 995 961 ;
set Cs[1421]:=
678 522 884 462 920 429 ;
set Cs[1422]:=
79 956 702 904 407 ;
set Cs[1423]:=
260 154 920 611 364 404 ;
set Cs[1424]:=
845 554 143 641 447 ;
set Cs[1425]:=
374 736 811 127 663 247 183 ;
set Cs[1426]:=
554 145 201 454 950 955 921 ;
set Cs[1427]:=
487 911 974 321 198 ;
set Cs[1428]:=
669 995 147 604 607 410 454 ;
set Cs[1429]:=
818 695 127 591 227 ;
set Cs[1430]:=
669 542 423 220 899 745 ;
set Cs[1431]:=
304 239 865 93 55 ;
set Cs[1432]:=
578 917 952 165 534 648 ;
set Cs[1433]:=
983 370 661 883 604 7 801 ;
set Cs[1434]:=
769 550 136 597 306 609 225 ;
set Cs[1435]:=
618 31 476 633 41 121 ;
set Cs[1436]:=
728 732 997 971 500 45 310 ;
set Cs[1437]:=
192 367 762 577 541 164 ;
set Cs[1438]:=
868 420 502 331 435 417 ;
set Cs[1439]:=
67 416 554 648 600 531 148 ;
set Cs[1440]:=
692 886 333 702 757 ;
set Cs[1441]:=
732 428 161 606 829 356 78 ;
set Cs[1442]:=
698 997 111 296 260 314 ;
set Cs[1443]:=
460 504 479 200 290 ;
set Cs[1444]:=
199 354 838 35 290 ;
set Cs[1445]:=
913 406 574 891 561 697 582 ;
set Cs[1446]:=
23 201 422 763 907 ;
set Cs[1447]:=
890 860 130 927 930 819 ;
set Cs[1448]:=
861 211 964 932 336 183 ;
set Cs[1449]:=
760 451 429 18 629 279 ;
set Cs[1450]:=
646 356 648 772 348 74 ;
set Cs[1451]:=
104 242 330 361 931 796 250 ;
set Cs[1452]:=
634 612 827 763 537 927 506 ;
set Cs[1453]:=
781 509 904 175 379 97 40 ;
set Cs[1454]:=
644 97 433 512 906 287 ;
set Cs[1455]:=
404 313 732 548 775 386 ;
set Cs[1456]:=
111 897 805 147 493 175 296 ;
set Cs[1457]:=
612 574 391 371 559 37 456 ;
set Cs[1458]:=
90 445 878 886 970 ;
set Cs[1459]:=
838 848 496 547 749 ;
set Cs[1460]:=
725 792 444 126 530 ;
set Cs[1461]:=
684 461 303 996 595 563 239 ;
set Cs[1462]:=
588 349 777 409 683 110 ;
set Cs[1463]:=
815 331 244 89 677 407 ;
set Cs[1464]:=
802 573 912 701 312 ;
set Cs[1465]:=
575 644 378 59 673 13 962 ;
set Cs[1466]:=
1000 381 97 715 165 912 916 ;
set Cs[1467]:=
295 547 103 885 112 387 ;
set Cs[1468]:=
907 595 683 97 287 ;
set Cs[1469]:=
549 408 105 240 978 231 10 ;
set Cs[1470]:=
156 555 7 246 436 ;
set Cs[1471]:=
278 635 831 196 344 345 362 ;
set Cs[1472]:=
612 944 689 989 626 498 ;
set Cs[1473]:=
216 760 523 804 981 521 590 ;
set Cs[1474]:=
566 242 774 174 232 322 765 ;
set Cs[1475]:=
266 883 744 89 475 243 981 ;
set Cs[1476]:=
702 7 99 588 509 109 ;
set Cs[1477]:=
220 216 874 795 926 492 150 ;
set Cs[1478]:=
800 843 465 117 595 54 542 ;
set Cs[1479]:=
501 882 665 795 186 153 ;
set Cs[1480]:=
198 986 320 366 671 ;
set Cs[1481]:=
76 238 31 1 694 664 811 ;
set Cs[1482]:=
226 339 428 481 204 417 ;
set Cs[1483]:=
379 427 943 804 981 177 440 ;
set Cs[1484]:=
278 643 819 211 258 ;
set Cs[1485]:=
288 741 604 724 323 357 ;
set Cs[1486]:=
18 36 262 414 435 ;
set Cs[1487]:=
206 542 432 155 813 ;
set Cs[1488]:=
795 444 371 815 783 990 521 ;
set Cs[1489]:=
577 984 306 628 318 ;
set Cs[1490]:=
361 422 658 24 977 276 834 ;
set Cs[1491]:=
149 597 217 46 568 502 ;
set Cs[1492]:=
560 8 822 555 781 ;
set Cs[1493]:=
505 194 825 507 985 918 ;
set Cs[1494]:=
404 780 252 657 268 957 347 ;
set Cs[1495]:=
363 853 79 36 982 14 ;
set Cs[1496]:=
326 742 115 259 33 681 778 ;
set Cs[1497]:=
687 57 26 159 744 35 31 ;
set Cs[1498]:=
394 410 278 171 100 123 618 ;
set Cs[1499]:=
830 253 266 162 208 ;
set Cs[1500]:=
240 410 277 104 353 56 699 ;
set Cs[1501]:=
695 116 755 758 227 ;
set Cs[1502]:=
879 279 562 794 548 894 691 ;
set Cs[1503]:=
559 259 773 223 480 23 483 ;
set Cs[1504]:=
915 289 958 646 654 ;
set Cs[1505]:=
709 953 888 374 585 526 ;
set Cs[1506]:=
491 671 41 817 216 946 835 ;
set Cs[1507]:=
73 456 254 146 566 ;
set Cs[1508]:=
307 450 516 645 207 376 ;
set Cs[1509]:=
673 940 487 347 739 564 630 ;
set Cs[1510]:=
741 349 960 443 841 ;
set Cs[1511]:=
423 244 400 300 630 968 ;
set Cs[1512]:=
224 428 371 340 836 86 416 ;
set Cs[1513]:=
853 300 367 382 134 971 600 ;
set Cs[1514]:=
183 512 587 45 574 765 682 ;
set Cs[1515]:=
104 358 4 547 602 ;
set Cs[1516]:=
400 595 738 390 373 457 ;
set Cs[1517]:=
613 77 865 746 155 313 132 ;
set Cs[1518]:=
363 51 547 193 615 ;
set Cs[1519]:=
421 220 913 950 260 ;
set Cs[1520]:=
746 802 419 497 487 5 ;
set Cs[1521]:=
868 616 975 591 376 548 336 ;
set Cs[1522]:=
732 680 875 731 603 119 248 ;
set Cs[1523]:=
455 439 559 800 582 155 350 ;
set Cs[1524]:=
231 727 945 663 200 365 ;
set Cs[1525]:=
827 292 860 610 34 91 ;
set Cs[1526]:=
412 368 796 605 590 659 ;
set Cs[1527]:=
134 438 569 815 655 635 ;
set Cs[1528]:=
698 834 4 724 873 960 ;
set Cs[1529]:=
126 300 830 177 607 ;
set Cs[1530]:=
293 761 57 138 839 ;
set Cs[1531]:=
381 94 960 117 684 912 348 ;
set Cs[1532]:=
621 758 70 601 85 ;
set Cs[1533]:=
954 751 650 972 931 377 867 ;
set Cs[1534]:=
221 197 974 998 208 917 ;
set Cs[1535]:=
873 685 344 114 334 610 349 ;
set Cs[1536]:=
169 595 748 162 890 344 78 ;
set Cs[1537]:=
448 939 885 353 419 209 415 ;
set Cs[1538]:=
423 134 156 965 245 151 ;
set Cs[1539]:=
256 939 193 928 709 ;
set Cs[1540]:=
224 710 14 726 12 144 ;
set Cs[1541]:=
512 52 746 550 383 ;
set Cs[1542]:=
874 109 532 839 585 619 317 ;
set Cs[1543]:=
248 157 677 505 229 ;
set Cs[1544]:=
481 326 777 237 246 ;
set Cs[1545]:=
747 390 541 560 29 283 251 ;
set Cs[1546]:=
232 588 557 119 220 852 ;
set Cs[1547]:=
317 11 898 495 512 ;
set Cs[1548]:=
418 84 243 402 848 ;
set Cs[1549]:=
350 281 443 103 546 ;
set Cs[1550]:=
647 642 438 617 846 ;
set Cs[1551]:=
812 642 821 693 313 786 ;
set Cs[1552]:=
760 428 798 38 536 422 ;
set Cs[1553]:=
478 952 61 663 380 ;
set Cs[1554]:=
235 616 204 890 211 ;
set Cs[1555]:=
943 205 942 292 170 33 560 ;
set Cs[1556]:=
255 501 680 648 185 ;
set Cs[1557]:=
189 989 663 963 950 447 534 ;
set Cs[1558]:=
946 892 637 76 740 240 881 ;
set Cs[1559]:=
411 640 424 898 20 354 ;
set Cs[1560]:=
101 140 794 417 885 ;
set Cs[1561]:=
704 539 155 340 655 492 ;
set Cs[1562]:=
974 70 892 471 735 106 ;
set Cs[1563]:=
945 595 614 693 634 ;
set Cs[1564]:=
421 329 306 811 94 ;
set Cs[1565]:=
488 371 99 558 487 689 ;
set Cs[1566]:=
831 774 434 190 884 924 802 ;
set Cs[1567]:=
803 375 558 463 157 ;
set Cs[1568]:=
267 799 51 394 69 ;
set Cs[1569]:=
185 88 398 789 17 129 661 ;
set Cs[1570]:=
157 574 194 659 886 ;
set Cs[1571]:=
491 818 18 744 356 224 ;
set Cs[1572]:=
272 205 801 134 813 55 136 ;
set Cs[1573]:=
785 698 758 447 128 630 ;
set Cs[1574]:=
652 903 4 78 231 474 480 ;
set Cs[1575]:=
961 461 906 677 662 219 ;
set Cs[1576]:=
443 928 601 84 101 ;
set Cs[1577]:=
134 295 897 939 4 674 27 ;
set Cs[1578]:=
948 410 172 63 508 ;
set Cs[1579]:=
607 818 13 272 240 478 ;
set Cs[1580]:=
299 220 895 492 684 97 ;
set Cs[1581]:=
245 792 316 683 340 ;
set Cs[1582]:=
89 779 133 547 414 ;
set Cs[1583]:=
751 308 959 826 170 ;
set Cs[1584]:=
447 386 867 232 173 217 936 ;
set Cs[1585]:=
18 926 819 969 679 567 74 ;
set Cs[1586]:=
315 259 178 239 511 990 ;
set Cs[1587]:=
498 847 216 6 568 ;
set Cs[1588]:=
475 580 872 705 135 645 ;
set Cs[1589]:=
170 592 740 371 576 113 ;
set Cs[1590]:=
438 175 998 494 426 307 ;
set Cs[1591]:=
547 976 636 949 238 868 ;
set Cs[1592]:=
749 588 760 555 989 188 688 ;
set Cs[1593]:=
750 938 544 781 15 442 ;
set Cs[1594]:=
726 641 969 467 667 738 276 ;
set Cs[1595]:=
619 376 344 739 415 828 813 ;
set Cs[1596]:=
852 9 294 175 408 623 956 ;
set Cs[1597]:=
22 55 174 232 33 ;
set Cs[1598]:=
233 800 960 939 424 293 840 ;
set Cs[1599]:=
461 457 628 271 958 ;
set Cs[1600]:=
861 563 646 199 284 285 268 ;
set Cs[1601]:=
361 536 716 718 505 ;
set Cs[1602]:=
647 120 872 405 399 ;
set Cs[1603]:=
983 447 418 591 155 805 56 ;
set Cs[1604]:=
26 151 968 322 601 604 401 ;
set Cs[1605]:=
501 838 92 99 227 ;
set Cs[1606]:=
782 933 179 828 705 669 ;
set Cs[1607]:=
308 916 410 407 142 ;
set Cs[1608]:=
965 578 601 755 246 ;
set Cs[1609]:=
475 839 892 315 749 ;
set Cs[1610]:=
833 515 146 915 468 ;
set Cs[1611]:=
955 237 167 454 254 ;
set Cs[1612]:=
651 509 202 978 594 ;
set Cs[1613]:=
771 84 164 951 206 353 968 ;
set Cs[1614]:=
492 638 59 503 611 502 891 ;
set Cs[1615]:=
919 184 291 719 363 ;
set Cs[1616]:=
258 586 32 564 668 549 ;
set Cs[1617]:=
404 362 535 591 367 363 213 ;
set Cs[1618]:=
561 596 512 4 105 ;
set Cs[1619]:=
188 253 514 642 121 ;
set Cs[1620]:=
751 600 29 87 277 ;
set Cs[1621]:=
244 370 47 842 393 751 ;
set Cs[1622]:=
766 769 501 396 669 443 280 ;
set Cs[1623]:=
731 585 841 681 274 52 ;
set Cs[1624]:=
264 544 503 596 375 739 291 ;
set Cs[1625]:=
4 976 787 594 161 834 ;
set Cs[1626]:=
454 572 925 516 199 ;
set Cs[1627]:=
929 367 441 231 370 ;
set Cs[1628]:=
25 209 809 303 4 803 ;
set Cs[1629]:=
455 977 915 458 44 423 ;
set Cs[1630]:=
789 28 526 912 328 786 476 ;
set Cs[1631]:=
690 842 290 137 229 811 ;
set Cs[1632]:=
545 690 870 152 581 469 114 ;
set Cs[1633]:=
170 841 719 643 589 554 ;
set Cs[1634]:=
47 960 251 163 26 ;
set Cs[1635]:=
678 76 856 525 689 415 ;
set Cs[1636]:=
275 429 441 643 311 759 753 ;
set Cs[1637]:=
618 520 797 32 495 710 872 ;
set Cs[1638]:=
483 993 450 588 27 ;
set Cs[1639]:=
632 619 350 302 231 ;
set Cs[1640]:=
498 419 447 204 496 644 346 ;
set Cs[1641]:=
73 655 670 97 81 942 694 ;
set Cs[1642]:=
736 71 651 420 966 342 ;
set Cs[1643]:=
338 168 382 695 317 ;
set Cs[1644]:=
438 63 956 469 231 455 ;
set Cs[1645]:=
38 714 834 855 787 257 ;
set Cs[1646]:=
250 210 932 979 807 512 ;
set Cs[1647]:=
268 522 757 483 53 997 ;
set Cs[1648]:=
538 418 502 285 44 ;
set Cs[1649]:=
734 498 433 630 536 42 90 ;
set Cs[1650]:=
105 316 388 39 279 ;
set Cs[1651]:=
921 551 885 718 492 457 ;
set Cs[1652]:=
13 598 684 987 211 ;
set Cs[1653]:=
52 230 531 112 875 985 ;
set Cs[1654]:=
654 252 822 722 784 ;
set Cs[1655]:=
967 248 472 170 80 968 ;
set Cs[1656]:=
178 430 733 333 978 ;
set Cs[1657]:=
962 721 39 193 700 ;
set Cs[1658]:=
311 951 198 985 703 516 ;
set Cs[1659]:=
494 505 400 811 493 ;
set Cs[1660]:=
504 716 114 808 334 511 392 ;
set Cs[1661]:=
696 376 783 535 416 742 ;
set Cs[1662]:=
861 799 942 856 423 ;
set Cs[1663]:=
511 851 883 857 556 24 ;
set Cs[1664]:=
829 4 912 809 868 ;
set Cs[1665]:=
654 960 198 818 325 323 ;
set Cs[1666]:=
875 196 717 234 580 442 115 ;
set Cs[1667]:=
249 938 506 810 39 858 ;
set Cs[1668]:=
684 975 530 101 836 ;
set Cs[1669]:=
67 166 894 96 384 632 ;
set Cs[1670]:=
52 391 993 795 686 ;
set Cs[1671]:=
876 380 596 229 365 758 154 ;
set Cs[1672]:=
426 477 475 83 105 ;
set Cs[1673]:=
586 928 562 435 153 175 ;
set Cs[1674]:=
952 872 484 619 310 682 606 ;
set Cs[1675]:=
260 312 507 19 840 27 ;
set Cs[1676]:=
833 599 40 26 90 ;
set Cs[1677]:=
990 693 489 930 430 886 547 ;
set Cs[1678]:=
761 966 294 866 484 233 137 ;
set Cs[1679]:=
420 747 157 906 325 ;
set Cs[1680]:=
543 213 152 364 958 742 ;
set Cs[1681]:=
574 989 796 521 954 ;
set Cs[1682]:=
726 16 948 802 50 ;
set Cs[1683]:=
294 668 414 239 510 321 8 ;
set Cs[1684]:=
715 259 947 123 101 ;
set Cs[1685]:=
838 682 79 194 222 ;
set Cs[1686]:=
505 253 298 610 971 ;
set Cs[1687]:=
738 803 690 628 80 221 154 ;
set Cs[1688]:=
138 662 546 924 200 ;
set Cs[1689]:=
765 40 14 88 307 258 569 ;
set Cs[1690]:=
437 377 722 685 110 ;
set Cs[1691]:=
859 226 568 497 904 742 ;
set Cs[1692]:=
534 644 270 180 967 ;
set Cs[1693]:=
700 396 138 304 824 758 ;
set Cs[1694]:=
567 619 316 674 359 845 ;
set Cs[1695]:=
796 41 976 225 573 ;
set Cs[1696]:=
221 414 969 426 261 ;
set Cs[1697]:=
766 647 824 885 107 421 ;
set Cs[1698]:=
415 331 716 300 721 108 897 ;
set Cs[1699]:=
665 370 331 100 628 238 166 ;
set Cs[1700]:=
415 187 357 229 180 ;
set Cs[1701]:=
149 703 695 185 545 581 ;
set Cs[1702]:=
922 358 424 84 821 503 296 ;
set Cs[1703]:=
398 456 813 165 844 333 977 ;
set Cs[1704]:=
949 742 182 713 975 273 ;
set Cs[1705]:=
501 514 256 106 478 121 516 ;
set Cs[1706]:=
365 215 144 611 314 803 ;
set Cs[1707]:=
748 238 368 285 528 746 ;
set Cs[1708]:=
591 264 529 312 177 780 937 ;
set Cs[1709]:=
799 159 492 86 601 ;
set Cs[1710]:=
577 188 670 271 856 ;
set Cs[1711]:=
702 778 728 486 30 29 671 ;
set Cs[1712]:=
66 865 828 351 873 ;
set Cs[1713]:=
477 395 246 981 113 898 ;
set Cs[1714]:=
745 550 749 209 671 606 610 ;
set Cs[1715]:=
883 689 796 124 170 673 623 ;
set Cs[1716]:=
400 366 780 361 285 745 ;
set Cs[1717]:=
777 853 244 884 643 ;
set Cs[1718]:=
859 985 186 749 446 175 ;
set Cs[1719]:=
273 326 398 395 743 949 ;
set Cs[1720]:=
261 978 320 843 425 637 ;
set Cs[1721]:=
15 744 911 684 787 66 ;
set Cs[1722]:=
983 994 704 243 578 826 ;
set Cs[1723]:=
80 627 618 435 935 777 671 ;
set Cs[1724]:=
843 235 696 347 705 223 ;
set Cs[1725]:=
904 270 819 780 538 ;
set Cs[1726]:=
34 708 962 10 61 648 ;
set Cs[1727]:=
819 567 710 534 861 838 ;
set Cs[1728]:=
337 509 520 906 150 ;
set Cs[1729]:=
898 627 365 429 344 242 51 ;
set Cs[1730]:=
600 462 620 63 246 207 ;
set Cs[1731]:=
462 997 133 360 258 742 858 ;
set Cs[1732]:=
780 479 797 771 694 481 77 ;
set Cs[1733]:=
860 823 341 139 606 501 535 ;
set Cs[1734]:=
503 387 739 809 146 907 370 ;
set Cs[1735]:=
772 770 649 539 611 393 545 ;
set Cs[1736]:=
20 696 192 404 267 ;
set Cs[1737]:=
688 449 893 394 181 ;
set Cs[1738]:=
958 481 484 362 702 ;
set Cs[1739]:=
630 801 861 737 403 ;
set Cs[1740]:=
646 171 889 497 323 596 ;
set Cs[1741]:=
674 407 615 246 260 394 ;
set Cs[1742]:=
157 180 770 94 740 ;
set Cs[1743]:=
963 41 829 500 607 610 272 ;
set Cs[1744]:=
382 253 833 705 97 809 27 ;
set Cs[1745]:=
718 443 141 363 567 665 ;
set Cs[1746]:=
700 438 51 538 481 203 244 ;
set Cs[1747]:=
830 55 766 824 254 768 191 ;
set Cs[1748]:=
168 648 311 375 429 87 ;
set Cs[1749]:=
57 465 35 783 554 ;
set Cs[1750]:=
411 602 704 191 108 ;
set Cs[1751]:=
452 227 140 725 323 519 398 ;
set Cs[1752]:=
510 634 647 757 312 836 ;
set Cs[1753]:=
3 162 273 962 776 ;
set Cs[1754]:=
504 745 322 961 985 859 243 ;
set Cs[1755]:=
995 335 206 879 395 295 147 ;
set Cs[1756]:=
175 548 77 553 97 902 ;
set Cs[1757]:=
294 921 116 685 544 ;
set Cs[1758]:=
265 5 708 951 168 ;
set Cs[1759]:=
666 843 539 123 233 657 ;
set Cs[1760]:=
549 632 22 414 388 457 990 ;
set Cs[1761]:=
510 724 607 888 926 80 ;
set Cs[1762]:=
617 242 832 195 598 395 848 ;
set Cs[1763]:=
997 881 609 653 771 12 442 ;
set Cs[1764]:=
992 423 784 3 896 184 ;
set Cs[1765]:=
10 674 901 13 808 ;
set Cs[1766]:=
490 798 284 589 696 33 347 ;
set Cs[1767]:=
713 57 72 699 701 13 ;
set Cs[1768]:=
382 590 182 339 237 505 890 ;
set Cs[1769]:=
347 968 806 638 974 190 634 ;
set Cs[1770]:=
937 158 153 989 735 ;
set Cs[1771]:=
264 507 6 330 186 876 ;
set Cs[1772]:=
55 529 218 424 603 161 ;
set Cs[1773]:=
382 191 898 474 748 790 885 ;
set Cs[1774]:=
279 275 69 404 712 547 120 ;
set Cs[1775]:=
390 101 149 887 116 596 ;
set Cs[1776]:=
584 901 187 568 844 965 ;
set Cs[1777]:=
767 631 541 555 397 130 935 ;
set Cs[1778]:=
301 916 826 421 871 249 861 ;
set Cs[1779]:=
574 556 335 564 456 ;
set Cs[1780]:=
335 256 13 716 638 652 ;
set Cs[1781]:=
191 497 302 658 739 30 ;
set Cs[1782]:=
280 732 685 487 653 468 792 ;
set Cs[1783]:=
429 101 186 968 122 324 198 ;
set Cs[1784]:=
516 495 755 124 966 711 ;
set Cs[1785]:=
382 741 765 562 607 754 944 ;
set Cs[1786]:=
118 21 868 473 274 744 932 ;
set Cs[1787]:=
125 97 257 719 610 ;
set Cs[1788]:=
869 659 709 231 590 ;
set Cs[1789]:=
417 889 567 733 712 249 ;
set Cs[1790]:=
793 655 293 162 941 819 ;
set Cs[1791]:=
334 751 725 242 827 602 ;
set Cs[1792]:=
333 542 656 588 864 ;
set Cs[1793]:=
958 901 864 236 528 636 11 ;
set Cs[1794]:=
711 710 429 805 843 ;
set Cs[1795]:=
227 226 542 465 794 828 385 ;
set Cs[1796]:=
560 305 703 157 260 197 ;
set Cs[1797]:=
458 178 136 620 213 ;
set Cs[1798]:=
285 147 200 862 145 ;
set Cs[1799]:=
130 979 932 859 15 135 336 ;
set Cs[1800]:=
836 5 156 578 758 ;
set Cs[1801]:=
749 69 724 170 943 ;
set Cs[1802]:=
668 234 569 231 354 ;
set Cs[1803]:=
661 378 545 694 54 ;
set Cs[1804]:=
383 690 325 567 54 ;
set Cs[1805]:=
681 51 949 787 658 ;
set Cs[1806]:=
596 10 764 233 653 506 ;
set Cs[1807]:=
614 100 216 714 106 623 ;
set Cs[1808]:=
333 138 736 942 793 ;
set Cs[1809]:=
29 339 864 545 96 837 511 ;
set Cs[1810]:=
385 453 48 486 68 916 ;
set Cs[1811]:=
578 946 943 40 489 270 351 ;
set Cs[1812]:=
38 13 602 798 457 384 ;
set Cs[1813]:=
366 980 38 312 858 25 ;
set Cs[1814]:=
402 730 321 693 768 670 549 ;
set Cs[1815]:=
59 175 403 371 699 ;
set Cs[1816]:=
793 245 278 791 600 ;
set Cs[1817]:=
898 883 374 307 992 468 699 ;
set Cs[1818]:=
781 337 116 501 817 73 832 ;
set Cs[1819]:=
386 530 78 229 824 583 609 ;
set Cs[1820]:=
298 938 50 958 925 ;
set Cs[1821]:=
212 247 481 711 603 ;
set Cs[1822]:=
550 944 736 497 64 101 695 ;
set Cs[1823]:=
668 298 761 490 373 861 507 ;
set Cs[1824]:=
392 73 935 729 369 102 877 ;
set Cs[1825]:=
747 860 710 912 868 340 ;
set Cs[1826]:=
586 672 204 266 500 ;
set Cs[1827]:=
722 333 701 115 506 242 ;
set Cs[1828]:=
665 849 43 341 902 293 282 ;
set Cs[1829]:=
177 255 441 628 891 905 538 ;
set Cs[1830]:=
422 326 665 824 356 378 412 ;
set Cs[1831]:=
891 958 918 78 566 738 805 ;
set Cs[1832]:=
844 554 542 952 890 ;
set Cs[1833]:=
743 934 282 48 196 489 ;
set Cs[1834]:=
352 954 300 530 309 259 ;
set Cs[1835]:=
856 353 503 299 99 520 ;
set Cs[1836]:=
374 612 908 445 920 466 410 ;
set Cs[1837]:=
42 514 981 966 360 ;
set Cs[1838]:=
812 141 826 670 892 719 569 ;
set Cs[1839]:=
256 710 96 157 750 198 816 ;
set Cs[1840]:=
634 763 965 34 214 863 931 ;
set Cs[1841]:=
27 689 491 30 835 ;
set Cs[1842]:=
521 327 129 270 566 ;
set Cs[1843]:=
436 826 769 135 362 739 380 ;
set Cs[1844]:=
773 593 75 134 732 892 ;
set Cs[1845]:=
211 791 57 129 714 ;
set Cs[1846]:=
563 781 17 169 777 ;
set Cs[1847]:=
993 274 832 535 673 512 69 ;
set Cs[1848]:=
502 339 282 188 680 46 ;
set Cs[1849]:=
305 564 546 92 381 512 ;
set Cs[1850]:=
666 314 621 910 823 331 ;
set Cs[1851]:=
276 728 283 545 618 ;
set Cs[1852]:=
241 221 687 249 922 674 ;
set Cs[1853]:=
944 395 47 258 979 523 416 ;
set Cs[1854]:=
336 572 588 50 364 36 650 ;
set Cs[1855]:=
491 649 637 580 569 ;
set Cs[1856]:=
31 533 715 114 547 ;
set Cs[1857]:=
653 626 577 796 785 171 399 ;
set Cs[1858]:=
184 108 94 298 510 ;
set Cs[1859]:=
343 336 488 617 926 603 886 ;
set Cs[1860]:=
970 30 567 288 235 864 ;
set Cs[1861]:=
688 591 450 484 807 399 650 ;
set Cs[1862]:=
708 813 877 396 759 64 51 ;
set Cs[1863]:=
262 946 50 447 666 433 ;
set Cs[1864]:=
901 725 515 511 931 ;
set Cs[1865]:=
293 709 71 98 366 ;
set Cs[1866]:=
745 619 761 75 148 379 44 ;
set Cs[1867]:=
770 485 269 74 894 ;
set Cs[1868]:=
715 700 137 648 847 702 87 ;
set Cs[1869]:=
488 527 670 215 315 ;
set Cs[1870]:=
539 337 455 313 226 508 ;
set Cs[1871]:=
141 559 142 362 220 783 ;
set Cs[1872]:=
839 604 414 810 255 ;
set Cs[1873]:=
597 378 221 549 534 ;
set Cs[1874]:=
609 468 187 222 125 832 ;
set Cs[1875]:=
210 835 218 942 60 824 ;
set Cs[1876]:=
988 542 290 888 277 268 477 ;
set Cs[1877]:=
260 43 174 628 821 92 ;
set Cs[1878]:=
259 297 941 562 358 871 ;
set Cs[1879]:=
903 993 180 277 978 368 649 ;
set Cs[1880]:=
214 818 707 317 890 691 571 ;
set Cs[1881]:=
672 627 499 130 42 322 ;
set Cs[1882]:=
898 360 243 2 21 ;
set Cs[1883]:=
965 460 283 329 939 ;
set Cs[1884]:=
37 822 1 215 391 ;
set Cs[1885]:=
808 983 214 841 563 162 131 ;
set Cs[1886]:=
87 337 340 996 743 160 867 ;
set Cs[1887]:=
723 351 787 780 157 310 645 ;
set Cs[1888]:=
275 497 337 676 478 178 ;
set Cs[1889]:=
303 508 119 136 197 398 ;
set Cs[1890]:=
276 954 556 564 755 992 810 ;
set Cs[1891]:=
162 855 813 430 978 ;
set Cs[1892]:=
562 599 19 310 560 ;
set Cs[1893]:=
215 308 841 809 53 524 ;
set Cs[1894]:=
522 11 974 539 169 870 ;
set Cs[1895]:=
753 222 569 320 401 950 566 ;
set Cs[1896]:=
85 958 152 783 415 ;
set Cs[1897]:=
95 851 904 905 335 717 ;
set Cs[1898]:=
326 621 640 978 831 680 933 ;
set Cs[1899]:=
814 773 750 272 455 925 ;
set Cs[1900]:=
754 592 715 994 671 735 ;
set Cs[1901]:=
783 683 350 6 339 ;
set Cs[1902]:=
521 520 552 672 932 807 ;
set Cs[1903]:=
893 640 132 337 383 26 ;
set Cs[1904]:=
162 393 730 871 523 930 ;
set Cs[1905]:=
221 477 807 202 274 ;
set Cs[1906]:=
532 29 711 35 707 ;
set Cs[1907]:=
558 459 614 422 696 121 ;
set Cs[1908]:=
870 885 887 253 246 ;
set Cs[1909]:=
39 220 13 785 837 ;
set Cs[1910]:=
887 884 870 225 481 506 ;
set Cs[1911]:=
525 471 724 135 261 ;
set Cs[1912]:=
789 491 25 812 795 782 ;
set Cs[1913]:=
215 457 825 178 819 501 89 ;
set Cs[1914]:=
293 53 827 632 513 555 ;
set Cs[1915]:=
707 429 571 381 688 84 ;
set Cs[1916]:=
732 163 287 560 46 979 ;
set Cs[1917]:=
560 568 959 243 327 802 ;
set Cs[1918]:=
442 342 108 757 20 502 98 ;
set Cs[1919]:=
15 264 421 997 795 ;
set Cs[1920]:=
734 796 386 203 215 87 ;
set Cs[1921]:=
739 542 916 503 654 512 70 ;
set Cs[1922]:=
814 101 37 584 445 ;
set Cs[1923]:=
132 715 462 714 992 421 118 ;
set Cs[1924]:=
682 412 598 925 398 811 274 ;
set Cs[1925]:=
109 741 398 730 152 643 746 ;
set Cs[1926]:=
556 987 499 855 278 284 345 ;
set Cs[1927]:=
288 604 531 922 178 459 323 ;
set Cs[1928]:=
618 128 551 278 308 446 232 ;
set Cs[1929]:=
758 366 62 449 839 290 ;
set Cs[1930]:=
853 266 850 994 957 623 ;
set Cs[1931]:=
946 893 915 288 976 149 ;
set Cs[1932]:=
710 877 76 720 405 804 507 ;
set Cs[1933]:=
923 54 325 444 436 725 536 ;
set Cs[1934]:=
814 891 677 410 878 431 ;
set Cs[1935]:=
419 101 720 583 691 667 892 ;
set Cs[1936]:=
517 47 727 76 179 323 974 ;
set Cs[1937]:=
249 931 937 206 784 82 ;
set Cs[1938]:=
647 487 592 617 662 115 ;
set Cs[1939]:=
684 699 155 906 713 421 ;
set Cs[1940]:=
333 585 407 107 613 525 ;
set Cs[1941]:=
265 690 125 601 339 118 708 ;
set Cs[1942]:=
787 87 834 367 727 938 537 ;
set Cs[1943]:=
752 431 942 619 206 344 ;
set Cs[1944]:=
849 34 419 173 63 21 ;
set Cs[1945]:=
121 388 119 5 130 234 906 ;
set Cs[1946]:=
837 107 328 195 953 951 ;
set Cs[1947]:=
15 303 59 830 630 344 ;
set Cs[1948]:=
138 897 717 64 803 ;
set Cs[1949]:=
259 897 823 613 720 ;
set Cs[1950]:=
597 835 845 753 371 ;
set Cs[1951]:=
77 942 764 183 212 135 ;
set Cs[1952]:=
240 51 241 166 378 ;
set Cs[1953]:=
762 787 343 746 31 ;
set Cs[1954]:=
902 628 728 583 755 770 273 ;
set Cs[1955]:=
386 209 273 704 983 ;
set Cs[1956]:=
841 751 179 108 733 716 740 ;
set Cs[1957]:=
632 466 324 271 654 93 ;
set Cs[1958]:=
933 572 327 867 86 ;
set Cs[1959]:=
277 226 370 77 812 546 ;
set Cs[1960]:=
306 705 267 965 946 606 ;
set Cs[1961]:=
228 18 791 64 491 ;
set Cs[1962]:=
446 315 528 273 341 307 ;
set Cs[1963]:=
758 419 115 766 652 344 ;
set Cs[1964]:=
323 60 21 820 299 360 688 ;
set Cs[1965]:=
857 194 55 825 568 557 91 ;
set Cs[1966]:=
380 676 953 523 691 659 151 ;
set Cs[1967]:=
533 636 991 308 405 ;
set Cs[1968]:=
686 450 332 781 518 ;
set Cs[1969]:=
55 305 242 852 183 566 997 ;
set Cs[1970]:=
815 39 178 917 242 424 345 ;
set Cs[1971]:=
684 767 554 978 855 236 232 ;
set Cs[1972]:=
527 106 293 401 384 65 ;
set Cs[1973]:=
846 746 902 702 545 ;
set Cs[1974]:=
690 460 687 813 260 574 38 ;
set Cs[1975]:=
537 626 37 32 148 96 ;
set Cs[1976]:=
646 543 751 564 152 802 ;
set Cs[1977]:=
412 903 625 92 269 259 469 ;
set Cs[1978]:=
645 101 964 635 538 687 ;
set Cs[1979]:=
3 880 846 781 242 ;
set Cs[1980]:=
371 904 691 232 850 ;
set Cs[1981]:=
223 207 317 556 532 685 254 ;
set Cs[1982]:=
1000 741 399 923 510 563 ;
set Cs[1983]:=
833 354 375 477 73 ;
set Cs[1984]:=
218 531 512 391 175 816 206 ;
set Cs[1985]:=
190 319 753 258 34 ;
set Cs[1986]:=
634 754 683 633 105 621 523 ;
set Cs[1987]:=
974 363 982 789 553 485 760 ;
set Cs[1988]:=
864 566 246 466 43 264 ;
set Cs[1989]:=
822 718 703 210 526 514 670 ;
set Cs[1990]:=
111 295 722 24 178 822 102 ;
set Cs[1991]:=
69 647 142 878 589 ;
set Cs[1992]:=
691 688 286 947 342 ;
set Cs[1993]:=
837 532 28 224 202 984 920 ;
set Cs[1994]:=
657 299 301 415 291 267 899 ;
set Cs[1995]:=
243 539 86 426 579 292 ;
set Cs[1996]:=
610 583 747 743 400 531 212 ;
set Cs[1997]:=
679 781 939 1 468 397 650 ;
set Cs[1998]:=
803 454 125 573 995 924 ;
set Cs[1999]:=
224 803 537 828 160 178 ;
set Cs[2000]:=
79 8 109 406 105 806 517 ;
set Cs[2001]:=
295 841 849 9 901 ;
set Cs[2002]:=
910 763 830 704 944 ;
set Cs[2003]:=
750 605 203 381 163 ;
set Cs[2004]:=
318 493 861 534 435 129 900 ;
set Cs[2005]:=
20 1 586 940 581 ;
set Cs[2006]:=
912 571 429 659 436 ;
set Cs[2007]:=
803 490 15 726 283 ;
set Cs[2008]:=
946 304 671 861 943 157 432 ;
set Cs[2009]:=
699 494 186 713 636 ;
set Cs[2010]:=
631 717 57 916 460 42 ;
set Cs[2011]:=
235 843 108 329 753 231 ;
set Cs[2012]:=
692 738 831 680 605 ;
set Cs[2013]:=
614 465 477 655 405 ;
set Cs[2014]:=
878 741 851 822 437 ;
set Cs[2015]:=
854 963 280 888 642 965 727 ;
set Cs[2016]:=
31 730 144 238 119 302 952 ;
set Cs[2017]:=
437 542 998 379 8 301 857 ;
set Cs[2018]:=
65 301 262 763 971 112 ;
set Cs[2019]:=
231 462 130 617 521 868 ;
set Cs[2020]:=
96 946 559 339 28 ;
set Cs[2021]:=
644 996 259 478 675 671 283 ;
set Cs[2022]:=
484 230 869 360 255 981 ;
set Cs[2023]:=
266 614 214 347 11 ;
set Cs[2024]:=
198 623 678 517 233 504 ;
set Cs[2025]:=
788 659 126 66 173 224 ;
set Cs[2026]:=
956 617 552 656 757 ;
set Cs[2027]:=
824 348 692 123 289 280 ;
set Cs[2028]:=
997 942 316 48 474 ;
set Cs[2029]:=
126 133 476 383 87 695 426 ;
set Cs[2030]:=
676 565 57 69 282 761 ;
set Cs[2031]:=
604 762 522 873 925 148 ;
set Cs[2032]:=
218 710 117 935 832 492 ;
set Cs[2033]:=
31 439 460 977 113 335 562 ;
set Cs[2034]:=
971 247 653 713 454 ;
set Cs[2035]:=
747 35 39 733 455 138 303 ;
set Cs[2036]:=
104 337 358 613 969 ;
set Cs[2037]:=
84 325 447 847 542 252 553 ;
set Cs[2038]:=
630 467 142 740 500 843 ;
set Cs[2039]:=
79 387 949 203 469 275 441 ;
set Cs[2040]:=
714 331 402 145 610 686 ;
set Cs[2041]:=
284 769 796 944 648 ;
set Cs[2042]:=
461 826 595 880 201 ;
set Cs[2043]:=
75 561 552 435 908 909 ;
set Cs[2044]:=
526 848 697 501 512 ;
set Cs[2045]:=
426 504 412 987 512 139 678 ;
set Cs[2046]:=
259 821 385 840 160 358 ;
set Cs[2047]:=
241 585 562 16 831 18 ;
set Cs[2048]:=
731 555 548 469 99 331 424 ;
set Cs[2049]:=
93 675 199 799 954 171 840 ;
set Cs[2050]:=
936 393 84 181 814 414 589 ;
set Cs[2051]:=
242 544 857 271 878 405 904 ;
set Cs[2052]:=
416 911 903 239 515 596 ;
set Cs[2053]:=
31 358 293 868 874 1 844 ;
set Cs[2054]:=
345 819 766 829 795 597 ;
set Cs[2055]:=
721 59 255 201 551 41 705 ;
set Cs[2056]:=
151 751 457 251 87 546 446 ;
set Cs[2057]:=
216 615 19 989 992 ;
set Cs[2058]:=
46 615 848 550 717 107 ;
set Cs[2059]:=
600 303 286 337 773 626 ;
set Cs[2060]:=
180 959 206 504 202 ;
set Cs[2061]:=
279 493 607 395 677 ;
set Cs[2062]:=
312 716 451 469 597 ;
set Cs[2063]:=
753 663 788 489 262 136 ;
set Cs[2064]:=
684 418 439 736 197 750 96 ;
set Cs[2065]:=
717 604 100 978 610 781 ;
set Cs[2066]:=
638 322 721 127 285 ;
set Cs[2067]:=
670 15 369 352 276 ;
set Cs[2068]:=
793 832 138 922 437 ;
set Cs[2069]:=
607 533 647 312 803 ;
set Cs[2070]:=
47 619 129 42 91 919 ;
set Cs[2071]:=
615 54 427 150 403 ;
set Cs[2072]:=
745 385 122 103 421 395 33 ;
set Cs[2073]:=
374 773 696 825 252 611 ;
set Cs[2074]:=
959 466 581 60 107 ;
set Cs[2075]:=
453 713 688 563 819 147 ;
set Cs[2076]:=
193 785 427 566 723 809 ;
set Cs[2077]:=
152 15 612 237 540 985 741 ;
set Cs[2078]:=
379 197 372 93 636 772 ;
set Cs[2079]:=
275 860 518 696 890 488 ;
set Cs[2080]:=
779 551 444 975 448 54 ;
set Cs[2081]:=
134 651 914 602 60 321 575 ;
set Cs[2082]:=
709 724 683 133 427 400 327 ;
set Cs[2083]:=
965 339 156 829 956 ;
set Cs[2084]:=
825 615 512 874 905 ;
set Cs[2085]:=
727 589 983 186 401 ;
set Cs[2086]:=
356 527 630 478 642 368 ;
set Cs[2087]:=
879 362 534 623 388 317 ;
set Cs[2088]:=
965 569 221 112 236 411 ;
set Cs[2089]:=
114 981 529 173 130 ;
set Cs[2090]:=
91 595 129 139 765 ;
set Cs[2091]:=
961 205 913 146 371 517 ;
set Cs[2092]:=
648 173 860 384 909 356 671 ;
set Cs[2093]:=
54 625 4 729 51 364 185 ;
set Cs[2094]:=
33 299 991 305 839 509 ;
set Cs[2095]:=
219 454 540 306 838 561 ;
set Cs[2096]:=
503 742 168 918 445 669 ;
set Cs[2097]:=
218 264 343 492 300 706 424 ;
set Cs[2098]:=
427 639 236 258 558 ;
set Cs[2099]:=
11 146 693 179 12 ;
set Cs[2100]:=
622 692 995 929 187 ;
set Cs[2101]:=
219 220 959 914 782 933 ;
set Cs[2102]:=
728 894 227 778 654 187 610 ;
set Cs[2103]:=
46 426 747 21 843 ;
set Cs[2104]:=
214 660 319 948 832 ;
set Cs[2105]:=
893 570 708 863 26 681 ;
set Cs[2106]:=
809 623 437 154 301 737 945 ;
set Cs[2107]:=
953 614 846 824 27 166 ;
set Cs[2108]:=
253 979 937 264 545 227 ;
set Cs[2109]:=
708 483 622 802 325 160 ;
set Cs[2110]:=
58 736 25 78 262 427 377 ;
set Cs[2111]:=
671 599 2 129 429 136 147 ;
set Cs[2112]:=
972 47 453 998 162 ;
set Cs[2113]:=
70 406 773 678 981 974 ;
set Cs[2114]:=
575 234 122 38 204 ;
set Cs[2115]:=
39 601 431 64 962 755 334 ;
set Cs[2116]:=
987 282 746 492 829 766 ;
set Cs[2117]:=
853 211 207 929 387 684 26 ;
set Cs[2118]:=
184 126 451 343 506 983 893 ;
set Cs[2119]:=
642 174 595 582 68 ;
set Cs[2120]:=
350 447 436 95 980 683 345 ;
set Cs[2121]:=
437 693 561 63 341 ;
set Cs[2122]:=
745 568 980 186 310 153 ;
set Cs[2123]:=
712 943 803 610 608 666 ;
set Cs[2124]:=
890 603 772 620 134 39 682 ;
set Cs[2125]:=
254 629 773 713 601 917 23 ;
set Cs[2126]:=
766 1 275 270 463 268 401 ;
set Cs[2127]:=
212 984 119 841 711 54 ;
set Cs[2128]:=
515 179 290 280 160 ;
set Cs[2129]:=
49 226 463 80 340 865 ;
set Cs[2130]:=
582 357 230 306 441 560 342 ;
set Cs[2131]:=
163 830 602 773 532 551 600 ;
set Cs[2132]:=
596 210 223 424 45 366 118 ;
set Cs[2133]:=
419 588 716 769 250 265 ;
set Cs[2134]:=
711 82 579 184 570 ;
set Cs[2135]:=
72 586 779 581 829 ;
set Cs[2136]:=
396 953 75 923 357 674 938 ;
set Cs[2137]:=
781 184 319 160 883 866 ;
set Cs[2138]:=
997 462 882 921 987 113 ;
set Cs[2139]:=
483 249 220 492 754 903 ;
set Cs[2140]:=
379 930 510 826 573 ;
set Cs[2141]:=
488 183 668 583 308 567 575 ;
set Cs[2142]:=
270 707 447 752 557 251 239 ;
set Cs[2143]:=
732 820 91 250 894 746 ;
set Cs[2144]:=
454 920 15 916 291 30 664 ;
set Cs[2145]:=
433 610 426 14 852 ;
set Cs[2146]:=
646 593 618 123 812 307 438 ;
set Cs[2147]:=
213 495 168 622 778 404 ;
set Cs[2148]:=
788 47 323 136 480 ;
set Cs[2149]:=
992 191 634 928 837 932 200 ;
set Cs[2150]:=
845 92 874 450 222 45 564 ;
set Cs[2151]:=
573 580 485 695 755 557 ;
set Cs[2152]:=
703 313 985 216 57 806 830 ;
set Cs[2153]:=
665 603 79 681 851 176 248 ;
set Cs[2154]:=
132 869 165 23 877 368 621 ;
set Cs[2155]:=
573 74 954 699 443 ;
set Cs[2156]:=
164 771 925 511 104 690 ;
set Cs[2157]:=
787 25 517 236 569 ;
set Cs[2158]:=
50 521 376 265 487 650 ;
set Cs[2159]:=
248 508 234 455 53 49 ;
set Cs[2160]:=
986 677 131 523 542 376 280 ;
set Cs[2161]:=
118 133 888 341 531 637 614 ;
set Cs[2162]:=
734 620 908 553 725 646 6 ;
set Cs[2163]:=
620 439 13 328 997 242 ;
set Cs[2164]:=
437 671 269 877 328 393 ;
set Cs[2165]:=
691 598 269 203 256 449 ;
set Cs[2166]:=
267 620 417 383 363 ;
set Cs[2167]:=
909 715 380 989 435 947 ;
set Cs[2168]:=
570 860 408 240 934 856 ;
set Cs[2169]:=
496 753 842 567 929 531 ;
set Cs[2170]:=
477 185 850 949 302 796 50 ;
set Cs[2171]:=
96 988 365 179 639 ;
set Cs[2172]:=
327 687 486 304 12 425 ;
set Cs[2173]:=
43 984 13 48 516 747 415 ;
set Cs[2174]:=
407 783 901 865 37 798 929 ;
set Cs[2175]:=
226 38 610 313 37 896 ;
set Cs[2176]:=
815 217 649 17 656 ;
set Cs[2177]:=
823 684 348 896 746 817 ;
set Cs[2178]:=
46 989 895 952 948 ;
set Cs[2179]:=
337 82 56 438 108 687 ;
set Cs[2180]:=
677 974 561 811 789 ;
set Cs[2181]:=
516 698 571 649 648 926 ;
set Cs[2182]:=
968 828 920 649 553 ;
set Cs[2183]:=
475 243 291 864 449 ;
set Cs[2184]:=
645 959 363 655 401 294 ;
set Cs[2185]:=
638 283 111 71 868 669 710 ;
set Cs[2186]:=
458 352 67 356 37 ;
set Cs[2187]:=
728 913 910 967 478 ;
set Cs[2188]:=
307 966 742 422 899 ;
set Cs[2189]:=
803 710 617 515 529 30 954 ;
set Cs[2190]:=
804 822 262 858 152 11 ;
set Cs[2191]:=
142 413 310 800 317 595 297 ;
set Cs[2192]:=
958 58 760 354 290 4 745 ;
set Cs[2193]:=
617 811 487 625 37 ;
set Cs[2194]:=
598 780 146 630 26 ;
set Cs[2195]:=
137 363 225 30 919 143 ;
set Cs[2196]:=
642 648 462 792 961 988 ;
set Cs[2197]:=
197 417 408 751 598 831 726 ;
set Cs[2198]:=
518 857 608 673 723 ;
set Cs[2199]:=
329 836 105 847 490 802 ;
set Cs[2200]:=
952 330 498 538 166 850 174 ;
set Cs[2201]:=
188 234 889 354 268 837 767 ;
set Cs[2202]:=
231 322 985 8 510 ;
set Cs[2203]:=
264 708 63 503 72 831 867 ;
set Cs[2204]:=
480 639 347 878 489 ;
set Cs[2205]:=
213 867 841 2 212 225 168 ;
set Cs[2206]:=
90 70 453 408 56 95 555 ;
set Cs[2207]:=
600 248 558 377 92 ;
set Cs[2208]:=
315 818 711 926 693 ;
set Cs[2209]:=
807 993 148 987 202 ;
set Cs[2210]:=
412 727 43 429 252 133 564 ;
set Cs[2211]:=
564 654 266 631 574 805 ;
set Cs[2212]:=
511 885 859 257 378 567 ;
set Cs[2213]:=
175 214 664 305 341 ;
set Cs[2214]:=
810 985 337 556 893 ;
set Cs[2215]:=
171 975 178 35 169 280 ;
set Cs[2216]:=
182 830 110 170 62 12 ;
set Cs[2217]:=
899 303 674 935 734 996 ;
set Cs[2218]:=
510 228 28 353 826 982 ;
set Cs[2219]:=
499 167 253 706 205 ;
set Cs[2220]:=
149 499 787 439 506 417 ;
set Cs[2221]:=
810 938 72 710 235 390 461 ;
set Cs[2222]:=
238 518 159 654 979 700 769 ;
set Cs[2223]:=
342 350 210 363 682 199 735 ;
set Cs[2224]:=
803 156 58 128 237 114 495 ;
set Cs[2225]:=
91 987 775 793 878 568 ;
set Cs[2226]:=
368 349 230 980 591 ;
set Cs[2227]:=
471 841 982 707 106 49 893 ;
set Cs[2228]:=
954 708 626 582 402 491 49 ;
set Cs[2229]:=
624 670 397 115 70 ;
set Cs[2230]:=
398 916 325 288 242 ;
set Cs[2231]:=
139 816 779 400 74 305 ;
set Cs[2232]:=
550 367 847 818 350 528 191 ;
set Cs[2233]:=
585 347 843 432 648 ;
set Cs[2234]:=
322 532 233 707 673 ;
set Cs[2235]:=
792 589 348 397 884 ;
set Cs[2236]:=
607 708 535 857 884 783 234 ;
set Cs[2237]:=
260 33 711 992 378 166 ;
set Cs[2238]:=
132 170 724 185 534 ;
set Cs[2239]:=
521 584 740 803 592 548 ;
set Cs[2240]:=
62 865 326 199 618 793 ;
set Cs[2241]:=
401 979 887 177 14 ;
set Cs[2242]:=
990 551 413 924 714 ;
set Cs[2243]:=
897 359 567 253 131 25 173 ;
set Cs[2244]:=
603 142 620 850 649 549 7 ;
set Cs[2245]:=
302 751 863 165 34 ;
set Cs[2246]:=
514 844 214 671 872 974 ;
set Cs[2247]:=
236 52 504 143 196 520 ;
set Cs[2248]:=
372 180 380 629 618 ;
set Cs[2249]:=
815 545 217 725 423 983 322 ;
set Cs[2250]:=
962 860 67 519 637 ;
set Cs[2251]:=
934 401 15 384 933 ;
set Cs[2252]:=
43 828 809 358 986 464 423 ;
set Cs[2253]:=
942 254 208 384 170 2 ;
set Cs[2254]:=
447 330 431 649 102 ;
set Cs[2255]:=
707 156 398 620 276 968 63 ;
set Cs[2256]:=
217 919 260 962 505 59 ;
set Cs[2257]:=
175 761 273 123 359 581 ;
set Cs[2258]:=
249 916 144 932 497 157 822 ;
set Cs[2259]:=
738 394 496 768 610 126 ;
set Cs[2260]:=
394 771 725 164 177 ;
set Cs[2261]:=
199 16 397 460 602 ;
set Cs[2262]:=
405 201 759 413 272 ;
set Cs[2263]:=
843 825 365 519 567 959 964 ;
set Cs[2264]:=
443 796 491 426 292 365 71 ;
set Cs[2265]:=
814 885 358 267 781 395 ;
set Cs[2266]:=
697 359 657 910 270 109 585 ;
set Cs[2267]:=
522 249 158 33 34 ;
set Cs[2268]:=
738 807 724 816 753 ;
set Cs[2269]:=
745 945 253 74 967 ;
set Cs[2270]:=
363 151 20 340 784 463 986 ;
set Cs[2271]:=
549 970 680 32 920 792 ;
set Cs[2272]:=
589 466 421 982 115 759 130 ;
set Cs[2273]:=
490 826 837 736 80 475 263 ;
set Cs[2274]:=
328 949 133 24 855 ;
set Cs[2275]:=
483 936 416 974 179 ;
set Cs[2276]:=
551 701 314 998 976 36 380 ;
set Cs[2277]:=
333 83 455 149 985 ;
set Cs[2278]:=
429 20 911 271 900 167 899 ;
set Cs[2279]:=
92 30 849 465 272 ;
set Cs[2280]:=
728 465 65 274 55 ;
set Cs[2281]:=
48 987 680 759 311 148 ;
set Cs[2282]:=
778 116 522 92 130 ;
set Cs[2283]:=
373 73 585 100 998 ;
set Cs[2284]:=
110 819 670 462 134 317 803 ;
set Cs[2285]:=
676 775 303 630 718 ;
set Cs[2286]:=
413 668 822 233 166 567 340 ;
set Cs[2287]:=
856 818 794 256 312 489 634 ;
set Cs[2288]:=
7 606 470 308 230 ;
set Cs[2289]:=
218 509 621 874 336 190 ;
set Cs[2290]:=
240 210 252 537 732 ;
set Cs[2291]:=
952 737 82 170 324 982 627 ;
set Cs[2292]:=
330 119 431 501 791 956 ;
set Cs[2293]:=
258 966 122 332 324 312 952 ;
set Cs[2294]:=
910 210 895 896 563 702 871 ;
set Cs[2295]:=
23 658 308 71 906 ;
set Cs[2296]:=
657 456 93 340 423 ;
set Cs[2297]:=
14 615 222 21 543 967 546 ;
set Cs[2298]:=
877 819 472 39 32 ;
set Cs[2299]:=
928 205 52 565 761 ;
set Cs[2300]:=
673 683 351 506 341 345 190 ;
set Cs[2301]:=
913 342 56 278 891 747 ;
set Cs[2302]:=
940 735 943 488 872 426 ;
set Cs[2303]:=
18 409 876 2 986 534 58 ;
set Cs[2304]:=
461 207 825 595 909 833 ;
set Cs[2305]:=
1000 354 118 498 223 ;
set Cs[2306]:=
312 932 800 476 895 ;
set Cs[2307]:=
168 886 738 352 694 193 ;
set Cs[2308]:=
387 861 377 966 866 156 ;
set Cs[2309]:=
973 627 579 500 465 ;
set Cs[2310]:=
105 226 83 626 340 351 828 ;
set Cs[2311]:=
886 455 99 81 376 562 362 ;
set Cs[2312]:=
961 792 902 680 311 67 ;
set Cs[2313]:=
967 518 284 186 881 210 892 ;
set Cs[2314]:=
722 724 141 926 19 587 316 ;
set Cs[2315]:=
846 427 677 355 628 80 ;
set Cs[2316]:=
969 372 823 458 87 169 339 ;
set Cs[2317]:=
926 110 94 360 227 584 382 ;
set Cs[2318]:=
448 824 920 561 453 ;
set Cs[2319]:=
2 680 994 70 68 541 ;
set Cs[2320]:=
731 702 144 383 983 114 ;
set Cs[2321]:=
475 805 381 566 203 717 105 ;
set Cs[2322]:=
718 107 271 710 829 136 856 ;
set Cs[2323]:=
653 992 244 198 424 893 339 ;
set Cs[2324]:=
433 375 655 782 612 633 197 ;
set Cs[2325]:=
974 124 758 9 128 ;
set Cs[2326]:=
398 163 141 446 628 873 900 ;
set Cs[2327]:=
179 155 911 284 389 740 904 ;
set Cs[2328]:=
607 849 619 866 322 ;
set Cs[2329]:=
149 556 838 155 289 151 ;
set Cs[2330]:=
740 984 336 786 140 781 ;
set Cs[2331]:=
631 351 446 963 652 700 544 ;
set Cs[2332]:=
462 621 369 318 317 ;
set Cs[2333]:=
481 522 338 814 988 257 ;
set Cs[2334]:=
948 257 376 287 524 ;
set Cs[2335]:=
288 731 438 756 28 913 56 ;
set Cs[2336]:=
791 840 635 374 615 192 688 ;
set Cs[2337]:=
512 74 424 879 483 674 150 ;
set Cs[2338]:=
663 773 664 895 60 237 771 ;
set Cs[2339]:=
692 16 118 236 822 566 659 ;
set Cs[2340]:=
364 704 711 134 908 ;
set Cs[2341]:=
767 246 983 215 691 ;
set Cs[2342]:=
547 375 393 16 226 ;
set Cs[2343]:=
167 66 334 282 245 663 781 ;
set Cs[2344]:=
662 598 969 333 997 172 174 ;
set Cs[2345]:=
797 267 18 401 36 ;
set Cs[2346]:=
840 132 379 199 299 28 ;
set Cs[2347]:=
576 545 816 390 201 809 ;
set Cs[2348]:=
711 638 933 292 414 981 ;
set Cs[2349]:=
777 127 629 418 141 ;
set Cs[2350]:=
403 396 443 446 675 465 300 ;
set Cs[2351]:=
364 689 678 825 890 283 ;
set Cs[2352]:=
260 801 348 653 582 672 614 ;
set Cs[2353]:=
470 86 176 184 351 ;
set Cs[2354]:=
662 762 311 720 493 751 348 ;
set Cs[2355]:=
933 679 500 774 697 ;
set Cs[2356]:=
831 188 857 147 523 509 ;
set Cs[2357]:=
735 238 113 395 55 871 74 ;
set Cs[2358]:=
576 79 507 216 505 ;
set Cs[2359]:=
993 835 586 957 616 ;
set Cs[2360]:=
27 332 592 233 373 453 895 ;
set Cs[2361]:=
458 247 96 645 127 641 738 ;
set Cs[2362]:=
92 963 602 508 201 301 ;
set Cs[2363]:=
369 818 403 379 923 195 ;
set Cs[2364]:=
408 564 256 834 517 939 ;
set Cs[2365]:=
612 402 195 567 971 285 ;
set Cs[2366]:=
116 696 810 692 21 ;
set Cs[2367]:=
255 102 763 676 914 ;
set Cs[2368]:=
15 902 731 38 602 ;
set Cs[2369]:=
393 157 516 106 71 678 896 ;
set Cs[2370]:=
688 528 816 139 24 968 ;
set Cs[2371]:=
310 236 857 416 969 76 ;
set Cs[2372]:=
300 715 220 416 414 ;
set Cs[2373]:=
705 655 230 726 120 362 918 ;
set Cs[2374]:=
270 611 599 196 251 ;
set Cs[2375]:=
428 558 273 969 256 775 ;
set Cs[2376]:=
217 19 884 559 364 ;
set Cs[2377]:=
754 763 692 32 287 ;
set Cs[2378]:=
662 906 620 369 748 289 ;
set Cs[2379]:=
824 416 840 805 660 614 719 ;
set Cs[2380]:=
197 29 759 579 789 523 ;
set Cs[2381]:=
281 672 159 732 879 572 168 ;
set Cs[2382]:=
202 400 177 624 720 ;
set Cs[2383]:=
262 101 278 259 92 ;
set Cs[2384]:=
511 116 700 440 449 433 ;
set Cs[2385]:=
284 246 651 425 92 990 30 ;
set Cs[2386]:=
601 616 624 82 677 ;
set Cs[2387]:=
614 605 613 282 668 40 ;
set Cs[2388]:=
538 564 912 65 175 ;
set Cs[2389]:=
122 667 198 540 593 ;
set Cs[2390]:=
76 952 690 836 736 ;
set Cs[2391]:=
199 915 438 767 686 ;
set Cs[2392]:=
616 594 609 948 526 82 102 ;
set Cs[2393]:=
988 325 502 247 595 ;
set Cs[2394]:=
322 227 673 72 336 ;
set Cs[2395]:=
874 790 804 301 470 513 315 ;
set Cs[2396]:=
784 652 278 675 258 ;
set Cs[2397]:=
559 120 159 868 707 ;
set Cs[2398]:=
343 970 820 988 884 771 ;
set Cs[2399]:=
195 728 683 283 630 337 ;
set Cs[2400]:=
619 989 380 120 937 772 984 ;

set Ra[1]:=
50 15 11 36 ;
set Ra[2]:=
3 46 7 34 ;
set Ra[3]:=
39 ;
set Ra[4]:=
20 11 36 26 41 ;
set Ra[5]:=
40 42 ;
set Ra[6]:=
26 40 50 ;
set Ra[7]:=
21 ;
set Ra[8]:=
17 14 36 ;
set Ra[9]:=
30 48 14 17 42 4 ;
set Ra[10]:=
10 49 30 ;
set Ra[11]:=
31 47 ;
set Ra[12]:=
3 44 15 ;
set Ra[13]:=
19 7 20 40 43 ;
set Ra[14]:=
1 2 44 30 10 ;
set Ra[15]:=
33 7 20 13 ;
set Ra[16]:=
44 18 31 10 6 ;
set Ra[17]:=
30 36 23 ;
set Ra[18]:=
35 30 14 ;
set Ra[19]:=
21 35 24 11 ;
set Ra[20]:=
13 48 32 ;
set Ra[21]:=
31 35 16 ;
set Ra[22]:=
34 ;
set Ra[23]:=
22 48 3 5 37 34 ;
set Ra[24]:=
13 ;
set Ra[25]:=
17 32 47 4 8 ;
set Ra[26]:=
13 40 1 10 ;
set Ra[27]:=
32 6 29 20 4 15 ;
set Ra[28]:=
30 ;
set Ra[29]:=
26 40 24 8 ;
set Ra[30]:=
2 38 ;
set Ra[31]:=
35 48 41 29 30 ;
set Ra[32]:=
27 ;
set Ra[33]:=
22 ;
set Ra[34]:=
24 16 42 39 11 ;
set Ra[35]:=
10 29 47 2 ;
set Ra[36]:=
37 46 32 ;
set Ra[37]:=
9 17 20 1 ;
set Ra[38]:=
46 43 14 ;
set Ra[39]:=
22 25 ;
set Ra[40]:=
39 46 18 ;
set Ra[41]:=
15 44 13 ;
set Ra[42]:=
19 44 21 20 22 32 ;
set Ra[43]:=
10 19 14 ;
set Ra[44]:=
5 4 6 24 7 42 ;
set Ra[45]:=
49 11 13 9 6 ;
set Ra[46]:=
38 ;
set Ra[47]:=
24 32 1 39 28 ;
set Ra[48]:=
31 26 1 28 27 ;
set Ra[49]:=
13 48 ;
set Ra[50]:=
19 32 ;
set Ra[51]:=
4 ;
set Ra[52]:=
15 27 16 18 ;
set Ra[53]:=
42 17 8 ;
set Ra[54]:=
14 32 21 ;
set Ra[55]:=
13 49 35 50 22 2 ;
set Ra[56]:=
40 47 ;
set Ra[57]:=
36 23 14 41 ;
set Ra[58]:=
2 ;
set Ra[59]:=
27 29 43 17 8 ;
set Ra[60]:=
32 9 42 29 ;
set Ra[61]:=
26 36 ;
set Ra[62]:=
16 47 ;
set Ra[63]:=
38 35 26 ;
set Ra[64]:=
50 40 15 1 33 ;
set Ra[65]:=
37 43 ;
set Ra[66]:=
37 ;
set Ra[67]:=
24 ;
set Ra[68]:=
50 33 ;
set Ra[69]:=
5 7 ;
set Ra[70]:=
50 ;
set Ra[71]:=
6 46 7 19 24 ;
set Ra[72]:=
14 46 19 27 42 37 ;
set Ra[73]:=
36 30 ;
set Ra[74]:=
32 ;
set Ra[75]:=
50 39 2 18 ;
set Ra[76]:=
7 28 26 49 41 34 ;
set Ra[77]:=
37 ;
set Ra[78]:=
13 ;
set Ra[79]:=
39 12 16 31 ;
set Ra[80]:=
7 32 19 39 13 ;
set Ra[81]:=
7 14 ;
set Ra[82]:=
48 1 41 47 23 ;
set Ra[83]:=
20 31 40 46 ;
set Ra[84]:=
39 27 31 4 ;
set Ra[85]:=
29 3 4 40 ;
set Ra[86]:=
10 ;
set Ra[87]:=
2 11 35 50 14 ;
set Ra[88]:=
22 30 8 ;
set Ra[89]:=
27 ;
set Ra[90]:=
25 13 2 18 41 37 ;
set Ra[91]:=
17 30 46 ;
set Ra[92]:=
20 18 48 47 35 40 ;
set Ra[93]:=
2 29 ;
set Ra[94]:=
39 3 36 18 1 34 ;
set Ra[95]:=
31 32 15 36 40 ;
set Ra[96]:=
45 9 1 ;
set Ra[97]:=
30 5 50 9 1 ;
set Ra[98]:=
27 36 30 ;
set Ra[99]:=
42 19 ;
set Ra[100]:=
16 31 26 ;
set Ra[101]:=
39 ;
set Ra[102]:=
36 ;
set Ra[103]:=
48 ;
set Ra[104]:=
17 10 18 6 ;
set Ra[105]:=
26 22 32 36 44 1 ;
set Ra[106]:=
36 17 18 10 20 ;
set Ra[107]:=
38 28 21 ;
set Ra[108]:=
17 40 1 23 37 42 ;
set Ra[109]:=
17 28 9 ;
set Ra[110]:=
2 34 ;
set Ra[111]:=
47 39 26 ;
set Ra[112]:=
18 44 9 41 4 22 ;
set Ra[113]:=
18 37 ;
set Ra[114]:=
1 21 8 28 37 29 ;
set Ra[115]:=
3 31 29 2 20 ;
set Ra[116]:=
45 41 16 35 ;
set Ra[117]:=
7 17 43 ;
set Ra[118]:=
29 25 6 21 ;
set Ra[119]:=
30 4 2 49 ;
set Ra[120]:=
2 3 1 ;
set Ra[121]:=
44 40 ;
set Ra[122]:=
14 18 47 25 ;
set Ra[123]:=
29 33 32 28 ;
set Ra[124]:=
6 49 ;
set Ra[125]:=
1 32 2 ;
set Ra[126]:=
45 31 24 ;
set Ra[127]:=
15 36 41 43 33 ;
set Ra[128]:=
12 20 ;
set Ra[129]:=
37 40 23 48 ;
set Ra[130]:=
12 25 31 22 39 ;
set Ra[131]:=
25 9 11 ;
set Ra[132]:=
3 37 41 19 1 ;
set Ra[133]:=
50 22 36 19 15 16 ;
set Ra[134]:=
4 49 26 ;
set Ra[135]:=
42 22 9 34 ;
set Ra[136]:=
42 ;
set Ra[137]:=
23 8 25 ;
set Ra[138]:=
2 46 35 ;
set Ra[139]:=
35 50 ;
set Ra[140]:=
9 ;
set Ra[141]:=
25 8 49 36 ;
set Ra[142]:=
34 ;
set Ra[143]:=
37 27 47 ;
set Ra[144]:=
8 32 10 21 28 38 ;
set Ra[145]:=
5 27 50 23 ;
set Ra[146]:=
48 29 16 45 10 2 ;
set Ra[147]:=
3 36 ;
set Ra[148]:=
44 5 10 ;
set Ra[149]:=
44 7 15 50 41 ;
set Ra[150]:=
19 ;
set Ra[151]:=
40 ;
set Ra[152]:=
49 46 17 ;
set Ra[153]:=
13 8 19 31 ;
set Ra[154]:=
11 32 31 ;
set Ra[155]:=
18 ;
set Ra[156]:=
46 33 1 25 ;
set Ra[157]:=
28 ;
set Ra[158]:=
34 41 9 24 39 27 ;
set Ra[159]:=
20 37 43 4 ;
set Ra[160]:=
22 24 ;
set Ra[161]:=
2 50 ;
set Ra[162]:=
15 39 33 36 ;
set Ra[163]:=
44 4 20 14 41 12 ;
set Ra[164]:=
48 45 32 ;
set Ra[165]:=
12 29 ;
set Ra[166]:=
47 8 ;
set Ra[167]:=
6 45 10 8 11 15 ;
set Ra[168]:=
5 14 4 36 ;
set Ra[169]:=
19 46 ;
set Ra[170]:=
19 ;
set Ra[171]:=
25 ;
set Ra[172]:=
3 29 ;
set Ra[173]:=
11 19 ;
set Ra[174]:=
20 11 44 41 42 ;
set Ra[175]:=
31 3 19 21 17 ;
set Ra[176]:=
19 43 34 ;
set Ra[177]:=
7 ;
set Ra[178]:=
47 12 ;
set Ra[179]:=
10 12 47 2 39 50 ;
set Ra[180]:=
32 36 17 ;
set Ra[181]:=
25 16 19 9 7 ;
set Ra[182]:=
19 50 21 ;
set Ra[183]:=
11 36 40 ;
set Ra[184]:=
29 3 50 30 35 1 ;
set Ra[185]:=
2 13 ;
set Ra[186]:=
22 4 27 41 25 46 ;
set Ra[187]:=
32 39 27 ;
set Ra[188]:=
11 45 30 41 ;
set Ra[189]:=
38 29 37 6 4 ;
set Ra[190]:=
33 ;
set Ra[191]:=
7 36 41 ;
set Ra[192]:=
34 49 ;
set Ra[193]:=
13 46 15 27 ;
set Ra[194]:=
7 15 45 30 33 ;
set Ra[195]:=
35 9 30 43 11 ;
set Ra[196]:=
26 21 39 ;
set Ra[197]:=
47 41 ;
set Ra[198]:=
36 26 29 16 12 32 ;
set Ra[199]:=
6 ;
set Ra[200]:=
10 23 4 7 40 9 ;
set Ra[201]:=
42 5 30 35 20 17 ;
set Ra[202]:=
47 16 38 10 ;
set Ra[203]:=
34 25 5 47 ;
set Ra[204]:=
17 34 6 29 5 18 ;
set Ra[205]:=
19 ;
set Ra[206]:=
21 ;
set Ra[207]:=
34 3 43 1 44 13 ;
set Ra[208]:=
20 37 ;
set Ra[209]:=
48 ;
set Ra[210]:=
33 8 32 ;
set Ra[211]:=
2 45 ;
set Ra[212]:=
44 22 4 28 2 41 ;
set Ra[213]:=
20 ;
set Ra[214]:=
12 8 33 21 20 25 ;
set Ra[215]:=
7 12 38 34 1 ;
set Ra[216]:=
2 21 25 38 6 45 ;
set Ra[217]:=
45 2 16 32 ;
set Ra[218]:=
22 34 10 32 50 ;
set Ra[219]:=
42 ;
set Ra[220]:=
15 30 35 ;
set Ra[221]:=
14 2 ;
set Ra[222]:=
20 17 21 24 ;
set Ra[223]:=
41 34 35 46 9 7 ;
set Ra[224]:=
13 14 49 ;
set Ra[225]:=
3 ;
set Ra[226]:=
1 28 35 23 14 ;
set Ra[227]:=
11 46 30 47 28 13 ;
set Ra[228]:=
42 48 17 22 ;
set Ra[229]:=
29 10 45 ;
set Ra[230]:=
50 ;
set Ra[231]:=
24 45 15 18 31 ;
set Ra[232]:=
50 40 7 21 ;
set Ra[233]:=
3 12 40 37 32 ;
set Ra[234]:=
1 46 36 10 23 ;
set Ra[235]:=
17 21 ;
set Ra[236]:=
28 49 40 19 7 ;
set Ra[237]:=
47 43 36 34 ;
set Ra[238]:=
41 15 30 44 35 ;
set Ra[239]:=
50 30 ;
set Ra[240]:=
21 44 41 9 ;
set Ra[241]:=
49 6 34 ;
set Ra[242]:=
41 ;
set Ra[243]:=
26 35 41 19 11 ;
set Ra[244]:=
47 39 35 25 34 37 ;
set Ra[245]:=
23 40 ;
set Ra[246]:=
31 29 ;
set Ra[247]:=
15 47 12 ;
set Ra[248]:=
13 ;
set Ra[249]:=
20 ;
set Ra[250]:=
22 ;
set Ra[251]:=
28 34 49 43 ;
set Ra[252]:=
27 19 31 49 ;
set Ra[253]:=
2 25 32 39 40 ;
set Ra[254]:=
50 30 22 ;
set Ra[255]:=
23 5 34 24 32 ;
set Ra[256]:=
25 8 34 33 ;
set Ra[257]:=
32 24 26 19 ;
set Ra[258]:=
48 5 39 19 31 12 ;
set Ra[259]:=
44 ;
set Ra[260]:=
50 21 8 ;
set Ra[261]:=
9 14 ;
set Ra[262]:=
20 ;
set Ra[263]:=
6 11 2 45 47 ;
set Ra[264]:=
47 36 ;
set Ra[265]:=
24 6 ;
set Ra[266]:=
31 15 40 ;
set Ra[267]:=
29 2 15 21 8 17 ;
set Ra[268]:=
20 8 ;
set Ra[269]:=
40 47 43 30 ;
set Ra[270]:=
40 24 44 7 29 ;
set Ra[271]:=
49 25 9 6 10 44 ;
set Ra[272]:=
22 9 ;
set Ra[273]:=
5 36 11 ;
set Ra[274]:=
50 36 47 2 ;
set Ra[275]:=
3 6 ;
set Ra[276]:=
50 ;
set Ra[277]:=
41 28 12 24 ;
set Ra[278]:=
31 23 42 ;
set Ra[279]:=
38 45 28 17 12 50 ;
set Ra[280]:=
31 44 ;
set Ra[281]:=
40 33 25 ;
set Ra[282]:=
42 9 30 34 45 ;
set Ra[283]:=
30 28 19 12 ;
set Ra[284]:=
37 11 12 5 48 ;
set Ra[285]:=
12 6 25 8 42 ;
set Ra[286]:=
41 23 36 48 10 5 ;
set Ra[287]:=
36 17 ;
set Ra[288]:=
25 12 47 ;
set Ra[289]:=
39 34 44 22 12 3 ;
set Ra[290]:=
31 40 ;
set Ra[291]:=
13 40 ;
set Ra[292]:=
44 38 47 1 17 49 ;
set Ra[293]:=
48 50 24 ;
set Ra[294]:=
17 50 42 30 ;
set Ra[295]:=
50 11 15 21 4 ;
set Ra[296]:=
14 4 13 44 ;
set Ra[297]:=
36 24 19 39 ;
set Ra[298]:=
14 9 44 15 10 ;
set Ra[299]:=
8 41 14 ;
set Ra[300]:=
19 10 9 29 50 17 ;
set Ra[301]:=
35 17 13 25 6 ;
set Ra[302]:=
42 3 39 ;
set Ra[303]:=
48 25 14 ;
set Ra[304]:=
26 23 25 44 30 34 ;
set Ra[305]:=
30 ;
set Ra[306]:=
11 10 18 20 ;
set Ra[307]:=
31 4 24 28 10 47 ;
set Ra[308]:=
50 16 ;
set Ra[309]:=
6 48 ;
set Ra[310]:=
21 46 ;
set Ra[311]:=
8 1 28 10 37 ;
set Ra[312]:=
11 30 ;
set Ra[313]:=
24 21 22 29 18 ;
set Ra[314]:=
28 ;
set Ra[315]:=
38 41 28 10 ;
set Ra[316]:=
7 31 ;
set Ra[317]:=
9 6 49 40 31 ;
set Ra[318]:=
39 1 37 14 34 25 ;
set Ra[319]:=
18 38 15 ;
set Ra[320]:=
11 ;
set Ra[321]:=
42 39 7 8 22 24 ;
set Ra[322]:=
30 46 49 22 ;
set Ra[323]:=
46 ;
set Ra[324]:=
13 4 31 26 7 10 ;
set Ra[325]:=
29 12 25 1 14 ;
set Ra[326]:=
39 10 11 ;
set Ra[327]:=
35 21 11 43 ;
set Ra[328]:=
36 50 34 20 ;
set Ra[329]:=
28 6 42 22 40 13 ;
set Ra[330]:=
32 ;
set Ra[331]:=
49 44 12 17 31 3 ;
set Ra[332]:=
8 2 31 38 ;
set Ra[333]:=
20 ;
set Ra[334]:=
28 ;
set Ra[335]:=
45 32 39 12 33 ;
set Ra[336]:=
35 46 44 9 ;
set Ra[337]:=
5 ;
set Ra[338]:=
20 9 12 49 ;
set Ra[339]:=
19 8 ;
set Ra[340]:=
7 41 25 ;
set Ra[341]:=
36 40 14 ;
set Ra[342]:=
9 41 16 15 33 ;
set Ra[343]:=
3 45 21 10 25 20 ;
set Ra[344]:=
18 17 35 42 11 ;
set Ra[345]:=
36 37 26 20 16 ;
set Ra[346]:=
48 6 49 11 ;
set Ra[347]:=
10 14 ;
set Ra[348]:=
38 ;
set Ra[349]:=
4 9 48 31 40 3 ;
set Ra[350]:=
35 ;
set Ra[351]:=
27 29 46 ;
set Ra[352]:=
29 1 35 6 23 49 ;
set Ra[353]:=
19 25 45 49 ;
set Ra[354]:=
12 4 23 21 28 39 ;
set Ra[355]:=
29 36 46 32 5 ;
set Ra[356]:=
30 27 6 20 ;
set Ra[357]:=
40 ;
set Ra[358]:=
46 ;
set Ra[359]:=
46 3 43 19 21 ;
set Ra[360]:=
49 6 ;
set Ra[361]:=
19 26 47 ;
set Ra[362]:=
6 2 ;
set Ra[363]:=
46 ;
set Ra[364]:=
32 19 46 33 ;
set Ra[365]:=
31 50 30 14 7 35 ;
set Ra[366]:=
42 5 ;
set Ra[367]:=
40 4 ;
set Ra[368]:=
34 9 37 ;
set Ra[369]:=
47 ;
set Ra[370]:=
45 32 21 20 18 ;
set Ra[371]:=
3 8 16 ;
set Ra[372]:=
3 32 22 5 29 20 ;
set Ra[373]:=
2 20 34 5 33 6 ;
set Ra[374]:=
9 20 47 42 ;
set Ra[375]:=
39 3 24 ;
set Ra[376]:=
5 38 46 8 18 ;
set Ra[377]:=
1 44 26 ;
set Ra[378]:=
13 ;
set Ra[379]:=
21 17 ;
set Ra[380]:=
46 43 27 ;
set Ra[381]:=
8 ;
set Ra[382]:=
6 5 40 45 42 48 ;
set Ra[383]:=
2 3 ;
set Ra[384]:=
9 ;
set Ra[385]:=
40 4 ;
set Ra[386]:=
30 ;
set Ra[387]:=
50 28 9 44 30 ;
set Ra[388]:=
40 ;
set Ra[389]:=
7 ;
set Ra[390]:=
8 16 19 45 3 ;
set Ra[391]:=
9 23 13 4 ;
set Ra[392]:=
21 24 32 18 ;
set Ra[393]:=
21 ;
set Ra[394]:=
1 14 ;
set Ra[395]:=
29 39 50 41 49 35 ;
set Ra[396]:=
25 ;
set Ra[397]:=
25 6 21 47 27 16 ;
set Ra[398]:=
40 28 12 41 21 22 ;
set Ra[399]:=
8 42 26 43 45 ;
set Ra[400]:=
43 25 30 21 ;
set Ra[401]:=
38 40 14 1 ;
set Ra[402]:=
22 34 10 13 50 42 ;
set Ra[403]:=
10 38 5 12 ;
set Ra[404]:=
21 26 5 ;
set Ra[405]:=
41 ;
set Ra[406]:=
1 23 ;
set Ra[407]:=
27 40 26 ;
set Ra[408]:=
45 ;
set Ra[409]:=
12 26 ;
set Ra[410]:=
39 17 45 ;
set Ra[411]:=
3 34 24 16 40 11 ;
set Ra[412]:=
22 48 46 50 ;
set Ra[413]:=
20 34 41 8 19 7 ;
set Ra[414]:=
5 1 30 24 26 19 ;
set Ra[415]:=
31 49 24 23 20 15 ;
set Ra[416]:=
47 ;
set Ra[417]:=
40 ;
set Ra[418]:=
25 28 43 12 31 ;
set Ra[419]:=
21 31 30 50 5 ;
set Ra[420]:=
33 6 34 1 36 ;
set Ra[421]:=
49 50 ;
set Ra[422]:=
14 17 32 27 ;
set Ra[423]:=
46 14 22 30 ;
set Ra[424]:=
17 32 ;
set Ra[425]:=
19 42 15 28 ;
set Ra[426]:=
40 ;
set Ra[427]:=
38 50 ;
set Ra[428]:=
7 ;
set Ra[429]:=
4 32 16 42 3 18 ;
set Ra[430]:=
31 ;
set Ra[431]:=
15 49 41 16 13 ;
set Ra[432]:=
5 13 18 1 ;
set Ra[433]:=
3 ;
set Ra[434]:=
39 23 12 49 ;
set Ra[435]:=
40 19 16 36 50 46 ;
set Ra[436]:=
41 14 33 31 49 ;
set Ra[437]:=
8 ;
set Ra[438]:=
34 18 22 10 ;
set Ra[439]:=
31 14 44 30 37 28 ;
set Ra[440]:=
9 ;
set Ra[441]:=
35 6 29 28 19 46 ;
set Ra[442]:=
10 46 44 ;
set Ra[443]:=
34 21 ;
set Ra[444]:=
8 44 15 39 26 ;
set Ra[445]:=
5 36 2 31 49 18 ;
set Ra[446]:=
13 14 ;
set Ra[447]:=
21 15 36 3 10 ;
set Ra[448]:=
33 45 30 27 ;
set Ra[449]:=
11 15 50 47 18 ;
set Ra[450]:=
25 ;
set Ra[451]:=
36 ;
set Ra[452]:=
31 34 7 17 47 ;
set Ra[453]:=
11 41 30 4 34 ;
set Ra[454]:=
38 25 ;
set Ra[455]:=
6 7 ;
set Ra[456]:=
50 7 ;
set Ra[457]:=
50 30 29 46 ;
set Ra[458]:=
11 17 31 2 ;
set Ra[459]:=
21 18 35 19 ;
set Ra[460]:=
16 47 18 ;
set Ra[461]:=
48 ;
set Ra[462]:=
33 31 47 ;
set Ra[463]:=
10 33 15 17 ;
set Ra[464]:=
14 13 5 36 34 ;
set Ra[465]:=
10 2 18 6 12 36 ;
set Ra[466]:=
36 ;
set Ra[467]:=
33 42 9 ;
set Ra[468]:=
11 4 26 37 44 ;
set Ra[469]:=
32 ;
set Ra[470]:=
6 5 14 8 ;
set Ra[471]:=
15 12 11 39 21 18 ;
set Ra[472]:=
41 48 ;
set Ra[473]:=
17 30 36 ;
set Ra[474]:=
8 ;
set Ra[475]:=
39 1 14 44 20 16 ;
set Ra[476]:=
3 2 ;
set Ra[477]:=
44 ;
set Ra[478]:=
22 47 37 12 26 13 ;
set Ra[479]:=
22 26 27 37 18 ;
set Ra[480]:=
36 ;
set Ra[481]:=
28 ;
set Ra[482]:=
48 9 15 ;
set Ra[483]:=
23 47 50 31 2 ;
set Ra[484]:=
32 41 17 13 ;
set Ra[485]:=
22 44 ;
set Ra[486]:=
26 20 4 ;
set Ra[487]:=
47 16 ;
set Ra[488]:=
19 25 ;
set Ra[489]:=
38 30 35 16 ;
set Ra[490]:=
34 ;
set Ra[491]:=
7 3 ;
set Ra[492]:=
48 5 4 41 39 ;
set Ra[493]:=
39 20 22 ;
set Ra[494]:=
35 36 40 ;
set Ra[495]:=
18 45 7 6 38 ;
set Ra[496]:=
29 22 ;
set Ra[497]:=
44 9 43 12 19 37 ;
set Ra[498]:=
11 ;
set Ra[499]:=
26 3 39 50 ;
set Ra[500]:=
32 17 8 31 ;
set Ra[501]:=
27 23 34 16 35 ;
set Ra[502]:=
44 38 7 ;
set Ra[503]:=
35 13 11 ;
set Ra[504]:=
2 1 20 29 22 31 ;
set Ra[505]:=
37 7 46 26 23 ;
set Ra[506]:=
7 1 25 32 38 ;
set Ra[507]:=
30 16 47 46 26 ;
set Ra[508]:=
31 5 18 33 39 ;
set Ra[509]:=
29 8 23 24 49 19 ;
set Ra[510]:=
41 25 11 24 3 47 ;
set Ra[511]:=
23 27 22 20 50 ;
set Ra[512]:=
19 40 38 28 43 6 ;
set Ra[513]:=
11 10 8 15 47 ;
set Ra[514]:=
21 7 16 50 ;
set Ra[515]:=
41 35 ;
set Ra[516]:=
4 ;
set Ra[517]:=
4 49 46 1 ;
set Ra[518]:=
20 15 18 4 ;
set Ra[519]:=
24 16 15 ;
set Ra[520]:=
47 12 ;
set Ra[521]:=
7 16 15 ;
set Ra[522]:=
25 16 19 40 45 2 ;
set Ra[523]:=
8 5 ;
set Ra[524]:=
30 37 50 44 39 ;
set Ra[525]:=
10 12 40 ;
set Ra[526]:=
46 6 22 9 ;
set Ra[527]:=
36 40 19 43 11 41 ;
set Ra[528]:=
35 40 18 22 17 ;
set Ra[529]:=
41 50 47 18 15 ;
set Ra[530]:=
36 20 16 50 12 ;
set Ra[531]:=
13 39 ;
set Ra[532]:=
43 ;
set Ra[533]:=
4 33 38 17 ;
set Ra[534]:=
26 46 13 ;
set Ra[535]:=
50 6 ;
set Ra[536]:=
39 ;
set Ra[537]:=
50 40 3 15 4 25 ;
set Ra[538]:=
10 ;
set Ra[539]:=
38 32 1 46 ;
set Ra[540]:=
18 19 15 30 36 1 ;
set Ra[541]:=
31 7 21 27 50 ;
set Ra[542]:=
16 ;
set Ra[543]:=
42 45 ;
set Ra[544]:=
23 48 45 31 47 15 ;
set Ra[545]:=
6 16 18 ;
set Ra[546]:=
29 12 34 31 5 ;
set Ra[547]:=
34 ;
set Ra[548]:=
33 ;
set Ra[549]:=
37 44 12 ;
set Ra[550]:=
28 14 ;
set Ra[551]:=
13 ;
set Ra[552]:=
4 5 ;
set Ra[553]:=
10 21 11 1 ;
set Ra[554]:=
7 ;
set Ra[555]:=
29 11 41 35 42 23 ;
set Ra[556]:=
1 21 22 11 9 35 ;
set Ra[557]:=
17 ;
set Ra[558]:=
35 49 ;
set Ra[559]:=
8 ;
set Ra[560]:=
33 42 26 48 27 ;
set Ra[561]:=
33 17 44 46 ;
set Ra[562]:=
18 4 45 12 7 ;
set Ra[563]:=
14 36 2 50 ;
set Ra[564]:=
34 30 31 32 ;
set Ra[565]:=
10 ;
set Ra[566]:=
19 ;
set Ra[567]:=
22 48 20 29 27 ;
set Ra[568]:=
42 28 24 15 50 48 ;
set Ra[569]:=
16 30 46 24 23 29 ;
set Ra[570]:=
5 14 7 17 49 40 ;
set Ra[571]:=
13 15 1 5 ;
set Ra[572]:=
29 46 35 25 ;
set Ra[573]:=
2 13 36 10 22 ;
set Ra[574]:=
23 2 ;
set Ra[575]:=
5 ;
set Ra[576]:=
8 32 35 ;
set Ra[577]:=
29 34 9 40 17 ;
set Ra[578]:=
15 34 ;
set Ra[579]:=
47 30 39 40 44 50 ;
set Ra[580]:=
26 43 35 25 8 ;
set Ra[581]:=
13 19 40 ;
set Ra[582]:=
36 7 ;
set Ra[583]:=
43 18 46 ;
set Ra[584]:=
47 25 8 42 1 26 ;
set Ra[585]:=
7 41 2 17 15 ;
set Ra[586]:=
28 ;
set Ra[587]:=
9 33 46 40 ;
set Ra[588]:=
19 17 24 44 6 ;
set Ra[589]:=
4 24 8 29 37 28 ;
set Ra[590]:=
48 49 37 ;
set Ra[591]:=
42 2 18 12 ;
set Ra[592]:=
34 ;
set Ra[593]:=
27 24 3 9 ;
set Ra[594]:=
2 24 11 ;
set Ra[595]:=
4 ;
set Ra[596]:=
28 ;
set Ra[597]:=
10 32 27 14 29 4 ;
set Ra[598]:=
23 ;
set Ra[599]:=
8 ;
set Ra[600]:=
16 3 5 ;
set Ra[601]:=
7 16 ;
set Ra[602]:=
18 25 29 40 49 43 ;
set Ra[603]:=
3 19 32 16 41 26 ;
set Ra[604]:=
37 33 ;
set Ra[605]:=
36 46 28 47 4 ;
set Ra[606]:=
14 6 42 ;
set Ra[607]:=
25 12 ;
set Ra[608]:=
27 12 44 48 11 ;
set Ra[609]:=
25 31 ;
set Ra[610]:=
14 ;
set Ra[611]:=
45 32 20 18 4 50 ;
set Ra[612]:=
46 8 36 19 39 ;
set Ra[613]:=
5 ;
set Ra[614]:=
5 22 28 19 27 25 ;
set Ra[615]:=
2 1 15 9 ;
set Ra[616]:=
1 6 ;
set Ra[617]:=
25 30 24 38 4 37 ;
set Ra[618]:=
42 ;
set Ra[619]:=
23 22 3 42 48 ;
set Ra[620]:=
42 34 18 41 43 44 ;
set Ra[621]:=
32 35 39 14 46 21 ;
set Ra[622]:=
35 48 25 20 6 15 ;
set Ra[623]:=
37 14 ;
set Ra[624]:=
38 ;
set Ra[625]:=
41 13 8 49 35 5 ;
set Ra[626]:=
41 50 ;
set Ra[627]:=
18 34 45 2 9 4 ;
set Ra[628]:=
9 41 7 ;
set Ra[629]:=
44 20 36 9 ;
set Ra[630]:=
8 16 18 41 15 ;
set Ra[631]:=
9 14 39 41 ;
set Ra[632]:=
16 35 41 28 12 ;
set Ra[633]:=
26 47 28 36 8 43 ;
set Ra[634]:=
13 17 ;
set Ra[635]:=
36 ;
set Ra[636]:=
41 ;
set Ra[637]:=
25 45 ;
set Ra[638]:=
28 26 ;
set Ra[639]:=
29 19 27 13 25 8 ;
set Ra[640]:=
35 6 32 42 30 ;
set Ra[641]:=
38 42 16 ;
set Ra[642]:=
21 45 ;
set Ra[643]:=
23 1 4 14 26 32 ;
set Ra[644]:=
47 3 15 ;
set Ra[645]:=
34 22 16 12 ;
set Ra[646]:=
11 7 26 20 32 ;
set Ra[647]:=
15 36 29 ;
set Ra[648]:=
31 45 25 29 27 ;
set Ra[649]:=
9 42 14 49 ;
set Ra[650]:=
1 28 10 ;
set Ra[651]:=
50 40 9 7 31 ;
set Ra[652]:=
21 ;
set Ra[653]:=
4 19 ;
set Ra[654]:=
50 47 49 ;
set Ra[655]:=
46 8 43 25 2 50 ;
set Ra[656]:=
35 ;
set Ra[657]:=
10 22 21 32 24 20 ;
set Ra[658]:=
12 ;
set Ra[659]:=
13 ;
set Ra[660]:=
48 36 ;
set Ra[661]:=
50 16 9 ;
set Ra[662]:=
5 ;
set Ra[663]:=
25 34 50 30 ;
set Ra[664]:=
21 16 27 6 35 ;
set Ra[665]:=
3 42 20 11 25 40 ;
set Ra[666]:=
13 24 ;
set Ra[667]:=
35 16 ;
set Ra[668]:=
17 24 6 38 27 9 ;
set Ra[669]:=
15 45 13 3 12 ;
set Ra[670]:=
32 5 28 1 ;
set Ra[671]:=
29 8 ;
set Ra[672]:=
38 47 9 ;
set Ra[673]:=
7 26 40 3 48 34 ;
set Ra[674]:=
21 20 13 9 1 ;
set Ra[675]:=
19 8 37 ;
set Ra[676]:=
41 43 12 18 6 29 ;
set Ra[677]:=
33 11 25 48 45 32 ;
set Ra[678]:=
7 5 41 44 ;
set Ra[679]:=
15 32 23 3 ;
set Ra[680]:=
21 4 34 47 46 ;
set Ra[681]:=
33 13 4 25 17 ;
set Ra[682]:=
41 ;
set Ra[683]:=
48 17 38 49 35 ;
set Ra[684]:=
32 15 ;
set Ra[685]:=
26 50 2 ;
set Ra[686]:=
38 12 17 3 ;
set Ra[687]:=
4 8 22 44 39 42 ;
set Ra[688]:=
47 ;
set Ra[689]:=
41 37 ;
set Ra[690]:=
35 ;
set Ra[691]:=
12 31 ;
set Ra[692]:=
38 28 26 22 ;
set Ra[693]:=
47 49 30 17 10 ;
set Ra[694]:=
13 7 18 ;
set Ra[695]:=
18 29 36 43 25 5 ;
set Ra[696]:=
32 7 ;
set Ra[697]:=
39 6 28 11 ;
set Ra[698]:=
13 36 32 42 2 9 ;
set Ra[699]:=
39 ;
set Ra[700]:=
20 ;
set Ra[701]:=
5 35 14 ;
set Ra[702]:=
37 31 40 ;
set Ra[703]:=
18 ;
set Ra[704]:=
18 49 29 26 ;
set Ra[705]:=
44 3 23 ;
set Ra[706]:=
35 14 5 31 24 ;
set Ra[707]:=
22 ;
set Ra[708]:=
22 5 34 37 ;
set Ra[709]:=
27 29 ;
set Ra[710]:=
49 33 ;
set Ra[711]:=
25 26 18 47 38 1 ;
set Ra[712]:=
7 33 ;
set Ra[713]:=
23 27 45 4 36 ;
set Ra[714]:=
40 ;
set Ra[715]:=
49 24 ;
set Ra[716]:=
38 ;
set Ra[717]:=
46 33 31 50 ;
set Ra[718]:=
45 8 43 31 ;
set Ra[719]:=
23 ;
set Ra[720]:=
13 ;
set Ra[721]:=
32 18 8 16 33 ;
set Ra[722]:=
38 41 34 39 10 29 ;
set Ra[723]:=
37 31 44 29 40 46 ;
set Ra[724]:=
43 11 35 2 29 9 ;
set Ra[725]:=
37 38 42 ;
set Ra[726]:=
34 16 33 9 40 ;
set Ra[727]:=
45 14 30 ;
set Ra[728]:=
50 25 44 22 5 ;
set Ra[729]:=
3 2 ;
set Ra[730]:=
46 50 11 ;
set Ra[731]:=
33 6 ;
set Ra[732]:=
17 41 31 ;
set Ra[733]:=
27 47 21 50 ;
set Ra[734]:=
42 6 49 20 36 ;
set Ra[735]:=
12 16 43 21 42 5 ;
set Ra[736]:=
6 8 23 13 36 27 ;
set Ra[737]:=
36 42 18 30 ;
set Ra[738]:=
22 37 44 34 ;
set Ra[739]:=
37 20 2 27 ;
set Ra[740]:=
36 42 1 28 22 4 ;
set Ra[741]:=
15 9 ;
set Ra[742]:=
26 19 ;
set Ra[743]:=
26 ;
set Ra[744]:=
41 43 49 13 47 17 ;
set Ra[745]:=
3 48 19 41 9 ;
set Ra[746]:=
5 30 34 38 10 ;
set Ra[747]:=
18 11 13 2 ;
set Ra[748]:=
29 ;
set Ra[749]:=
11 21 17 14 25 ;
set Ra[750]:=
25 2 47 20 ;
set Ra[751]:=
22 16 27 2 40 ;
set Ra[752]:=
2 31 9 5 35 15 ;
set Ra[753]:=
43 17 ;
set Ra[754]:=
18 3 31 ;
set Ra[755]:=
46 30 28 41 ;
set Ra[756]:=
21 29 ;
set Ra[757]:=
24 21 37 23 ;
set Ra[758]:=
21 36 2 20 ;
set Ra[759]:=
48 15 ;
set Ra[760]:=
44 12 ;
set Ra[761]:=
10 18 48 33 ;
set Ra[762]:=
26 14 16 7 24 ;
set Ra[763]:=
12 48 40 43 42 38 ;
set Ra[764]:=
20 12 13 48 19 ;
set Ra[765]:=
38 28 22 42 48 3 ;
set Ra[766]:=
25 19 35 12 ;
set Ra[767]:=
2 22 24 5 45 ;
set Ra[768]:=
36 29 30 ;
set Ra[769]:=
29 24 ;
set Ra[770]:=
40 35 10 21 34 47 ;
set Ra[771]:=
15 35 ;
set Ra[772]:=
24 40 19 ;
set Ra[773]:=
43 40 33 ;
set Ra[774]:=
47 30 31 ;
set Ra[775]:=
21 48 ;
set Ra[776]:=
41 28 ;
set Ra[777]:=
17 50 ;
set Ra[778]:=
6 5 37 ;
set Ra[779]:=
25 ;
set Ra[780]:=
16 35 47 45 27 ;
set Ra[781]:=
8 30 ;
set Ra[782]:=
15 34 18 36 ;
set Ra[783]:=
38 ;
set Ra[784]:=
8 ;
set Ra[785]:=
13 10 48 25 41 ;
set Ra[786]:=
11 25 ;
set Ra[787]:=
10 5 8 15 36 ;
set Ra[788]:=
5 34 22 ;
set Ra[789]:=
10 12 5 46 ;
set Ra[790]:=
3 49 6 1 ;
set Ra[791]:=
21 49 12 8 20 41 ;
set Ra[792]:=
16 39 9 45 31 ;
set Ra[793]:=
45 17 42 ;
set Ra[794]:=
3 29 24 40 10 ;
set Ra[795]:=
10 43 ;
set Ra[796]:=
9 33 10 28 ;
set Ra[797]:=
35 23 36 ;
set Ra[798]:=
4 50 6 5 ;
set Ra[799]:=
43 35 47 17 ;
set Ra[800]:=
23 10 20 16 45 2 ;
set Ra[801]:=
30 29 49 42 ;
set Ra[802]:=
24 48 23 ;
set Ra[803]:=
23 39 7 16 38 4 ;
set Ra[804]:=
29 7 12 30 24 ;
set Ra[805]:=
32 25 16 34 12 2 ;
set Ra[806]:=
8 31 30 14 40 ;
set Ra[807]:=
2 22 34 50 ;
set Ra[808]:=
30 35 ;
set Ra[809]:=
13 15 ;
set Ra[810]:=
14 25 1 17 ;
set Ra[811]:=
16 49 40 14 20 ;
set Ra[812]:=
37 ;
set Ra[813]:=
41 11 9 35 38 ;
set Ra[814]:=
30 35 23 ;
set Ra[815]:=
27 22 41 39 ;
set Ra[816]:=
45 42 7 14 ;
set Ra[817]:=
10 45 41 ;
set Ra[818]:=
31 33 ;
set Ra[819]:=
35 1 ;
set Ra[820]:=
40 26 ;
set Ra[821]:=
18 5 46 45 2 ;
set Ra[822]:=
48 17 38 44 2 32 ;
set Ra[823]:=
17 40 41 3 18 19 ;
set Ra[824]:=
45 6 36 ;
set Ra[825]:=
42 33 17 13 24 ;
set Ra[826]:=
45 48 20 27 ;
set Ra[827]:=
19 24 48 40 38 ;
set Ra[828]:=
3 19 ;
set Ra[829]:=
3 16 48 27 ;
set Ra[830]:=
19 ;
set Ra[831]:=
12 23 26 ;
set Ra[832]:=
3 29 49 ;
set Ra[833]:=
42 45 8 36 ;
set Ra[834]:=
11 35 43 49 ;
set Ra[835]:=
39 46 34 ;
set Ra[836]:=
46 5 ;
set Ra[837]:=
6 10 44 ;
set Ra[838]:=
15 ;
set Ra[839]:=
1 ;
set Ra[840]:=
2 21 ;
set Ra[841]:=
32 ;
set Ra[842]:=
32 39 38 ;
set Ra[843]:=
24 38 18 ;
set Ra[844]:=
22 38 23 26 11 ;
set Ra[845]:=
17 ;
set Ra[846]:=
13 45 18 28 49 42 ;
set Ra[847]:=
46 ;
set Ra[848]:=
30 5 4 24 37 ;
set Ra[849]:=
15 33 ;
set Ra[850]:=
26 30 20 ;
set Ra[851]:=
40 1 8 23 19 ;
set Ra[852]:=
42 31 34 5 37 ;
set Ra[853]:=
30 31 ;
set Ra[854]:=
33 48 20 1 ;
set Ra[855]:=
36 ;
set Ra[856]:=
48 45 47 50 2 ;
set Ra[857]:=
15 18 17 26 ;
set Ra[858]:=
2 33 25 ;
set Ra[859]:=
46 37 ;
set Ra[860]:=
6 13 11 ;
set Ra[861]:=
45 3 25 16 42 ;
set Ra[862]:=
36 40 43 11 29 ;
set Ra[863]:=
27 ;
set Ra[864]:=
34 45 4 29 ;
set Ra[865]:=
31 35 ;
set Ra[866]:=
37 ;
set Ra[867]:=
4 22 42 13 18 ;
set Ra[868]:=
46 48 ;
set Ra[869]:=
41 46 ;
set Ra[870]:=
24 7 10 48 18 ;
set Ra[871]:=
29 46 ;
set Ra[872]:=
2 14 ;
set Ra[873]:=
26 25 ;
set Ra[874]:=
1 46 12 24 50 ;
set Ra[875]:=
23 ;
set Ra[876]:=
26 16 28 ;
set Ra[877]:=
6 12 46 44 ;
set Ra[878]:=
17 9 ;
set Ra[879]:=
11 47 3 21 ;
set Ra[880]:=
44 28 50 23 49 ;
set Ra[881]:=
10 48 11 25 ;
set Ra[882]:=
9 12 39 ;
set Ra[883]:=
44 10 ;
set Ra[884]:=
19 8 31 ;
set Ra[885]:=
9 21 10 ;
set Ra[886]:=
9 11 25 3 ;
set Ra[887]:=
46 26 48 23 27 2 ;
set Ra[888]:=
4 29 20 34 ;
set Ra[889]:=
38 43 13 27 48 ;
set Ra[890]:=
20 48 47 43 ;
set Ra[891]:=
1 5 11 46 17 ;
set Ra[892]:=
25 29 ;
set Ra[893]:=
13 21 39 22 49 ;
set Ra[894]:=
2 29 11 44 34 ;
set Ra[895]:=
10 ;
set Ra[896]:=
5 ;
set Ra[897]:=
35 29 2 11 22 ;
set Ra[898]:=
34 28 46 ;
set Ra[899]:=
10 49 21 8 27 31 ;
set Ra[900]:=
1 8 49 17 11 13 ;
set Ra[901]:=
14 21 42 50 36 26 ;
set Ra[902]:=
37 20 35 ;
set Ra[903]:=
41 15 35 ;
set Ra[904]:=
5 27 32 22 41 4 ;
set Ra[905]:=
1 33 49 8 46 ;
set Ra[906]:=
17 4 ;
set Ra[907]:=
5 ;
set Ra[908]:=
21 30 7 17 1 ;
set Ra[909]:=
22 39 34 30 24 11 ;
set Ra[910]:=
30 11 29 8 22 47 ;
set Ra[911]:=
44 6 15 34 37 ;
set Ra[912]:=
20 35 ;
set Ra[913]:=
45 33 28 47 ;
set Ra[914]:=
23 42 4 34 ;
set Ra[915]:=
26 37 32 ;
set Ra[916]:=
12 8 30 35 2 ;
set Ra[917]:=
17 11 12 46 31 ;
set Ra[918]:=
30 8 33 11 2 ;
set Ra[919]:=
14 17 21 4 39 47 ;
set Ra[920]:=
13 39 42 5 29 12 ;
set Ra[921]:=
29 43 25 41 34 4 ;
set Ra[922]:=
13 6 31 ;
set Ra[923]:=
2 37 ;
set Ra[924]:=
17 8 7 ;
set Ra[925]:=
33 11 36 ;
set Ra[926]:=
8 47 22 29 46 32 ;
set Ra[927]:=
7 21 42 ;
set Ra[928]:=
23 2 47 34 ;
set Ra[929]:=
38 49 11 14 18 ;
set Ra[930]:=
1 10 37 28 17 ;
set Ra[931]:=
23 5 45 49 13 ;
set Ra[932]:=
5 2 23 37 31 19 ;
set Ra[933]:=
10 38 30 50 ;
set Ra[934]:=
42 9 2 ;
set Ra[935]:=
39 21 35 43 ;
set Ra[936]:=
10 37 ;
set Ra[937]:=
44 21 32 29 41 42 ;
set Ra[938]:=
19 24 39 11 50 38 ;
set Ra[939]:=
18 2 ;
set Ra[940]:=
38 48 20 18 11 ;
set Ra[941]:=
44 17 30 48 ;
set Ra[942]:=
32 42 4 35 ;
set Ra[943]:=
39 ;
set Ra[944]:=
32 6 30 31 33 34 ;
set Ra[945]:=
43 32 4 12 33 6 ;
set Ra[946]:=
13 ;
set Ra[947]:=
35 15 10 ;
set Ra[948]:=
4 45 ;
set Ra[949]:=
49 31 38 33 47 ;
set Ra[950]:=
11 9 ;
set Ra[951]:=
16 10 27 ;
set Ra[952]:=
15 6 37 36 ;
set Ra[953]:=
13 17 36 37 46 43 ;
set Ra[954]:=
26 48 13 36 40 11 ;
set Ra[955]:=
50 25 41 13 ;
set Ra[956]:=
40 3 36 ;
set Ra[957]:=
36 50 11 ;
set Ra[958]:=
21 ;
set Ra[959]:=
33 28 35 6 ;
set Ra[960]:=
3 19 ;
set Ra[961]:=
18 47 17 36 ;
set Ra[962]:=
33 45 50 10 ;
set Ra[963]:=
27 45 11 ;
set Ra[964]:=
5 1 49 30 ;
set Ra[965]:=
15 ;
set Ra[966]:=
38 5 39 37 ;
set Ra[967]:=
33 ;
set Ra[968]:=
2 24 16 18 6 17 ;
set Ra[969]:=
29 36 34 21 40 9 ;
set Ra[970]:=
45 17 ;
set Ra[971]:=
22 12 34 10 23 ;
set Ra[972]:=
48 27 17 ;
set Ra[973]:=
19 22 35 3 18 ;
set Ra[974]:=
42 39 ;
set Ra[975]:=
35 33 13 43 29 ;
set Ra[976]:=
3 40 4 37 31 21 ;
set Ra[977]:=
20 30 34 21 ;
set Ra[978]:=
40 7 ;
set Ra[979]:=
1 ;
set Ra[980]:=
47 32 12 ;
set Ra[981]:=
35 41 ;
set Ra[982]:=
32 ;
set Ra[983]:=
38 29 ;
set Ra[984]:=
18 22 8 7 25 ;
set Ra[985]:=
5 23 38 1 35 ;
set Ra[986]:=
1 34 41 11 2 ;
set Ra[987]:=
29 5 18 ;
set Ra[988]:=
31 47 39 35 ;
set Ra[989]:=
27 4 29 ;
set Ra[990]:=
33 13 9 3 ;
set Ra[991]:=
7 23 5 47 46 18 ;
set Ra[992]:=
17 35 ;
set Ra[993]:=
21 ;
set Ra[994]:=
32 11 9 7 22 ;
set Ra[995]:=
37 39 34 44 ;
set Ra[996]:=
39 ;
set Ra[997]:=
50 19 ;
set Ra[998]:=
49 5 44 ;
set Ra[999]:=
32 37 39 2 33 ;
set Ra[1000]:=
11 14 27 45 ;
set Ra[1001]:=
8 47 7 ;
set Ra[1002]:=
32 1 ;
set Ra[1003]:=
50 42 22 ;
set Ra[1004]:=
1 ;
set Ra[1005]:=
35 16 ;
set Ra[1006]:=
38 19 1 ;
set Ra[1007]:=
45 ;
set Ra[1008]:=
43 1 21 33 28 6 ;
set Ra[1009]:=
39 ;
set Ra[1010]:=
32 24 19 ;
set Ra[1011]:=
12 33 47 35 7 4 ;
set Ra[1012]:=
31 7 41 50 11 13 ;
set Ra[1013]:=
30 29 ;
set Ra[1014]:=
37 24 21 47 14 ;
set Ra[1015]:=
30 ;
set Ra[1016]:=
29 28 34 7 21 39 ;
set Ra[1017]:=
46 23 12 13 22 21 ;
set Ra[1018]:=
45 39 40 28 35 1 ;
set Ra[1019]:=
29 9 47 14 23 ;
set Ra[1020]:=
17 13 27 31 16 19 ;
set Ra[1021]:=
1 10 23 2 37 ;
set Ra[1022]:=
29 37 16 23 33 ;
set Ra[1023]:=
1 44 ;
set Ra[1024]:=
49 22 23 ;
set Ra[1025]:=
46 13 36 30 ;
set Ra[1026]:=
28 33 23 3 ;
set Ra[1027]:=
19 40 ;
set Ra[1028]:=
6 4 28 32 9 ;
set Ra[1029]:=
19 25 4 22 47 ;
set Ra[1030]:=
25 28 20 31 8 27 ;
set Ra[1031]:=
33 4 ;
set Ra[1032]:=
42 36 34 46 49 ;
set Ra[1033]:=
41 48 ;
set Ra[1034]:=
15 38 28 48 ;
set Ra[1035]:=
48 20 30 ;
set Ra[1036]:=
29 45 ;
set Ra[1037]:=
43 20 36 26 10 46 ;
set Ra[1038]:=
30 16 9 47 26 ;
set Ra[1039]:=
49 42 21 ;
set Ra[1040]:=
45 40 21 31 47 22 ;
set Ra[1041]:=
33 34 14 ;
set Ra[1042]:=
5 16 ;
set Ra[1043]:=
29 28 12 34 ;
set Ra[1044]:=
33 10 3 ;
set Ra[1045]:=
23 1 ;
set Ra[1046]:=
17 45 19 ;
set Ra[1047]:=
35 8 6 20 ;
set Ra[1048]:=
39 ;
set Ra[1049]:=
6 37 ;
set Ra[1050]:=
42 23 50 40 4 37 ;
set Ra[1051]:=
22 10 ;
set Ra[1052]:=
30 24 ;
set Ra[1053]:=
10 45 32 20 ;
set Ra[1054]:=
16 ;
set Ra[1055]:=
22 ;
set Ra[1056]:=
28 ;
set Ra[1057]:=
46 ;
set Ra[1058]:=
28 49 21 26 47 1 ;
set Ra[1059]:=
22 25 40 30 43 ;
set Ra[1060]:=
39 6 42 35 ;
set Ra[1061]:=
46 13 2 ;
set Ra[1062]:=
21 42 24 15 37 8 ;
set Ra[1063]:=
37 17 50 25 19 ;
set Ra[1064]:=
45 6 31 5 29 ;
set Ra[1065]:=
38 9 50 ;
set Ra[1066]:=
15 45 38 ;
set Ra[1067]:=
37 ;
set Ra[1068]:=
49 32 15 ;
set Ra[1069]:=
12 39 6 23 ;
set Ra[1070]:=
4 40 12 16 36 14 ;
set Ra[1071]:=
21 14 28 50 4 43 ;
set Ra[1072]:=
47 ;
set Ra[1073]:=
11 2 16 48 21 ;
set Ra[1074]:=
50 21 7 2 27 29 ;
set Ra[1075]:=
50 13 34 18 10 ;
set Ra[1076]:=
9 48 15 18 22 ;
set Ra[1077]:=
34 ;
set Ra[1078]:=
34 18 ;
set Ra[1079]:=
46 4 47 5 27 18 ;
set Ra[1080]:=
12 7 ;
set Ra[1081]:=
10 13 40 ;
set Ra[1082]:=
37 29 11 41 18 36 ;
set Ra[1083]:=
33 6 ;
set Ra[1084]:=
44 43 37 24 ;
set Ra[1085]:=
38 36 33 17 44 46 ;
set Ra[1086]:=
31 12 ;
set Ra[1087]:=
39 43 ;
set Ra[1088]:=
37 23 1 30 43 45 ;
set Ra[1089]:=
42 12 36 ;
set Ra[1090]:=
12 20 38 34 26 ;
set Ra[1091]:=
33 2 7 49 20 ;
set Ra[1092]:=
8 ;
set Ra[1093]:=
18 4 35 ;
set Ra[1094]:=
50 39 ;
set Ra[1095]:=
44 33 22 6 50 3 ;
set Ra[1096]:=
22 21 11 3 42 ;
set Ra[1097]:=
48 1 13 21 ;
set Ra[1098]:=
41 12 29 5 47 40 ;
set Ra[1099]:=
7 8 16 22 40 4 ;
set Ra[1100]:=
31 49 10 11 37 24 ;
set Ra[1101]:=
36 46 45 ;
set Ra[1102]:=
21 2 ;
set Ra[1103]:=
8 16 ;
set Ra[1104]:=
19 ;
set Ra[1105]:=
1 ;
set Ra[1106]:=
8 ;
set Ra[1107]:=
20 6 18 14 5 ;
set Ra[1108]:=
19 11 2 39 34 4 ;
set Ra[1109]:=
25 3 ;
set Ra[1110]:=
9 27 34 43 48 28 ;
set Ra[1111]:=
35 22 ;
set Ra[1112]:=
18 36 34 40 ;
set Ra[1113]:=
43 49 41 10 21 47 ;
set Ra[1114]:=
45 ;
set Ra[1115]:=
39 21 ;
set Ra[1116]:=
26 50 15 38 14 ;
set Ra[1117]:=
5 44 33 9 ;
set Ra[1118]:=
35 17 ;
set Ra[1119]:=
5 ;
set Ra[1120]:=
18 48 4 ;
set Ra[1121]:=
39 ;
set Ra[1122]:=
45 27 22 30 7 11 ;
set Ra[1123]:=
13 ;
set Ra[1124]:=
29 8 11 ;
set Ra[1125]:=
25 34 21 ;
set Ra[1126]:=
16 21 ;
set Ra[1127]:=
42 31 39 27 ;
set Ra[1128]:=
12 2 19 13 44 47 ;
set Ra[1129]:=
31 49 17 ;
set Ra[1130]:=
41 2 50 48 ;
set Ra[1131]:=
27 38 9 28 4 15 ;
set Ra[1132]:=
16 ;
set Ra[1133]:=
19 1 15 ;
set Ra[1134]:=
46 38 40 24 10 32 ;
set Ra[1135]:=
44 ;
set Ra[1136]:=
17 ;
set Ra[1137]:=
47 6 49 29 44 ;
set Ra[1138]:=
36 23 1 17 4 ;
set Ra[1139]:=
45 ;
set Ra[1140]:=
6 44 21 28 12 1 ;
set Ra[1141]:=
11 8 ;
set Ra[1142]:=
48 33 46 ;
set Ra[1143]:=
15 39 ;
set Ra[1144]:=
13 42 ;
set Ra[1145]:=
34 40 45 24 25 18 ;
set Ra[1146]:=
45 27 22 15 41 ;
set Ra[1147]:=
20 ;
set Ra[1148]:=
16 4 ;
set Ra[1149]:=
44 18 17 45 29 ;
set Ra[1150]:=
9 ;
set Ra[1151]:=
35 46 33 8 ;
set Ra[1152]:=
28 3 ;
set Ra[1153]:=
49 50 42 44 ;
set Ra[1154]:=
33 ;
set Ra[1155]:=
21 22 47 ;
set Ra[1156]:=
3 50 41 21 31 36 ;
set Ra[1157]:=
13 8 17 30 ;
set Ra[1158]:=
27 48 43 6 ;
set Ra[1159]:=
6 2 ;
set Ra[1160]:=
31 45 2 ;
set Ra[1161]:=
8 46 48 16 ;
set Ra[1162]:=
39 10 4 44 21 27 ;
set Ra[1163]:=
43 25 9 10 ;
set Ra[1164]:=
38 49 18 ;
set Ra[1165]:=
25 5 45 11 49 ;
set Ra[1166]:=
29 31 25 17 11 ;
set Ra[1167]:=
26 23 3 24 47 ;
set Ra[1168]:=
7 40 24 ;
set Ra[1169]:=
50 19 16 28 20 ;
set Ra[1170]:=
23 11 17 15 ;
set Ra[1171]:=
30 17 48 14 ;
set Ra[1172]:=
42 46 49 28 ;
set Ra[1173]:=
22 9 12 47 ;
set Ra[1174]:=
37 46 15 49 19 17 ;
set Ra[1175]:=
43 25 1 34 ;
set Ra[1176]:=
25 10 ;
set Ra[1177]:=
14 7 42 ;
set Ra[1178]:=
38 33 39 13 27 ;
set Ra[1179]:=
23 38 50 12 32 ;
set Ra[1180]:=
19 ;
set Ra[1181]:=
27 33 6 43 9 44 ;
set Ra[1182]:=
40 ;
set Ra[1183]:=
13 24 26 38 30 ;
set Ra[1184]:=
34 40 6 ;
set Ra[1185]:=
35 48 34 ;
set Ra[1186]:=
30 ;
set Ra[1187]:=
44 34 3 4 22 47 ;
set Ra[1188]:=
3 30 32 23 22 ;
set Ra[1189]:=
19 ;
set Ra[1190]:=
5 ;
set Ra[1191]:=
43 14 47 4 32 ;
set Ra[1192]:=
4 22 24 3 15 ;
set Ra[1193]:=
24 ;
set Ra[1194]:=
37 ;
set Ra[1195]:=
49 31 ;
set Ra[1196]:=
37 21 33 22 43 42 ;
set Ra[1197]:=
8 21 15 45 42 ;
set Ra[1198]:=
50 41 31 3 27 28 ;
set Ra[1199]:=
22 6 17 30 10 15 ;
set Ra[1200]:=
15 26 6 8 34 27 ;
set Ra[1201]:=
3 19 44 10 ;
set Ra[1202]:=
20 5 ;
set Ra[1203]:=
30 11 20 36 ;
set Ra[1204]:=
21 ;
set Ra[1205]:=
11 45 23 12 6 25 ;
set Ra[1206]:=
27 ;
set Ra[1207]:=
26 11 ;
set Ra[1208]:=
11 21 ;
set Ra[1209]:=
36 25 31 38 ;
set Ra[1210]:=
12 22 ;
set Ra[1211]:=
27 ;
set Ra[1212]:=
23 3 38 28 ;
set Ra[1213]:=
34 ;
set Ra[1214]:=
16 10 ;
set Ra[1215]:=
4 36 23 ;
set Ra[1216]:=
29 50 27 41 ;
set Ra[1217]:=
44 ;
set Ra[1218]:=
7 19 ;
set Ra[1219]:=
8 28 38 ;
set Ra[1220]:=
31 22 7 43 ;
set Ra[1221]:=
45 ;
set Ra[1222]:=
47 31 ;
set Ra[1223]:=
34 20 2 ;
set Ra[1224]:=
10 12 ;
set Ra[1225]:=
50 25 ;
set Ra[1226]:=
50 43 3 49 47 38 ;
set Ra[1227]:=
21 17 33 16 ;
set Ra[1228]:=
13 3 25 49 ;
set Ra[1229]:=
22 50 9 3 35 ;
set Ra[1230]:=
20 43 15 8 3 6 ;
set Ra[1231]:=
37 ;
set Ra[1232]:=
2 1 35 47 22 ;
set Ra[1233]:=
50 ;
set Ra[1234]:=
8 37 ;
set Ra[1235]:=
14 1 26 40 44 ;
set Ra[1236]:=
33 8 14 7 48 11 ;
set Ra[1237]:=
4 ;
set Ra[1238]:=
47 ;
set Ra[1239]:=
30 42 ;
set Ra[1240]:=
45 9 8 25 ;
set Ra[1241]:=
34 12 11 ;
set Ra[1242]:=
36 18 25 1 24 ;
set Ra[1243]:=
1 8 30 16 32 ;
set Ra[1244]:=
35 21 43 31 ;
set Ra[1245]:=
7 ;
set Ra[1246]:=
28 ;
set Ra[1247]:=
33 17 ;
set Ra[1248]:=
11 24 22 1 10 ;
set Ra[1249]:=
22 30 35 ;
set Ra[1250]:=
36 26 ;
set Ra[1251]:=
42 34 3 ;
set Ra[1252]:=
14 2 7 ;
set Ra[1253]:=
37 30 1 12 44 ;
set Ra[1254]:=
21 15 25 ;
set Ra[1255]:=
5 18 39 33 4 ;
set Ra[1256]:=
36 9 ;
set Ra[1257]:=
29 8 34 3 32 ;
set Ra[1258]:=
21 22 43 ;
set Ra[1259]:=
39 36 17 ;
set Ra[1260]:=
43 30 44 ;
set Ra[1261]:=
7 28 19 ;
set Ra[1262]:=
12 13 28 ;
set Ra[1263]:=
40 28 33 ;
set Ra[1264]:=
6 44 5 8 41 ;
set Ra[1265]:=
32 40 41 ;
set Ra[1266]:=
5 32 14 ;
set Ra[1267]:=
2 9 24 16 47 ;
set Ra[1268]:=
38 30 7 20 15 ;
set Ra[1269]:=
48 27 18 47 ;
set Ra[1270]:=
41 47 11 9 33 42 ;
set Ra[1271]:=
12 ;
set Ra[1272]:=
14 37 10 19 ;
set Ra[1273]:=
1 11 41 ;
set Ra[1274]:=
21 35 2 6 24 9 ;
set Ra[1275]:=
43 5 36 ;
set Ra[1276]:=
5 36 44 45 ;
set Ra[1277]:=
12 21 16 ;
set Ra[1278]:=
2 28 26 15 37 34 ;
set Ra[1279]:=
50 41 32 22 34 36 ;
set Ra[1280]:=
39 12 ;
set Ra[1281]:=
47 14 8 ;
set Ra[1282]:=
12 15 23 20 ;
set Ra[1283]:=
23 31 38 4 39 15 ;
set Ra[1284]:=
8 31 5 43 ;
set Ra[1285]:=
19 40 35 24 ;
set Ra[1286]:=
11 14 13 45 ;
set Ra[1287]:=
25 ;
set Ra[1288]:=
14 24 ;
set Ra[1289]:=
26 29 ;
set Ra[1290]:=
48 37 31 33 49 ;
set Ra[1291]:=
43 25 5 7 ;
set Ra[1292]:=
14 ;
set Ra[1293]:=
28 26 48 5 33 12 ;
set Ra[1294]:=
12 3 ;
set Ra[1295]:=
22 18 8 10 16 33 ;
set Ra[1296]:=
43 21 ;
set Ra[1297]:=
31 16 27 29 ;
set Ra[1298]:=
48 31 6 ;
set Ra[1299]:=
1 30 48 ;
set Ra[1300]:=
46 13 34 50 ;
set Ra[1301]:=
26 32 3 20 37 ;
set Ra[1302]:=
10 21 45 18 ;
set Ra[1303]:=
38 46 8 1 11 ;
set Ra[1304]:=
36 15 ;
set Ra[1305]:=
15 ;
set Ra[1306]:=
20 11 41 22 14 23 ;
set Ra[1307]:=
42 22 16 23 ;
set Ra[1308]:=
7 8 23 14 3 ;
set Ra[1309]:=
13 3 17 2 ;
set Ra[1310]:=
43 ;
set Ra[1311]:=
13 2 ;
set Ra[1312]:=
14 28 13 10 38 49 ;
set Ra[1313]:=
24 19 ;
set Ra[1314]:=
11 19 44 33 22 ;
set Ra[1315]:=
49 25 30 18 38 ;
set Ra[1316]:=
27 24 ;
set Ra[1317]:=
16 49 39 24 30 20 ;
set Ra[1318]:=
11 17 39 ;
set Ra[1319]:=
5 34 38 33 2 50 ;
set Ra[1320]:=
30 6 40 34 5 43 ;
set Ra[1321]:=
43 49 ;
set Ra[1322]:=
7 ;
set Ra[1323]:=
26 17 5 12 ;
set Ra[1324]:=
2 27 33 8 ;
set Ra[1325]:=
3 ;
set Ra[1326]:=
49 19 6 ;
set Ra[1327]:=
35 ;
set Ra[1328]:=
29 16 28 40 42 ;
set Ra[1329]:=
17 46 49 21 ;
set Ra[1330]:=
47 24 18 14 35 ;
set Ra[1331]:=
27 47 15 9 20 ;
set Ra[1332]:=
38 37 28 1 25 8 ;
set Ra[1333]:=
6 23 17 33 ;
set Ra[1334]:=
35 44 1 27 19 ;
set Ra[1335]:=
42 38 ;
set Ra[1336]:=
11 ;
set Ra[1337]:=
29 37 18 25 ;
set Ra[1338]:=
33 45 43 4 6 5 ;
set Ra[1339]:=
34 26 22 32 ;
set Ra[1340]:=
3 36 6 42 ;
set Ra[1341]:=
33 ;
set Ra[1342]:=
46 41 ;
set Ra[1343]:=
37 21 5 41 38 ;
set Ra[1344]:=
36 1 ;
set Ra[1345]:=
31 33 12 ;
set Ra[1346]:=
49 20 34 36 28 11 ;
set Ra[1347]:=
34 30 28 38 31 46 ;
set Ra[1348]:=
8 45 43 ;
set Ra[1349]:=
21 ;
set Ra[1350]:=
5 35 12 17 38 ;
set Ra[1351]:=
49 ;
set Ra[1352]:=
9 ;
set Ra[1353]:=
2 22 31 48 34 15 ;
set Ra[1354]:=
3 15 48 13 ;
set Ra[1355]:=
27 9 17 43 19 ;
set Ra[1356]:=
19 34 33 ;
set Ra[1357]:=
26 34 36 15 ;
set Ra[1358]:=
48 41 13 43 19 ;
set Ra[1359]:=
1 34 ;
set Ra[1360]:=
1 18 ;
set Ra[1361]:=
15 ;
set Ra[1362]:=
19 9 4 ;
set Ra[1363]:=
42 38 33 47 44 31 ;
set Ra[1364]:=
3 19 28 22 7 ;
set Ra[1365]:=
33 1 46 ;
set Ra[1366]:=
50 5 ;
set Ra[1367]:=
11 31 ;
set Ra[1368]:=
46 29 30 36 ;
set Ra[1369]:=
7 27 44 40 4 12 ;
set Ra[1370]:=
29 10 18 7 44 ;
set Ra[1371]:=
8 35 ;
set Ra[1372]:=
49 5 44 ;
set Ra[1373]:=
29 39 11 ;
set Ra[1374]:=
49 9 43 ;
set Ra[1375]:=
37 8 ;
set Ra[1376]:=
11 45 ;
set Ra[1377]:=
21 14 25 48 22 ;
set Ra[1378]:=
15 9 ;
set Ra[1379]:=
27 40 25 21 13 43 ;
set Ra[1380]:=
41 45 39 ;
set Ra[1381]:=
38 25 32 50 ;
set Ra[1382]:=
16 49 35 46 ;
set Ra[1383]:=
14 6 33 ;
set Ra[1384]:=
34 21 11 42 8 ;
set Ra[1385]:=
1 36 11 15 50 ;
set Ra[1386]:=
1 43 46 20 42 24 ;
set Ra[1387]:=
48 17 ;
set Ra[1388]:=
21 46 36 37 18 33 ;
set Ra[1389]:=
15 28 33 31 5 ;
set Ra[1390]:=
33 38 41 ;
set Ra[1391]:=
25 43 45 48 11 ;
set Ra[1392]:=
32 ;
set Ra[1393]:=
12 22 8 ;
set Ra[1394]:=
15 17 5 31 ;
set Ra[1395]:=
5 17 25 20 4 ;
set Ra[1396]:=
40 22 ;
set Ra[1397]:=
16 1 ;
set Ra[1398]:=
47 ;
set Ra[1399]:=
44 10 17 37 24 23 ;
set Ra[1400]:=
45 ;
set Ra[1401]:=
38 22 35 ;
set Ra[1402]:=
17 ;
set Ra[1403]:=
13 17 22 ;
set Ra[1404]:=
39 8 33 45 29 ;
set Ra[1405]:=
48 5 39 32 12 36 ;
set Ra[1406]:=
37 8 ;
set Ra[1407]:=
9 10 28 33 7 ;
set Ra[1408]:=
45 43 12 28 36 ;
set Ra[1409]:=
43 45 ;
set Ra[1410]:=
46 20 42 4 ;
set Ra[1411]:=
24 48 7 28 45 ;
set Ra[1412]:=
27 42 ;
set Ra[1413]:=
49 48 30 ;
set Ra[1414]:=
38 37 33 50 3 ;
set Ra[1415]:=
49 30 1 28 24 3 ;
set Ra[1416]:=
8 11 18 43 19 40 ;
set Ra[1417]:=
14 ;
set Ra[1418]:=
42 13 24 16 31 ;
set Ra[1419]:=
30 3 ;
set Ra[1420]:=
14 ;
set Ra[1421]:=
33 ;
set Ra[1422]:=
31 26 30 21 9 15 ;
set Ra[1423]:=
35 26 6 13 ;
set Ra[1424]:=
34 50 46 43 15 ;
set Ra[1425]:=
28 44 13 3 18 27 ;
set Ra[1426]:=
8 36 19 23 39 11 ;
set Ra[1427]:=
48 45 13 36 ;
set Ra[1428]:=
24 29 18 4 ;
set Ra[1429]:=
8 ;
set Ra[1430]:=
9 16 28 ;
set Ra[1431]:=
28 36 32 25 ;
set Ra[1432]:=
23 1 46 ;
set Ra[1433]:=
10 17 18 14 ;
set Ra[1434]:=
1 47 22 31 36 33 ;
set Ra[1435]:=
48 25 14 ;
set Ra[1436]:=
12 14 ;
set Ra[1437]:=
14 38 12 9 ;
set Ra[1438]:=
26 28 44 34 ;
set Ra[1439]:=
9 36 39 5 ;
set Ra[1440]:=
6 16 32 ;
set Ra[1441]:=
24 2 ;
set Ra[1442]:=
39 17 48 ;
set Ra[1443]:=
28 11 29 48 39 38 ;
set Ra[1444]:=
6 50 24 30 ;
set Ra[1445]:=
7 40 47 50 ;
set Ra[1446]:=
15 11 34 48 4 ;
set Ra[1447]:=
46 24 15 ;
set Ra[1448]:=
9 15 39 ;
set Ra[1449]:=
42 38 1 ;
set Ra[1450]:=
30 22 29 ;
set Ra[1451]:=
42 23 50 ;
set Ra[1452]:=
33 46 34 23 8 21 ;
set Ra[1453]:=
24 ;
set Ra[1454]:=
43 15 41 2 9 ;
set Ra[1455]:=
22 ;
set Ra[1456]:=
5 50 15 42 ;
set Ra[1457]:=
18 5 4 ;
set Ra[1458]:=
32 ;
set Ra[1459]:=
31 36 41 18 ;
set Ra[1460]:=
12 ;
set Ra[1461]:=
2 43 41 ;
set Ra[1462]:=
45 25 31 24 ;
set Ra[1463]:=
4 36 ;
set Ra[1464]:=
22 ;
set Ra[1465]:=
36 ;
set Ra[1466]:=
40 ;
set Ra[1467]:=
31 26 12 4 ;
set Ra[1468]:=
32 28 35 38 ;
set Ra[1469]:=
24 38 43 40 9 ;
set Ra[1470]:=
46 5 42 ;
set Ra[1471]:=
35 19 36 ;
set Ra[1472]:=
41 37 ;
set Ra[1473]:=
8 25 30 49 10 6 ;
set Ra[1474]:=
21 19 ;
set Ra[1475]:=
38 1 37 26 27 ;
set Ra[1476]:=
48 32 6 43 ;
set Ra[1477]:=
21 13 ;
set Ra[1478]:=
49 29 ;
set Ra[1479]:=
27 46 3 11 35 ;
set Ra[1480]:=
17 4 ;
set Ra[1481]:=
25 37 45 6 ;
set Ra[1482]:=
12 26 8 50 ;
set Ra[1483]:=
36 34 50 25 5 26 ;
set Ra[1484]:=
28 2 ;
set Ra[1485]:=
26 5 14 34 39 37 ;
set Ra[1486]:=
3 ;
set Ra[1487]:=
36 ;
set Ra[1488]:=
14 6 49 22 ;
set Ra[1489]:=
46 38 11 27 21 ;
set Ra[1490]:=
33 11 27 45 23 34 ;
set Ra[1491]:=
48 ;
set Ra[1492]:=
35 19 13 21 ;
set Ra[1493]:=
35 46 ;
set Ra[1494]:=
14 44 ;
set Ra[1495]:=
46 39 ;
set Ra[1496]:=
43 14 8 ;
set Ra[1497]:=
17 50 8 ;
set Ra[1498]:=
42 31 46 17 38 33 ;
set Ra[1499]:=
29 26 17 42 ;
set Ra[1500]:=
40 38 ;
set Ra[1501]:=
12 32 49 3 ;
set Ra[1502]:=
29 2 35 36 43 ;
set Ra[1503]:=
36 10 40 33 32 21 ;
set Ra[1504]:=
5 ;
set Ra[1505]:=
13 25 37 20 1 8 ;
set Ra[1506]:=
37 5 25 28 10 ;
set Ra[1507]:=
2 44 ;
set Ra[1508]:=
20 30 40 ;
set Ra[1509]:=
19 36 14 4 33 ;
set Ra[1510]:=
6 39 47 44 ;
set Ra[1511]:=
19 14 ;
set Ra[1512]:=
32 50 ;
set Ra[1513]:=
7 16 2 23 18 41 ;
set Ra[1514]:=
15 9 17 37 42 47 ;
set Ra[1515]:=
41 1 32 ;
set Ra[1516]:=
48 28 ;
set Ra[1517]:=
26 50 ;
set Ra[1518]:=
42 37 2 14 ;
set Ra[1519]:=
36 24 28 14 46 ;
set Ra[1520]:=
32 ;
set Ra[1521]:=
45 32 43 ;
set Ra[1522]:=
44 26 29 27 ;
set Ra[1523]:=
42 47 12 50 ;
set Ra[1524]:=
30 44 34 48 ;
set Ra[1525]:=
25 50 48 41 ;
set Ra[1526]:=
45 41 ;
set Ra[1527]:=
10 26 2 42 ;
set Ra[1528]:=
24 10 18 ;
set Ra[1529]:=
45 12 36 11 ;
set Ra[1530]:=
9 ;
set Ra[1531]:=
38 37 9 41 25 ;
set Ra[1532]:=
36 16 9 30 4 20 ;
set Ra[1533]:=
11 ;
set Ra[1534]:=
40 26 46 3 ;
set Ra[1535]:=
40 3 ;
set Ra[1536]:=
7 28 33 ;
set Ra[1537]:=
37 41 39 14 ;
set Ra[1538]:=
30 50 ;
set Ra[1539]:=
47 32 8 4 33 ;
set Ra[1540]:=
18 ;
set Ra[1541]:=
37 43 33 50 ;
set Ra[1542]:=
40 10 ;
set Ra[1543]:=
31 7 1 41 ;
set Ra[1544]:=
4 32 29 16 ;
set Ra[1545]:=
41 8 33 5 44 ;
set Ra[1546]:=
2 12 6 ;
set Ra[1547]:=
4 49 7 3 43 ;
set Ra[1548]:=
27 18 8 15 10 30 ;
set Ra[1549]:=
37 28 42 17 ;
set Ra[1550]:=
32 42 40 ;
set Ra[1551]:=
26 12 18 49 7 36 ;
set Ra[1552]:=
35 2 ;
set Ra[1553]:=
39 24 1 3 ;
set Ra[1554]:=
22 ;
set Ra[1555]:=
44 41 4 18 40 ;
set Ra[1556]:=
17 15 ;
set Ra[1557]:=
8 34 37 20 27 33 ;
set Ra[1558]:=
35 17 ;
set Ra[1559]:=
10 20 19 ;
set Ra[1560]:=
41 12 ;
set Ra[1561]:=
20 42 19 ;
set Ra[1562]:=
25 24 46 21 ;
set Ra[1563]:=
44 ;
set Ra[1564]:=
18 50 ;
set Ra[1565]:=
39 41 ;
set Ra[1566]:=
42 27 ;
set Ra[1567]:=
27 18 ;
set Ra[1568]:=
44 45 41 33 4 7 ;
set Ra[1569]:=
34 49 17 19 48 ;
set Ra[1570]:=
7 ;
set Ra[1571]:=
12 39 28 30 13 36 ;
set Ra[1572]:=
24 10 47 9 ;
set Ra[1573]:=
22 23 19 20 ;
set Ra[1574]:=
30 39 49 33 10 4 ;
set Ra[1575]:=
47 44 ;
set Ra[1576]:=
10 8 ;
set Ra[1577]:=
32 28 21 ;
set Ra[1578]:=
46 37 7 23 22 38 ;
set Ra[1579]:=
5 6 50 39 31 ;
set Ra[1580]:=
21 36 46 8 14 18 ;
set Ra[1581]:=
46 ;
set Ra[1582]:=
16 13 46 44 38 31 ;
set Ra[1583]:=
45 31 18 ;
set Ra[1584]:=
48 18 46 10 ;
set Ra[1585]:=
38 5 34 44 ;
set Ra[1586]:=
35 39 27 45 ;
set Ra[1587]:=
23 ;
set Ra[1588]:=
16 38 4 36 6 1 ;
set Ra[1589]:=
7 ;
set Ra[1590]:=
36 22 45 ;
set Ra[1591]:=
48 29 3 ;
set Ra[1592]:=
17 32 ;
set Ra[1593]:=
49 25 7 ;
set Ra[1594]:=
39 37 45 1 ;
set Ra[1595]:=
20 22 43 47 7 ;
set Ra[1596]:=
30 16 ;
set Ra[1597]:=
4 ;
set Ra[1598]:=
15 ;
set Ra[1599]:=
15 8 ;
set Ra[1600]:=
24 33 12 ;
set Ra[1601]:=
25 5 ;
set Ra[1602]:=
40 4 ;
set Ra[1603]:=
17 2 29 7 ;
set Ra[1604]:=
32 9 30 47 ;
set Ra[1605]:=
16 ;
set Ra[1606]:=
20 30 18 2 ;
set Ra[1607]:=
7 ;
set Ra[1608]:=
23 11 9 37 3 49 ;
set Ra[1609]:=
15 21 ;
set Ra[1610]:=
16 32 46 2 35 22 ;
set Ra[1611]:=
33 1 16 49 ;
set Ra[1612]:=
33 43 12 21 ;
set Ra[1613]:=
29 3 21 ;
set Ra[1614]:=
6 10 50 17 ;
set Ra[1615]:=
17 12 35 27 36 34 ;
set Ra[1616]:=
16 13 44 34 11 48 ;
set Ra[1617]:=
19 25 11 ;
set Ra[1618]:=
50 9 23 ;
set Ra[1619]:=
4 ;
set Ra[1620]:=
32 49 ;
set Ra[1621]:=
35 ;
set Ra[1622]:=
12 40 17 18 4 ;
set Ra[1623]:=
40 ;
set Ra[1624]:=
35 45 3 ;
set Ra[1625]:=
25 19 ;
set Ra[1626]:=
12 46 49 ;
set Ra[1627]:=
49 2 37 27 ;
set Ra[1628]:=
38 41 31 37 ;
set Ra[1629]:=
30 15 46 2 18 ;
set Ra[1630]:=
4 ;
set Ra[1631]:=
31 47 ;
set Ra[1632]:=
27 45 9 31 ;
set Ra[1633]:=
2 32 12 27 7 23 ;
set Ra[1634]:=
24 16 31 18 ;
set Ra[1635]:=
40 50 ;
set Ra[1636]:=
39 23 9 42 12 16 ;
set Ra[1637]:=
20 24 13 1 11 7 ;
set Ra[1638]:=
13 ;
set Ra[1639]:=
16 13 48 ;
set Ra[1640]:=
36 3 ;
set Ra[1641]:=
38 24 11 ;
set Ra[1642]:=
31 ;
set Ra[1643]:=
5 27 29 ;
set Ra[1644]:=
34 30 31 11 19 49 ;
set Ra[1645]:=
44 ;
set Ra[1646]:=
25 50 35 49 ;
set Ra[1647]:=
45 26 29 36 43 6 ;
set Ra[1648]:=
29 13 37 25 45 35 ;
set Ra[1649]:=
28 45 11 ;
set Ra[1650]:=
23 22 33 ;
set Ra[1651]:=
50 22 4 27 21 ;
set Ra[1652]:=
26 ;
set Ra[1653]:=
49 42 41 33 10 19 ;
set Ra[1654]:=
2 34 11 17 31 ;
set Ra[1655]:=
43 24 32 18 6 26 ;
set Ra[1656]:=
19 25 27 ;
set Ra[1657]:=
18 5 ;
set Ra[1658]:=
37 11 ;
set Ra[1659]:=
8 ;
set Ra[1660]:=
24 46 25 ;
set Ra[1661]:=
40 18 36 ;
set Ra[1662]:=
2 11 28 ;
set Ra[1663]:=
15 ;
set Ra[1664]:=
26 28 9 40 ;
set Ra[1665]:=
48 8 29 9 ;
set Ra[1666]:=
3 35 26 11 21 31 ;
set Ra[1667]:=
5 37 ;
set Ra[1668]:=
44 39 47 ;
set Ra[1669]:=
41 7 45 25 ;
set Ra[1670]:=
42 46 33 35 8 ;
set Ra[1671]:=
10 17 ;
set Ra[1672]:=
9 28 ;
set Ra[1673]:=
25 40 28 ;
set Ra[1674]:=
33 27 ;
set Ra[1675]:=
28 26 27 7 ;
set Ra[1676]:=
22 ;
set Ra[1677]:=
47 ;
set Ra[1678]:=
28 24 31 37 ;
set Ra[1679]:=
33 23 ;
set Ra[1680]:=
5 17 19 10 38 24 ;
set Ra[1681]:=
47 24 19 48 ;
set Ra[1682]:=
1 6 22 15 13 ;
set Ra[1683]:=
1 29 44 ;
set Ra[1684]:=
50 35 ;
set Ra[1685]:=
16 21 9 23 37 3 ;
set Ra[1686]:=
21 10 ;
set Ra[1687]:=
1 43 ;
set Ra[1688]:=
42 46 ;
set Ra[1689]:=
2 39 10 ;
set Ra[1690]:=
3 ;
set Ra[1691]:=
35 44 ;
set Ra[1692]:=
40 23 ;
set Ra[1693]:=
50 49 ;
set Ra[1694]:=
26 18 28 37 3 ;
set Ra[1695]:=
37 38 ;
set Ra[1696]:=
19 23 5 38 ;
set Ra[1697]:=
13 8 11 ;
set Ra[1698]:=
3 ;
set Ra[1699]:=
20 43 30 23 ;
set Ra[1700]:=
12 ;
set Ra[1701]:=
32 14 7 36 8 40 ;
set Ra[1702]:=
11 ;
set Ra[1703]:=
42 33 39 38 ;
set Ra[1704]:=
47 29 ;
set Ra[1705]:=
42 33 22 41 38 1 ;
set Ra[1706]:=
24 ;
set Ra[1707]:=
1 30 13 38 17 36 ;
set Ra[1708]:=
25 ;
set Ra[1709]:=
34 49 8 ;
set Ra[1710]:=
42 30 14 50 32 49 ;
set Ra[1711]:=
17 28 16 39 12 50 ;
set Ra[1712]:=
42 14 2 38 43 ;
set Ra[1713]:=
16 12 39 ;
set Ra[1714]:=
15 42 48 ;
set Ra[1715]:=
44 11 ;
set Ra[1716]:=
4 44 6 ;
set Ra[1717]:=
43 23 35 31 ;
set Ra[1718]:=
21 42 29 2 ;
set Ra[1719]:=
42 9 18 14 31 24 ;
set Ra[1720]:=
21 32 41 44 26 ;
set Ra[1721]:=
3 43 7 32 21 ;
set Ra[1722]:=
49 26 10 14 ;
set Ra[1723]:=
23 45 36 18 1 ;
set Ra[1724]:=
50 24 33 36 45 3 ;
set Ra[1725]:=
18 27 17 28 32 ;
set Ra[1726]:=
18 27 17 ;
set Ra[1727]:=
1 25 3 ;
set Ra[1728]:=
6 16 32 24 31 40 ;
set Ra[1729]:=
6 ;
set Ra[1730]:=
3 24 4 16 ;
set Ra[1731]:=
37 23 43 ;
set Ra[1732]:=
11 29 13 23 39 ;
set Ra[1733]:=
48 15 ;
set Ra[1734]:=
1 28 ;
set Ra[1735]:=
40 46 31 38 26 ;
set Ra[1736]:=
39 8 28 ;
set Ra[1737]:=
33 17 44 24 28 1 ;
set Ra[1738]:=
10 16 30 ;
set Ra[1739]:=
30 49 42 43 12 ;
set Ra[1740]:=
32 8 ;
set Ra[1741]:=
4 ;
set Ra[1742]:=
23 4 37 33 ;
set Ra[1743]:=
44 13 42 5 31 21 ;
set Ra[1744]:=
34 21 28 35 8 47 ;
set Ra[1745]:=
38 10 28 22 7 21 ;
set Ra[1746]:=
33 39 42 27 17 ;
set Ra[1747]:=
36 4 18 ;
set Ra[1748]:=
41 19 ;
set Ra[1749]:=
43 47 7 49 ;
set Ra[1750]:=
8 43 12 23 ;
set Ra[1751]:=
42 44 27 35 45 25 ;
set Ra[1752]:=
12 50 4 ;
set Ra[1753]:=
25 30 23 ;
set Ra[1754]:=
33 47 ;
set Ra[1755]:=
4 ;
set Ra[1756]:=
34 13 14 6 1 ;
set Ra[1757]:=
37 22 3 13 19 29 ;
set Ra[1758]:=
44 8 36 16 ;
set Ra[1759]:=
13 37 44 38 24 25 ;
set Ra[1760]:=
20 ;
set Ra[1761]:=
14 23 ;
set Ra[1762]:=
48 1 16 23 9 36 ;
set Ra[1763]:=
5 15 ;
set Ra[1764]:=
24 15 3 49 ;
set Ra[1765]:=
27 32 30 ;
set Ra[1766]:=
5 29 35 17 19 14 ;
set Ra[1767]:=
26 23 4 40 1 ;
set Ra[1768]:=
44 10 47 23 ;
set Ra[1769]:=
3 19 9 4 8 ;
set Ra[1770]:=
32 ;
set Ra[1771]:=
39 ;
set Ra[1772]:=
24 ;
set Ra[1773]:=
3 6 20 7 22 ;
set Ra[1774]:=
19 38 39 36 28 42 ;
set Ra[1775]:=
1 13 14 32 ;
set Ra[1776]:=
25 ;
set Ra[1777]:=
46 ;
set Ra[1778]:=
13 50 32 ;
set Ra[1779]:=
34 ;
set Ra[1780]:=
7 14 ;
set Ra[1781]:=
40 24 ;
set Ra[1782]:=
21 4 ;
set Ra[1783]:=
32 9 41 46 1 7 ;
set Ra[1784]:=
37 31 28 ;
set Ra[1785]:=
49 ;
set Ra[1786]:=
25 23 33 17 11 ;
set Ra[1787]:=
14 33 34 ;
set Ra[1788]:=
26 11 17 16 23 ;
set Ra[1789]:=
40 ;
set Ra[1790]:=
9 ;
set Ra[1791]:=
18 ;
set Ra[1792]:=
18 ;
set Ra[1793]:=
38 44 37 46 35 ;
set Ra[1794]:=
49 2 40 30 ;
set Ra[1795]:=
46 ;
set Ra[1796]:=
42 32 ;
set Ra[1797]:=
30 10 1 ;
set Ra[1798]:=
32 11 2 19 13 ;
set Ra[1799]:=
7 19 48 47 ;
set Ra[1800]:=
40 16 29 41 ;
set Ra[1801]:=
44 35 36 7 ;
set Ra[1802]:=
15 24 39 37 8 26 ;
set Ra[1803]:=
27 43 ;
set Ra[1804]:=
2 16 44 49 ;
set Ra[1805]:=
40 1 ;
set Ra[1806]:=
45 20 3 33 ;
set Ra[1807]:=
21 41 ;
set Ra[1808]:=
42 50 ;
set Ra[1809]:=
11 7 42 ;
set Ra[1810]:=
47 32 34 48 4 20 ;
set Ra[1811]:=
39 31 36 ;
set Ra[1812]:=
15 33 29 ;
set Ra[1813]:=
43 ;
set Ra[1814]:=
31 47 50 30 14 7 ;
set Ra[1815]:=
7 48 31 6 35 ;
set Ra[1816]:=
1 9 27 45 ;
set Ra[1817]:=
20 24 23 35 43 42 ;
set Ra[1818]:=
20 37 22 6 28 21 ;
set Ra[1819]:=
19 30 21 26 ;
set Ra[1820]:=
13 20 14 28 ;
set Ra[1821]:=
20 27 ;
set Ra[1822]:=
38 7 49 ;
set Ra[1823]:=
50 16 4 44 3 1 ;
set Ra[1824]:=
11 ;
set Ra[1825]:=
4 44 ;
set Ra[1826]:=
15 29 ;
set Ra[1827]:=
1 4 15 36 ;
set Ra[1828]:=
16 44 11 33 47 19 ;
set Ra[1829]:=
15 37 3 5 27 ;
set Ra[1830]:=
32 ;
set Ra[1831]:=
21 40 ;
set Ra[1832]:=
8 16 36 ;
set Ra[1833]:=
28 5 35 11 33 10 ;
set Ra[1834]:=
24 ;
set Ra[1835]:=
35 10 ;
set Ra[1836]:=
24 26 30 33 15 20 ;
set Ra[1837]:=
28 44 15 8 36 ;
set Ra[1838]:=
39 15 50 32 ;
set Ra[1839]:=
41 46 8 50 29 ;
set Ra[1840]:=
13 ;
set Ra[1841]:=
35 ;
set Ra[1842]:=
29 34 ;
set Ra[1843]:=
45 ;
set Ra[1844]:=
22 28 ;
set Ra[1845]:=
12 37 27 19 ;
set Ra[1846]:=
36 7 43 33 ;
set Ra[1847]:=
50 ;
set Ra[1848]:=
35 25 28 47 ;
set Ra[1849]:=
47 39 16 19 ;
set Ra[1850]:=
37 48 24 10 30 ;
set Ra[1851]:=
27 1 3 48 34 ;
set Ra[1852]:=
49 23 50 4 20 36 ;
set Ra[1853]:=
32 17 ;
set Ra[1854]:=
7 2 5 50 ;
set Ra[1855]:=
25 37 22 ;
set Ra[1856]:=
15 45 34 48 ;
set Ra[1857]:=
31 14 49 ;
set Ra[1858]:=
2 25 9 36 ;
set Ra[1859]:=
38 1 47 ;
set Ra[1860]:=
17 32 27 5 ;
set Ra[1861]:=
24 43 29 21 ;
set Ra[1862]:=
39 11 9 30 33 ;
set Ra[1863]:=
7 ;
set Ra[1864]:=
18 16 20 17 ;
set Ra[1865]:=
1 24 3 32 ;
set Ra[1866]:=
4 26 11 ;
set Ra[1867]:=
40 28 50 16 ;
set Ra[1868]:=
27 18 33 22 ;
set Ra[1869]:=
20 10 3 42 4 13 ;
set Ra[1870]:=
26 34 48 ;
set Ra[1871]:=
10 39 36 8 44 33 ;
set Ra[1872]:=
35 1 17 7 49 ;
set Ra[1873]:=
22 15 8 45 50 41 ;
set Ra[1874]:=
33 11 36 15 14 28 ;
set Ra[1875]:=
11 41 44 15 12 ;
set Ra[1876]:=
14 17 49 30 ;
set Ra[1877]:=
17 50 ;
set Ra[1878]:=
1 25 11 48 45 41 ;
set Ra[1879]:=
37 44 30 50 ;
set Ra[1880]:=
32 ;
set Ra[1881]:=
11 20 33 29 21 8 ;
set Ra[1882]:=
31 24 30 ;
set Ra[1883]:=
45 ;
set Ra[1884]:=
28 5 48 27 13 ;
set Ra[1885]:=
50 12 41 21 42 ;
set Ra[1886]:=
8 33 42 3 50 ;
set Ra[1887]:=
43 22 30 11 20 ;
set Ra[1888]:=
5 45 29 18 32 46 ;
set Ra[1889]:=
18 31 14 ;
set Ra[1890]:=
19 21 42 38 33 49 ;
set Ra[1891]:=
9 19 ;
set Ra[1892]:=
1 44 24 ;
set Ra[1893]:=
7 13 29 42 ;
set Ra[1894]:=
25 17 16 1 44 ;
set Ra[1895]:=
1 ;
set Ra[1896]:=
13 10 15 ;
set Ra[1897]:=
40 ;
set Ra[1898]:=
49 ;
set Ra[1899]:=
20 30 24 28 49 16 ;
set Ra[1900]:=
13 37 30 ;
set Ra[1901]:=
8 28 35 46 1 41 ;
set Ra[1902]:=
48 34 10 21 2 33 ;
set Ra[1903]:=
37 42 22 18 30 44 ;
set Ra[1904]:=
31 20 ;
set Ra[1905]:=
48 26 23 35 47 ;
set Ra[1906]:=
24 29 4 30 ;
set Ra[1907]:=
21 ;
set Ra[1908]:=
38 50 11 34 10 ;
set Ra[1909]:=
19 ;
set Ra[1910]:=
25 5 19 17 4 49 ;
set Ra[1911]:=
15 33 29 14 16 39 ;
set Ra[1912]:=
44 41 20 ;
set Ra[1913]:=
30 49 27 36 ;
set Ra[1914]:=
14 10 25 ;
set Ra[1915]:=
22 ;
set Ra[1916]:=
34 19 ;
set Ra[1917]:=
3 47 ;
set Ra[1918]:=
45 30 ;
set Ra[1919]:=
19 12 23 43 50 ;
set Ra[1920]:=
23 8 1 46 42 ;
set Ra[1921]:=
42 ;
set Ra[1922]:=
5 46 ;
set Ra[1923]:=
9 29 1 12 32 ;
set Ra[1924]:=
49 42 20 43 ;
set Ra[1925]:=
35 ;
set Ra[1926]:=
25 47 37 ;
set Ra[1927]:=
24 32 43 17 4 ;
set Ra[1928]:=
36 ;
set Ra[1929]:=
39 ;
set Ra[1930]:=
29 25 48 34 36 ;
set Ra[1931]:=
20 38 3 ;
set Ra[1932]:=
15 42 36 ;
set Ra[1933]:=
42 ;
set Ra[1934]:=
44 43 42 13 ;
set Ra[1935]:=
34 ;
set Ra[1936]:=
8 38 ;
set Ra[1937]:=
47 11 28 3 ;
set Ra[1938]:=
14 49 47 24 ;
set Ra[1939]:=
15 ;
set Ra[1940]:=
33 42 13 4 32 ;
set Ra[1941]:=
42 1 33 24 30 ;
set Ra[1942]:=
35 ;
set Ra[1943]:=
30 5 9 36 13 ;
set Ra[1944]:=
47 ;
set Ra[1945]:=
14 46 9 6 37 18 ;
set Ra[1946]:=
28 14 18 1 37 4 ;
set Ra[1947]:=
8 25 ;
set Ra[1948]:=
47 1 13 30 19 ;
set Ra[1949]:=
41 42 24 ;
set Ra[1950]:=
17 50 ;
set Ra[1951]:=
37 19 46 ;
set Ra[1952]:=
8 37 26 ;
set Ra[1953]:=
21 35 48 ;
set Ra[1954]:=
3 1 14 30 27 38 ;
set Ra[1955]:=
44 13 46 28 29 ;
set Ra[1956]:=
49 ;
set Ra[1957]:=
34 20 46 19 2 ;
set Ra[1958]:=
23 18 32 10 33 12 ;
set Ra[1959]:=
47 2 20 ;
set Ra[1960]:=
9 2 ;
set Ra[1961]:=
5 33 11 44 17 ;
set Ra[1962]:=
27 26 ;
set Ra[1963]:=
38 20 12 28 41 ;
set Ra[1964]:=
38 35 4 24 ;
set Ra[1965]:=
17 40 42 ;
set Ra[1966]:=
42 10 44 ;
set Ra[1967]:=
23 24 15 ;
set Ra[1968]:=
28 41 ;
set Ra[1969]:=
45 18 12 27 44 ;
set Ra[1970]:=
24 11 21 3 ;
set Ra[1971]:=
28 13 ;
set Ra[1972]:=
19 3 42 50 39 ;
set Ra[1973]:=
43 48 ;
set Ra[1974]:=
5 36 48 4 31 ;
set Ra[1975]:=
2 ;
set Ra[1976]:=
2 42 27 22 ;
set Ra[1977]:=
49 23 27 ;
set Ra[1978]:=
16 10 43 28 9 ;
set Ra[1979]:=
8 22 30 35 ;
set Ra[1980]:=
10 30 ;
set Ra[1981]:=
35 ;
set Ra[1982]:=
13 ;
set Ra[1983]:=
49 25 ;
set Ra[1984]:=
44 3 11 42 21 ;
set Ra[1985]:=
27 1 35 40 ;
set Ra[1986]:=
2 19 50 32 15 ;
set Ra[1987]:=
21 ;
set Ra[1988]:=
3 ;
set Ra[1989]:=
39 46 15 48 27 38 ;
set Ra[1990]:=
39 49 ;
set Ra[1991]:=
35 34 32 19 ;
set Ra[1992]:=
5 27 ;
set Ra[1993]:=
27 34 25 39 ;
set Ra[1994]:=
22 ;
set Ra[1995]:=
23 19 48 42 13 26 ;
set Ra[1996]:=
3 ;
set Ra[1997]:=
24 6 41 19 20 ;
set Ra[1998]:=
47 3 42 44 2 ;
set Ra[1999]:=
8 48 4 7 ;
set Ra[2000]:=
18 19 ;

set Ts[1]:=
1_7_8 5_19_20 5_11_12 3_15_16 2_7_8 ;
set Ts[2]:=
4_9_10 1_9_10 2_5_6 1_5_6 3_19_20 2_11_12 4_15_16 5_17_18 3_17_18 1_7_8 2_15_16 2_13_14 4_17_18 ;
set Ts[3]:=
3_19_20 5_9_10 4_5_6 2_11_12 2_1_2 4_3_4 5_19_20 3_7_8 5_5_6 ;
set Ts[4]:=
2_7_8 2_17_18 4_1_2 1_7_8 2_3_4 ;
set Ts[5]:=
3_17_18 2_17_18 3_13_14 5_9_10 3_15_16 5_17_18 4_15_16 3_5_6 3_7_8 5_5_6 ;
set Ts[6]:=
5_17_18 5_19_20 2_3_4 1_9_10 3_13_14 ;
set Ts[7]:=
1_11_12 3_3_4 2_7_8 3_5_6 ;
set Ts[8]:=
4_3_4 3_11_12 3_5_6 5_11_12 ;
set Ts[9]:=
2_9_10 4_9_10 ;
set Ts[10]:=
3_7_8 5_9_10 ;
set Ts[11]:=
3_7_8 2_11_12 1_11_12 1_9_10 2_13_14 2_19_20 ;
set Ts[12]:=
1_7_8 1_13_14 2_3_4 4_11_12 5_15_16 3_17_18 1_5_6 4_3_4 2_11_12 ;
set Ts[13]:=
4_13_14 2_13_14 4_17_18 2_7_8 ;
set Ts[14]:=
2_3_4 2_7_8 4_19_20 1_7_8 ;
set Ts[15]:=
1_9_10 2_11_12 3_13_14 1_19_20 3_1_2 3_17_18 3_9_10 5_9_10 5_19_20 ;
set Ts[16]:=
2_13_14 4_5_6 3_7_8 3_9_10 4_1_2 ;
set Ts[17]:=
2_19_20 3_17_18 2_17_18 3_5_6 2_15_16 4_11_12 5_3_4 5_11_12 4_3_4 1_19_20 4_15_16 4_1_2 ;
set Ts[18]:=
1_3_4 4_7_8 1_13_14 3_5_6 2_11_12 1_5_6 5_11_12 1_11_12 3_17_18 ;
set Ts[19]:=
5_15_16 3_11_12 2_17_18 3_19_20 2_15_16 5_19_20 4_7_8 2_3_4 ;
set Ts[20]:=
3_5_6 4_13_14 ;
set Ts[21]:=
4_9_10 1_7_8 1_11_12 5_19_20 2_3_4 1_9_10 3_7_8 4_1_2 1_15_16 ;
set Ts[22]:=
4_7_8 4_11_12 4_3_4 ;
set Ts[23]:=
5_1_2 5_7_8 1_5_6 1_15_16 2_7_8 1_7_8 4_3_4 1_3_4 ;
set Ts[24]:=
5_19_20 5_13_14 5_1_2 ;
set Ts[25]:=
1_17_18 2_1_2 2_13_14 1_15_16 2_5_6 4_1_2 2_9_10 4_11_12 ;
set Ts[26]:=
2_7_8 5_3_4 5_9_10 1_17_18 1_13_14 ;
set Ts[27]:=
3_13_14 4_15_16 4_13_14 4_19_20 5_5_6 3_11_12 2_19_20 3_7_8 2_9_10 2_11_12 2_3_4 5_9_10 ;
set Ts[28]:=
1_11_12 1_13_14 2_13_14 5_15_16 5_11_12 4_5_6 ;
set Ts[29]:=
3_9_10 2_17_18 4_7_8 2_13_14 ;
set Ts[30]:=
1_5_6 3_11_12 2_7_8 5_11_12 4_1_2 4_9_10 5_13_14 1_13_14 2_5_6 2_15_16 ;
set Ts[31]:=
2_19_20 1_17_18 1_7_8 4_1_2 1_13_14 2_5_6 2_11_12 3_17_18 4_7_8 ;
set Ts[32]:=
1_5_6 3_17_18 5_17_18 4_7_8 4_5_6 1_9_10 ;
set Ts[33]:=
4_7_8 3_13_14 ;
set Ts[34]:=
3_15_16 5_5_6 4_15_16 5_9_10 5_7_8 2_5_6 2_9_10 2_11_12 3_17_18 ;
set Ts[35]:=
3_9_10 5_15_16 1_1_2 1_13_14 4_17_18 4_11_12 5_17_18 ;
set Ts[36]:=
2_3_4 5_9_10 4_11_12 4_19_20 3_11_12 ;
set Ts[37]:=
3_1_2 5_19_20 4_17_18 ;
set Ts[38]:=
3_17_18 4_5_6 ;
set Ts[39]:=
4_1_2 2_5_6 1_19_20 4_19_20 5_15_16 3_15_16 2_11_12 1_5_6 ;
set Ts[40]:=
4_19_20 2_9_10 5_5_6 4_15_16 4_17_18 ;
set Ts[41]:=
3_17_18 2_7_8 2_11_12 1_3_4 1_9_10 4_11_12 4_17_18 5_17_18 4_19_20 2_19_20 5_1_2 5_15_16 5_5_6 ;
set Ts[42]:=
1_9_10 4_1_2 ;
set Ts[43]:=
3_1_2 5_3_4 2_13_14 4_1_2 4_9_10 ;
set Ts[44]:=
1_17_18 5_13_14 4_7_8 2_11_12 2_3_4 2_7_8 ;
set Ts[45]:=
1_13_14 2_9_10 5_13_14 3_1_2 5_15_16 ;
set Ts[46]:=
4_15_16 4_3_4 1_17_18 2_5_6 5_17_18 3_15_16 3_7_8 ;
set Ts[47]:=
1_7_8 2_5_6 2_19_20 5_17_18 4_9_10 ;
set Ts[48]:=
5_19_20 1_5_6 ;
set Ts[49]:=
5_1_2 4_3_4 5_17_18 3_19_20 1_15_16 5_7_8 3_1_2 1_9_10 5_3_4 1_13_14 1_19_20 5_5_6 ;
set Ts[50]:=
4_3_4 5_13_14 5_3_4 2_1_2 5_1_2 3_11_12 4_17_18 4_19_20 1_17_18 3_9_10 3_17_18 3_3_4 ;
set Ts[51]:=
3_11_12 3_7_8 ;
set Ts[52]:=
2_11_12 4_19_20 5_15_16 5_9_10 5_3_4 1_19_20 2_15_16 5_7_8 ;
set Ts[53]:=
5_1_2 3_9_10 5_11_12 1_11_12 5_19_20 1_13_14 4_3_4 4_17_18 5_17_18 1_9_10 3_7_8 3_13_14 3_19_20 ;
set Ts[54]:=
4_13_14 5_17_18 ;
set Ts[55]:=
1_19_20 3_9_10 1_9_10 5_1_2 ;
set Ts[56]:=
2_19_20 3_7_8 2_17_18 5_7_8 3_1_2 ;
set Ts[57]:=
5_17_18 2_5_6 1_19_20 4_19_20 4_3_4 5_1_2 3_5_6 1_3_4 1_7_8 3_11_12 ;
set Ts[58]:=
5_5_6 4_11_12 1_1_2 2_9_10 2_17_18 4_17_18 1_5_6 3_3_4 2_3_4 5_9_10 4_15_16 ;
set Ts[59]:=
2_15_16 2_3_4 5_11_12 ;
set Ts[60]:=
2_5_6 1_11_12 4_9_10 ;
set Ts[61]:=
4_5_6 3_7_8 ;
set Ts[62]:=
3_3_4 3_5_6 3_9_10 4_11_12 5_11_12 3_15_16 5_1_2 2_3_4 1_1_2 2_9_10 5_7_8 2_13_14 2_7_8 ;
set Ts[63]:=
5_17_18 5_13_14 4_3_4 2_11_12 1_3_4 1_15_16 4_19_20 ;
set Ts[64]:=
3_15_16 1_17_18 2_9_10 3_13_14 1_13_14 4_3_4 3_11_12 5_11_12 ;
set Ts[65]:=
4_1_2 5_7_8 4_19_20 3_13_14 3_1_2 1_15_16 4_13_14 1_17_18 3_5_6 5_19_20 ;
set Ts[66]:=
4_3_4 5_9_10 5_13_14 ;
set Ts[67]:=
2_15_16 1_17_18 2_5_6 3_3_4 4_1_2 5_15_16 ;
set Ts[68]:=
4_15_16 5_19_20 1_1_2 ;
set Ts[69]:=
2_17_18 5_5_6 1_9_10 2_5_6 1_5_6 ;
set Ts[70]:=
5_3_4 5_1_2 5_7_8 1_11_12 2_3_4 5_19_20 4_19_20 3_9_10 ;
set Ts[71]:=
4_3_4 2_7_8 ;
set Ts[72]:=
4_1_2 4_13_14 3_9_10 1_3_4 1_9_10 3_17_18 5_13_14 1_15_16 2_11_12 ;
set Ts[73]:=
4_19_20 3_15_16 ;
set Ts[74]:=
2_9_10 4_13_14 3_11_12 ;
set Ts[75]:=
5_3_4 5_15_16 4_7_8 3_13_14 1_17_18 4_15_16 3_1_2 ;
set Ts[76]:=
5_11_12 5_1_2 2_13_14 5_7_8 3_1_2 5_5_6 4_17_18 5_17_18 1_1_2 1_15_16 ;
set Ts[77]:=
5_3_4 1_15_16 3_7_8 5_7_8 1_3_4 2_3_4 ;
set Ts[78]:=
1_13_14 2_13_14 4_19_20 2_3_4 3_7_8 5_13_14 3_1_2 ;
set Ts[79]:=
1_17_18 3_15_16 ;
set Ts[80]:=
1_1_2 3_5_6 5_11_12 4_19_20 5_15_16 2_11_12 ;
set Ts[81]:=
1_1_2 3_11_12 ;
set Ts[82]:=
3_1_2 2_17_18 4_15_16 2_15_16 ;
set Ts[83]:=
1_9_10 1_13_14 4_13_14 3_9_10 5_11_12 4_7_8 1_7_8 3_19_20 2_7_8 1_11_12 2_1_2 ;
set Ts[84]:=
4_11_12 5_17_18 2_5_6 3_1_2 1_11_12 2_9_10 ;
set Ts[85]:=
2_9_10 1_9_10 2_5_6 1_17_18 1_7_8 1_5_6 5_9_10 5_1_2 3_3_4 ;
set Ts[86]:=
5_7_8 1_11_12 4_3_4 2_7_8 5_11_12 3_17_18 2_3_4 5_17_18 1_19_20 3_19_20 ;
set Ts[87]:=
4_17_18 3_9_10 5_7_8 3_15_16 3_5_6 1_11_12 5_19_20 1_19_20 ;
set Ts[88]:=
4_15_16 2_9_10 5_1_2 4_5_6 5_9_10 2_3_4 1_1_2 5_7_8 1_5_6 3_17_18 ;
set Ts[89]:=
1_15_16 5_13_14 4_3_4 3_15_16 3_5_6 5_1_2 3_13_14 ;
set Ts[90]:=
2_13_14 4_9_10 5_17_18 4_1_2 5_19_20 3_11_12 5_15_16 3_5_6 ;
set Ts[91]:=
3_1_2 5_13_14 5_3_4 4_3_4 3_5_6 4_1_2 2_15_16 2_17_18 1_13_14 ;
set Ts[92]:=
1_5_6 5_9_10 5_3_4 2_13_14 1_15_16 1_13_14 2_3_4 ;
set Ts[93]:=
1_1_2 3_1_2 2_1_2 4_5_6 2_19_20 3_17_18 4_13_14 4_11_12 5_17_18 3_15_16 ;
set Ts[94]:=
1_13_14 1_9_10 ;
set Ts[95]:=
1_15_16 4_17_18 5_11_12 4_15_16 2_7_8 ;
set Ts[96]:=
2_3_4 4_17_18 1_7_8 2_5_6 ;
set Ts[97]:=
5_9_10 1_15_16 2_7_8 2_5_6 3_3_4 ;
set Ts[98]:=
5_19_20 1_7_8 4_15_16 2_9_10 1_3_4 3_17_18 ;
set Ts[99]:=
4_11_12 3_5_6 3_9_10 2_11_12 1_3_4 ;
set Ts[100]:=
2_19_20 2_1_2 2_11_12 3_9_10 2_17_18 4_17_18 4_3_4 3_19_20 5_17_18 1_5_6 ;
set Ts[101]:=
2_11_12 2_17_18 2_9_10 3_3_4 5_19_20 4_19_20 4_3_4 4_7_8 2_3_4 1_9_10 5_3_4 5_11_12 ;
set Ts[102]:=
1_5_6 1_1_2 4_9_10 4_5_6 4_7_8 2_11_12 5_13_14 1_17_18 ;
set Ts[103]:=
3_11_12 2_17_18 4_9_10 3_7_8 ;
set Ts[104]:=
2_19_20 1_5_6 5_9_10 5_11_12 ;
set Ts[105]:=
5_19_20 3_7_8 2_5_6 3_3_4 1_1_2 4_7_8 4_15_16 ;
set Ts[106]:=
3_19_20 5_11_12 4_3_4 3_11_12 3_17_18 1_7_8 2_11_12 ;
set Ts[107]:=
5_17_18 3_9_10 ;
set Ts[108]:=
1_11_12 5_5_6 1_9_10 1_15_16 1_7_8 3_11_12 ;
set Ts[109]:=
5_17_18 4_7_8 1_17_18 4_17_18 2_3_4 1_9_10 2_5_6 4_19_20 ;
set Ts[110]:=
5_17_18 5_9_10 1_17_18 5_5_6 1_3_4 4_5_6 4_13_14 1_11_12 3_5_6 ;
set Ts[111]:=
3_11_12 3_1_2 3_15_16 5_15_16 2_13_14 1_19_20 1_17_18 ;
set Ts[112]:=
1_13_14 5_7_8 4_9_10 5_5_6 4_13_14 2_9_10 2_13_14 2_3_4 ;
set Ts[113]:=
2_9_10 5_9_10 3_17_18 1_19_20 5_13_14 2_13_14 4_19_20 1_3_4 3_13_14 2_15_16 3_7_8 ;
set Ts[114]:=
5_1_2 2_9_10 3_5_6 ;
set Ts[115]:=
3_5_6 5_3_4 ;
set Ts[116]:=
5_13_14 3_11_12 1_15_16 4_7_8 3_15_16 2_9_10 4_5_6 3_9_10 1_11_12 ;
set Ts[117]:=
2_15_16 3_9_10 3_19_20 1_17_18 3_17_18 ;
set Ts[118]:=
5_1_2 3_1_2 2_15_16 3_17_18 ;
set Ts[119]:=
2_19_20 4_5_6 3_17_18 2_1_2 4_1_2 1_7_8 3_15_16 1_13_14 5_1_2 5_5_6 ;
set Ts[120]:=
4_11_12 2_11_12 ;
set Ts[121]:=
2_5_6 3_17_18 5_11_12 3_19_20 ;
set Ts[122]:=
5_19_20 3_17_18 5_11_12 1_7_8 4_11_12 2_5_6 5_5_6 4_1_2 3_3_4 ;
set Ts[123]:=
2_17_18 3_3_4 2_15_16 3_9_10 2_11_12 1_1_2 4_13_14 ;
set Ts[124]:=
3_1_2 3_3_4 1_5_6 5_15_16 3_11_12 4_13_14 ;
set Ts[125]:=
1_7_8 5_5_6 1_17_18 ;
set Ts[126]:=
3_11_12 4_3_4 5_5_6 5_7_8 ;
set Ts[127]:=
3_5_6 1_7_8 ;
set Ts[128]:=
5_9_10 1_3_4 4_7_8 2_15_16 4_19_20 1_9_10 ;
set Ts[129]:=
4_15_16 5_3_4 4_1_2 5_9_10 2_9_10 4_9_10 3_13_14 ;
set Ts[130]:=
2_19_20 1_13_14 5_15_16 4_7_8 2_5_6 3_17_18 ;
set Ts[131]:=
4_1_2 2_17_18 4_19_20 5_5_6 1_17_18 1_11_12 ;
set Ts[132]:=
5_5_6 2_5_6 2_9_10 ;
set Ts[133]:=
4_1_2 3_7_8 5_17_18 3_11_12 4_7_8 4_15_16 2_19_20 1_13_14 2_13_14 ;
set Ts[134]:=
3_5_6 3_15_16 1_9_10 2_11_12 5_13_14 3_11_12 1_19_20 4_11_12 3_19_20 2_9_10 2_19_20 2_1_2 4_13_14 ;
set Ts[135]:=
1_5_6 2_3_4 2_9_10 2_5_6 5_11_12 5_1_2 5_19_20 ;
set Ts[136]:=
3_13_14 5_17_18 2_11_12 5_11_12 2_3_4 3_1_2 3_7_8 1_9_10 3_5_6 1_5_6 ;
set Ts[137]:=
3_13_14 4_7_8 1_1_2 1_17_18 2_11_12 4_19_20 3_15_16 1_9_10 2_15_16 5_13_14 4_3_4 3_3_4 1_5_6 ;
set Ts[138]:=
4_17_18 1_9_10 5_7_8 4_11_12 5_3_4 2_19_20 1_15_16 4_1_2 2_3_4 5_17_18 3_7_8 3_3_4 ;
set Ts[139]:=
5_3_4 3_7_8 1_1_2 2_3_4 2_7_8 2_11_12 2_17_18 1_13_14 ;
set Ts[140]:=
2_13_14 4_5_6 4_15_16 1_17_18 5_11_12 ;
set Ts[141]:=
4_9_10 1_9_10 3_1_2 3_7_8 ;
set Ts[142]:=
3_1_2 1_5_6 5_13_14 3_9_10 3_5_6 4_5_6 4_9_10 ;
set Ts[143]:=
5_9_10 2_9_10 4_7_8 4_11_12 4_19_20 1_17_18 3_1_2 5_17_18 3_19_20 ;
set Ts[144]:=
3_3_4 1_11_12 5_1_2 ;
set Ts[145]:=
1_9_10 1_5_6 2_7_8 4_1_2 3_15_16 1_15_16 5_5_6 ;
set Ts[146]:=
4_7_8 5_11_12 4_13_14 3_9_10 4_9_10 3_17_18 1_7_8 2_11_12 1_17_18 4_11_12 3_19_20 ;
set Ts[147]:=
5_9_10 2_3_4 3_11_12 3_9_10 4_13_14 5_15_16 3_13_14 ;
set Ts[148]:=
4_7_8 1_3_4 3_15_16 1_5_6 2_3_4 ;
set Ts[149]:=
2_11_12 5_7_8 3_19_20 4_3_4 3_9_10 1_9_10 3_3_4 5_5_6 ;
set Ts[150]:=
1_3_4 3_1_2 4_13_14 1_13_14 1_9_10 1_5_6 ;
set Ts[151]:=
5_1_2 2_19_20 2_5_6 5_7_8 ;
set Ts[152]:=
1_19_20 4_3_4 5_13_14 4_11_12 5_7_8 5_9_10 4_13_14 3_17_18 ;
set Ts[153]:=
5_5_6 2_17_18 1_13_14 2_3_4 5_17_18 ;
set Ts[154]:=
3_17_18 4_11_12 1_3_4 1_5_6 4_9_10 3_7_8 1_11_12 2_11_12 2_1_2 2_19_20 ;
set Ts[155]:=
1_13_14 4_19_20 5_19_20 4_9_10 3_1_2 1_19_20 2_15_16 2_5_6 5_13_14 ;
set Ts[156]:=
3_1_2 1_17_18 4_15_16 1_3_4 2_5_6 4_19_20 4_9_10 ;
set Ts[157]:=
1_13_14 3_7_8 4_7_8 5_11_12 2_13_14 3_15_16 3_19_20 3_5_6 ;
set Ts[158]:=
3_15_16 4_17_18 2_19_20 3_7_8 5_19_20 2_5_6 4_7_8 3_9_10 3_19_20 ;
set Ts[159]:=
3_5_6 2_5_6 4_9_10 ;
set Ts[160]:=
5_15_16 3_1_2 3_19_20 3_15_16 2_15_16 2_1_2 1_9_10 ;
set Ts[161]:=
5_11_12 2_9_10 ;
set Ts[162]:=
3_1_2 4_15_16 1_9_10 4_13_14 2_1_2 2_19_20 1_15_16 1_13_14 3_17_18 3_9_10 5_1_2 ;
set Ts[163]:=
5_3_4 4_5_6 3_13_14 3_17_18 2_1_2 4_1_2 2_19_20 1_19_20 4_17_18 ;
set Ts[164]:=
2_17_18 4_1_2 2_3_4 3_13_14 ;
set Ts[165]:=
2_7_8 2_13_14 3_19_20 2_15_16 4_5_6 5_7_8 1_11_12 ;
set Ts[166]:=
1_13_14 2_3_4 3_3_4 4_7_8 3_17_18 4_15_16 3_11_12 3_13_14 1_1_2 4_19_20 5_17_18 ;
set Ts[167]:=
3_17_18 4_19_20 ;
set Ts[168]:=
5_13_14 5_3_4 2_13_14 3_9_10 2_19_20 5_15_16 5_9_10 1_3_4 ;
set Ts[169]:=
4_15_16 2_13_14 ;
set Ts[170]:=
2_17_18 3_17_18 4_19_20 2_13_14 4_17_18 3_3_4 3_5_6 5_19_20 5_15_16 1_1_2 3_13_14 2_15_16 5_5_6 ;
set Ts[171]:=
4_17_18 1_3_4 2_3_4 3_11_12 5_7_8 1_17_18 3_1_2 4_3_4 1_13_14 ;
set Ts[172]:=
3_13_14 2_7_8 2_3_4 2_11_12 1_13_14 4_5_6 3_3_4 3_19_20 ;
set Ts[173]:=
4_3_4 3_1_2 2_5_6 1_13_14 3_3_4 4_13_14 4_11_12 5_19_20 1_19_20 1_9_10 2_7_8 ;
set Ts[174]:=
1_9_10 4_13_14 5_17_18 1_1_2 4_9_10 3_5_6 1_15_16 ;
set Ts[175]:=
1_11_12 1_17_18 ;
set Ts[176]:=
5_19_20 3_15_16 2_15_16 3_17_18 2_3_4 2_1_2 4_1_2 1_1_2 ;
set Ts[177]:=
5_11_12 1_9_10 3_5_6 2_5_6 5_17_18 ;
set Ts[178]:=
1_19_20 3_3_4 2_17_18 1_1_2 1_7_8 2_15_16 5_9_10 3_5_6 ;
set Ts[179]:=
2_9_10 3_9_10 4_3_4 3_1_2 4_17_18 2_15_16 ;
set Ts[180]:=
2_17_18 2_1_2 2_13_14 ;
set Ts[181]:=
4_9_10 3_5_6 1_13_14 2_13_14 2_1_2 1_1_2 5_11_12 4_15_16 3_17_18 ;
set Ts[182]:=
4_11_12 2_9_10 2_11_12 1_5_6 4_5_6 4_13_14 2_19_20 3_7_8 ;
set Ts[183]:=
2_5_6 2_11_12 4_19_20 5_17_18 3_19_20 ;
set Ts[184]:=
1_11_12 4_3_4 3_17_18 4_15_16 2_19_20 1_13_14 4_13_14 ;
set Ts[185]:=
5_5_6 2_13_14 2_15_16 2_5_6 ;
set Ts[186]:=
1_1_2 5_3_4 4_13_14 2_19_20 2_3_4 2_7_8 5_9_10 5_5_6 1_11_12 2_13_14 ;
set Ts[187]:=
5_11_12 1_13_14 3_19_20 2_17_18 5_15_16 1_1_2 3_9_10 2_5_6 2_11_12 1_5_6 3_7_8 ;
set Ts[188]:=
2_3_4 2_9_10 2_15_16 3_5_6 2_13_14 2_7_8 1_1_2 ;
set Ts[189]:=
5_7_8 3_7_8 1_5_6 1_13_14 5_13_14 5_9_10 1_11_12 5_15_16 ;
set Ts[190]:=
3_7_8 3_1_2 4_7_8 4_17_18 5_9_10 4_3_4 ;
set Ts[191]:=
4_9_10 3_17_18 5_19_20 2_7_8 1_13_14 3_3_4 ;
set Ts[192]:=
4_11_12 4_15_16 2_11_12 2_15_16 5_1_2 4_7_8 3_15_16 2_5_6 5_11_12 2_3_4 5_17_18 ;
set Ts[193]:=
3_9_10 1_1_2 5_11_12 3_7_8 5_15_16 1_15_16 2_3_4 ;
set Ts[194]:=
2_13_14 5_1_2 3_13_14 5_19_20 5_13_14 1_15_16 3_15_16 1_1_2 5_11_12 1_19_20 1_13_14 1_11_12 ;
set Ts[195]:=
3_19_20 2_3_4 1_11_12 2_19_20 4_3_4 5_7_8 ;
set Ts[196]:=
1_7_8 2_5_6 3_1_2 4_13_14 2_7_8 4_17_18 3_17_18 1_9_10 5_13_14 ;
set Ts[197]:=
4_15_16 2_1_2 4_3_4 2_3_4 4_17_18 5_3_4 4_5_6 5_1_2 4_13_14 ;
set Ts[198]:=
1_11_12 2_15_16 1_5_6 4_1_2 ;
set Ts[199]:=
4_9_10 5_9_10 5_17_18 ;
set Ts[200]:=
3_1_2 5_7_8 2_19_20 3_3_4 5_1_2 1_13_14 2_5_6 5_11_12 ;
set Ts[201]:=
4_13_14 3_17_18 4_7_8 1_15_16 4_17_18 ;
set Ts[202]:=
2_19_20 3_1_2 ;
set Ts[203]:=
4_19_20 1_19_20 5_5_6 2_5_6 4_1_2 3_17_18 1_15_16 5_3_4 ;
set Ts[204]:=
1_11_12 3_1_2 2_13_14 3_9_10 4_13_14 5_5_6 ;
set Ts[205]:=
1_11_12 2_9_10 1_1_2 3_13_14 2_11_12 4_7_8 ;
set Ts[206]:=
2_17_18 4_3_4 3_11_12 3_1_2 2_5_6 ;
set Ts[207]:=
1_19_20 3_19_20 2_3_4 4_5_6 3_1_2 5_15_16 4_9_10 3_3_4 1_13_14 ;
set Ts[208]:=
4_5_6 2_9_10 3_5_6 4_7_8 2_1_2 2_11_12 2_13_14 1_19_20 ;
set Ts[209]:=
2_7_8 4_3_4 2_11_12 4_15_16 1_5_6 1_15_16 1_1_2 5_9_10 ;
set Ts[210]:=
1_3_4 1_7_8 2_11_12 4_11_12 5_3_4 2_15_16 ;
set Ts[211]:=
4_19_20 5_7_8 3_11_12 4_15_16 5_5_6 1_11_12 ;
set Ts[212]:=
2_1_2 4_3_4 1_1_2 3_11_12 2_15_16 ;
set Ts[213]:=
2_19_20 4_11_12 3_5_6 5_17_18 ;
set Ts[214]:=
1_1_2 1_3_4 4_19_20 2_5_6 5_17_18 5_1_2 ;
set Ts[215]:=
4_7_8 3_19_20 3_5_6 3_17_18 5_7_8 1_19_20 1_3_4 ;
set Ts[216]:=
5_15_16 5_3_4 5_11_12 4_1_2 2_17_18 5_5_6 ;
set Ts[217]:=
4_19_20 3_19_20 5_15_16 2_1_2 1_9_10 1_19_20 5_13_14 5_7_8 ;
set Ts[218]:=
3_3_4 5_17_18 2_13_14 5_11_12 2_3_4 1_13_14 4_3_4 ;
set Ts[219]:=
2_19_20 1_15_16 5_13_14 2_7_8 4_11_12 2_13_14 ;
set Ts[220]:=
1_1_2 1_9_10 1_13_14 1_3_4 ;
set Ts[221]:=
4_7_8 3_9_10 ;
set Ts[222]:=
5_17_18 5_1_2 5_7_8 4_1_2 1_9_10 3_17_18 1_15_16 1_1_2 2_7_8 ;
set Ts[223]:=
4_19_20 4_7_8 2_9_10 2_19_20 ;
set Ts[224]:=
4_15_16 1_3_4 1_5_6 5_19_20 5_1_2 4_11_12 3_1_2 3_17_18 4_5_6 1_7_8 ;
set Ts[225]:=
3_7_8 2_3_4 4_1_2 1_9_10 2_11_12 2_5_6 2_7_8 4_17_18 1_5_6 ;
set Ts[226]:=
5_9_10 3_1_2 5_19_20 3_15_16 5_1_2 4_17_18 2_17_18 3_9_10 4_7_8 5_3_4 5_11_12 1_19_20 ;
set Ts[227]:=
4_7_8 1_9_10 5_9_10 4_13_14 1_15_16 2_11_12 5_7_8 ;
set Ts[228]:=
4_13_14 5_3_4 2_11_12 4_9_10 1_13_14 3_13_14 4_3_4 1_3_4 2_1_2 2_5_6 ;
set Ts[229]:=
4_15_16 4_1_2 3_17_18 5_17_18 3_11_12 4_17_18 4_13_14 1_1_2 2_7_8 ;
set Ts[230]:=
1_3_4 5_17_18 ;
set Ts[231]:=
4_7_8 4_9_10 2_13_14 1_9_10 4_1_2 2_9_10 3_19_20 2_15_16 1_7_8 5_3_4 ;
set Ts[232]:=
2_15_16 1_1_2 2_9_10 5_17_18 2_1_2 5_3_4 ;
set Ts[233]:=
4_9_10 1_3_4 ;
set Ts[234]:=
5_7_8 3_1_2 3_19_20 5_11_12 4_15_16 4_19_20 2_15_16 ;
set Ts[235]:=
1_11_12 5_3_4 5_13_14 4_17_18 ;
set Ts[236]:=
5_19_20 3_11_12 1_3_4 4_7_8 3_1_2 2_1_2 5_5_6 5_3_4 3_5_6 ;
set Ts[237]:=
1_7_8 4_3_4 4_1_2 1_13_14 1_15_16 3_19_20 1_5_6 2_15_16 4_5_6 ;
set Ts[238]:=
5_17_18 3_9_10 3_7_8 1_9_10 ;
set Ts[239]:=
5_13_14 2_1_2 5_5_6 2_17_18 4_5_6 1_13_14 5_11_12 5_9_10 1_17_18 4_1_2 3_1_2 4_7_8 2_11_12 ;
set Ts[240]:=
3_3_4 3_11_12 2_15_16 5_1_2 2_9_10 1_3_4 5_7_8 3_13_14 2_1_2 3_19_20 5_11_12 ;
set Ts[241]:=
3_17_18 4_9_10 4_11_12 5_19_20 4_5_6 4_17_18 ;
set Ts[242]:=
2_5_6 1_19_20 1_3_4 5_7_8 1_1_2 2_19_20 4_19_20 2_7_8 1_7_8 5_13_14 2_15_16 1_17_18 4_15_16 ;
set Ts[243]:=
5_19_20 1_3_4 4_3_4 1_11_12 3_19_20 1_15_16 5_1_2 3_13_14 2_7_8 5_9_10 2_5_6 4_17_18 4_11_12 ;
set Ts[244]:=
2_1_2 4_3_4 2_13_14 ;
set Ts[245]:=
1_11_12 4_17_18 2_9_10 1_5_6 3_17_18 4_15_16 ;
set Ts[246]:=
2_7_8 1_17_18 2_11_12 5_1_2 4_9_10 2_19_20 ;
set Ts[247]:=
1_17_18 1_11_12 3_17_18 1_7_8 3_7_8 2_1_2 ;
set Ts[248]:=
2_1_2 5_9_10 1_3_4 4_7_8 3_13_14 ;
set Ts[249]:=
4_9_10 1_5_6 3_1_2 2_15_16 2_1_2 5_5_6 4_17_18 4_13_14 5_15_16 ;
set Ts[250]:=
4_17_18 3_1_2 5_17_18 2_11_12 3_15_16 2_19_20 3_19_20 5_1_2 3_5_6 4_11_12 1_11_12 1_1_2 2_13_14 ;
set Ts[251]:=
4_15_16 5_3_4 1_5_6 1_19_20 3_3_4 4_7_8 ;
set Ts[252]:=
2_9_10 3_1_2 2_19_20 1_9_10 ;
set Ts[253]:=
3_11_12 4_3_4 4_19_20 5_11_12 3_7_8 4_1_2 4_5_6 ;
set Ts[254]:=
3_17_18 2_5_6 5_3_4 5_9_10 1_9_10 3_15_16 1_11_12 3_11_12 4_3_4 4_7_8 ;
set Ts[255]:=
3_7_8 3_19_20 4_13_14 2_15_16 5_1_2 4_19_20 2_19_20 ;
set Ts[256]:=
3_5_6 2_1_2 3_3_4 2_17_18 3_11_12 3_13_14 4_15_16 2_9_10 1_11_12 ;
set Ts[257]:=
2_5_6 4_7_8 5_17_18 2_11_12 4_13_14 1_9_10 2_9_10 ;
set Ts[258]:=
1_19_20 4_19_20 3_19_20 2_3_4 3_3_4 1_5_6 4_3_4 1_1_2 3_13_14 4_1_2 2_1_2 1_15_16 ;
set Ts[259]:=
3_13_14 5_13_14 5_7_8 4_1_2 4_15_16 3_15_16 5_15_16 ;
set Ts[260]:=
4_13_14 3_9_10 1_5_6 1_3_4 4_19_20 1_11_12 5_9_10 2_17_18 1_13_14 ;
set Ts[261]:=
2_15_16 5_13_14 2_5_6 4_3_4 4_5_6 1_11_12 4_17_18 ;
set Ts[262]:=
3_13_14 4_17_18 2_11_12 3_7_8 ;
set Ts[263]:=
4_3_4 3_3_4 5_15_16 5_5_6 5_19_20 4_9_10 4_17_18 2_1_2 2_11_12 1_15_16 4_15_16 ;
set Ts[264]:=
3_17_18 1_5_6 1_11_12 5_11_12 5_1_2 4_15_16 4_11_12 5_3_4 4_7_8 4_13_14 5_7_8 4_19_20 4_3_4 ;
set Ts[265]:=
1_17_18 2_15_16 2_1_2 2_9_10 3_3_4 1_3_4 3_11_12 3_5_6 3_9_10 2_5_6 ;
set Ts[266]:=
1_11_12 5_1_2 1_3_4 5_5_6 ;
set Ts[267]:=
1_9_10 1_13_14 3_17_18 5_7_8 2_15_16 3_13_14 3_9_10 4_19_20 1_17_18 3_3_4 5_19_20 ;
set Ts[268]:=
3_3_4 2_3_4 5_11_12 3_5_6 4_9_10 5_3_4 2_5_6 1_19_20 3_15_16 3_17_18 ;
set Ts[269]:=
2_9_10 3_15_16 1_19_20 2_1_2 2_5_6 ;
set Ts[270]:=
1_5_6 2_7_8 2_1_2 2_13_14 5_19_20 1_11_12 ;
set Ts[271]:=
4_11_12 1_9_10 ;
set Ts[272]:=
4_7_8 3_3_4 4_9_10 1_17_18 ;
set Ts[273]:=
1_9_10 3_5_6 3_17_18 5_15_16 2_3_4 5_5_6 ;
set Ts[274]:=
1_17_18 2_3_4 3_11_12 4_17_18 3_1_2 4_5_6 4_13_14 4_7_8 1_13_14 ;
set Ts[275]:=
1_17_18 3_17_18 ;
set Ts[276]:=
1_3_4 1_9_10 2_3_4 1_5_6 ;
set Ts[277]:=
4_19_20 2_3_4 3_17_18 1_17_18 4_13_14 1_1_2 ;
set Ts[278]:=
4_17_18 5_7_8 3_9_10 4_5_6 1_17_18 5_17_18 ;
set Ts[279]:=
5_17_18 3_17_18 2_15_16 1_9_10 4_15_16 3_5_6 5_7_8 5_9_10 1_11_12 ;
set Ts[280]:=
5_3_4 2_5_6 2_7_8 5_15_16 3_17_18 ;
set Ts[281]:=
4_13_14 2_3_4 5_11_12 5_7_8 3_9_10 3_1_2 3_11_12 1_3_4 ;
set Ts[282]:=
1_1_2 4_1_2 5_11_12 1_19_20 5_9_10 2_11_12 3_1_2 3_15_16 1_13_14 5_5_6 4_13_14 4_19_20 ;
set Ts[283]:=
3_1_2 2_11_12 4_9_10 2_7_8 1_3_4 2_5_6 ;
set Ts[284]:=
4_11_12 2_5_6 ;
set Ts[285]:=
3_5_6 3_7_8 ;
set Ts[286]:=
1_17_18 5_19_20 3_1_2 3_11_12 ;
set Ts[287]:=
4_1_2 1_1_2 1_9_10 ;
set Ts[288]:=
4_3_4 2_5_6 4_7_8 5_1_2 1_7_8 1_11_12 2_15_16 2_13_14 1_17_18 5_9_10 2_7_8 ;
set Ts[289]:=
4_17_18 5_17_18 5_7_8 2_1_2 2_9_10 ;
set Ts[290]:=
3_5_6 2_15_16 5_19_20 3_9_10 3_15_16 1_13_14 3_17_18 1_7_8 ;
set Ts[291]:=
3_7_8 2_19_20 5_9_10 5_19_20 3_1_2 2_7_8 5_17_18 ;
set Ts[292]:=
5_19_20 5_5_6 4_13_14 1_3_4 3_11_12 1_19_20 4_11_12 1_17_18 4_9_10 2_15_16 2_17_18 5_1_2 2_1_2 ;
set Ts[293]:=
2_17_18 4_11_12 3_9_10 5_7_8 5_15_16 2_1_2 3_19_20 ;
set Ts[294]:=
2_1_2 2_15_16 5_11_12 1_11_12 4_5_6 4_9_10 1_9_10 3_19_20 5_3_4 ;
set Ts[295]:=
1_19_20 4_19_20 2_11_12 3_5_6 4_17_18 ;
set Ts[296]:=
3_11_12 3_13_14 1_19_20 3_15_16 2_13_14 2_17_18 4_13_14 4_15_16 5_15_16 ;
set Ts[297]:=
1_19_20 4_17_18 1_5_6 1_11_12 ;
set Ts[298]:=
4_19_20 2_3_4 1_17_18 1_9_10 4_11_12 3_11_12 2_7_8 ;
set Ts[299]:=
1_13_14 4_7_8 5_5_6 4_9_10 2_3_4 4_1_2 1_17_18 5_17_18 3_5_6 4_11_12 2_5_6 5_9_10 ;
set Ts[300]:=
1_7_8 3_9_10 ;
set Ts[301]:=
4_19_20 5_19_20 5_17_18 ;
set Ts[302]:=
4_17_18 2_19_20 4_1_2 5_7_8 ;
set Ts[303]:=
1_13_14 5_13_14 4_13_14 3_1_2 4_17_18 4_19_20 5_11_12 4_9_10 ;
set Ts[304]:=
5_3_4 1_5_6 3_11_12 2_19_20 3_15_16 3_3_4 ;
set Ts[305]:=
5_7_8 4_5_6 5_13_14 ;
set Ts[306]:=
3_13_14 3_5_6 5_19_20 5_15_16 5_3_4 ;
set Ts[307]:=
1_1_2 3_3_4 ;
set Ts[308]:=
3_9_10 1_19_20 3_7_8 4_15_16 3_5_6 5_15_16 4_5_6 3_13_14 1_9_10 ;
set Ts[309]:=
4_15_16 2_13_14 1_1_2 2_11_12 5_1_2 5_15_16 5_17_18 ;
set Ts[310]:=
5_15_16 5_7_8 5_5_6 4_3_4 ;
set Ts[311]:=
5_17_18 5_13_14 4_19_20 1_1_2 2_1_2 3_15_16 ;
set Ts[312]:=
1_17_18 2_13_14 3_11_12 3_17_18 2_3_4 5_7_8 1_11_12 2_1_2 5_5_6 3_7_8 ;
set Ts[313]:=
1_17_18 3_19_20 4_5_6 3_13_14 ;
set Ts[314]:=
3_19_20 4_17_18 4_13_14 5_11_12 4_19_20 5_13_14 4_5_6 5_17_18 4_7_8 ;
set Ts[315]:=
2_7_8 1_5_6 2_9_10 ;
set Ts[316]:=
3_3_4 4_9_10 4_3_4 2_3_4 ;
set Ts[317]:=
2_7_8 3_7_8 3_3_4 4_19_20 4_1_2 5_7_8 ;
set Ts[318]:=
1_17_18 2_13_14 2_17_18 5_1_2 1_7_8 1_3_4 ;
set Ts[319]:=
2_17_18 2_19_20 3_9_10 4_5_6 ;
set Ts[320]:=
2_1_2 1_7_8 4_15_16 2_19_20 1_13_14 4_17_18 4_11_12 3_11_12 2_13_14 3_17_18 ;
set Ts[321]:=
1_15_16 1_9_10 3_7_8 2_3_4 5_11_12 ;
set Ts[322]:=
4_1_2 5_17_18 2_1_2 4_3_4 ;
set Ts[323]:=
1_5_6 4_15_16 2_17_18 5_9_10 3_13_14 3_19_20 4_13_14 ;
set Ts[324]:=
2_7_8 3_9_10 5_11_12 ;
set Ts[325]:=
3_11_12 2_1_2 5_17_18 4_17_18 2_5_6 2_11_12 4_11_12 2_17_18 4_1_2 ;
set Ts[326]:=
2_1_2 4_11_12 1_7_8 3_3_4 4_7_8 5_7_8 5_19_20 5_3_4 4_3_4 3_13_14 ;
set Ts[327]:=
5_7_8 4_9_10 4_7_8 1_7_8 2_7_8 3_11_12 ;
set Ts[328]:=
1_15_16 5_17_18 3_3_4 3_9_10 3_17_18 2_17_18 2_7_8 4_19_20 5_11_12 ;
set Ts[329]:=
3_15_16 5_7_8 3_7_8 ;
set Ts[330]:=
5_17_18 1_7_8 3_19_20 1_17_18 5_1_2 2_3_4 2_19_20 5_9_10 ;
set Ts[331]:=
2_3_4 5_15_16 3_19_20 1_5_6 1_1_2 ;
set Ts[332]:=
3_17_18 3_5_6 2_3_4 3_15_16 4_3_4 3_19_20 ;
set Ts[333]:=
5_1_2 4_13_14 ;
set Ts[334]:=
1_3_4 3_19_20 2_7_8 5_17_18 5_9_10 2_3_4 2_15_16 2_11_12 1_15_16 3_17_18 4_11_12 ;
set Ts[335]:=
2_15_16 1_3_4 1_1_2 2_3_4 1_9_10 3_17_18 3_19_20 3_13_14 5_11_12 5_1_2 4_9_10 ;
set Ts[336]:=
1_17_18 5_11_12 1_11_12 2_11_12 5_17_18 5_3_4 5_13_14 ;
set Ts[337]:=
3_19_20 3_5_6 2_13_14 1_17_18 3_3_4 ;
set Ts[338]:=
4_3_4 1_3_4 5_15_16 ;
set Ts[339]:=
1_13_14 3_9_10 5_9_10 5_3_4 ;
set Ts[340]:=
1_15_16 3_5_6 3_19_20 5_17_18 ;
set Ts[341]:=
3_15_16 4_7_8 3_9_10 ;
set Ts[342]:=
5_1_2 1_13_14 4_15_16 2_7_8 5_3_4 2_13_14 4_5_6 ;
set Ts[343]:=
3_17_18 4_5_6 3_3_4 3_13_14 5_9_10 2_1_2 4_1_2 2_11_12 3_11_12 2_15_16 4_15_16 1_9_10 ;
set Ts[344]:=
5_7_8 3_17_18 4_15_16 1_5_6 2_19_20 3_15_16 ;
set Ts[345]:=
3_13_14 3_7_8 1_3_4 ;
set Ts[346]:=
3_7_8 1_7_8 5_13_14 2_1_2 1_15_16 4_1_2 ;
set Ts[347]:=
4_9_10 1_3_4 ;
set Ts[348]:=
4_15_16 4_9_10 2_1_2 ;
set Ts[349]:=
1_17_18 2_11_12 5_3_4 2_1_2 3_7_8 5_13_14 5_7_8 4_13_14 4_1_2 ;
set Ts[350]:=
1_15_16 2_15_16 ;
set Ts[351]:=
5_9_10 1_13_14 4_11_12 5_11_12 ;
set Ts[352]:=
4_5_6 2_15_16 4_19_20 5_17_18 1_5_6 ;
set Ts[353]:=
4_15_16 1_1_2 4_17_18 5_17_18 1_19_20 5_11_12 ;
set Ts[354]:=
4_13_14 1_13_14 4_9_10 1_9_10 1_11_12 3_1_2 1_7_8 5_15_16 4_5_6 2_9_10 ;
set Ts[355]:=
4_1_2 2_19_20 1_7_8 3_19_20 1_11_12 3_9_10 4_15_16 4_9_10 5_17_18 ;
set Ts[356]:=
4_5_6 5_19_20 4_9_10 1_7_8 1_13_14 5_5_6 4_15_16 ;
set Ts[357]:=
5_9_10 4_19_20 4_3_4 4_7_8 ;
set Ts[358]:=
5_7_8 4_7_8 1_13_14 5_19_20 5_1_2 4_11_12 5_15_16 4_15_16 2_7_8 ;
set Ts[359]:=
5_7_8 5_17_18 3_1_2 5_1_2 1_19_20 5_3_4 2_15_16 1_15_16 3_19_20 ;
set Ts[360]:=
1_5_6 2_3_4 3_3_4 5_7_8 1_7_8 5_13_14 ;
set Ts[361]:=
5_9_10 5_13_14 5_1_2 5_17_18 5_11_12 4_11_12 1_11_12 4_7_8 1_5_6 ;
set Ts[362]:=
2_3_4 4_15_16 1_11_12 5_19_20 1_19_20 1_1_2 ;
set Ts[363]:=
4_13_14 3_17_18 5_1_2 2_1_2 3_3_4 1_17_18 4_1_2 4_9_10 2_17_18 3_7_8 3_15_16 1_1_2 ;
set Ts[364]:=
1_5_6 1_7_8 4_19_20 2_5_6 1_9_10 5_3_4 2_7_8 5_19_20 4_11_12 ;
set Ts[365]:=
3_15_16 1_5_6 4_9_10 5_1_2 1_17_18 3_17_18 1_3_4 ;
set Ts[366]:=
1_17_18 2_15_16 ;
set Ts[367]:=
2_7_8 1_17_18 1_5_6 2_13_14 3_11_12 5_1_2 4_15_16 5_5_6 5_3_4 4_7_8 1_3_4 4_1_2 ;
set Ts[368]:=
3_1_2 5_13_14 5_15_16 5_11_12 1_15_16 5_7_8 ;
set Ts[369]:=
1_9_10 3_17_18 2_17_18 ;
set Ts[370]:=
1_5_6 3_7_8 4_7_8 4_17_18 3_9_10 5_3_4 5_5_6 1_11_12 1_17_18 ;
set Ts[371]:=
5_9_10 3_15_16 1_5_6 4_9_10 2_3_4 2_17_18 5_3_4 4_13_14 4_1_2 1_11_12 2_19_20 2_9_10 5_19_20 ;
set Ts[372]:=
5_5_6 1_11_12 ;
set Ts[373]:=
5_13_14 3_1_2 5_15_16 3_15_16 3_3_4 5_11_12 1_15_16 2_15_16 5_9_10 1_1_2 4_17_18 ;
set Ts[374]:=
2_9_10 5_3_4 2_1_2 5_19_20 3_1_2 3_13_14 1_1_2 4_11_12 3_5_6 ;
set Ts[375]:=
3_3_4 2_7_8 1_11_12 5_15_16 ;
set Ts[376]:=
5_17_18 4_15_16 3_3_4 2_7_8 4_19_20 3_15_16 ;
set Ts[377]:=
5_3_4 1_19_20 1_5_6 5_11_12 2_1_2 3_5_6 5_15_16 1_11_12 ;
set Ts[378]:=
3_1_2 4_13_14 4_17_18 5_11_12 4_5_6 3_17_18 1_15_16 2_19_20 5_19_20 ;
set Ts[379]:=
1_13_14 2_3_4 3_7_8 5_19_20 4_3_4 2_15_16 ;
set Ts[380]:=
2_11_12 2_9_10 5_11_12 2_19_20 2_15_16 2_3_4 1_13_14 2_7_8 3_17_18 ;
set Ts[381]:=
1_15_16 1_5_6 1_3_4 5_17_18 3_19_20 4_9_10 4_15_16 3_3_4 2_15_16 ;
set Ts[382]:=
2_1_2 4_3_4 3_9_10 1_19_20 5_13_14 1_1_2 ;
set Ts[383]:=
5_1_2 3_11_12 4_1_2 4_19_20 3_13_14 2_15_16 1_5_6 2_17_18 5_17_18 4_17_18 2_3_4 3_15_16 1_7_8 ;
set Ts[384]:=
5_5_6 5_3_4 4_17_18 5_19_20 2_19_20 4_9_10 3_11_12 5_13_14 ;
set Ts[385]:=
1_15_16 2_7_8 2_11_12 2_3_4 4_3_4 2_19_20 5_11_12 ;
set Ts[386]:=
4_17_18 5_11_12 4_7_8 2_13_14 ;
set Ts[387]:=
1_9_10 3_17_18 5_1_2 ;
set Ts[388]:=
1_15_16 3_17_18 3_9_10 5_5_6 5_15_16 5_7_8 2_7_8 5_3_4 ;
set Ts[389]:=
4_9_10 1_13_14 4_13_14 5_9_10 5_1_2 1_9_10 1_1_2 1_17_18 ;
set Ts[390]:=
1_5_6 5_1_2 ;
set Ts[391]:=
4_3_4 3_15_16 5_9_10 5_5_6 3_9_10 2_11_12 2_13_14 ;
set Ts[392]:=
4_17_18 4_11_12 ;
set Ts[393]:=
3_13_14 4_17_18 1_3_4 ;
set Ts[394]:=
5_17_18 1_1_2 5_7_8 4_15_16 4_7_8 ;
set Ts[395]:=
5_11_12 1_19_20 4_7_8 3_1_2 1_17_18 1_3_4 4_19_20 1_13_14 ;
set Ts[396]:=
3_13_14 5_9_10 1_17_18 4_7_8 2_11_12 1_7_8 ;
set Ts[397]:=
3_9_10 4_17_18 2_1_2 1_5_6 5_15_16 ;
set Ts[398]:=
5_9_10 3_1_2 4_7_8 1_11_12 5_17_18 1_13_14 3_7_8 3_19_20 5_19_20 ;
set Ts[399]:=
2_17_18 5_15_16 1_3_4 4_17_18 5_17_18 1_19_20 4_13_14 1_15_16 ;
set Ts[400]:=
5_3_4 4_19_20 2_11_12 5_11_12 1_15_16 4_9_10 ;
set Ts[401]:=
2_9_10 5_11_12 2_15_16 1_5_6 5_7_8 3_15_16 4_9_10 ;
set Ts[402]:=
2_17_18 5_3_4 1_9_10 5_7_8 4_19_20 ;
set Ts[403]:=
4_3_4 4_13_14 1_1_2 2_19_20 5_13_14 5_17_18 ;
set Ts[404]:=
4_19_20 5_5_6 3_13_14 1_13_14 5_13_14 2_1_2 5_19_20 2_5_6 3_5_6 3_9_10 1_17_18 ;
set Ts[405]:=
1_15_16 5_5_6 2_17_18 5_11_12 4_3_4 2_9_10 3_1_2 3_17_18 1_7_8 5_17_18 2_11_12 2_5_6 3_19_20 ;
set Ts[406]:=
3_11_12 5_1_2 5_7_8 4_19_20 ;
set Ts[407]:=
1_5_6 3_9_10 5_15_16 2_3_4 1_9_10 5_19_20 4_1_2 ;
set Ts[408]:=
5_5_6 4_7_8 3_15_16 5_11_12 5_7_8 ;
set Ts[409]:=
2_9_10 2_15_16 1_13_14 3_13_14 5_17_18 5_5_6 1_11_12 2_13_14 ;
set Ts[410]:=
2_11_12 5_7_8 2_9_10 5_5_6 ;
set Ts[411]:=
4_11_12 3_11_12 2_1_2 ;
set Ts[412]:=
3_3_4 4_19_20 ;
set Ts[413]:=
5_3_4 1_1_2 5_15_16 4_9_10 1_7_8 4_19_20 1_15_16 4_15_16 5_5_6 ;
set Ts[414]:=
5_3_4 1_5_6 1_13_14 1_9_10 4_1_2 4_17_18 ;
set Ts[415]:=
1_9_10 3_15_16 3_7_8 4_3_4 3_9_10 1_7_8 ;
set Ts[416]:=
3_3_4 2_19_20 2_9_10 4_5_6 3_11_12 4_11_12 2_5_6 5_7_8 4_1_2 5_5_6 ;
set Ts[417]:=
2_5_6 1_7_8 5_3_4 3_9_10 1_17_18 5_17_18 1_3_4 3_11_12 5_9_10 ;
set Ts[418]:=
1_1_2 5_11_12 ;
set Ts[419]:=
1_19_20 1_15_16 1_1_2 3_7_8 2_5_6 ;
set Ts[420]:=
1_13_14 5_9_10 2_5_6 4_1_2 1_1_2 5_15_16 4_9_10 2_19_20 ;
set Ts[421]:=
2_3_4 4_1_2 5_19_20 3_15_16 3_7_8 2_19_20 5_11_12 ;
set Ts[422]:=
5_3_4 3_11_12 2_17_18 5_15_16 3_13_14 2_1_2 2_7_8 4_3_4 ;
set Ts[423]:=
2_3_4 2_19_20 5_1_2 2_1_2 ;
set Ts[424]:=
2_15_16 5_1_2 ;
set Ts[425]:=
2_13_14 3_1_2 3_3_4 4_7_8 4_15_16 4_1_2 3_11_12 2_9_10 5_7_8 2_17_18 5_1_2 ;
set Ts[426]:=
3_19_20 2_11_12 3_17_18 3_11_12 5_1_2 2_19_20 5_11_12 5_3_4 2_7_8 1_1_2 ;
set Ts[427]:=
5_5_6 5_9_10 2_3_4 1_15_16 3_1_2 5_3_4 4_15_16 3_19_20 ;
set Ts[428]:=
2_3_4 2_1_2 3_9_10 4_7_8 5_5_6 3_3_4 2_13_14 3_13_14 2_19_20 ;
set Ts[429]:=
2_9_10 5_17_18 3_15_16 4_1_2 5_9_10 1_19_20 ;
set Ts[430]:=
2_7_8 2_3_4 ;
set Ts[431]:=
5_11_12 1_11_12 2_11_12 3_5_6 5_17_18 4_13_14 ;
set Ts[432]:=
3_13_14 2_7_8 4_5_6 2_1_2 4_13_14 1_19_20 5_15_16 ;
set Ts[433]:=
2_5_6 4_11_12 1_7_8 5_19_20 2_15_16 ;
set Ts[434]:=
3_1_2 5_13_14 3_13_14 1_19_20 3_19_20 4_15_16 ;
set Ts[435]:=
1_13_14 2_11_12 2_19_20 5_3_4 ;
set Ts[436]:=
5_5_6 4_3_4 2_9_10 4_13_14 5_19_20 2_3_4 1_5_6 ;
set Ts[437]:=
3_9_10 2_15_16 3_15_16 1_5_6 5_13_14 4_9_10 ;
set Ts[438]:=
2_1_2 3_9_10 ;
set Ts[439]:=
2_5_6 2_11_12 3_7_8 1_11_12 3_3_4 4_15_16 5_9_10 5_15_16 2_7_8 ;
set Ts[440]:=
4_1_2 5_17_18 5_11_12 1_17_18 ;
set Ts[441]:=
4_1_2 3_13_14 4_15_16 3_9_10 5_15_16 3_19_20 1_19_20 3_11_12 1_3_4 1_1_2 2_19_20 ;
set Ts[442]:=
4_1_2 3_9_10 5_15_16 1_11_12 3_5_6 4_11_12 4_7_8 4_19_20 4_17_18 5_17_18 5_7_8 ;
set Ts[443]:=
1_5_6 5_9_10 2_9_10 2_13_14 1_11_12 1_19_20 2_1_2 5_1_2 4_19_20 ;
set Ts[444]:=
3_11_12 2_19_20 2_1_2 3_19_20 5_1_2 1_9_10 ;
set Ts[445]:=
5_9_10 2_1_2 5_15_16 ;
set Ts[446]:=
2_5_6 4_19_20 3_3_4 5_7_8 2_9_10 5_17_18 1_9_10 1_19_20 2_17_18 3_5_6 1_7_8 ;
set Ts[447]:=
3_15_16 4_17_18 4_9_10 3_13_14 1_15_16 4_7_8 ;
set Ts[448]:=
2_15_16 1_3_4 3_1_2 4_19_20 3_17_18 1_7_8 ;
set Ts[449]:=
4_7_8 4_5_6 2_5_6 1_11_12 4_9_10 4_17_18 5_15_16 1_15_16 2_17_18 ;
set Ts[450]:=
4_9_10 5_1_2 2_13_14 2_17_18 1_19_20 3_17_18 4_19_20 2_15_16 3_5_6 1_5_6 1_7_8 2_7_8 3_1_2 ;
set Ts[451]:=
1_17_18 1_7_8 4_3_4 4_13_14 5_5_6 5_13_14 3_11_12 5_11_12 2_15_16 ;
set Ts[452]:=
1_7_8 2_17_18 2_7_8 2_1_2 5_9_10 4_17_18 4_7_8 5_5_6 ;
set Ts[453]:=
3_17_18 2_1_2 5_13_14 5_17_18 1_7_8 2_13_14 5_3_4 2_17_18 4_17_18 5_11_12 ;
set Ts[454]:=
4_15_16 3_7_8 2_3_4 ;
set Ts[455]:=
3_19_20 1_7_8 5_5_6 1_15_16 4_13_14 4_1_2 4_15_16 3_3_4 5_19_20 3_17_18 1_19_20 ;
set Ts[456]:=
5_13_14 2_9_10 4_9_10 1_15_16 5_5_6 2_11_12 3_15_16 1_19_20 ;
set Ts[457]:=
4_3_4 2_15_16 4_1_2 3_15_16 2_17_18 1_9_10 3_9_10 ;
set Ts[458]:=
5_5_6 3_17_18 ;
set Ts[459]:=
5_9_10 4_1_2 1_1_2 3_9_10 1_5_6 ;
set Ts[460]:=
5_19_20 3_5_6 4_13_14 4_19_20 5_5_6 ;
set Ts[461]:=
2_13_14 2_11_12 1_9_10 4_9_10 2_3_4 2_9_10 ;
set Ts[462]:=
4_19_20 5_13_14 5_15_16 3_3_4 4_1_2 5_5_6 2_13_14 ;
set Ts[463]:=
1_13_14 4_11_12 3_1_2 3_19_20 3_5_6 4_5_6 2_17_18 4_7_8 4_3_4 5_17_18 2_7_8 4_1_2 5_11_12 ;
set Ts[464]:=
4_17_18 4_3_4 2_19_20 ;
set Ts[465]:=
1_5_6 2_15_16 5_1_2 1_11_12 1_7_8 1_19_20 5_9_10 4_3_4 3_7_8 ;
set Ts[466]:=
1_1_2 5_13_14 4_15_16 ;
set Ts[467]:=
5_11_12 5_7_8 3_1_2 ;
set Ts[468]:=
1_17_18 3_3_4 5_9_10 2_3_4 1_1_2 1_11_12 3_15_16 3_9_10 4_7_8 3_19_20 5_7_8 5_1_2 ;
set Ts[469]:=
5_1_2 2_19_20 4_9_10 3_11_12 3_7_8 ;
set Ts[470]:=
5_1_2 2_15_16 4_11_12 5_9_10 5_19_20 2_5_6 1_15_16 4_9_10 1_5_6 ;
set Ts[471]:=
4_19_20 3_13_14 5_19_20 2_5_6 5_1_2 3_11_12 1_15_16 5_5_6 2_9_10 ;
set Ts[472]:=
4_1_2 4_13_14 1_15_16 ;
set Ts[473]:=
1_1_2 2_5_6 1_7_8 3_9_10 5_7_8 2_3_4 5_5_6 2_15_16 3_15_16 3_19_20 3_3_4 ;
set Ts[474]:=
4_13_14 3_5_6 2_11_12 1_17_18 5_5_6 3_13_14 1_3_4 ;
set Ts[475]:=
1_15_16 3_7_8 1_17_18 2_5_6 3_13_14 4_13_14 4_17_18 5_1_2 3_5_6 ;
set Ts[476]:=
2_1_2 5_19_20 ;
set Ts[477]:=
2_5_6 1_5_6 4_7_8 5_3_4 1_15_16 3_1_2 1_13_14 4_15_16 2_15_16 3_15_16 ;
set Ts[478]:=
5_13_14 1_11_12 1_17_18 4_13_14 2_15_16 1_19_20 3_5_6 2_7_8 ;
set Ts[479]:=
3_13_14 3_9_10 2_1_2 2_15_16 3_7_8 ;
set Ts[480]:=
1_17_18 5_7_8 2_9_10 3_9_10 ;
set Ts[481]:=
4_1_2 1_11_12 2_11_12 1_17_18 5_17_18 4_11_12 4_15_16 ;
set Ts[482]:=
4_3_4 1_11_12 4_7_8 2_9_10 1_3_4 3_13_14 2_1_2 3_11_12 2_13_14 2_17_18 4_17_18 ;
set Ts[483]:=
3_19_20 2_9_10 4_13_14 2_3_4 5_17_18 1_7_8 3_15_16 3_9_10 ;
set Ts[484]:=
1_13_14 2_1_2 4_11_12 3_13_14 4_7_8 2_13_14 5_15_16 5_9_10 ;
set Ts[485]:=
4_5_6 1_5_6 2_19_20 1_3_4 ;
set Ts[486]:=
5_13_14 1_11_12 3_15_16 5_9_10 3_1_2 3_5_6 1_1_2 4_11_12 2_7_8 2_1_2 1_13_14 1_9_10 ;
set Ts[487]:=
3_11_12 1_15_16 ;
set Ts[488]:=
4_11_12 1_7_8 2_3_4 4_7_8 3_5_6 5_19_20 4_9_10 ;
set Ts[489]:=
2_17_18 4_15_16 3_11_12 3_15_16 ;
set Ts[490]:=
4_7_8 5_17_18 1_5_6 2_1_2 4_1_2 2_9_10 4_11_12 2_3_4 1_11_12 ;
set Ts[491]:=
4_13_14 4_19_20 3_19_20 ;
set Ts[492]:=
2_9_10 1_7_8 4_17_18 ;
set Ts[493]:=
5_13_14 3_11_12 1_19_20 4_13_14 3_15_16 4_3_4 1_13_14 4_15_16 3_5_6 ;
set Ts[494]:=
4_11_12 4_17_18 ;
set Ts[495]:=
5_13_14 4_1_2 4_7_8 4_19_20 1_7_8 5_3_4 1_15_16 ;
set Ts[496]:=
4_5_6 2_19_20 1_1_2 1_19_20 ;
set Ts[497]:=
3_17_18 4_15_16 2_13_14 5_11_12 3_3_4 2_19_20 ;
set Ts[498]:=
3_15_16 2_1_2 3_19_20 5_15_16 ;
set Ts[499]:=
1_15_16 5_1_2 4_3_4 5_17_18 1_7_8 2_17_18 ;
set Ts[500]:=
1_15_16 4_11_12 3_5_6 3_11_12 1_3_4 4_9_10 5_7_8 4_5_6 2_11_12 ;
set Ts[501]:=
5_17_18 4_3_4 3_11_12 5_1_2 3_5_6 2_17_18 5_7_8 4_7_8 1_3_4 2_7_8 4_17_18 5_13_14 5_15_16 ;
set Ts[502]:=
2_13_14 1_11_12 4_1_2 2_19_20 3_7_8 2_11_12 4_15_16 1_9_10 2_5_6 3_3_4 5_11_12 ;
set Ts[503]:=
3_13_14 3_3_4 3_17_18 4_3_4 4_9_10 4_11_12 4_17_18 1_15_16 3_11_12 ;
set Ts[504]:=
4_1_2 5_17_18 3_17_18 1_15_16 ;
set Ts[505]:=
5_1_2 1_1_2 5_9_10 4_7_8 5_19_20 2_17_18 3_17_18 2_19_20 ;
set Ts[506]:=
4_5_6 2_9_10 4_13_14 1_9_10 ;
set Ts[507]:=
1_11_12 4_15_16 2_11_12 1_13_14 4_9_10 1_5_6 2_3_4 2_1_2 5_9_10 4_3_4 5_11_12 ;
set Ts[508]:=
1_11_12 5_17_18 5_11_12 ;
set Ts[509]:=
3_13_14 4_13_14 ;
set Ts[510]:=
3_3_4 1_7_8 2_19_20 1_5_6 1_17_18 4_1_2 3_13_14 4_17_18 3_17_18 2_5_6 2_1_2 ;
set Ts[511]:=
5_15_16 5_13_14 ;
set Ts[512]:=
4_5_6 3_5_6 5_3_4 5_17_18 3_7_8 2_17_18 1_13_14 1_11_12 2_11_12 ;
set Ts[513]:=
3_19_20 4_5_6 2_9_10 3_15_16 5_19_20 3_13_14 5_15_16 2_17_18 ;
set Ts[514]:=
3_9_10 2_13_14 1_3_4 2_9_10 3_19_20 3_17_18 3_13_14 5_9_10 2_15_16 5_15_16 ;
set Ts[515]:=
5_15_16 5_9_10 2_1_2 4_15_16 2_5_6 5_11_12 4_5_6 5_1_2 5_19_20 4_3_4 ;
set Ts[516]:=
4_3_4 1_7_8 3_15_16 5_1_2 2_1_2 4_7_8 5_11_12 2_11_12 ;
set Ts[517]:=
4_9_10 3_5_6 3_3_4 1_1_2 ;
set Ts[518]:=
1_9_10 2_13_14 1_7_8 2_15_16 3_1_2 5_5_6 5_19_20 2_17_18 ;
set Ts[519]:=
3_19_20 4_7_8 3_15_16 5_15_16 3_11_12 4_3_4 4_1_2 ;
set Ts[520]:=
4_17_18 5_19_20 3_7_8 3_5_6 3_11_12 4_11_12 1_17_18 ;
set Ts[521]:=
2_1_2 1_5_6 1_15_16 4_19_20 ;
set Ts[522]:=
1_17_18 5_9_10 4_5_6 4_7_8 1_1_2 4_1_2 ;
set Ts[523]:=
1_11_12 4_17_18 4_7_8 3_5_6 ;
set Ts[524]:=
5_13_14 3_1_2 2_1_2 5_5_6 2_17_18 2_19_20 ;
set Ts[525]:=
4_15_16 4_17_18 ;
set Ts[526]:=
4_13_14 5_13_14 4_11_12 4_5_6 4_15_16 1_7_8 2_11_12 ;
set Ts[527]:=
5_13_14 5_19_20 ;
set Ts[528]:=
2_3_4 5_3_4 ;
set Ts[529]:=
3_3_4 5_17_18 3_13_14 5_1_2 ;
set Ts[530]:=
4_15_16 1_7_8 4_7_8 2_15_16 4_17_18 3_7_8 1_9_10 1_13_14 ;
set Ts[531]:=
4_3_4 1_15_16 5_9_10 3_1_2 4_1_2 3_15_16 3_3_4 ;
set Ts[532]:=
5_17_18 2_3_4 2_15_16 4_13_14 ;
set Ts[533]:=
4_3_4 1_15_16 1_17_18 5_11_12 ;
set Ts[534]:=
3_13_14 1_19_20 ;
set Ts[535]:=
5_9_10 1_5_6 5_1_2 4_3_4 3_11_12 2_15_16 ;
set Ts[536]:=
1_5_6 5_15_16 2_15_16 4_9_10 5_1_2 ;
set Ts[537]:=
1_5_6 1_19_20 1_9_10 2_3_4 ;
set Ts[538]:=
5_5_6 2_7_8 4_1_2 4_19_20 1_11_12 5_1_2 1_13_14 1_3_4 ;
set Ts[539]:=
5_3_4 1_1_2 3_1_2 5_17_18 4_17_18 4_3_4 ;
set Ts[540]:=
5_7_8 2_7_8 5_13_14 2_1_2 ;
set Ts[541]:=
2_5_6 1_13_14 2_19_20 3_13_14 4_3_4 4_1_2 2_3_4 5_9_10 4_11_12 1_7_8 ;
set Ts[542]:=
4_19_20 3_9_10 3_19_20 1_15_16 3_5_6 5_3_4 5_1_2 4_11_12 3_15_16 1_7_8 ;
set Ts[543]:=
3_17_18 4_1_2 5_17_18 3_1_2 4_15_16 3_9_10 3_7_8 5_9_10 ;
set Ts[544]:=
2_11_12 4_5_6 2_13_14 4_17_18 4_13_14 3_17_18 1_13_14 3_15_16 5_1_2 ;
set Ts[545]:=
4_19_20 3_3_4 4_17_18 2_5_6 4_1_2 1_1_2 2_7_8 4_7_8 4_5_6 ;
set Ts[546]:=
3_3_4 2_3_4 2_1_2 4_3_4 5_7_8 3_9_10 ;
set Ts[547]:=
5_15_16 2_5_6 4_15_16 3_9_10 4_3_4 4_11_12 3_5_6 4_9_10 2_11_12 ;
set Ts[548]:=
5_13_14 3_11_12 3_17_18 4_7_8 3_19_20 4_17_18 5_1_2 5_17_18 5_11_12 4_3_4 3_9_10 ;
set Ts[549]:=
2_11_12 3_15_16 4_7_8 2_5_6 4_17_18 3_17_18 2_19_20 2_15_16 5_19_20 ;
set Ts[550]:=
2_11_12 2_5_6 1_15_16 3_5_6 5_11_12 2_13_14 5_15_16 1_17_18 ;
set Ts[551]:=
1_19_20 1_9_10 4_9_10 4_1_2 5_7_8 4_5_6 5_17_18 1_7_8 ;
set Ts[552]:=
1_15_16 5_1_2 2_13_14 ;
set Ts[553]:=
1_7_8 2_5_6 5_5_6 3_15_16 3_9_10 3_3_4 5_19_20 ;
set Ts[554]:=
3_19_20 3_7_8 3_11_12 1_7_8 4_1_2 2_1_2 1_9_10 5_11_12 ;
set Ts[555]:=
5_13_14 2_15_16 5_15_16 ;
set Ts[556]:=
3_1_2 3_5_6 3_7_8 3_13_14 1_17_18 3_3_4 5_5_6 ;
set Ts[557]:=
2_9_10 3_9_10 3_15_16 ;
set Ts[558]:=
3_19_20 4_3_4 3_7_8 5_15_16 2_9_10 2_13_14 5_1_2 1_19_20 ;
set Ts[559]:=
5_5_6 2_11_12 3_11_12 1_9_10 4_19_20 5_19_20 1_15_16 1_3_4 ;
set Ts[560]:=
3_7_8 3_1_2 ;
set Ts[561]:=
4_19_20 3_11_12 1_9_10 4_1_2 4_11_12 ;
set Ts[562]:=
3_15_16 4_5_6 3_3_4 4_15_16 2_9_10 2_15_16 4_1_2 ;
set Ts[563]:=
1_5_6 4_17_18 4_15_16 4_7_8 5_13_14 3_19_20 3_7_8 3_17_18 ;
set Ts[564]:=
5_11_12 4_15_16 3_7_8 1_11_12 4_9_10 2_17_18 ;
set Ts[565]:=
2_7_8 1_15_16 4_9_10 4_3_4 1_13_14 2_13_14 ;
set Ts[566]:=
2_17_18 4_7_8 3_15_16 3_7_8 4_13_14 2_9_10 ;
set Ts[567]:=
4_1_2 5_11_12 4_3_4 2_19_20 4_13_14 3_19_20 5_9_10 2_7_8 1_9_10 2_3_4 4_5_6 3_17_18 ;
set Ts[568]:=
4_19_20 2_19_20 3_15_16 1_3_4 3_11_12 3_1_2 3_3_4 4_7_8 2_17_18 2_5_6 5_3_4 ;
set Ts[569]:=
5_1_2 3_1_2 2_17_18 ;
set Ts[570]:=
4_19_20 3_5_6 1_11_12 2_17_18 ;
set Ts[571]:=
4_1_2 2_11_12 2_7_8 2_17_18 3_19_20 5_9_10 4_7_8 4_17_18 5_3_4 3_13_14 5_19_20 ;
set Ts[572]:=
5_15_16 5_5_6 1_11_12 5_19_20 4_13_14 5_11_12 3_1_2 1_3_4 ;
set Ts[573]:=
4_5_6 1_1_2 4_17_18 4_19_20 2_11_12 2_13_14 2_17_18 1_7_8 2_3_4 2_19_20 2_15_16 4_1_2 4_9_10 ;
set Ts[574]:=
5_1_2 5_11_12 2_9_10 1_17_18 1_9_10 5_9_10 1_3_4 2_3_4 2_1_2 2_19_20 ;
set Ts[575]:=
5_11_12 4_9_10 3_9_10 ;
set Ts[576]:=
1_19_20 3_11_12 5_3_4 2_15_16 3_13_14 1_1_2 1_7_8 ;
set Ts[577]:=
4_17_18 3_15_16 1_19_20 5_5_6 2_17_18 5_1_2 2_15_16 4_9_10 5_11_12 ;
set Ts[578]:=
4_11_12 2_19_20 5_19_20 ;
set Ts[579]:=
4_3_4 2_17_18 1_1_2 1_3_4 4_17_18 1_17_18 2_15_16 3_15_16 ;
set Ts[580]:=
5_3_4 3_7_8 4_7_8 2_13_14 3_13_14 1_13_14 4_3_4 3_5_6 5_13_14 5_5_6 4_17_18 2_3_4 2_19_20 ;
set Ts[581]:=
3_15_16 4_3_4 2_9_10 1_9_10 5_5_6 1_13_14 3_9_10 3_7_8 ;
set Ts[582]:=
3_13_14 2_11_12 4_19_20 3_9_10 3_1_2 4_11_12 4_17_18 3_5_6 4_9_10 2_3_4 2_9_10 1_7_8 2_1_2 ;
set Ts[583]:=
5_3_4 3_13_14 1_7_8 1_13_14 3_15_16 4_9_10 1_3_4 ;
set Ts[584]:=
2_5_6 4_3_4 4_5_6 1_3_4 5_9_10 4_19_20 2_9_10 2_13_14 ;
set Ts[585]:=
5_7_8 1_17_18 3_19_20 3_7_8 1_7_8 3_3_4 1_13_14 ;
set Ts[586]:=
3_9_10 4_3_4 3_7_8 5_3_4 5_1_2 5_17_18 ;
set Ts[587]:=
3_17_18 5_11_12 2_3_4 4_15_16 ;
set Ts[588]:=
2_9_10 5_13_14 1_17_18 2_3_4 2_15_16 5_17_18 3_19_20 5_1_2 5_9_10 2_5_6 1_5_6 1_15_16 ;
set Ts[589]:=
3_9_10 2_13_14 2_5_6 ;
set Ts[590]:=
4_5_6 3_15_16 2_3_4 3_19_20 2_1_2 4_19_20 1_7_8 4_11_12 ;
set Ts[591]:=
5_7_8 5_1_2 2_5_6 1_15_16 1_5_6 2_1_2 3_17_18 3_5_6 2_15_16 ;
set Ts[592]:=
5_15_16 1_5_6 2_11_12 4_17_18 2_19_20 3_3_4 3_19_20 3_17_18 1_1_2 ;
set Ts[593]:=
3_9_10 3_11_12 3_3_4 2_15_16 5_3_4 4_9_10 3_15_16 2_7_8 ;
set Ts[594]:=
2_1_2 5_7_8 3_3_4 3_19_20 4_1_2 4_9_10 3_1_2 3_13_14 1_5_6 5_11_12 5_15_16 1_15_16 ;
set Ts[595]:=
1_17_18 2_15_16 2_7_8 4_15_16 5_7_8 4_19_20 ;
set Ts[596]:=
2_5_6 5_3_4 5_1_2 2_13_14 3_5_6 ;
set Ts[597]:=
5_5_6 5_7_8 4_1_2 4_9_10 5_15_16 2_3_4 3_15_16 3_17_18 ;
set Ts[598]:=
1_5_6 2_5_6 1_9_10 4_5_6 3_7_8 5_17_18 ;
set Ts[599]:=
2_1_2 4_13_14 3_17_18 4_5_6 3_7_8 2_5_6 5_3_4 1_7_8 1_17_18 1_1_2 ;
set Ts[600]:=
2_11_12 1_1_2 4_9_10 3_3_4 4_7_8 1_3_4 ;
set Ts[601]:=
2_17_18 3_13_14 5_15_16 1_5_6 1_7_8 2_13_14 5_19_20 1_19_20 ;
set Ts[602]:=
1_13_14 2_7_8 1_15_16 2_17_18 5_1_2 ;
set Ts[603]:=
2_11_12 2_9_10 5_3_4 3_5_6 4_9_10 3_11_12 5_13_14 5_9_10 4_15_16 3_7_8 4_3_4 5_17_18 5_19_20 ;
set Ts[604]:=
3_7_8 3_13_14 3_19_20 2_1_2 5_3_4 5_13_14 ;
set Ts[605]:=
1_5_6 4_19_20 5_11_12 1_19_20 1_17_18 3_9_10 1_13_14 3_19_20 ;
set Ts[606]:=
1_19_20 5_19_20 5_11_12 2_15_16 ;
set Ts[607]:=
5_19_20 5_13_14 2_15_16 4_1_2 1_3_4 2_13_14 5_11_12 3_11_12 3_15_16 ;
set Ts[608]:=
4_5_6 1_5_6 3_17_18 4_7_8 1_11_12 2_9_10 4_13_14 2_17_18 1_13_14 3_19_20 2_13_14 2_11_12 1_17_18 ;
set Ts[609]:=
5_13_14 3_13_14 3_17_18 1_13_14 5_11_12 3_7_8 ;
set Ts[610]:=
2_13_14 5_13_14 3_11_12 5_19_20 1_17_18 4_9_10 3_19_20 5_17_18 1_3_4 ;
set Ts[611]:=
1_7_8 2_5_6 2_9_10 5_3_4 4_19_20 5_15_16 5_7_8 ;
set Ts[612]:=
5_3_4 5_5_6 5_1_2 4_5_6 5_19_20 ;
set Ts[613]:=
1_15_16 3_17_18 4_7_8 1_9_10 4_9_10 3_3_4 ;
set Ts[614]:=
3_13_14 5_5_6 ;
set Ts[615]:=
4_15_16 1_3_4 ;
set Ts[616]:=
2_13_14 5_13_14 4_5_6 2_9_10 ;
set Ts[617]:=
4_17_18 4_1_2 ;
set Ts[618]:=
4_7_8 4_15_16 4_5_6 ;
set Ts[619]:=
5_3_4 2_11_12 5_5_6 1_9_10 4_9_10 3_11_12 3_9_10 5_17_18 4_1_2 ;
set Ts[620]:=
3_19_20 2_19_20 1_3_4 4_9_10 1_17_18 5_13_14 3_5_6 1_1_2 2_5_6 ;
set Ts[621]:=
4_19_20 2_17_18 3_3_4 ;
set Ts[622]:=
4_7_8 1_7_8 2_3_4 3_13_14 5_5_6 3_3_4 ;
set Ts[623]:=
5_17_18 1_15_16 ;
set Ts[624]:=
4_1_2 5_13_14 1_9_10 3_15_16 1_3_4 3_17_18 5_5_6 2_19_20 2_3_4 ;
set Ts[625]:=
4_13_14 5_7_8 1_15_16 3_5_6 ;
set Ts[626]:=
5_19_20 4_5_6 4_17_18 3_13_14 1_13_14 1_9_10 4_11_12 5_5_6 ;
set Ts[627]:=
5_1_2 4_11_12 5_17_18 4_19_20 2_9_10 3_1_2 4_15_16 ;
set Ts[628]:=
5_13_14 1_3_4 2_3_4 3_15_16 2_13_14 5_7_8 3_1_2 ;
set Ts[629]:=
3_1_2 2_9_10 1_3_4 4_19_20 5_3_4 1_19_20 5_11_12 1_7_8 ;
set Ts[630]:=
1_13_14 3_9_10 3_7_8 3_1_2 1_3_4 ;
set Ts[631]:=
4_19_20 2_11_12 4_11_12 1_3_4 4_9_10 3_3_4 4_5_6 2_13_14 1_7_8 ;
set Ts[632]:=
5_7_8 5_13_14 ;
set Ts[633]:=
4_7_8 2_19_20 2_9_10 4_17_18 5_9_10 2_5_6 1_9_10 5_5_6 ;
set Ts[634]:=
3_5_6 1_11_12 2_19_20 5_15_16 4_13_14 5_7_8 ;
set Ts[635]:=
4_11_12 1_1_2 1_5_6 3_7_8 ;
set Ts[636]:=
1_11_12 3_17_18 4_7_8 ;
set Ts[637]:=
3_9_10 4_9_10 5_13_14 2_3_4 1_5_6 5_11_12 5_19_20 2_17_18 3_13_14 ;
set Ts[638]:=
5_5_6 2_15_16 3_13_14 1_5_6 5_1_2 2_13_14 ;
set Ts[639]:=
4_5_6 5_1_2 1_13_14 2_1_2 3_17_18 2_15_16 3_1_2 ;
set Ts[640]:=
2_19_20 5_5_6 3_19_20 2_13_14 2_17_18 4_11_12 3_5_6 3_11_12 ;
set Ts[641]:=
1_5_6 1_17_18 5_19_20 5_11_12 ;
set Ts[642]:=
3_7_8 2_15_16 ;
set Ts[643]:=
5_9_10 2_11_12 3_7_8 3_13_14 2_15_16 4_7_8 5_7_8 5_11_12 5_13_14 1_19_20 1_15_16 ;
set Ts[644]:=
5_9_10 3_1_2 1_1_2 4_15_16 2_15_16 3_3_4 5_5_6 1_9_10 ;
set Ts[645]:=
1_9_10 2_11_12 3_5_6 2_7_8 4_7_8 5_13_14 ;
set Ts[646]:=
3_5_6 5_5_6 ;
set Ts[647]:=
5_13_14 4_15_16 1_7_8 1_15_16 3_3_4 1_3_4 5_11_12 4_5_6 2_11_12 3_13_14 ;
set Ts[648]:=
4_5_6 3_15_16 2_5_6 2_7_8 4_13_14 5_1_2 3_13_14 4_11_12 5_17_18 ;
set Ts[649]:=
4_15_16 1_11_12 3_7_8 ;
set Ts[650]:=
3_17_18 4_1_2 1_7_8 4_5_6 3_13_14 5_13_14 3_5_6 5_5_6 3_7_8 ;
set Ts[651]:=
2_15_16 2_13_14 1_15_16 3_15_16 2_1_2 3_7_8 3_19_20 ;
set Ts[652]:=
1_3_4 5_11_12 3_7_8 ;
set Ts[653]:=
3_15_16 5_15_16 1_1_2 5_5_6 2_5_6 3_11_12 5_7_8 5_3_4 5_11_12 2_15_16 1_9_10 ;
set Ts[654]:=
3_3_4 1_19_20 5_15_16 2_17_18 2_15_16 5_5_6 ;
set Ts[655]:=
1_15_16 1_3_4 3_5_6 5_1_2 1_9_10 1_19_20 ;
set Ts[656]:=
1_11_12 4_7_8 5_11_12 3_7_8 3_15_16 ;
set Ts[657]:=
5_19_20 4_7_8 2_15_16 ;
set Ts[658]:=
5_3_4 3_7_8 2_19_20 3_3_4 2_7_8 3_11_12 5_17_18 5_7_8 5_1_2 ;
set Ts[659]:=
5_17_18 1_3_4 4_1_2 1_9_10 4_3_4 5_7_8 2_7_8 4_15_16 5_5_6 ;
set Ts[660]:=
5_11_12 4_1_2 4_3_4 ;
set Ts[661]:=
5_13_14 3_19_20 1_15_16 1_1_2 2_17_18 3_17_18 2_9_10 1_5_6 3_5_6 ;
set Ts[662]:=
1_5_6 3_3_4 ;
set Ts[663]:=
3_13_14 1_17_18 ;
set Ts[664]:=
5_1_2 2_15_16 4_1_2 1_19_20 1_9_10 ;
set Ts[665]:=
1_15_16 2_5_6 2_15_16 5_1_2 2_19_20 4_7_8 ;
set Ts[666]:=
3_7_8 2_7_8 4_9_10 4_7_8 3_11_12 ;
set Ts[667]:=
3_7_8 2_17_18 ;
set Ts[668]:=
1_19_20 1_3_4 3_1_2 1_13_14 5_1_2 2_5_6 5_19_20 1_7_8 5_11_12 ;
set Ts[669]:=
1_17_18 3_15_16 3_7_8 3_13_14 4_19_20 5_5_6 5_11_12 ;
set Ts[670]:=
4_19_20 2_19_20 3_13_14 3_3_4 4_3_4 1_1_2 3_19_20 2_11_12 1_19_20 1_5_6 3_9_10 ;
set Ts[671]:=
4_3_4 2_15_16 5_13_14 4_13_14 5_17_18 1_9_10 3_15_16 2_11_12 5_7_8 ;
set Ts[672]:=
3_15_16 4_19_20 3_17_18 4_9_10 2_13_14 4_17_18 3_1_2 ;
set Ts[673]:=
4_5_6 1_9_10 1_7_8 ;
set Ts[674]:=
3_7_8 4_13_14 ;
set Ts[675]:=
4_17_18 2_9_10 1_1_2 3_9_10 5_15_16 4_7_8 4_1_2 3_15_16 2_13_14 ;
set Ts[676]:=
2_3_4 1_19_20 3_13_14 5_3_4 5_9_10 1_3_4 1_1_2 4_5_6 4_15_16 3_19_20 1_17_18 2_13_14 ;
set Ts[677]:=
5_15_16 4_19_20 5_9_10 5_1_2 1_15_16 5_5_6 4_7_8 1_7_8 2_5_6 2_7_8 3_15_16 ;
set Ts[678]:=
1_7_8 4_7_8 5_13_14 4_17_18 4_5_6 ;
set Ts[679]:=
3_3_4 2_13_14 5_3_4 ;
set Ts[680]:=
1_17_18 3_1_2 5_9_10 2_1_2 ;
set Ts[681]:=
1_1_2 4_15_16 5_1_2 5_9_10 2_13_14 3_1_2 4_1_2 ;
set Ts[682]:=
2_11_12 3_17_18 2_9_10 1_7_8 3_13_14 4_5_6 3_3_4 3_11_12 1_9_10 4_13_14 5_11_12 ;
set Ts[683]:=
2_13_14 4_7_8 2_15_16 1_15_16 ;
set Ts[684]:=
1_11_12 3_7_8 2_5_6 5_15_16 1_1_2 3_17_18 1_3_4 4_17_18 ;
set Ts[685]:=
1_13_14 2_7_8 4_9_10 4_19_20 2_3_4 5_7_8 4_11_12 5_1_2 1_19_20 2_5_6 3_15_16 1_15_16 5_11_12 ;
set Ts[686]:=
4_7_8 1_11_12 1_17_18 2_19_20 3_13_14 5_3_4 2_1_2 3_11_12 3_17_18 ;
set Ts[687]:=
1_11_12 3_3_4 2_19_20 5_9_10 4_15_16 1_17_18 ;
set Ts[688]:=
2_15_16 5_9_10 5_19_20 4_15_16 5_7_8 ;
set Ts[689]:=
1_5_6 2_9_10 3_19_20 4_19_20 4_5_6 5_3_4 5_13_14 1_9_10 2_5_6 5_11_12 3_17_18 ;
set Ts[690]:=
1_13_14 1_3_4 ;
set Ts[691]:=
5_13_14 2_7_8 1_3_4 4_11_12 3_13_14 4_7_8 4_3_4 1_19_20 ;
set Ts[692]:=
2_19_20 1_3_4 2_5_6 3_11_12 4_19_20 4_15_16 5_1_2 1_13_14 3_19_20 ;
set Ts[693]:=
5_13_14 1_3_4 4_3_4 ;
set Ts[694]:=
4_15_16 2_5_6 5_15_16 4_17_18 ;
set Ts[695]:=
5_19_20 1_1_2 1_7_8 2_13_14 4_19_20 4_3_4 4_7_8 1_15_16 ;
set Ts[696]:=
1_17_18 4_3_4 5_15_16 ;
set Ts[697]:=
1_9_10 5_17_18 5_11_12 5_3_4 ;
set Ts[698]:=
4_13_14 1_3_4 2_5_6 ;
set Ts[699]:=
5_13_14 5_19_20 ;
set Ts[700]:=
4_19_20 1_13_14 3_19_20 2_7_8 2_3_4 3_3_4 ;
set Ts[701]:=
5_5_6 5_15_16 5_13_14 ;
set Ts[702]:=
3_15_16 2_11_12 3_3_4 2_7_8 2_5_6 ;
set Ts[703]:=
3_1_2 5_15_16 5_17_18 2_7_8 5_19_20 2_1_2 2_19_20 5_5_6 2_3_4 3_3_4 5_1_2 4_3_4 ;
set Ts[704]:=
5_11_12 5_15_16 2_19_20 5_7_8 1_15_16 2_5_6 3_15_16 3_1_2 ;
set Ts[705]:=
5_17_18 3_7_8 ;
set Ts[706]:=
1_11_12 2_15_16 5_7_8 3_15_16 ;
set Ts[707]:=
2_13_14 5_15_16 3_19_20 3_17_18 4_17_18 3_15_16 2_1_2 4_3_4 4_5_6 5_19_20 ;
set Ts[708]:=
3_11_12 5_5_6 1_19_20 4_19_20 2_9_10 5_7_8 ;
set Ts[709]:=
1_17_18 2_5_6 ;
set Ts[710]:=
3_7_8 3_5_6 5_15_16 2_3_4 5_17_18 5_1_2 4_7_8 2_17_18 ;
set Ts[711]:=
1_13_14 2_3_4 4_3_4 5_15_16 1_19_20 ;
set Ts[712]:=
2_9_10 4_11_12 2_3_4 5_17_18 2_7_8 ;
set Ts[713]:=
1_13_14 2_7_8 4_1_2 4_5_6 2_19_20 ;
set Ts[714]:=
4_9_10 4_3_4 2_5_6 5_7_8 3_3_4 1_11_12 ;
set Ts[715]:=
4_9_10 5_9_10 3_9_10 1_11_12 3_1_2 3_5_6 ;
set Ts[716]:=
2_1_2 5_13_14 3_5_6 5_5_6 ;
set Ts[717]:=
2_1_2 1_19_20 5_13_14 3_19_20 3_9_10 4_17_18 2_3_4 2_13_14 ;
set Ts[718]:=
2_15_16 4_15_16 ;
set Ts[719]:=
1_17_18 1_13_14 5_19_20 2_1_2 4_3_4 ;
set Ts[720]:=
1_9_10 1_19_20 2_1_2 2_7_8 5_1_2 1_5_6 2_19_20 4_1_2 ;
set Ts[721]:=
4_13_14 1_5_6 2_13_14 2_5_6 3_9_10 2_1_2 4_17_18 4_19_20 3_3_4 5_19_20 2_9_10 ;
set Ts[722]:=
1_3_4 4_3_4 3_1_2 2_11_12 3_15_16 3_7_8 1_5_6 2_3_4 ;
set Ts[723]:=
5_11_12 2_19_20 1_7_8 2_3_4 ;
set Ts[724]:=
5_3_4 4_11_12 4_5_6 4_1_2 4_17_18 3_15_16 2_9_10 2_7_8 3_7_8 5_17_18 2_3_4 ;
set Ts[725]:=
2_19_20 5_9_10 1_19_20 4_3_4 3_3_4 5_15_16 ;
set Ts[726]:=
5_1_2 4_3_4 3_7_8 5_9_10 2_19_20 5_19_20 4_19_20 4_5_6 2_17_18 ;
set Ts[727]:=
4_1_2 1_5_6 2_9_10 2_19_20 1_19_20 ;
set Ts[728]:=
4_11_12 1_3_4 5_5_6 2_9_10 4_3_4 1_7_8 3_7_8 5_7_8 4_5_6 ;
set Ts[729]:=
3_1_2 5_13_14 4_19_20 4_5_6 5_1_2 ;
set Ts[730]:=
5_3_4 5_7_8 1_3_4 4_11_12 ;
set Ts[731]:=
5_9_10 2_19_20 4_7_8 3_9_10 ;
set Ts[732]:=
3_11_12 2_19_20 ;
set Ts[733]:=
3_5_6 5_11_12 5_19_20 4_17_18 2_19_20 3_15_16 3_19_20 ;
set Ts[734]:=
3_9_10 1_9_10 ;
set Ts[735]:=
5_5_6 1_9_10 4_3_4 ;
set Ts[736]:=
5_11_12 1_11_12 2_19_20 1_19_20 5_13_14 2_5_6 1_3_4 3_13_14 4_3_4 2_17_18 1_9_10 ;
set Ts[737]:=
5_15_16 4_5_6 4_17_18 3_5_6 5_19_20 5_11_12 2_9_10 3_11_12 4_7_8 5_3_4 3_19_20 ;
set Ts[738]:=
1_13_14 4_1_2 2_3_4 3_7_8 1_19_20 4_17_18 4_9_10 5_9_10 1_7_8 3_17_18 4_15_16 ;
set Ts[739]:=
4_15_16 5_3_4 3_19_20 4_9_10 5_19_20 3_5_6 ;
set Ts[740]:=
4_15_16 4_5_6 5_17_18 5_15_16 5_11_12 1_15_16 4_9_10 4_11_12 2_17_18 5_3_4 2_15_16 2_9_10 4_1_2 ;
set Ts[741]:=
3_15_16 2_11_12 ;
set Ts[742]:=
5_17_18 4_5_6 2_15_16 3_13_14 5_15_16 2_11_12 ;
set Ts[743]:=
3_15_16 3_9_10 5_11_12 1_5_6 1_3_4 1_9_10 3_17_18 2_7_8 ;
set Ts[744]:=
5_15_16 3_19_20 2_5_6 5_9_10 3_11_12 4_3_4 2_1_2 1_7_8 3_5_6 3_7_8 4_7_8 3_13_14 4_19_20 ;
set Ts[745]:=
3_9_10 4_3_4 1_19_20 3_15_16 3_5_6 1_3_4 4_7_8 2_13_14 3_11_12 1_13_14 ;
set Ts[746]:=
4_19_20 3_9_10 3_11_12 1_15_16 ;
set Ts[747]:=
4_19_20 3_13_14 ;
set Ts[748]:=
4_1_2 3_15_16 2_11_12 5_17_18 1_13_14 1_3_4 2_19_20 4_5_6 ;
set Ts[749]:=
4_13_14 4_5_6 1_1_2 1_9_10 1_5_6 ;
set Ts[750]:=
5_13_14 2_13_14 2_7_8 3_1_2 1_3_4 ;
set Ts[751]:=
4_19_20 5_17_18 1_17_18 2_3_4 5_5_6 ;
set Ts[752]:=
2_3_4 1_13_14 ;
set Ts[753]:=
5_17_18 3_9_10 5_9_10 2_17_18 4_13_14 3_19_20 1_13_14 2_5_6 3_5_6 5_11_12 ;
set Ts[754]:=
5_7_8 4_15_16 4_13_14 ;
set Ts[755]:=
1_3_4 5_19_20 ;
set Ts[756]:=
5_17_18 2_5_6 3_15_16 5_7_8 3_5_6 ;
set Ts[757]:=
1_11_12 4_5_6 4_3_4 5_13_14 5_17_18 ;
set Ts[758]:=
4_7_8 3_9_10 1_1_2 4_13_14 2_7_8 2_3_4 3_3_4 3_7_8 ;
set Ts[759]:=
2_19_20 4_1_2 4_7_8 2_11_12 2_5_6 2_7_8 3_13_14 2_13_14 1_7_8 3_1_2 1_11_12 3_11_12 4_13_14 ;
set Ts[760]:=
1_19_20 1_9_10 4_17_18 3_13_14 3_9_10 4_13_14 5_15_16 2_3_4 2_19_20 3_5_6 5_5_6 ;
set Ts[761]:=
3_13_14 4_11_12 3_7_8 2_13_14 2_11_12 ;
set Ts[762]:=
2_15_16 4_5_6 2_7_8 5_13_14 1_11_12 4_9_10 4_1_2 1_17_18 2_5_6 4_19_20 ;
set Ts[763]:=
1_11_12 3_7_8 4_3_4 5_3_4 2_3_4 4_17_18 4_5_6 ;
set Ts[764]:=
2_19_20 1_3_4 3_19_20 2_17_18 ;
set Ts[765]:=
1_1_2 5_17_18 2_11_12 5_3_4 1_7_8 2_9_10 4_7_8 5_13_14 3_13_14 5_9_10 1_11_12 ;
set Ts[766]:=
5_7_8 5_13_14 1_13_14 2_13_14 3_11_12 2_5_6 ;
set Ts[767]:=
5_5_6 5_1_2 2_7_8 5_7_8 1_1_2 ;
set Ts[768]:=
2_1_2 2_3_4 4_1_2 1_11_12 1_13_14 1_19_20 3_13_14 1_7_8 3_11_12 4_17_18 5_17_18 ;
set Ts[769]:=
4_15_16 2_7_8 5_3_4 4_7_8 4_1_2 5_5_6 1_1_2 4_11_12 5_19_20 1_15_16 1_7_8 3_9_10 ;
set Ts[770]:=
5_17_18 5_15_16 2_5_6 3_17_18 1_15_16 ;
set Ts[771]:=
2_7_8 2_5_6 3_9_10 1_13_14 3_7_8 4_9_10 1_17_18 4_19_20 ;
set Ts[772]:=
2_7_8 4_5_6 4_13_14 4_17_18 3_15_16 5_5_6 1_19_20 3_19_20 5_11_12 2_19_20 5_7_8 ;
set Ts[773]:=
5_5_6 4_11_12 3_1_2 5_9_10 1_9_10 3_17_18 2_9_10 2_7_8 2_13_14 ;
set Ts[774]:=
2_9_10 5_5_6 ;
set Ts[775]:=
4_11_12 4_19_20 5_13_14 1_3_4 3_5_6 3_11_12 5_7_8 3_13_14 1_5_6 5_5_6 1_13_14 3_17_18 5_9_10 ;
set Ts[776]:=
2_19_20 4_7_8 2_15_16 1_1_2 3_11_12 ;
set Ts[777]:=
3_19_20 2_9_10 1_15_16 2_3_4 ;
set Ts[778]:=
1_3_4 5_11_12 1_13_14 2_11_12 5_1_2 3_7_8 4_1_2 1_15_16 2_3_4 4_7_8 ;
set Ts[779]:=
5_19_20 4_9_10 1_11_12 4_15_16 5_15_16 4_19_20 2_3_4 2_9_10 2_5_6 ;
set Ts[780]:=
3_15_16 2_3_4 1_3_4 1_13_14 3_3_4 5_19_20 2_17_18 4_15_16 3_7_8 ;
set Ts[781]:=
4_3_4 4_5_6 ;
set Ts[782]:=
2_19_20 5_1_2 2_7_8 3_15_16 1_1_2 3_19_20 ;
set Ts[783]:=
2_17_18 4_1_2 4_3_4 1_17_18 2_5_6 3_17_18 2_3_4 4_11_12 ;
set Ts[784]:=
4_13_14 5_1_2 2_15_16 2_5_6 3_1_2 2_9_10 ;
set Ts[785]:=
1_15_16 3_15_16 5_19_20 1_17_18 5_17_18 ;
set Ts[786]:=
2_3_4 3_5_6 4_5_6 3_19_20 ;
set Ts[787]:=
2_3_4 4_1_2 5_1_2 5_9_10 4_15_16 ;
set Ts[788]:=
1_7_8 2_13_14 5_1_2 2_17_18 2_11_12 4_7_8 ;
set Ts[789]:=
4_15_16 2_1_2 3_1_2 2_9_10 5_11_12 2_17_18 ;
set Ts[790]:=
1_1_2 5_9_10 3_19_20 2_15_16 ;
set Ts[791]:=
5_15_16 4_5_6 3_1_2 3_5_6 ;
set Ts[792]:=
1_5_6 3_1_2 2_3_4 1_1_2 5_7_8 5_15_16 1_19_20 4_17_18 4_1_2 1_15_16 4_3_4 2_7_8 1_11_12 ;
set Ts[793]:=
3_15_16 3_1_2 2_17_18 4_3_4 3_5_6 3_7_8 4_7_8 5_13_14 ;
set Ts[794]:=
4_19_20 3_1_2 ;
set Ts[795]:=
2_9_10 1_1_2 3_11_12 5_3_4 2_13_14 4_15_16 2_3_4 4_7_8 ;
set Ts[796]:=
4_3_4 2_9_10 4_19_20 2_11_12 4_9_10 5_11_12 ;
set Ts[797]:=
5_17_18 4_7_8 3_15_16 2_3_4 ;
set Ts[798]:=
4_11_12 2_1_2 5_19_20 ;
set Ts[799]:=
5_11_12 3_19_20 2_15_16 3_5_6 5_15_16 5_19_20 3_11_12 4_9_10 4_11_12 ;
set Ts[800]:=
2_9_10 3_19_20 1_11_12 3_1_2 2_19_20 4_13_14 5_9_10 4_17_18 ;
set Ts[801]:=
2_9_10 4_15_16 4_11_12 5_5_6 4_17_18 2_5_6 ;
set Ts[802]:=
4_9_10 2_19_20 3_13_14 4_5_6 3_1_2 5_15_16 5_13_14 4_7_8 5_9_10 2_13_14 1_19_20 ;
set Ts[803]:=
5_19_20 1_15_16 ;
set Ts[804]:=
4_9_10 4_17_18 4_7_8 3_9_10 1_5_6 ;
set Ts[805]:=
1_7_8 5_1_2 5_17_18 1_1_2 5_7_8 3_19_20 ;
set Ts[806]:=
5_7_8 1_5_6 2_11_12 3_7_8 2_13_14 ;
set Ts[807]:=
1_3_4 1_1_2 1_11_12 ;
set Ts[808]:=
4_17_18 1_1_2 3_7_8 2_7_8 5_9_10 4_13_14 2_9_10 3_3_4 1_15_16 ;
set Ts[809]:=
3_19_20 1_17_18 3_3_4 2_9_10 1_7_8 5_9_10 2_11_12 ;
set Ts[810]:=
1_11_12 5_11_12 1_7_8 5_13_14 2_13_14 ;
set Ts[811]:=
5_17_18 2_1_2 1_15_16 4_1_2 3_5_6 4_13_14 1_11_12 ;
set Ts[812]:=
5_19_20 1_9_10 5_17_18 3_13_14 2_13_14 4_9_10 5_9_10 4_7_8 5_3_4 3_5_6 2_5_6 ;
set Ts[813]:=
2_19_20 1_1_2 5_13_14 3_1_2 1_19_20 4_5_6 ;
set Ts[814]:=
3_19_20 2_3_4 1_15_16 ;
set Ts[815]:=
5_9_10 2_5_6 1_5_6 5_5_6 1_3_4 5_15_16 2_15_16 ;
set Ts[816]:=
4_17_18 2_7_8 1_11_12 2_17_18 2_15_16 2_5_6 ;
set Ts[817]:=
4_15_16 3_15_16 4_5_6 ;
set Ts[818]:=
5_11_12 5_5_6 4_7_8 5_13_14 2_15_16 1_11_12 2_19_20 4_19_20 4_15_16 ;
set Ts[819]:=
5_19_20 1_1_2 1_9_10 5_7_8 ;
set Ts[820]:=
5_9_10 2_11_12 3_9_10 5_1_2 1_1_2 1_3_4 3_7_8 2_9_10 3_5_6 ;
set Ts[821]:=
4_13_14 3_15_16 4_1_2 3_5_6 5_7_8 ;
set Ts[822]:=
3_7_8 4_5_6 3_1_2 1_11_12 2_15_16 2_19_20 5_11_12 1_7_8 ;
set Ts[823]:=
1_3_4 2_1_2 2_13_14 ;
set Ts[824]:=
4_9_10 3_3_4 5_5_6 2_13_14 ;
set Ts[825]:=
5_5_6 4_9_10 5_1_2 2_7_8 3_11_12 4_5_6 2_13_14 1_9_10 4_13_14 3_19_20 1_15_16 3_3_4 2_9_10 ;
set Ts[826]:=
2_7_8 5_19_20 1_17_18 1_15_16 4_3_4 1_11_12 3_11_12 4_9_10 3_19_20 4_1_2 ;
set Ts[827]:=
3_1_2 1_13_14 3_19_20 3_13_14 3_5_6 2_13_14 4_17_18 ;
set Ts[828]:=
5_13_14 3_17_18 4_15_16 1_9_10 3_5_6 ;
set Ts[829]:=
2_15_16 2_7_8 ;
set Ts[830]:=
1_7_8 3_15_16 4_17_18 ;
set Ts[831]:=
2_3_4 3_5_6 1_7_8 1_11_12 4_1_2 1_3_4 5_11_12 1_9_10 1_15_16 2_19_20 3_9_10 2_5_6 ;
set Ts[832]:=
3_13_14 1_5_6 4_11_12 5_9_10 1_7_8 3_19_20 4_17_18 5_1_2 5_5_6 1_17_18 3_1_2 ;
set Ts[833]:=
2_3_4 4_7_8 1_19_20 3_19_20 4_9_10 ;
set Ts[834]:=
5_5_6 5_3_4 2_19_20 2_5_6 4_19_20 1_11_12 ;
set Ts[835]:=
2_13_14 1_3_4 4_19_20 4_9_10 5_17_18 4_15_16 3_9_10 2_5_6 5_19_20 1_11_12 3_13_14 5_5_6 ;
set Ts[836]:=
4_1_2 5_5_6 5_13_14 5_3_4 4_19_20 ;
set Ts[837]:=
1_15_16 5_3_4 2_15_16 2_3_4 5_1_2 ;
set Ts[838]:=
3_3_4 4_1_2 2_3_4 3_1_2 2_7_8 1_3_4 1_7_8 ;
set Ts[839]:=
5_13_14 5_19_20 3_9_10 2_17_18 4_3_4 1_11_12 3_1_2 1_5_6 ;
set Ts[840]:=
2_11_12 3_17_18 4_15_16 2_7_8 5_15_16 ;
set Ts[841]:=
5_5_6 5_3_4 1_13_14 4_19_20 ;
set Ts[842]:=
4_17_18 2_9_10 2_13_14 5_5_6 ;
set Ts[843]:=
5_5_6 1_1_2 1_3_4 3_13_14 ;
set Ts[844]:=
4_3_4 5_13_14 1_13_14 3_13_14 2_19_20 4_19_20 2_15_16 4_7_8 5_3_4 2_17_18 1_1_2 ;
set Ts[845]:=
2_15_16 3_3_4 3_15_16 2_11_12 3_5_6 5_3_4 4_17_18 3_19_20 ;
set Ts[846]:=
4_19_20 1_3_4 5_11_12 2_19_20 4_17_18 2_5_6 5_9_10 3_1_2 4_15_16 4_11_12 ;
set Ts[847]:=
2_17_18 3_11_12 ;
set Ts[848]:=
3_1_2 1_15_16 2_11_12 2_1_2 1_19_20 2_9_10 3_7_8 4_3_4 4_13_14 1_13_14 ;
set Ts[849]:=
1_9_10 2_5_6 5_3_4 3_13_14 4_5_6 ;
set Ts[850]:=
3_7_8 4_9_10 4_17_18 ;
set Ts[851]:=
3_3_4 5_17_18 1_19_20 5_9_10 4_11_12 5_13_14 3_15_16 4_1_2 1_7_8 5_19_20 1_11_12 ;
set Ts[852]:=
3_7_8 4_5_6 2_9_10 1_13_14 5_7_8 5_1_2 ;
set Ts[853]:=
4_3_4 4_15_16 3_5_6 ;
set Ts[854]:=
1_7_8 2_3_4 3_9_10 ;
set Ts[855]:=
1_19_20 4_3_4 2_15_16 2_11_12 5_7_8 3_7_8 1_7_8 5_5_6 3_5_6 5_17_18 ;
set Ts[856]:=
4_17_18 4_9_10 ;
set Ts[857]:=
5_5_6 5_13_14 3_13_14 4_7_8 1_7_8 5_1_2 ;
set Ts[858]:=
4_5_6 3_17_18 1_17_18 3_9_10 5_9_10 ;
set Ts[859]:=
5_3_4 2_1_2 3_5_6 4_5_6 3_19_20 1_7_8 ;
set Ts[860]:=
4_11_12 3_5_6 3_17_18 5_9_10 5_7_8 ;
set Ts[861]:=
4_15_16 5_3_4 3_13_14 1_5_6 ;
set Ts[862]:=
5_19_20 4_11_12 4_17_18 1_3_4 ;
set Ts[863]:=
2_15_16 2_3_4 2_5_6 4_7_8 1_13_14 4_9_10 4_17_18 1_3_4 5_3_4 ;
set Ts[864]:=
1_11_12 4_1_2 1_1_2 4_17_18 3_11_12 5_11_12 3_3_4 5_9_10 2_15_16 ;
set Ts[865]:=
2_9_10 1_15_16 1_7_8 ;
set Ts[866]:=
3_7_8 3_11_12 3_19_20 5_7_8 3_9_10 ;
set Ts[867]:=
4_11_12 3_13_14 ;
set Ts[868]:=
4_17_18 3_9_10 1_9_10 2_9_10 4_3_4 ;
set Ts[869]:=
3_5_6 5_3_4 1_5_6 2_3_4 1_19_20 4_19_20 4_1_2 4_5_6 5_1_2 ;
set Ts[870]:=
1_13_14 1_1_2 5_13_14 4_3_4 ;
set Ts[871]:=
5_17_18 5_11_12 5_19_20 3_19_20 1_3_4 3_7_8 2_9_10 ;
set Ts[872]:=
5_5_6 4_19_20 3_15_16 1_11_12 3_9_10 3_7_8 2_7_8 1_9_10 ;
set Ts[873]:=
2_7_8 3_13_14 ;
set Ts[874]:=
4_13_14 4_9_10 1_19_20 3_3_4 3_7_8 1_1_2 5_15_16 1_17_18 ;
set Ts[875]:=
1_1_2 5_9_10 5_15_16 4_9_10 3_15_16 2_13_14 1_9_10 1_3_4 2_3_4 ;
set Ts[876]:=
1_11_12 4_7_8 5_3_4 ;
set Ts[877]:=
5_11_12 4_1_2 3_5_6 1_13_14 1_7_8 1_5_6 1_11_12 4_11_12 ;
set Ts[878]:=
1_19_20 3_9_10 1_1_2 3_17_18 4_3_4 3_11_12 3_13_14 2_9_10 5_1_2 1_9_10 3_5_6 ;
set Ts[879]:=
5_5_6 1_1_2 4_11_12 2_5_6 5_13_14 4_17_18 ;
set Ts[880]:=
4_1_2 4_17_18 3_9_10 5_3_4 2_7_8 5_5_6 2_5_6 1_19_20 5_1_2 ;
set Ts[881]:=
5_17_18 3_7_8 4_15_16 1_15_16 2_19_20 4_17_18 ;
set Ts[882]:=
1_19_20 3_19_20 1_13_14 3_3_4 1_1_2 1_15_16 4_7_8 2_11_12 2_9_10 ;
set Ts[883]:=
4_9_10 5_9_10 1_3_4 1_17_18 1_1_2 2_3_4 5_3_4 1_13_14 3_15_16 ;
set Ts[884]:=
4_13_14 2_9_10 3_5_6 1_9_10 2_17_18 1_15_16 1_5_6 ;
set Ts[885]:=
3_1_2 2_11_12 1_3_4 5_9_10 4_5_6 3_19_20 3_9_10 2_9_10 ;
set Ts[886]:=
5_5_6 2_19_20 ;
set Ts[887]:=
2_3_4 4_7_8 2_1_2 4_9_10 5_3_4 2_17_18 ;
set Ts[888]:=
2_9_10 3_13_14 1_3_4 5_7_8 5_17_18 4_1_2 4_15_16 5_3_4 5_11_12 ;
set Ts[889]:=
2_3_4 5_13_14 2_17_18 2_13_14 5_1_2 1_7_8 3_5_6 1_11_12 ;
set Ts[890]:=
1_11_12 5_3_4 4_9_10 4_15_16 1_15_16 1_7_8 4_5_6 5_17_18 5_7_8 ;
set Ts[891]:=
5_7_8 4_3_4 ;
set Ts[892]:=
2_17_18 5_17_18 1_17_18 4_1_2 1_11_12 4_13_14 2_1_2 2_7_8 ;
set Ts[893]:=
1_11_12 3_15_16 2_9_10 5_15_16 2_17_18 5_17_18 5_9_10 3_5_6 ;
set Ts[894]:=
5_9_10 1_19_20 4_3_4 ;
set Ts[895]:=
3_13_14 2_5_6 ;
set Ts[896]:=
3_7_8 5_19_20 3_11_12 4_13_14 5_1_2 ;
set Ts[897]:=
2_3_4 4_13_14 1_13_14 5_17_18 2_19_20 3_19_20 1_5_6 2_17_18 ;
set Ts[898]:=
4_9_10 3_3_4 5_1_2 4_19_20 4_1_2 4_13_14 4_3_4 5_15_16 1_19_20 4_11_12 ;
set Ts[899]:=
4_11_12 3_13_14 2_17_18 5_5_6 4_19_20 3_9_10 5_1_2 2_3_4 1_5_6 1_11_12 5_19_20 ;
set Ts[900]:=
5_1_2 5_7_8 1_13_14 2_7_8 3_15_16 4_9_10 3_13_14 3_11_12 4_19_20 5_19_20 ;
set Ts[901]:=
3_15_16 1_7_8 5_1_2 3_5_6 ;
set Ts[902]:=
3_3_4 2_19_20 2_13_14 4_19_20 3_11_12 4_7_8 2_9_10 4_11_12 5_13_14 ;
set Ts[903]:=
4_13_14 3_1_2 2_5_6 2_9_10 ;
set Ts[904]:=
4_13_14 1_15_16 2_15_16 ;
set Ts[905]:=
4_19_20 1_13_14 1_3_4 3_5_6 ;
set Ts[906]:=
1_3_4 5_7_8 ;
set Ts[907]:=
5_5_6 4_13_14 5_15_16 1_5_6 2_17_18 2_3_4 4_5_6 ;
set Ts[908]:=
3_3_4 5_11_12 1_1_2 1_13_14 3_17_18 4_7_8 5_9_10 3_11_12 ;
set Ts[909]:=
5_19_20 4_3_4 5_15_16 5_11_12 2_19_20 5_17_18 2_13_14 1_11_12 3_1_2 2_1_2 3_9_10 ;
set Ts[910]:=
2_9_10 1_3_4 1_17_18 3_1_2 ;
set Ts[911]:=
3_9_10 3_17_18 5_19_20 ;
set Ts[912]:=
2_5_6 3_17_18 ;
set Ts[913]:=
1_3_4 1_5_6 1_11_12 2_9_10 2_17_18 4_13_14 4_19_20 1_17_18 ;
set Ts[914]:=
3_5_6 5_13_14 3_7_8 1_11_12 5_5_6 5_19_20 ;
set Ts[915]:=
4_3_4 5_17_18 5_13_14 2_5_6 5_3_4 ;
set Ts[916]:=
3_9_10 2_9_10 1_19_20 4_11_12 5_3_4 4_9_10 3_19_20 4_1_2 3_13_14 3_3_4 1_9_10 4_19_20 2_19_20 ;
set Ts[917]:=
3_9_10 5_13_14 4_15_16 3_19_20 5_1_2 5_9_10 ;
set Ts[918]:=
3_11_12 4_1_2 3_17_18 5_15_16 ;
set Ts[919]:=
3_17_18 5_17_18 3_11_12 4_15_16 2_9_10 2_15_16 ;
set Ts[920]:=
5_11_12 1_3_4 4_15_16 2_17_18 2_19_20 3_19_20 2_7_8 1_13_14 4_7_8 3_13_14 ;
set Ts[921]:=
5_1_2 4_7_8 5_13_14 5_5_6 3_5_6 ;
set Ts[922]:=
1_3_4 2_3_4 5_1_2 3_15_16 3_3_4 5_19_20 1_5_6 4_13_14 2_9_10 ;
set Ts[923]:=
2_7_8 3_1_2 1_1_2 3_19_20 1_17_18 5_13_14 5_17_18 3_11_12 3_17_18 4_15_16 ;
set Ts[924]:=
5_7_8 5_5_6 3_3_4 ;
set Ts[925]:=
1_9_10 4_13_14 5_19_20 ;
set Ts[926]:=
1_11_12 4_7_8 5_3_4 ;
set Ts[927]:=
4_1_2 2_7_8 1_19_20 4_11_12 1_15_16 ;
set Ts[928]:=
1_13_14 1_3_4 5_9_10 3_19_20 3_11_12 5_3_4 ;
set Ts[929]:=
2_15_16 2_19_20 5_3_4 4_15_16 5_19_20 4_9_10 4_17_18 ;
set Ts[930]:=
2_17_18 3_11_12 1_9_10 5_11_12 4_9_10 ;
set Ts[931]:=
1_13_14 3_7_8 2_7_8 1_3_4 4_13_14 1_19_20 5_1_2 1_5_6 5_9_10 5_5_6 1_1_2 4_3_4 2_9_10 ;
set Ts[932]:=
2_11_12 4_5_6 3_15_16 1_3_4 5_13_14 5_9_10 1_15_16 1_13_14 ;
set Ts[933]:=
4_17_18 2_7_8 5_5_6 2_15_16 2_11_12 1_15_16 4_7_8 5_11_12 ;
set Ts[934]:=
2_3_4 1_15_16 5_11_12 4_13_14 4_15_16 4_7_8 3_1_2 3_3_4 2_9_10 5_17_18 5_5_6 ;
set Ts[935]:=
3_11_12 1_7_8 4_7_8 4_19_20 3_15_16 ;
set Ts[936]:=
5_11_12 4_7_8 3_7_8 4_11_12 3_19_20 2_15_16 1_3_4 1_11_12 1_17_18 4_15_16 ;
set Ts[937]:=
3_15_16 2_19_20 ;
set Ts[938]:=
4_15_16 1_3_4 2_1_2 5_13_14 3_1_2 1_7_8 3_3_4 ;
set Ts[939]:=
4_11_12 1_19_20 1_13_14 4_9_10 4_17_18 ;
set Ts[940]:=
1_3_4 1_17_18 2_19_20 3_15_16 3_11_12 ;
set Ts[941]:=
2_15_16 4_15_16 2_11_12 2_9_10 3_1_2 2_7_8 3_3_4 2_19_20 3_17_18 5_3_4 ;
set Ts[942]:=
5_3_4 4_9_10 3_1_2 3_13_14 2_7_8 3_17_18 3_3_4 3_7_8 ;
set Ts[943]:=
2_11_12 4_7_8 1_17_18 1_3_4 ;
set Ts[944]:=
4_1_2 1_19_20 5_17_18 1_7_8 ;
set Ts[945]:=
4_5_6 2_9_10 4_9_10 1_3_4 3_7_8 2_11_12 1_13_14 ;
set Ts[946]:=
3_3_4 3_1_2 1_1_2 ;
set Ts[947]:=
4_19_20 3_1_2 1_9_10 1_19_20 5_3_4 5_5_6 3_11_12 5_1_2 3_7_8 4_1_2 3_19_20 2_9_10 ;
set Ts[948]:=
4_3_4 3_7_8 4_5_6 4_11_12 5_13_14 ;
set Ts[949]:=
3_7_8 1_11_12 5_11_12 1_9_10 1_15_16 5_19_20 ;
set Ts[950]:=
5_17_18 1_5_6 3_9_10 1_17_18 3_5_6 5_11_12 3_1_2 3_13_14 3_3_4 ;
set Ts[951]:=
5_17_18 1_1_2 4_3_4 1_13_14 2_7_8 ;
set Ts[952]:=
4_13_14 1_7_8 2_13_14 3_15_16 5_13_14 4_9_10 2_15_16 2_7_8 ;
set Ts[953]:=
5_7_8 3_3_4 1_19_20 2_17_18 5_13_14 3_17_18 3_19_20 3_1_2 4_13_14 ;
set Ts[954]:=
5_17_18 2_17_18 2_9_10 ;
set Ts[955]:=
3_17_18 4_11_12 1_15_16 5_19_20 5_15_16 ;
set Ts[956]:=
4_11_12 4_15_16 5_3_4 1_3_4 4_13_14 3_17_18 1_17_18 2_15_16 1_11_12 1_9_10 1_15_16 3_3_4 ;
set Ts[957]:=
2_7_8 5_11_12 2_13_14 1_9_10 3_11_12 3_1_2 2_15_16 4_7_8 3_5_6 4_1_2 5_15_16 ;
set Ts[958]:=
5_7_8 5_5_6 2_13_14 2_17_18 2_5_6 5_19_20 3_9_10 3_7_8 ;
set Ts[959]:=
5_19_20 1_17_18 ;
set Ts[960]:=
1_7_8 2_13_14 4_15_16 2_9_10 1_5_6 3_7_8 ;
set Ts[961]:=
4_15_16 3_17_18 5_3_4 1_9_10 2_15_16 3_9_10 3_3_4 5_5_6 5_19_20 2_13_14 ;
set Ts[962]:=
3_15_16 1_1_2 1_3_4 2_1_2 2_9_10 ;
set Ts[963]:=
1_3_4 1_9_10 1_1_2 1_13_14 5_3_4 3_7_8 3_15_16 4_5_6 ;
set Ts[964]:=
2_5_6 1_15_16 3_3_4 ;
set Ts[965]:=
4_5_6 4_17_18 5_7_8 ;
set Ts[966]:=
4_11_12 1_19_20 5_17_18 4_15_16 4_5_6 ;
set Ts[967]:=
4_1_2 1_11_12 5_19_20 5_7_8 1_15_16 4_7_8 5_5_6 3_1_2 1_7_8 ;
set Ts[968]:=
3_1_2 4_15_16 5_19_20 1_17_18 4_1_2 4_5_6 1_15_16 5_7_8 1_1_2 3_3_4 ;
set Ts[969]:=
5_15_16 5_5_6 5_19_20 ;
set Ts[970]:=
3_5_6 3_11_12 1_7_8 ;
set Ts[971]:=
3_7_8 1_13_14 4_9_10 2_19_20 3_13_14 2_3_4 3_3_4 2_9_10 3_19_20 5_5_6 ;
set Ts[972]:=
4_3_4 5_5_6 ;
set Ts[973]:=
2_1_2 4_3_4 3_3_4 5_7_8 1_13_14 5_5_6 1_1_2 ;
set Ts[974]:=
2_15_16 1_11_12 4_15_16 3_11_12 5_19_20 3_17_18 2_19_20 ;
set Ts[975]:=
4_5_6 4_7_8 3_3_4 1_13_14 3_19_20 4_13_14 2_1_2 5_9_10 1_15_16 ;
set Ts[976]:=
2_13_14 5_13_14 4_19_20 1_19_20 3_3_4 5_5_6 4_11_12 4_13_14 ;
set Ts[977]:=
4_15_16 3_17_18 3_11_12 1_13_14 3_19_20 5_19_20 4_13_14 ;
set Ts[978]:=
2_11_12 5_1_2 1_19_20 3_17_18 3_13_14 5_13_14 ;
set Ts[979]:=
5_13_14 2_9_10 3_7_8 ;
set Ts[980]:=
4_1_2 4_9_10 3_13_14 2_1_2 3_9_10 4_13_14 1_19_20 2_9_10 3_7_8 5_1_2 5_19_20 5_9_10 2_5_6 ;
set Ts[981]:=
4_9_10 2_1_2 2_7_8 ;
set Ts[982]:=
2_17_18 3_19_20 ;
set Ts[983]:=
2_13_14 5_7_8 3_3_4 5_13_14 1_3_4 2_5_6 2_3_4 ;
set Ts[984]:=
1_13_14 2_11_12 3_5_6 4_15_16 5_15_16 ;
set Ts[985]:=
5_7_8 2_9_10 5_1_2 3_3_4 5_13_14 5_3_4 5_11_12 3_15_16 4_5_6 4_7_8 2_19_20 ;
set Ts[986]:=
1_5_6 1_15_16 4_5_6 5_17_18 ;
set Ts[987]:=
2_1_2 5_1_2 1_1_2 3_3_4 2_17_18 4_9_10 4_13_14 5_15_16 ;
set Ts[988]:=
5_11_12 3_3_4 2_5_6 1_19_20 1_5_6 3_9_10 4_5_6 5_1_2 ;
set Ts[989]:=
3_3_4 4_19_20 3_17_18 4_15_16 4_17_18 2_9_10 ;
set Ts[990]:=
2_11_12 2_9_10 3_9_10 2_15_16 ;
set Ts[991]:=
5_5_6 1_15_16 1_11_12 1_1_2 2_5_6 ;
set Ts[992]:=
4_19_20 2_19_20 2_13_14 3_17_18 4_15_16 2_15_16 1_7_8 3_19_20 4_3_4 3_9_10 ;
set Ts[993]:=
5_7_8 3_1_2 1_3_4 1_13_14 4_1_2 2_1_2 3_11_12 3_3_4 ;
set Ts[994]:=
4_19_20 4_17_18 3_1_2 5_17_18 1_17_18 2_15_16 ;
set Ts[995]:=
3_17_18 4_13_14 5_15_16 3_15_16 4_15_16 3_13_14 2_3_4 1_1_2 4_17_18 2_19_20 5_17_18 2_5_6 5_9_10 ;
set Ts[996]:=
5_9_10 2_9_10 5_3_4 4_3_4 1_1_2 1_9_10 5_15_16 ;
set Ts[997]:=
2_1_2 1_7_8 5_3_4 5_9_10 3_5_6 2_3_4 5_1_2 ;
set Ts[998]:=
4_1_2 1_3_4 3_7_8 4_19_20 5_1_2 3_11_12 2_11_12 3_17_18 2_13_14 1_1_2 ;
set Ts[999]:=
2_3_4 3_15_16 1_17_18 5_19_20 3_1_2 4_19_20 3_3_4 5_17_18 3_13_14 2_11_12 2_7_8 ;
set Ts[1000]:=
5_17_18 1_5_6 3_15_16 ;
set Ts[1001]:=
3_1_2 1_9_10 2_17_18 2_1_2 3_15_16 3_19_20 ;
set Ts[1002]:=
5_15_16 4_3_4 2_1_2 1_13_14 1_3_4 2_15_16 5_11_12 3_5_6 ;
set Ts[1003]:=
1_3_4 1_7_8 4_19_20 2_1_2 ;
set Ts[1004]:=
2_13_14 4_11_12 ;
set Ts[1005]:=
4_5_6 4_11_12 3_5_6 4_3_4 4_17_18 5_19_20 4_7_8 1_19_20 ;
set Ts[1006]:=
4_3_4 3_7_8 2_3_4 5_19_20 2_15_16 3_15_16 3_3_4 1_5_6 3_1_2 4_15_16 ;
set Ts[1007]:=
3_15_16 2_17_18 5_3_4 1_13_14 ;
set Ts[1008]:=
4_1_2 4_3_4 1_11_12 5_13_14 1_9_10 2_5_6 1_5_6 ;
set Ts[1009]:=
2_5_6 4_11_12 1_11_12 5_13_14 2_3_4 3_5_6 3_3_4 1_19_20 2_15_16 ;
set Ts[1010]:=
5_17_18 2_15_16 3_15_16 1_1_2 ;
set Ts[1011]:=
1_13_14 5_13_14 5_5_6 3_7_8 2_9_10 ;
set Ts[1012]:=
3_17_18 4_19_20 4_9_10 1_11_12 3_13_14 ;
set Ts[1013]:=
4_19_20 3_15_16 3_5_6 5_1_2 3_9_10 ;
set Ts[1014]:=
5_1_2 1_5_6 4_3_4 2_1_2 3_9_10 4_15_16 5_11_12 1_15_16 1_11_12 ;
set Ts[1015]:=
5_5_6 2_3_4 1_7_8 ;
set Ts[1016]:=
4_13_14 1_1_2 5_13_14 3_1_2 1_3_4 1_5_6 5_15_16 ;
set Ts[1017]:=
4_17_18 4_15_16 ;
set Ts[1018]:=
1_7_8 1_3_4 ;
set Ts[1019]:=
3_19_20 1_7_8 2_3_4 ;
set Ts[1020]:=
4_1_2 5_11_12 ;
set Ts[1021]:=
4_5_6 3_5_6 2_13_14 4_9_10 3_11_12 ;
set Ts[1022]:=
4_15_16 1_3_4 2_19_20 2_9_10 1_11_12 4_3_4 4_5_6 5_17_18 ;
set Ts[1023]:=
2_5_6 1_11_12 5_3_4 1_3_4 4_7_8 2_15_16 2_11_12 3_7_8 5_15_16 ;
set Ts[1024]:=
5_17_18 5_15_16 3_1_2 5_9_10 5_5_6 ;
set Ts[1025]:=
1_1_2 1_19_20 3_15_16 2_7_8 1_9_10 1_11_12 2_15_16 3_7_8 2_3_4 ;
set Ts[1026]:=
1_1_2 3_7_8 4_13_14 4_1_2 5_7_8 ;
set Ts[1027]:=
1_1_2 1_7_8 5_7_8 4_5_6 3_7_8 4_7_8 5_17_18 3_1_2 ;
set Ts[1028]:=
5_5_6 4_9_10 4_17_18 1_11_12 1_9_10 2_17_18 3_13_14 5_19_20 4_3_4 5_11_12 ;
set Ts[1029]:=
4_11_12 4_15_16 1_5_6 3_15_16 5_9_10 4_9_10 1_1_2 2_3_4 5_11_12 4_1_2 4_7_8 1_19_20 ;
set Ts[1030]:=
2_7_8 5_1_2 4_9_10 ;
set Ts[1031]:=
5_5_6 4_19_20 5_3_4 ;
set Ts[1032]:=
4_19_20 4_7_8 3_15_16 3_17_18 4_5_6 4_11_12 5_15_16 3_7_8 ;
set Ts[1033]:=
1_9_10 2_5_6 2_7_8 2_11_12 4_7_8 4_3_4 3_11_12 5_3_4 4_15_16 2_13_14 2_19_20 ;
set Ts[1034]:=
3_3_4 5_1_2 1_1_2 3_11_12 ;
set Ts[1035]:=
5_9_10 4_7_8 3_19_20 4_11_12 ;
set Ts[1036]:=
3_7_8 4_15_16 2_3_4 ;
set Ts[1037]:=
1_19_20 2_3_4 4_17_18 5_13_14 1_13_14 5_7_8 1_5_6 1_1_2 3_15_16 ;
set Ts[1038]:=
5_1_2 4_7_8 3_9_10 ;
set Ts[1039]:=
1_19_20 1_17_18 ;
set Ts[1040]:=
2_5_6 1_7_8 3_9_10 1_11_12 ;
set Ts[1041]:=
2_3_4 3_11_12 5_1_2 4_11_12 1_7_8 3_15_16 5_7_8 ;
set Ts[1042]:=
3_7_8 3_15_16 3_13_14 1_3_4 5_19_20 2_19_20 5_9_10 1_17_18 1_11_12 ;
set Ts[1043]:=
1_7_8 5_7_8 ;
set Ts[1044]:=
2_13_14 3_7_8 5_7_8 4_9_10 1_11_12 5_17_18 4_15_16 1_13_14 1_17_18 ;
set Ts[1045]:=
3_3_4 3_15_16 1_13_14 4_9_10 3_7_8 4_13_14 2_17_18 5_5_6 2_11_12 2_7_8 5_15_16 2_1_2 ;
set Ts[1046]:=
4_15_16 1_17_18 2_7_8 5_17_18 3_17_18 2_15_16 3_15_16 2_17_18 ;
set Ts[1047]:=
2_15_16 2_17_18 5_1_2 1_13_14 4_13_14 3_5_6 4_5_6 2_7_8 ;
set Ts[1048]:=
3_9_10 3_7_8 1_19_20 1_5_6 2_3_4 5_15_16 ;
set Ts[1049]:=
1_15_16 3_11_12 4_1_2 3_3_4 1_7_8 2_1_2 5_15_16 ;
set Ts[1050]:=
3_17_18 3_1_2 1_7_8 1_17_18 ;
set Ts[1051]:=
3_17_18 1_1_2 3_11_12 1_13_14 4_5_6 5_3_4 5_11_12 5_19_20 ;
set Ts[1052]:=
1_1_2 5_9_10 3_17_18 5_17_18 3_7_8 2_19_20 5_3_4 ;
set Ts[1053]:=
2_9_10 5_13_14 1_15_16 1_13_14 4_11_12 1_1_2 4_15_16 2_7_8 ;
set Ts[1054]:=
5_19_20 4_15_16 4_5_6 3_1_2 ;
set Ts[1055]:=
4_15_16 3_5_6 5_19_20 4_17_18 1_3_4 5_11_12 2_15_16 ;
set Ts[1056]:=
1_17_18 5_9_10 2_13_14 2_11_12 5_17_18 4_15_16 1_15_16 5_7_8 4_9_10 2_3_4 ;
set Ts[1057]:=
3_5_6 4_1_2 1_13_14 2_17_18 5_7_8 2_13_14 2_9_10 ;
set Ts[1058]:=
2_11_12 5_11_12 2_15_16 1_9_10 ;
set Ts[1059]:=
5_1_2 1_11_12 ;
set Ts[1060]:=
4_5_6 1_19_20 ;
set Ts[1061]:=
5_15_16 5_7_8 5_17_18 2_19_20 2_7_8 3_17_18 3_19_20 ;
set Ts[1062]:=
3_3_4 3_1_2 3_7_8 2_1_2 ;
set Ts[1063]:=
4_15_16 2_11_12 1_1_2 1_11_12 ;
set Ts[1064]:=
2_7_8 5_13_14 3_19_20 5_1_2 3_15_16 4_7_8 3_13_14 3_3_4 5_5_6 4_13_14 1_1_2 ;
set Ts[1065]:=
3_1_2 2_11_12 5_1_2 2_9_10 ;
set Ts[1066]:=
1_19_20 4_11_12 4_7_8 2_7_8 ;
set Ts[1067]:=
3_11_12 3_17_18 1_19_20 3_3_4 3_5_6 2_9_10 2_17_18 1_7_8 3_1_2 4_13_14 ;
set Ts[1068]:=
2_5_6 5_15_16 1_7_8 4_3_4 1_15_16 4_13_14 3_17_18 2_13_14 ;
set Ts[1069]:=
2_9_10 5_17_18 4_5_6 3_11_12 ;
set Ts[1070]:=
5_11_12 2_3_4 2_9_10 1_5_6 2_1_2 5_19_20 3_3_4 5_9_10 4_9_10 ;
set Ts[1071]:=
3_19_20 2_1_2 1_1_2 5_19_20 4_15_16 3_1_2 2_11_12 5_7_8 4_13_14 2_13_14 4_11_12 2_3_4 ;
set Ts[1072]:=
1_11_12 3_1_2 3_7_8 5_15_16 1_15_16 2_15_16 4_17_18 5_7_8 ;
set Ts[1073]:=
3_13_14 4_9_10 2_7_8 1_15_16 2_17_18 2_15_16 5_3_4 2_9_10 1_19_20 3_15_16 3_19_20 ;
set Ts[1074]:=
4_1_2 2_17_18 5_1_2 2_13_14 4_11_12 3_13_14 ;
set Ts[1075]:=
5_7_8 5_1_2 5_13_14 1_19_20 2_13_14 2_1_2 ;
set Ts[1076]:=
2_15_16 5_15_16 2_13_14 5_17_18 4_9_10 4_3_4 3_9_10 1_5_6 4_11_12 2_17_18 5_13_14 ;
set Ts[1077]:=
4_5_6 4_17_18 1_1_2 ;
set Ts[1078]:=
5_5_6 5_1_2 3_3_4 4_7_8 1_13_14 4_13_14 ;
set Ts[1079]:=
2_3_4 2_17_18 5_15_16 4_17_18 1_3_4 2_13_14 1_13_14 1_15_16 ;
set Ts[1080]:=
3_7_8 5_15_16 5_3_4 2_3_4 4_9_10 ;
set Ts[1081]:=
3_11_12 3_19_20 ;
set Ts[1082]:=
4_19_20 1_1_2 3_3_4 5_13_14 1_3_4 1_7_8 5_1_2 4_7_8 4_1_2 1_17_18 ;
set Ts[1083]:=
1_5_6 1_15_16 2_9_10 1_7_8 5_17_18 2_3_4 4_5_6 4_11_12 ;
set Ts[1084]:=
1_3_4 4_13_14 3_7_8 1_15_16 4_19_20 3_15_16 5_19_20 2_19_20 3_19_20 5_1_2 ;
set Ts[1085]:=
3_3_4 1_9_10 1_13_14 1_3_4 2_3_4 4_19_20 3_13_14 1_7_8 5_9_10 3_1_2 3_9_10 3_5_6 ;
set Ts[1086]:=
2_15_16 4_13_14 3_19_20 ;
set Ts[1087]:=
4_9_10 2_1_2 1_17_18 2_3_4 3_17_18 3_7_8 3_13_14 5_15_16 ;
set Ts[1088]:=
3_5_6 4_7_8 5_15_16 1_15_16 5_19_20 ;
set Ts[1089]:=
1_17_18 5_9_10 ;
set Ts[1090]:=
1_15_16 3_13_14 2_19_20 1_13_14 4_17_18 2_11_12 3_19_20 ;
set Ts[1091]:=
4_17_18 1_1_2 5_7_8 2_15_16 2_11_12 3_11_12 1_9_10 3_1_2 4_7_8 1_3_4 ;
set Ts[1092]:=
5_7_8 4_1_2 2_13_14 2_15_16 5_1_2 3_11_12 ;
set Ts[1093]:=
2_11_12 1_9_10 2_15_16 3_3_4 2_5_6 ;
set Ts[1094]:=
5_15_16 3_5_6 3_7_8 2_11_12 ;
set Ts[1095]:=
3_9_10 5_17_18 5_11_12 5_3_4 3_1_2 3_19_20 4_9_10 2_5_6 4_19_20 ;
set Ts[1096]:=
5_5_6 4_3_4 2_15_16 2_1_2 3_15_16 2_13_14 ;
set Ts[1097]:=
1_9_10 1_7_8 ;
set Ts[1098]:=
2_9_10 2_11_12 3_1_2 ;
set Ts[1099]:=
1_19_20 4_3_4 3_1_2 5_15_16 5_3_4 3_15_16 4_15_16 ;
set Ts[1100]:=
3_1_2 5_9_10 3_5_6 4_13_14 5_1_2 ;
set Ts[1101]:=
3_19_20 3_5_6 1_9_10 4_19_20 5_19_20 1_17_18 2_1_2 5_15_16 5_5_6 2_15_16 ;
set Ts[1102]:=
4_1_2 4_7_8 3_7_8 4_13_14 2_15_16 3_13_14 ;
set Ts[1103]:=
4_9_10 3_11_12 2_1_2 5_9_10 5_5_6 2_11_12 4_15_16 ;
set Ts[1104]:=
2_9_10 1_5_6 1_9_10 1_3_4 3_17_18 2_11_12 4_1_2 4_13_14 4_3_4 ;
set Ts[1105]:=
2_19_20 2_7_8 4_1_2 4_17_18 5_19_20 1_17_18 1_5_6 3_9_10 4_9_10 3_3_4 ;
set Ts[1106]:=
3_11_12 5_7_8 3_5_6 3_15_16 3_13_14 1_17_18 4_19_20 2_7_8 4_15_16 4_9_10 1_9_10 ;
set Ts[1107]:=
5_3_4 3_5_6 4_3_4 ;
set Ts[1108]:=
1_1_2 4_15_16 5_15_16 4_9_10 2_9_10 3_11_12 1_17_18 1_19_20 2_5_6 3_7_8 1_13_14 ;
set Ts[1109]:=
5_17_18 5_7_8 1_7_8 4_15_16 2_11_12 1_3_4 3_3_4 2_9_10 3_9_10 3_7_8 ;
set Ts[1110]:=
1_1_2 5_13_14 3_3_4 3_5_6 ;
set Ts[1111]:=
4_15_16 5_17_18 1_19_20 5_7_8 ;
set Ts[1112]:=
2_3_4 4_1_2 4_11_12 3_11_12 5_13_14 5_5_6 2_1_2 5_3_4 1_9_10 ;
set Ts[1113]:=
5_5_6 4_17_18 2_3_4 2_1_2 2_13_14 5_11_12 ;
set Ts[1114]:=
5_17_18 4_9_10 ;
set Ts[1115]:=
5_3_4 2_7_8 5_7_8 4_11_12 1_13_14 ;
set Ts[1116]:=
4_15_16 3_5_6 1_5_6 4_13_14 5_3_4 2_13_14 1_11_12 1_19_20 ;
set Ts[1117]:=
3_19_20 2_19_20 ;
set Ts[1118]:=
5_19_20 1_13_14 4_17_18 ;
set Ts[1119]:=
4_7_8 3_1_2 4_13_14 2_11_12 5_19_20 5_9_10 3_5_6 4_15_16 3_11_12 4_5_6 1_19_20 ;
set Ts[1120]:=
4_3_4 2_17_18 1_15_16 5_1_2 1_17_18 1_19_20 2_19_20 1_11_12 2_3_4 5_11_12 ;
set Ts[1121]:=
3_11_12 3_7_8 2_17_18 ;
set Ts[1122]:=
1_15_16 4_1_2 5_13_14 4_7_8 ;
set Ts[1123]:=
4_15_16 5_5_6 3_3_4 ;
set Ts[1124]:=
4_19_20 1_1_2 2_1_2 3_1_2 4_5_6 2_3_4 5_17_18 1_19_20 ;
set Ts[1125]:=
4_5_6 3_3_4 3_13_14 ;
set Ts[1126]:=
5_3_4 2_3_4 3_5_6 1_17_18 1_15_16 4_15_16 3_13_14 4_1_2 2_15_16 5_13_14 ;
set Ts[1127]:=
5_1_2 5_9_10 2_19_20 2_13_14 4_9_10 5_19_20 4_1_2 1_1_2 5_5_6 1_13_14 4_3_4 ;
set Ts[1128]:=
5_19_20 5_1_2 4_17_18 3_5_6 5_13_14 5_7_8 2_9_10 1_15_16 ;
set Ts[1129]:=
5_15_16 5_3_4 1_5_6 1_11_12 4_13_14 4_3_4 2_5_6 1_17_18 ;
set Ts[1130]:=
1_9_10 4_19_20 2_19_20 1_7_8 2_1_2 1_17_18 4_9_10 4_11_12 1_11_12 2_3_4 1_13_14 ;
set Ts[1131]:=
1_1_2 2_19_20 3_9_10 3_15_16 2_13_14 2_3_4 2_1_2 1_17_18 5_3_4 ;
set Ts[1132]:=
4_17_18 4_9_10 3_15_16 ;
set Ts[1133]:=
3_7_8 5_11_12 4_13_14 4_1_2 3_17_18 3_19_20 1_3_4 ;
set Ts[1134]:=
4_19_20 5_19_20 2_1_2 5_13_14 2_5_6 4_13_14 4_5_6 ;
set Ts[1135]:=
3_9_10 5_3_4 3_17_18 1_19_20 1_9_10 3_13_14 2_15_16 ;
set Ts[1136]:=
2_13_14 2_1_2 4_3_4 3_1_2 3_13_14 3_3_4 1_7_8 4_11_12 1_1_2 ;
set Ts[1137]:=
1_19_20 3_17_18 5_17_18 2_15_16 ;
set Ts[1138]:=
2_3_4 3_17_18 4_17_18 3_1_2 1_1_2 2_1_2 4_1_2 ;
set Ts[1139]:=
2_7_8 4_5_6 5_7_8 3_15_16 ;
set Ts[1140]:=
1_15_16 5_5_6 1_3_4 5_13_14 ;
set Ts[1141]:=
3_3_4 5_1_2 4_3_4 2_15_16 2_7_8 1_13_14 ;
set Ts[1142]:=
4_19_20 4_7_8 3_19_20 2_19_20 2_7_8 2_9_10 1_3_4 ;
set Ts[1143]:=
4_5_6 4_13_14 ;
set Ts[1144]:=
4_15_16 2_11_12 3_15_16 5_15_16 1_3_4 1_7_8 ;
set Ts[1145]:=
2_9_10 1_11_12 5_19_20 3_9_10 ;
set Ts[1146]:=
1_3_4 2_11_12 3_7_8 1_7_8 1_1_2 1_17_18 2_1_2 3_11_12 ;
set Ts[1147]:=
4_1_2 5_19_20 4_13_14 2_15_16 ;
set Ts[1148]:=
3_9_10 5_9_10 2_5_6 3_17_18 4_17_18 4_13_14 5_13_14 1_3_4 2_11_12 5_3_4 ;
set Ts[1149]:=
2_9_10 2_13_14 2_11_12 4_13_14 3_15_16 ;
set Ts[1150]:=
3_1_2 2_1_2 1_19_20 2_9_10 4_5_6 1_15_16 5_19_20 2_19_20 4_3_4 1_13_14 ;
set Ts[1151]:=
1_13_14 1_1_2 2_3_4 2_5_6 5_7_8 5_9_10 5_3_4 ;
set Ts[1152]:=
5_17_18 3_11_12 3_1_2 2_13_14 1_11_12 4_19_20 2_17_18 4_1_2 ;
set Ts[1153]:=
3_17_18 3_11_12 1_3_4 5_5_6 2_17_18 1_7_8 2_19_20 1_19_20 4_17_18 1_11_12 2_13_14 5_11_12 ;
set Ts[1154]:=
2_15_16 4_1_2 2_7_8 3_11_12 2_5_6 3_1_2 5_19_20 ;
set Ts[1155]:=
3_13_14 4_11_12 4_13_14 2_13_14 1_1_2 5_11_12 ;
set Ts[1156]:=
4_17_18 5_9_10 3_15_16 4_13_14 1_1_2 3_1_2 5_7_8 2_5_6 ;
set Ts[1157]:=
5_19_20 1_5_6 3_13_14 3_7_8 4_5_6 ;
set Ts[1158]:=
2_19_20 3_9_10 1_15_16 4_7_8 ;
set Ts[1159]:=
4_13_14 3_3_4 4_19_20 3_5_6 5_19_20 2_1_2 4_15_16 4_17_18 4_5_6 1_13_14 2_7_8 ;
set Ts[1160]:=
5_13_14 4_17_18 5_5_6 ;
set Ts[1161]:=
1_11_12 1_19_20 ;
set Ts[1162]:=
1_1_2 2_17_18 4_5_6 ;
set Ts[1163]:=
5_7_8 4_7_8 ;
set Ts[1164]:=
1_15_16 2_3_4 3_13_14 4_17_18 1_19_20 ;
set Ts[1165]:=
2_7_8 3_5_6 4_13_14 3_1_2 1_15_16 5_5_6 4_9_10 5_7_8 2_5_6 5_19_20 3_17_18 ;
set Ts[1166]:=
3_3_4 4_19_20 ;
set Ts[1167]:=
5_19_20 5_9_10 5_7_8 ;
set Ts[1168]:=
2_17_18 4_17_18 ;
set Ts[1169]:=
1_5_6 4_9_10 3_9_10 1_3_4 2_15_16 5_9_10 ;
set Ts[1170]:=
1_9_10 5_3_4 5_19_20 2_1_2 5_9_10 2_9_10 1_13_14 5_13_14 3_17_18 ;
set Ts[1171]:=
1_5_6 2_15_16 3_5_6 5_1_2 ;
set Ts[1172]:=
2_9_10 3_1_2 1_13_14 4_19_20 4_1_2 5_5_6 ;
set Ts[1173]:=
5_13_14 3_5_6 2_15_16 3_1_2 4_17_18 1_7_8 1_13_14 4_5_6 1_1_2 5_9_10 1_5_6 ;
set Ts[1174]:=
5_9_10 2_9_10 4_1_2 2_11_12 2_3_4 4_17_18 3_11_12 1_15_16 3_19_20 4_13_14 3_5_6 ;
set Ts[1175]:=
5_15_16 4_11_12 3_19_20 1_5_6 5_19_20 3_17_18 5_1_2 3_9_10 5_7_8 ;
set Ts[1176]:=
1_15_16 4_3_4 3_9_10 2_5_6 5_3_4 5_13_14 ;
set Ts[1177]:=
4_9_10 2_19_20 3_13_14 2_7_8 3_15_16 5_19_20 4_15_16 2_9_10 2_13_14 ;
set Ts[1178]:=
3_11_12 4_1_2 3_3_4 2_15_16 ;
set Ts[1179]:=
4_17_18 4_15_16 1_5_6 5_17_18 3_3_4 5_13_14 4_11_12 ;
set Ts[1180]:=
3_13_14 3_5_6 1_9_10 2_17_18 3_15_16 2_13_14 4_5_6 5_11_12 4_7_8 2_7_8 1_1_2 ;
set Ts[1181]:=
3_15_16 5_1_2 3_3_4 2_3_4 2_17_18 4_11_12 4_7_8 4_3_4 3_7_8 ;
set Ts[1182]:=
1_5_6 5_11_12 2_17_18 4_9_10 3_13_14 1_17_18 5_17_18 2_1_2 2_9_10 ;
set Ts[1183]:=
1_5_6 4_17_18 4_11_12 3_9_10 3_15_16 1_7_8 2_3_4 2_15_16 1_1_2 3_17_18 5_9_10 ;
set Ts[1184]:=
5_7_8 4_13_14 3_5_6 3_13_14 2_1_2 ;
set Ts[1185]:=
2_5_6 1_3_4 3_17_18 4_11_12 1_13_14 ;
set Ts[1186]:=
3_13_14 3_7_8 3_19_20 5_7_8 3_1_2 4_11_12 5_1_2 4_3_4 ;
set Ts[1187]:=
3_5_6 1_3_4 5_1_2 4_5_6 ;
set Ts[1188]:=
3_17_18 3_5_6 ;
set Ts[1189]:=
4_9_10 5_1_2 ;
set Ts[1190]:=
1_11_12 5_3_4 3_1_2 4_19_20 5_15_16 4_17_18 2_5_6 2_19_20 1_1_2 ;
set Ts[1191]:=
3_7_8 5_17_18 1_5_6 ;
set Ts[1192]:=
5_9_10 1_15_16 4_13_14 5_17_18 ;
set Ts[1193]:=
1_17_18 5_17_18 2_9_10 ;
set Ts[1194]:=
2_13_14 2_11_12 4_19_20 3_17_18 2_19_20 2_3_4 ;
set Ts[1195]:=
3_3_4 2_3_4 3_13_14 5_5_6 3_15_16 4_1_2 5_9_10 ;
set Ts[1196]:=
5_17_18 1_15_16 5_9_10 1_17_18 4_17_18 4_15_16 2_11_12 1_13_14 ;
set Ts[1197]:=
5_1_2 1_5_6 ;
set Ts[1198]:=
4_15_16 2_19_20 3_1_2 1_17_18 1_19_20 2_3_4 4_19_20 1_15_16 4_5_6 ;
set Ts[1199]:=
4_17_18 3_1_2 ;
set Ts[1200]:=
2_15_16 2_19_20 4_15_16 3_1_2 1_13_14 3_17_18 2_7_8 4_7_8 ;
set Ts[1201]:=
4_5_6 2_17_18 1_11_12 5_15_16 3_9_10 3_13_14 1_13_14 1_3_4 ;
set Ts[1202]:=
3_17_18 5_19_20 1_9_10 5_9_10 4_5_6 2_7_8 5_15_16 4_13_14 4_19_20 ;
set Ts[1203]:=
4_7_8 3_1_2 1_1_2 ;
set Ts[1204]:=
4_9_10 5_15_16 2_9_10 ;
set Ts[1205]:=
3_15_16 3_17_18 4_3_4 5_7_8 ;
set Ts[1206]:=
2_17_18 1_13_14 2_1_2 3_13_14 1_3_4 ;
set Ts[1207]:=
1_9_10 5_7_8 5_17_18 5_3_4 1_7_8 3_9_10 ;
set Ts[1208]:=
3_11_12 5_3_4 1_13_14 3_1_2 2_15_16 2_7_8 ;
set Ts[1209]:=
3_19_20 2_13_14 5_11_12 ;
set Ts[1210]:=
3_11_12 1_19_20 1_5_6 1_13_14 2_11_12 5_19_20 ;
set Ts[1211]:=
1_9_10 3_1_2 2_15_16 1_19_20 1_3_4 4_9_10 5_19_20 ;
set Ts[1212]:=
3_15_16 2_19_20 3_3_4 5_15_16 4_13_14 3_17_18 ;
set Ts[1213]:=
3_5_6 2_19_20 4_11_12 2_13_14 2_1_2 2_11_12 5_15_16 1_15_16 ;
set Ts[1214]:=
1_17_18 4_15_16 2_3_4 1_11_12 3_19_20 ;
set Ts[1215]:=
2_1_2 5_19_20 3_5_6 1_19_20 2_5_6 ;
set Ts[1216]:=
2_11_12 4_19_20 1_13_14 ;
set Ts[1217]:=
5_1_2 1_3_4 1_13_14 1_9_10 ;
set Ts[1218]:=
3_5_6 4_1_2 5_7_8 3_1_2 ;
set Ts[1219]:=
3_1_2 3_17_18 1_19_20 4_11_12 3_3_4 4_1_2 ;
set Ts[1220]:=
1_3_4 1_7_8 1_19_20 1_1_2 ;
set Ts[1221]:=
1_7_8 4_17_18 2_3_4 3_5_6 ;
set Ts[1222]:=
4_9_10 3_19_20 2_15_16 5_5_6 4_13_14 3_13_14 2_9_10 ;
set Ts[1223]:=
3_19_20 2_13_14 3_15_16 5_19_20 2_11_12 2_19_20 3_13_14 3_17_18 1_3_4 ;
set Ts[1224]:=
4_7_8 2_9_10 5_13_14 5_5_6 2_1_2 ;
set Ts[1225]:=
4_7_8 4_3_4 3_11_12 5_3_4 5_13_14 ;
set Ts[1226]:=
4_3_4 1_17_18 4_15_16 3_19_20 ;
set Ts[1227]:=
4_13_14 3_5_6 3_13_14 4_11_12 5_17_18 1_19_20 5_19_20 5_13_14 ;
set Ts[1228]:=
1_9_10 3_11_12 5_7_8 3_17_18 3_7_8 4_5_6 1_5_6 ;
set Ts[1229]:=
1_7_8 5_13_14 4_13_14 3_5_6 ;
set Ts[1230]:=
5_15_16 3_3_4 4_1_2 4_3_4 5_11_12 1_17_18 1_7_8 1_19_20 1_9_10 4_5_6 2_13_14 2_5_6 ;
set Ts[1231]:=
4_19_20 5_7_8 4_1_2 1_9_10 5_11_12 3_9_10 4_13_14 1_19_20 2_3_4 ;
set Ts[1232]:=
4_5_6 3_7_8 1_15_16 2_3_4 4_1_2 ;
set Ts[1233]:=
5_11_12 5_5_6 4_19_20 5_3_4 1_1_2 3_3_4 ;
set Ts[1234]:=
3_9_10 4_5_6 4_15_16 3_13_14 2_19_20 4_19_20 3_5_6 2_1_2 5_13_14 5_1_2 ;
set Ts[1235]:=
5_5_6 4_19_20 5_3_4 ;
set Ts[1236]:=
2_19_20 1_13_14 1_5_6 1_9_10 4_11_12 1_15_16 3_17_18 ;
set Ts[1237]:=
5_13_14 5_19_20 ;
set Ts[1238]:=
1_9_10 2_15_16 ;
set Ts[1239]:=
3_3_4 1_11_12 ;
set Ts[1240]:=
4_11_12 5_7_8 3_1_2 1_3_4 5_15_16 ;
set Ts[1241]:=
3_13_14 2_19_20 3_1_2 1_5_6 2_9_10 4_9_10 5_15_16 2_13_14 5_17_18 ;
set Ts[1242]:=
1_11_12 5_1_2 ;
set Ts[1243]:=
1_15_16 5_13_14 2_17_18 1_7_8 5_3_4 2_7_8 ;
set Ts[1244]:=
1_11_12 3_17_18 1_17_18 2_1_2 ;
set Ts[1245]:=
1_17_18 3_1_2 2_13_14 1_19_20 3_5_6 4_1_2 2_5_6 ;
set Ts[1246]:=
4_15_16 5_13_14 4_13_14 5_11_12 5_15_16 ;
set Ts[1247]:=
5_7_8 4_13_14 ;
set Ts[1248]:=
1_15_16 2_11_12 2_7_8 3_13_14 3_7_8 2_5_6 3_15_16 5_19_20 4_17_18 ;
set Ts[1249]:=
2_7_8 5_9_10 5_1_2 ;
set Ts[1250]:=
2_17_18 2_19_20 3_5_6 4_7_8 2_13_14 2_5_6 1_3_4 ;
set Ts[1251]:=
1_7_8 1_5_6 2_15_16 2_13_14 4_5_6 ;
set Ts[1252]:=
5_5_6 4_13_14 1_1_2 5_17_18 4_3_4 3_13_14 ;
set Ts[1253]:=
3_17_18 5_19_20 1_13_14 4_1_2 1_5_6 2_5_6 1_15_16 ;
set Ts[1254]:=
4_11_12 3_13_14 3_5_6 1_19_20 2_19_20 1_15_16 ;
set Ts[1255]:=
3_19_20 1_17_18 3_11_12 4_7_8 3_15_16 1_7_8 ;
set Ts[1256]:=
3_11_12 5_13_14 4_9_10 4_11_12 ;
set Ts[1257]:=
2_9_10 3_15_16 ;
set Ts[1258]:=
5_9_10 1_17_18 4_13_14 ;
set Ts[1259]:=
4_1_2 3_7_8 2_3_4 4_7_8 ;
set Ts[1260]:=
2_17_18 3_1_2 2_7_8 ;
set Ts[1261]:=
4_5_6 4_19_20 ;
set Ts[1262]:=
5_19_20 2_5_6 2_13_14 5_1_2 2_1_2 5_13_14 3_9_10 5_7_8 ;
set Ts[1263]:=
5_9_10 2_1_2 1_13_14 5_15_16 ;
set Ts[1264]:=
5_13_14 3_1_2 1_9_10 1_13_14 1_7_8 3_5_6 5_11_12 1_5_6 2_11_12 2_13_14 ;
set Ts[1265]:=
4_15_16 1_1_2 2_1_2 2_5_6 5_5_6 5_19_20 ;
set Ts[1266]:=
5_15_16 3_11_12 4_7_8 4_9_10 1_3_4 5_11_12 3_17_18 1_5_6 ;
set Ts[1267]:=
5_1_2 5_5_6 1_17_18 3_11_12 4_17_18 1_11_12 1_19_20 ;
set Ts[1268]:=
5_1_2 3_7_8 1_3_4 3_1_2 1_11_12 3_17_18 3_15_16 5_15_16 4_19_20 ;
set Ts[1269]:=
2_19_20 4_15_16 2_5_6 1_9_10 4_11_12 5_11_12 5_19_20 1_13_14 3_15_16 2_17_18 ;
set Ts[1270]:=
5_15_16 4_11_12 1_7_8 ;
set Ts[1271]:=
1_15_16 4_17_18 4_9_10 ;
set Ts[1272]:=
2_3_4 4_15_16 2_13_14 2_17_18 4_3_4 3_7_8 5_17_18 2_11_12 3_9_10 4_1_2 5_3_4 ;
set Ts[1273]:=
4_7_8 5_15_16 1_11_12 5_19_20 5_11_12 3_9_10 1_5_6 3_17_18 4_9_10 5_3_4 1_15_16 2_19_20 4_17_18 ;
set Ts[1274]:=
5_17_18 3_15_16 ;
set Ts[1275]:=
4_13_14 1_9_10 3_9_10 3_1_2 4_19_20 1_5_6 1_13_14 4_11_12 2_1_2 2_19_20 3_5_6 ;
set Ts[1276]:=
4_3_4 3_1_2 ;
set Ts[1277]:=
5_3_4 4_13_14 2_3_4 1_3_4 3_1_2 2_15_16 4_17_18 2_19_20 ;
set Ts[1278]:=
4_17_18 1_19_20 5_5_6 ;
set Ts[1279]:=
3_15_16 2_1_2 3_7_8 1_11_12 4_3_4 1_19_20 2_7_8 ;
set Ts[1280]:=
5_13_14 4_7_8 1_3_4 1_17_18 4_9_10 2_13_14 3_15_16 3_17_18 2_1_2 5_15_16 4_1_2 5_11_12 3_7_8 ;
set Ts[1281]:=
5_5_6 1_17_18 2_15_16 5_19_20 ;
set Ts[1282]:=
5_1_2 3_1_2 5_11_12 1_15_16 2_7_8 ;
set Ts[1283]:=
3_9_10 1_5_6 ;
set Ts[1284]:=
5_3_4 2_5_6 2_9_10 4_11_12 5_17_18 1_9_10 ;
set Ts[1285]:=
3_19_20 5_3_4 5_9_10 5_15_16 5_19_20 ;
set Ts[1286]:=
1_9_10 3_11_12 1_11_12 ;
set Ts[1287]:=
4_7_8 3_11_12 3_17_18 3_19_20 ;
set Ts[1288]:=
2_1_2 2_15_16 5_17_18 4_15_16 ;
set Ts[1289]:=
2_5_6 3_1_2 4_7_8 5_5_6 2_7_8 4_3_4 1_5_6 4_15_16 3_9_10 ;
set Ts[1290]:=
3_7_8 2_3_4 3_1_2 ;
set Ts[1291]:=
5_3_4 1_5_6 1_11_12 3_13_14 ;
set Ts[1292]:=
4_3_4 4_19_20 2_9_10 3_3_4 4_1_2 3_9_10 ;
set Ts[1293]:=
1_7_8 5_17_18 5_7_8 ;
set Ts[1294]:=
2_5_6 4_15_16 4_11_12 ;
set Ts[1295]:=
2_19_20 5_19_20 1_11_12 ;
set Ts[1296]:=
5_13_14 5_5_6 2_3_4 4_9_10 2_5_6 1_13_14 4_7_8 2_15_16 1_9_10 ;
set Ts[1297]:=
1_15_16 5_1_2 5_9_10 3_13_14 5_11_12 3_17_18 4_3_4 5_15_16 1_17_18 ;
set Ts[1298]:=
3_3_4 1_9_10 1_7_8 4_17_18 4_7_8 1_3_4 2_7_8 2_9_10 ;
set Ts[1299]:=
2_11_12 5_17_18 ;
set Ts[1300]:=
1_7_8 1_11_12 3_15_16 1_9_10 5_17_18 2_17_18 5_13_14 4_15_16 1_17_18 1_1_2 5_9_10 ;
set Ts[1301]:=
4_19_20 3_13_14 4_7_8 2_13_14 1_11_12 3_3_4 ;
set Ts[1302]:=
4_11_12 1_17_18 2_17_18 3_7_8 2_3_4 5_3_4 2_7_8 ;
set Ts[1303]:=
2_17_18 5_1_2 ;
set Ts[1304]:=
1_7_8 5_1_2 ;
set Ts[1305]:=
5_13_14 3_5_6 1_17_18 4_19_20 4_5_6 4_1_2 1_5_6 1_9_10 3_11_12 2_1_2 1_1_2 ;
set Ts[1306]:=
3_9_10 4_3_4 1_5_6 2_15_16 1_13_14 1_1_2 1_7_8 ;
set Ts[1307]:=
4_3_4 1_11_12 1_7_8 1_19_20 4_15_16 3_11_12 3_3_4 5_15_16 1_17_18 3_15_16 1_3_4 ;
set Ts[1308]:=
5_11_12 3_3_4 3_9_10 2_3_4 5_3_4 2_7_8 4_5_6 5_5_6 5_1_2 5_15_16 ;
set Ts[1309]:=
3_7_8 5_19_20 2_13_14 1_7_8 5_15_16 3_13_14 4_19_20 2_17_18 ;
set Ts[1310]:=
1_1_2 5_5_6 5_1_2 5_9_10 4_13_14 3_7_8 ;
set Ts[1311]:=
3_11_12 4_5_6 5_11_12 1_9_10 4_7_8 1_19_20 2_13_14 4_15_16 ;
set Ts[1312]:=
5_7_8 4_17_18 4_1_2 4_15_16 5_3_4 3_15_16 1_19_20 3_19_20 ;
set Ts[1313]:=
5_19_20 5_7_8 3_15_16 2_15_16 2_7_8 1_15_16 3_7_8 5_3_4 ;
set Ts[1314]:=
4_11_12 1_5_6 5_5_6 ;
set Ts[1315]:=
5_19_20 4_3_4 ;
set Ts[1316]:=
5_3_4 3_13_14 5_9_10 5_15_16 3_11_12 3_17_18 5_13_14 2_9_10 ;
set Ts[1317]:=
1_13_14 5_5_6 4_7_8 3_9_10 ;
set Ts[1318]:=
5_17_18 2_11_12 ;
set Ts[1319]:=
1_13_14 5_19_20 5_1_2 1_7_8 5_15_16 2_7_8 3_19_20 1_5_6 4_19_20 2_19_20 4_1_2 ;
set Ts[1320]:=
3_3_4 3_15_16 4_1_2 5_5_6 ;
set Ts[1321]:=
5_3_4 2_7_8 1_13_14 3_9_10 1_5_6 ;
set Ts[1322]:=
1_1_2 3_9_10 5_15_16 5_9_10 2_11_12 ;
set Ts[1323]:=
2_11_12 3_7_8 ;
set Ts[1324]:=
5_15_16 5_19_20 3_11_12 5_7_8 1_19_20 4_9_10 2_19_20 ;
set Ts[1325]:=
5_11_12 2_1_2 4_13_14 ;
set Ts[1326]:=
3_1_2 5_13_14 2_5_6 3_17_18 1_7_8 3_7_8 3_11_12 2_17_18 3_3_4 5_9_10 2_1_2 ;
set Ts[1327]:=
1_3_4 5_7_8 5_3_4 2_7_8 1_13_14 5_5_6 1_5_6 3_17_18 5_13_14 4_11_12 5_17_18 ;
set Ts[1328]:=
5_7_8 3_19_20 1_5_6 ;
set Ts[1329]:=
3_13_14 4_3_4 5_9_10 2_9_10 2_19_20 ;
set Ts[1330]:=
4_11_12 5_5_6 4_1_2 2_1_2 5_1_2 4_13_14 5_13_14 ;
set Ts[1331]:=
5_1_2 4_19_20 1_5_6 2_7_8 4_13_14 5_13_14 5_15_16 2_17_18 4_7_8 3_19_20 5_19_20 ;
set Ts[1332]:=
1_13_14 2_9_10 3_3_4 1_17_18 3_19_20 3_15_16 3_17_18 1_3_4 2_15_16 ;
set Ts[1333]:=
4_13_14 1_19_20 1_9_10 2_5_6 5_1_2 2_9_10 3_5_6 ;
set Ts[1334]:=
3_13_14 1_7_8 5_15_16 3_9_10 3_3_4 2_19_20 ;
set Ts[1335]:=
2_3_4 1_17_18 5_3_4 2_19_20 4_15_16 2_7_8 1_19_20 4_1_2 4_17_18 2_9_10 2_17_18 ;
set Ts[1336]:=
4_1_2 1_3_4 5_1_2 4_13_14 5_13_14 3_7_8 2_11_12 4_9_10 3_9_10 1_1_2 5_19_20 ;
set Ts[1337]:=
3_19_20 3_15_16 3_9_10 2_5_6 5_5_6 2_17_18 ;
set Ts[1338]:=
2_7_8 2_15_16 5_15_16 3_9_10 1_13_14 4_17_18 ;
set Ts[1339]:=
2_11_12 3_19_20 3_15_16 2_5_6 2_7_8 5_13_14 2_15_16 4_7_8 1_19_20 1_11_12 1_5_6 5_19_20 ;
set Ts[1340]:=
5_5_6 4_15_16 2_9_10 4_1_2 2_7_8 1_3_4 1_13_14 2_1_2 5_17_18 4_17_18 3_11_12 3_3_4 3_5_6 ;
set Ts[1341]:=
5_19_20 5_3_4 3_5_6 4_1_2 3_11_12 2_3_4 1_3_4 3_3_4 ;
set Ts[1342]:=
2_15_16 3_11_12 5_17_18 4_15_16 4_3_4 1_5_6 ;
set Ts[1343]:=
4_19_20 3_15_16 ;
set Ts[1344]:=
1_7_8 3_17_18 5_9_10 1_19_20 5_13_14 1_5_6 1_9_10 2_15_16 4_1_2 1_1_2 3_7_8 ;
set Ts[1345]:=
2_17_18 5_13_14 3_17_18 5_5_6 5_7_8 4_15_16 ;
set Ts[1346]:=
2_15_16 3_19_20 2_9_10 2_1_2 1_1_2 2_19_20 2_11_12 ;
set Ts[1347]:=
1_1_2 5_11_12 1_15_16 2_5_6 ;
set Ts[1348]:=
1_15_16 3_15_16 ;
set Ts[1349]:=
4_13_14 1_13_14 3_7_8 1_11_12 4_15_16 ;
set Ts[1350]:=
2_11_12 5_1_2 3_13_14 3_3_4 2_17_18 ;
set Ts[1351]:=
4_3_4 4_7_8 3_19_20 2_7_8 4_15_16 3_5_6 4_19_20 3_9_10 ;
set Ts[1352]:=
2_5_6 5_5_6 3_3_4 2_1_2 2_7_8 1_11_12 3_7_8 4_7_8 2_9_10 ;
set Ts[1353]:=
3_3_4 5_15_16 ;
set Ts[1354]:=
1_5_6 1_19_20 5_17_18 4_13_14 4_9_10 3_3_4 2_3_4 4_7_8 4_11_12 ;
set Ts[1355]:=
4_13_14 3_11_12 1_11_12 ;
set Ts[1356]:=
4_17_18 5_5_6 1_13_14 3_17_18 1_15_16 ;
set Ts[1357]:=
5_7_8 3_15_16 5_11_12 1_15_16 ;
set Ts[1358]:=
5_11_12 5_7_8 3_11_12 1_15_16 4_17_18 3_7_8 2_11_12 ;
set Ts[1359]:=
1_7_8 5_17_18 2_19_20 5_15_16 1_11_12 5_13_14 3_17_18 1_17_18 ;
set Ts[1360]:=
2_7_8 5_7_8 5_5_6 5_19_20 2_9_10 4_17_18 1_5_6 2_5_6 4_15_16 ;
set Ts[1361]:=
3_11_12 2_9_10 4_9_10 5_3_4 4_17_18 5_13_14 5_19_20 2_13_14 ;
set Ts[1362]:=
3_9_10 3_19_20 2_11_12 4_15_16 3_1_2 5_11_12 5_7_8 5_1_2 4_3_4 ;
set Ts[1363]:=
1_11_12 5_11_12 5_15_16 4_7_8 3_3_4 2_1_2 4_3_4 4_13_14 5_5_6 ;
set Ts[1364]:=
4_15_16 2_7_8 5_17_18 3_1_2 2_1_2 2_3_4 3_11_12 5_15_16 ;
set Ts[1365]:=
4_9_10 3_11_12 5_19_20 5_3_4 ;
set Ts[1366]:=
4_3_4 4_13_14 4_19_20 2_9_10 2_11_12 3_5_6 4_9_10 5_17_18 ;
set Ts[1367]:=
4_13_14 4_3_4 1_13_14 ;
set Ts[1368]:=
2_15_16 3_17_18 1_7_8 3_9_10 4_9_10 5_19_20 1_17_18 1_15_16 ;
set Ts[1369]:=
4_9_10 5_13_14 ;
set Ts[1370]:=
5_13_14 5_9_10 2_7_8 ;
set Ts[1371]:=
2_5_6 2_11_12 2_7_8 1_19_20 2_19_20 5_1_2 2_3_4 4_17_18 3_15_16 ;
set Ts[1372]:=
2_7_8 4_19_20 1_5_6 3_1_2 1_1_2 1_17_18 4_1_2 5_17_18 ;
set Ts[1373]:=
4_13_14 4_5_6 4_11_12 2_19_20 3_19_20 5_3_4 4_1_2 ;
set Ts[1374]:=
5_5_6 2_11_12 3_15_16 1_3_4 4_3_4 ;
set Ts[1375]:=
4_13_14 4_17_18 5_13_14 5_7_8 5_3_4 2_1_2 ;
set Ts[1376]:=
2_9_10 3_15_16 1_9_10 5_19_20 3_7_8 4_15_16 2_13_14 ;
set Ts[1377]:=
2_3_4 3_7_8 3_15_16 3_17_18 5_13_14 ;
set Ts[1378]:=
5_7_8 3_9_10 3_11_12 1_3_4 ;
set Ts[1379]:=
5_1_2 5_15_16 2_13_14 2_1_2 5_19_20 4_13_14 ;
set Ts[1380]:=
3_5_6 4_1_2 1_7_8 3_19_20 2_11_12 5_3_4 4_13_14 5_5_6 1_11_12 4_15_16 1_9_10 2_9_10 ;
set Ts[1381]:=
5_3_4 3_13_14 3_11_12 2_9_10 4_11_12 2_5_6 5_11_12 4_5_6 4_7_8 5_13_14 4_17_18 1_11_12 ;
set Ts[1382]:=
1_17_18 4_9_10 ;
set Ts[1383]:=
5_13_14 5_3_4 1_15_16 2_7_8 4_13_14 1_9_10 5_7_8 4_17_18 ;
set Ts[1384]:=
1_3_4 5_5_6 4_9_10 ;
set Ts[1385]:=
4_19_20 2_7_8 3_3_4 2_19_20 5_9_10 5_3_4 ;
set Ts[1386]:=
4_5_6 5_19_20 4_19_20 3_17_18 3_1_2 2_13_14 3_3_4 3_9_10 1_9_10 ;
set Ts[1387]:=
4_7_8 1_3_4 ;
set Ts[1388]:=
1_17_18 1_15_16 ;
set Ts[1389]:=
5_1_2 4_7_8 3_15_16 5_9_10 5_7_8 3_11_12 3_7_8 3_19_20 2_1_2 ;
set Ts[1390]:=
2_9_10 5_19_20 1_9_10 2_17_18 1_3_4 ;
set Ts[1391]:=
2_13_14 5_15_16 5_13_14 1_11_12 3_5_6 1_19_20 4_9_10 4_11_12 5_17_18 2_11_12 3_19_20 ;
set Ts[1392]:=
3_5_6 2_7_8 2_1_2 4_11_12 ;
set Ts[1393]:=
4_9_10 1_9_10 5_13_14 2_7_8 2_9_10 4_3_4 1_17_18 2_5_6 2_3_4 3_11_12 3_13_14 3_3_4 ;
set Ts[1394]:=
1_7_8 2_19_20 3_11_12 3_19_20 2_7_8 ;
set Ts[1395]:=
4_1_2 5_15_16 4_11_12 5_13_14 4_15_16 5_9_10 5_17_18 1_3_4 2_13_14 3_5_6 1_5_6 3_15_16 ;
set Ts[1396]:=
1_17_18 1_7_8 1_13_14 5_17_18 1_9_10 3_1_2 3_15_16 5_13_14 4_3_4 4_15_16 ;
set Ts[1397]:=
2_11_12 4_9_10 1_15_16 5_11_12 3_11_12 4_5_6 2_19_20 2_15_16 4_11_12 1_5_6 3_17_18 ;
set Ts[1398]:=
3_13_14 1_17_18 3_1_2 4_7_8 4_15_16 5_5_6 4_1_2 5_19_20 ;
set Ts[1399]:=
1_3_4 2_17_18 4_5_6 ;
set Ts[1400]:=
2_17_18 2_13_14 5_11_12 5_9_10 5_17_18 3_11_12 4_15_16 2_11_12 4_5_6 1_13_14 2_5_6 3_7_8 ;
set Ts[1401]:=
4_19_20 5_17_18 4_1_2 ;
set Ts[1402]:=
2_11_12 1_9_10 ;
set Ts[1403]:=
1_5_6 4_17_18 3_3_4 5_1_2 ;
set Ts[1404]:=
1_5_6 2_15_16 1_9_10 1_17_18 5_13_14 ;
set Ts[1405]:=
1_15_16 4_19_20 3_11_12 2_15_16 5_9_10 5_17_18 ;
set Ts[1406]:=
1_7_8 4_7_8 4_17_18 4_13_14 1_9_10 4_3_4 ;
set Ts[1407]:=
4_3_4 3_9_10 5_7_8 4_11_12 2_9_10 2_1_2 ;
set Ts[1408]:=
4_13_14 3_13_14 5_5_6 1_3_4 4_3_4 5_17_18 3_3_4 3_5_6 2_19_20 ;
set Ts[1409]:=
5_3_4 1_11_12 4_1_2 5_17_18 5_15_16 1_1_2 3_15_16 2_17_18 ;
set Ts[1410]:=
1_3_4 4_3_4 2_13_14 5_13_14 5_5_6 3_3_4 3_15_16 2_11_12 5_3_4 1_11_12 ;
set Ts[1411]:=
2_7_8 2_11_12 2_17_18 4_17_18 5_19_20 4_11_12 4_19_20 ;
set Ts[1412]:=
5_5_6 3_7_8 4_17_18 5_1_2 4_13_14 3_3_4 4_1_2 3_13_14 1_9_10 1_17_18 4_19_20 2_13_14 5_19_20 ;
set Ts[1413]:=
1_11_12 2_5_6 1_19_20 1_15_16 4_13_14 5_11_12 2_15_16 5_9_10 2_7_8 4_5_6 ;
set Ts[1414]:=
5_15_16 5_11_12 2_3_4 2_5_6 5_1_2 4_7_8 3_17_18 ;
set Ts[1415]:=
2_1_2 1_1_2 3_13_14 4_11_12 5_13_14 5_5_6 2_13_14 5_3_4 ;
set Ts[1416]:=
3_17_18 2_1_2 2_17_18 1_5_6 5_7_8 4_15_16 5_19_20 ;
set Ts[1417]:=
4_19_20 2_15_16 4_11_12 3_13_14 2_17_18 2_19_20 3_7_8 5_11_12 ;
set Ts[1418]:=
2_3_4 3_11_12 3_15_16 2_1_2 5_17_18 1_5_6 5_9_10 4_13_14 4_3_4 2_15_16 ;
set Ts[1419]:=
3_17_18 4_7_8 1_17_18 3_15_16 3_9_10 2_19_20 1_3_4 ;
set Ts[1420]:=
1_9_10 3_9_10 3_3_4 ;
set Ts[1421]:=
5_19_20 5_5_6 5_11_12 5_9_10 ;
set Ts[1422]:=
5_3_4 4_1_2 5_9_10 5_5_6 4_17_18 ;
set Ts[1423]:=
1_11_12 1_1_2 4_5_6 1_3_4 1_7_8 4_1_2 5_3_4 2_5_6 1_13_14 2_17_18 ;
set Ts[1424]:=
4_1_2 4_15_16 5_11_12 1_13_14 1_1_2 5_15_16 ;
set Ts[1425]:=
4_15_16 2_5_6 4_13_14 5_17_18 3_1_2 3_19_20 5_11_12 2_3_4 4_11_12 ;
set Ts[1426]:=
3_7_8 2_19_20 ;
set Ts[1427]:=
3_1_2 2_7_8 1_19_20 1_11_12 3_3_4 ;
set Ts[1428]:=
4_7_8 5_19_20 2_5_6 5_5_6 3_13_14 4_5_6 1_11_12 2_13_14 4_3_4 5_3_4 ;
set Ts[1429]:=
5_7_8 2_1_2 5_9_10 1_15_16 5_13_14 4_11_12 ;
set Ts[1430]:=
3_15_16 1_19_20 5_1_2 2_7_8 4_7_8 1_13_14 4_13_14 3_11_12 4_3_4 ;
set Ts[1431]:=
4_3_4 3_7_8 5_19_20 5_9_10 5_15_16 3_15_16 ;
set Ts[1432]:=
1_3_4 3_19_20 ;
set Ts[1433]:=
3_3_4 1_17_18 2_19_20 ;
set Ts[1434]:=
4_7_8 5_5_6 2_17_18 4_15_16 1_19_20 4_3_4 1_13_14 5_7_8 5_9_10 1_1_2 ;
set Ts[1435]:=
2_5_6 1_7_8 1_1_2 5_17_18 1_15_16 ;
set Ts[1436]:=
3_7_8 4_7_8 3_5_6 1_15_16 ;
set Ts[1437]:=
4_11_12 2_7_8 ;
set Ts[1438]:=
2_17_18 3_9_10 1_9_10 4_3_4 1_19_20 3_19_20 5_19_20 2_7_8 4_11_12 4_15_16 ;
set Ts[1439]:=
5_9_10 4_7_8 3_11_12 3_15_16 2_9_10 ;
set Ts[1440]:=
3_7_8 2_11_12 1_1_2 2_15_16 5_19_20 4_5_6 5_5_6 ;
set Ts[1441]:=
1_1_2 1_17_18 3_7_8 3_1_2 2_17_18 ;
set Ts[1442]:=
2_17_18 2_5_6 2_13_14 3_5_6 ;
set Ts[1443]:=
3_17_18 5_19_20 1_7_8 4_17_18 3_7_8 5_17_18 5_5_6 2_3_4 ;
set Ts[1444]:=
1_3_4 1_17_18 5_9_10 4_19_20 4_5_6 1_13_14 4_7_8 2_7_8 ;
set Ts[1445]:=
1_13_14 1_11_12 5_15_16 3_3_4 1_19_20 ;
set Ts[1446]:=
4_7_8 2_15_16 2_19_20 3_19_20 1_13_14 4_17_18 4_3_4 ;
set Ts[1447]:=
1_3_4 2_7_8 4_1_2 4_3_4 1_19_20 3_11_12 4_19_20 2_5_6 1_17_18 ;
set Ts[1448]:=
4_1_2 3_13_14 4_5_6 4_19_20 3_3_4 ;
set Ts[1449]:=
2_3_4 3_13_14 3_5_6 4_1_2 2_7_8 1_17_18 3_19_20 4_5_6 2_9_10 1_9_10 5_1_2 ;
set Ts[1450]:=
4_13_14 3_9_10 2_7_8 3_1_2 2_9_10 5_15_16 ;
set Ts[1451]:=
1_11_12 5_13_14 ;
set Ts[1452]:=
1_11_12 2_1_2 3_9_10 ;
set Ts[1453]:=
2_19_20 2_3_4 5_17_18 3_13_14 4_1_2 3_9_10 3_7_8 1_13_14 2_15_16 4_9_10 3_11_12 4_15_16 ;
set Ts[1454]:=
2_17_18 5_11_12 ;
set Ts[1455]:=
5_9_10 5_19_20 4_11_12 4_7_8 2_11_12 2_13_14 5_7_8 3_11_12 2_7_8 1_15_16 ;
set Ts[1456]:=
3_17_18 4_9_10 5_11_12 1_7_8 4_19_20 2_5_6 3_11_12 1_15_16 1_11_12 2_3_4 2_1_2 3_9_10 1_13_14 ;
set Ts[1457]:=
4_13_14 1_15_16 2_5_6 1_19_20 3_11_12 1_5_6 4_11_12 3_5_6 2_11_12 1_3_4 4_3_4 ;
set Ts[1458]:=
4_11_12 4_3_4 1_19_20 ;
set Ts[1459]:=
4_11_12 3_17_18 2_17_18 ;
set Ts[1460]:=
5_7_8 4_1_2 1_15_16 5_1_2 2_3_4 1_13_14 ;
set Ts[1461]:=
3_11_12 3_17_18 ;
set Ts[1462]:=
2_3_4 3_19_20 2_13_14 5_3_4 3_17_18 5_11_12 2_7_8 4_3_4 ;
set Ts[1463]:=
1_19_20 2_19_20 2_7_8 5_19_20 ;
set Ts[1464]:=
3_11_12 3_3_4 3_1_2 3_19_20 2_19_20 4_1_2 4_9_10 3_17_18 3_9_10 ;
set Ts[1465]:=
3_1_2 5_5_6 5_17_18 ;
set Ts[1466]:=
5_11_12 2_11_12 1_3_4 3_1_2 4_1_2 1_5_6 ;
set Ts[1467]:=
1_3_4 1_11_12 3_17_18 5_1_2 ;
set Ts[1468]:=
3_7_8 4_15_16 3_1_2 4_19_20 2_5_6 5_3_4 ;
set Ts[1469]:=
3_15_16 1_13_14 1_11_12 1_17_18 1_15_16 4_11_12 2_13_14 5_11_12 3_19_20 3_7_8 1_19_20 2_5_6 ;
set Ts[1470]:=
1_13_14 4_13_14 1_15_16 3_1_2 5_3_4 2_1_2 1_19_20 2_9_10 4_7_8 ;
set Ts[1471]:=
4_11_12 1_11_12 3_5_6 4_3_4 5_17_18 ;
set Ts[1472]:=
3_5_6 3_9_10 5_3_4 2_19_20 5_13_14 1_3_4 2_5_6 3_11_12 5_11_12 ;
set Ts[1473]:=
2_13_14 1_7_8 4_17_18 4_5_6 4_7_8 4_13_14 3_11_12 2_3_4 ;
set Ts[1474]:=
4_13_14 2_19_20 ;
set Ts[1475]:=
4_9_10 2_19_20 1_3_4 2_1_2 5_19_20 5_17_18 1_19_20 1_9_10 4_15_16 5_9_10 2_11_12 1_15_16 ;
set Ts[1476]:=
5_7_8 3_11_12 4_9_10 5_3_4 ;
set Ts[1477]:=
4_7_8 4_11_12 ;
set Ts[1478]:=
3_19_20 4_5_6 4_7_8 5_1_2 1_3_4 1_1_2 2_17_18 3_7_8 1_13_14 ;
set Ts[1479]:=
5_1_2 4_7_8 5_19_20 2_7_8 1_19_20 1_1_2 ;
set Ts[1480]:=
1_7_8 1_17_18 5_7_8 5_9_10 4_15_16 2_13_14 4_5_6 1_3_4 2_3_4 ;
set Ts[1481]:=
1_9_10 1_15_16 ;
set Ts[1482]:=
1_5_6 5_1_2 5_13_14 1_9_10 3_7_8 3_11_12 2_15_16 ;
set Ts[1483]:=
3_7_8 5_9_10 4_1_2 3_17_18 ;
set Ts[1484]:=
3_1_2 2_9_10 3_13_14 4_19_20 2_15_16 ;
set Ts[1485]:=
2_5_6 5_9_10 4_1_2 2_3_4 1_13_14 2_15_16 1_3_4 ;
set Ts[1486]:=
3_17_18 5_1_2 4_5_6 1_7_8 ;
set Ts[1487]:=
2_5_6 1_1_2 5_5_6 5_7_8 2_7_8 4_15_16 4_9_10 5_17_18 ;
set Ts[1488]:=
5_5_6 4_1_2 1_15_16 ;
set Ts[1489]:=
3_19_20 2_3_4 4_5_6 3_7_8 4_7_8 ;
set Ts[1490]:=
1_9_10 5_3_4 4_1_2 4_3_4 2_19_20 5_5_6 3_19_20 5_1_2 3_7_8 4_7_8 4_17_18 5_15_16 ;
set Ts[1491]:=
1_3_4 5_7_8 4_13_14 3_15_16 3_5_6 3_11_12 5_9_10 5_13_14 3_19_20 5_3_4 1_1_2 ;
set Ts[1492]:=
5_11_12 5_9_10 2_13_14 ;
set Ts[1493]:=
3_11_12 1_15_16 ;
set Ts[1494]:=
2_7_8 5_15_16 2_19_20 4_1_2 3_3_4 4_3_4 1_5_6 5_5_6 3_5_6 3_19_20 3_7_8 4_9_10 1_1_2 ;
set Ts[1495]:=
3_13_14 4_11_12 3_5_6 4_17_18 2_15_16 4_7_8 2_19_20 ;
set Ts[1496]:=
4_9_10 1_17_18 3_1_2 3_5_6 2_15_16 2_13_14 2_7_8 ;
set Ts[1497]:=
3_17_18 3_3_4 2_1_2 ;
set Ts[1498]:=
5_15_16 4_3_4 1_5_6 1_15_16 1_19_20 3_7_8 3_5_6 5_19_20 4_5_6 5_17_18 1_11_12 3_15_16 ;
set Ts[1499]:=
2_19_20 3_9_10 5_17_18 3_11_12 ;
set Ts[1500]:=
3_3_4 5_17_18 5_13_14 2_9_10 4_1_2 4_11_12 2_3_4 2_5_6 3_5_6 5_7_8 1_7_8 ;
set Ts[1501]:=
3_11_12 1_19_20 ;
set Ts[1502]:=
1_5_6 3_11_12 2_13_14 3_13_14 5_3_4 2_9_10 4_7_8 3_7_8 2_7_8 1_13_14 5_15_16 ;
set Ts[1503]:=
1_11_12 4_13_14 4_15_16 1_3_4 3_9_10 1_19_20 3_11_12 5_13_14 1_5_6 4_11_12 1_9_10 ;
set Ts[1504]:=
1_3_4 4_5_6 ;
set Ts[1505]:=
1_13_14 4_9_10 2_17_18 1_9_10 4_13_14 2_19_20 ;
set Ts[1506]:=
1_17_18 4_15_16 4_3_4 4_11_12 3_5_6 ;
set Ts[1507]:=
4_1_2 5_17_18 2_9_10 1_9_10 2_3_4 1_17_18 1_7_8 ;
set Ts[1508]:=
5_17_18 2_5_6 ;
set Ts[1509]:=
5_15_16 1_17_18 1_7_8 3_13_14 4_7_8 5_11_12 3_9_10 4_5_6 ;
set Ts[1510]:=
2_3_4 3_17_18 3_3_4 1_17_18 2_19_20 4_13_14 ;
set Ts[1511]:=
2_17_18 1_7_8 1_11_12 2_13_14 3_15_16 3_17_18 4_15_16 4_9_10 ;
set Ts[1512]:=
1_15_16 2_19_20 3_7_8 3_11_12 1_13_14 2_13_14 ;
set Ts[1513]:=
4_15_16 2_17_18 3_7_8 3_3_4 5_9_10 1_7_8 5_1_2 5_17_18 5_5_6 1_19_20 4_13_14 ;
set Ts[1514]:=
4_17_18 2_15_16 5_11_12 2_19_20 5_1_2 5_15_16 ;
set Ts[1515]:=
2_7_8 1_3_4 5_7_8 4_1_2 4_11_12 5_1_2 ;
set Ts[1516]:=
5_11_12 5_15_16 4_9_10 3_19_20 ;
set Ts[1517]:=
3_19_20 5_1_2 4_17_18 ;
set Ts[1518]:=
3_13_14 1_11_12 2_11_12 2_17_18 1_1_2 5_17_18 4_15_16 1_15_16 1_19_20 ;
set Ts[1519]:=
2_17_18 5_5_6 3_13_14 3_19_20 4_17_18 5_19_20 2_3_4 5_13_14 1_15_16 ;
set Ts[1520]:=
2_7_8 1_19_20 3_9_10 2_9_10 5_15_16 2_13_14 3_1_2 2_3_4 ;
set Ts[1521]:=
5_17_18 5_3_4 2_9_10 3_13_14 3_19_20 ;
set Ts[1522]:=
4_13_14 3_19_20 2_5_6 2_13_14 3_11_12 ;
set Ts[1523]:=
2_17_18 4_1_2 3_7_8 4_7_8 1_5_6 1_3_4 ;
set Ts[1524]:=
1_5_6 3_1_2 ;
set Ts[1525]:=
5_7_8 3_19_20 5_19_20 1_13_14 2_17_18 2_7_8 5_11_12 5_9_10 1_19_20 4_7_8 3_17_18 ;
set Ts[1526]:=
5_15_16 4_19_20 2_5_6 3_11_12 ;
set Ts[1527]:=
1_9_10 3_11_12 1_13_14 4_15_16 2_5_6 4_5_6 ;
set Ts[1528]:=
1_13_14 1_3_4 1_1_2 ;
set Ts[1529]:=
2_5_6 4_9_10 2_1_2 1_17_18 3_7_8 3_1_2 5_9_10 5_17_18 ;
set Ts[1530]:=
4_17_18 1_19_20 2_19_20 2_1_2 3_15_16 1_15_16 ;
set Ts[1531]:=
5_15_16 2_19_20 4_17_18 3_9_10 4_3_4 ;
set Ts[1532]:=
3_13_14 5_3_4 2_7_8 5_1_2 1_19_20 3_19_20 2_5_6 5_13_14 5_15_16 ;
set Ts[1533]:=
2_13_14 3_7_8 1_3_4 4_9_10 1_1_2 2_7_8 3_19_20 5_5_6 5_13_14 5_11_12 3_9_10 1_17_18 ;
set Ts[1534]:=
5_13_14 1_11_12 5_19_20 4_13_14 ;
set Ts[1535]:=
1_19_20 1_7_8 ;
set Ts[1536]:=
4_17_18 5_9_10 1_7_8 5_3_4 3_13_14 2_5_6 4_15_16 4_13_14 ;
set Ts[1537]:=
4_5_6 2_3_4 3_15_16 5_17_18 4_19_20 ;
set Ts[1538]:=
2_5_6 4_9_10 1_1_2 4_11_12 ;
set Ts[1539]:=
5_1_2 5_19_20 3_19_20 3_5_6 5_9_10 1_17_18 3_15_16 ;
set Ts[1540]:=
3_17_18 2_17_18 3_13_14 4_7_8 1_19_20 5_15_16 4_3_4 ;
set Ts[1541]:=
3_13_14 4_13_14 1_3_4 4_19_20 1_9_10 2_17_18 5_13_14 1_11_12 3_3_4 ;
set Ts[1542]:=
4_1_2 5_19_20 3_9_10 4_3_4 1_19_20 3_13_14 2_19_20 5_5_6 2_15_16 1_7_8 ;
set Ts[1543]:=
5_7_8 2_19_20 2_1_2 2_15_16 ;
set Ts[1544]:=
2_15_16 3_1_2 2_17_18 1_15_16 4_1_2 2_1_2 2_13_14 3_19_20 ;
set Ts[1545]:=
3_17_18 4_13_14 2_5_6 4_19_20 5_15_16 3_3_4 ;
set Ts[1546]:=
2_15_16 3_7_8 4_7_8 ;
set Ts[1547]:=
3_19_20 4_11_12 1_19_20 3_11_12 ;
set Ts[1548]:=
3_13_14 1_7_8 5_13_14 ;
set Ts[1549]:=
1_17_18 3_15_16 4_15_16 1_19_20 2_13_14 3_17_18 5_7_8 1_11_12 3_11_12 ;
set Ts[1550]:=
1_1_2 1_5_6 ;
set Ts[1551]:=
2_3_4 5_13_14 4_9_10 4_5_6 ;
set Ts[1552]:=
3_5_6 1_7_8 2_11_12 2_13_14 5_13_14 1_5_6 2_5_6 ;
set Ts[1553]:=
2_11_12 2_7_8 4_5_6 5_15_16 5_17_18 2_13_14 1_13_14 ;
set Ts[1554]:=
2_9_10 5_13_14 ;
set Ts[1555]:=
4_13_14 2_17_18 5_1_2 5_5_6 4_19_20 ;
set Ts[1556]:=
4_7_8 1_15_16 ;
set Ts[1557]:=
1_19_20 1_15_16 3_3_4 4_7_8 4_9_10 3_13_14 2_3_4 2_5_6 1_11_12 ;
set Ts[1558]:=
3_15_16 1_17_18 2_9_10 ;
set Ts[1559]:=
2_7_8 4_19_20 4_15_16 1_7_8 4_13_14 1_13_14 3_15_16 ;
set Ts[1560]:=
3_19_20 3_13_14 2_7_8 ;
set Ts[1561]:=
2_13_14 5_11_12 5_15_16 3_11_12 1_7_8 1_17_18 ;
set Ts[1562]:=
4_9_10 3_15_16 3_19_20 3_9_10 2_9_10 4_7_8 2_13_14 5_9_10 2_11_12 4_1_2 5_7_8 ;
set Ts[1563]:=
4_11_12 5_7_8 2_19_20 3_13_14 5_13_14 5_5_6 ;
set Ts[1564]:=
5_5_6 2_13_14 5_9_10 4_3_4 4_17_18 1_5_6 ;
set Ts[1565]:=
5_7_8 3_7_8 2_9_10 3_11_12 1_13_14 3_13_14 3_19_20 1_5_6 2_7_8 4_3_4 ;
set Ts[1566]:=
2_19_20 5_13_14 2_1_2 1_13_14 5_5_6 3_19_20 4_9_10 5_7_8 4_13_14 ;
set Ts[1567]:=
3_15_16 4_15_16 5_13_14 4_19_20 2_13_14 5_17_18 3_7_8 ;
set Ts[1568]:=
1_17_18 2_3_4 2_5_6 1_13_14 ;
set Ts[1569]:=
4_19_20 1_11_12 2_3_4 3_3_4 5_17_18 2_19_20 3_5_6 4_17_18 ;
set Ts[1570]:=
5_1_2 3_7_8 1_7_8 4_9_10 ;
set Ts[1571]:=
3_5_6 4_5_6 4_13_14 5_7_8 4_15_16 1_19_20 4_17_18 3_15_16 4_19_20 2_1_2 1_11_12 ;
set Ts[1572]:=
1_19_20 3_11_12 5_11_12 2_7_8 2_1_2 5_5_6 ;
set Ts[1573]:=
1_11_12 4_1_2 3_11_12 3_3_4 2_1_2 3_9_10 2_17_18 1_19_20 4_7_8 2_19_20 2_9_10 ;
set Ts[1574]:=
4_9_10 3_1_2 2_3_4 4_19_20 ;
set Ts[1575]:=
5_15_16 5_19_20 ;
set Ts[1576]:=
5_13_14 3_9_10 5_1_2 2_11_12 1_17_18 4_1_2 ;
set Ts[1577]:=
5_9_10 1_13_14 4_3_4 ;
set Ts[1578]:=
3_19_20 4_19_20 2_3_4 ;
set Ts[1579]:=
4_7_8 1_7_8 5_7_8 4_3_4 3_11_12 2_11_12 2_1_2 ;
set Ts[1580]:=
1_13_14 2_3_4 4_11_12 2_7_8 4_7_8 2_19_20 1_5_6 ;
set Ts[1581]:=
4_9_10 1_11_12 2_11_12 4_17_18 ;
set Ts[1582]:=
4_17_18 3_17_18 1_7_8 5_7_8 ;
set Ts[1583]:=
3_15_16 2_9_10 1_7_8 1_19_20 3_1_2 5_19_20 3_5_6 2_3_4 ;
set Ts[1584]:=
5_9_10 3_15_16 4_19_20 1_3_4 5_3_4 1_9_10 1_19_20 ;
set Ts[1585]:=
3_3_4 1_19_20 3_9_10 2_19_20 4_5_6 ;
set Ts[1586]:=
5_19_20 1_13_14 5_11_12 2_1_2 ;
set Ts[1587]:=
1_19_20 1_15_16 ;
set Ts[1588]:=
1_9_10 1_19_20 5_7_8 2_7_8 2_9_10 1_3_4 4_19_20 1_17_18 ;
set Ts[1589]:=
4_7_8 1_15_16 2_13_14 4_19_20 5_9_10 ;
set Ts[1590]:=
1_19_20 5_11_12 1_1_2 3_17_18 2_15_16 4_17_18 5_5_6 5_17_18 1_15_16 4_7_8 2_7_8 ;
set Ts[1591]:=
5_13_14 3_1_2 3_13_14 2_1_2 3_5_6 1_15_16 ;
set Ts[1592]:=
4_3_4 1_3_4 1_5_6 2_7_8 4_7_8 1_9_10 5_17_18 4_1_2 2_11_12 5_13_14 4_5_6 ;
set Ts[1593]:=
5_11_12 5_9_10 5_7_8 4_9_10 2_15_16 3_9_10 ;
set Ts[1594]:=
2_3_4 3_5_6 1_13_14 5_3_4 4_9_10 ;
set Ts[1595]:=
3_19_20 5_9_10 4_7_8 4_5_6 ;
set Ts[1596]:=
1_13_14 5_7_8 1_9_10 4_7_8 1_7_8 4_9_10 2_5_6 4_5_6 ;
set Ts[1597]:=
4_17_18 5_19_20 4_13_14 1_7_8 3_5_6 ;
set Ts[1598]:=
5_5_6 4_9_10 1_11_12 4_17_18 4_3_4 5_3_4 2_3_4 1_5_6 4_19_20 ;
set Ts[1599]:=
3_1_2 5_11_12 3_17_18 2_7_8 5_1_2 ;
set Ts[1600]:=
4_5_6 3_13_14 5_9_10 2_1_2 3_19_20 ;
set Ts[1601]:=
4_9_10 4_19_20 1_13_14 5_17_18 5_1_2 3_1_2 5_13_14 ;
set Ts[1602]:=
4_19_20 5_13_14 5_15_16 1_15_16 5_7_8 5_1_2 2_1_2 5_5_6 2_7_8 ;
set Ts[1603]:=
2_1_2 3_1_2 ;
set Ts[1604]:=
1_9_10 3_15_16 4_13_14 4_9_10 4_1_2 2_13_14 1_7_8 1_15_16 2_3_4 ;
set Ts[1605]:=
4_15_16 5_11_12 2_9_10 ;
set Ts[1606]:=
3_19_20 2_15_16 2_3_4 3_15_16 5_17_18 2_9_10 1_17_18 2_11_12 3_13_14 1_1_2 ;
set Ts[1607]:=
2_13_14 1_19_20 4_9_10 1_9_10 3_17_18 ;
set Ts[1608]:=
3_5_6 4_11_12 2_7_8 ;
set Ts[1609]:=
5_5_6 5_1_2 3_13_14 2_11_12 ;
set Ts[1610]:=
5_9_10 1_7_8 ;
set Ts[1611]:=
4_9_10 5_7_8 2_17_18 2_13_14 ;
set Ts[1612]:=
5_1_2 5_11_12 1_1_2 1_19_20 2_3_4 4_1_2 1_3_4 4_19_20 4_13_14 ;
set Ts[1613]:=
3_15_16 3_1_2 5_13_14 4_3_4 ;
set Ts[1614]:=
3_17_18 1_5_6 4_15_16 1_11_12 2_11_12 1_7_8 2_7_8 4_11_12 ;
set Ts[1615]:=
1_17_18 2_13_14 2_19_20 5_1_2 5_19_20 3_11_12 1_13_14 4_19_20 3_15_16 ;
set Ts[1616]:=
1_9_10 2_5_6 3_19_20 1_3_4 1_13_14 5_13_14 ;
set Ts[1617]:=
2_1_2 5_19_20 5_13_14 4_17_18 3_5_6 1_7_8 ;
set Ts[1618]:=
5_5_6 3_5_6 2_13_14 4_13_14 5_7_8 ;
set Ts[1619]:=
4_13_14 5_7_8 1_17_18 3_9_10 5_15_16 2_15_16 5_5_6 3_13_14 2_17_18 ;
set Ts[1620]:=
2_15_16 1_7_8 3_11_12 1_1_2 2_1_2 2_5_6 2_11_12 2_9_10 1_3_4 ;
set Ts[1621]:=
5_19_20 5_15_16 1_7_8 3_11_12 2_7_8 5_3_4 2_13_14 1_15_16 ;
set Ts[1622]:=
5_7_8 4_1_2 3_5_6 2_3_4 ;
set Ts[1623]:=
5_19_20 1_17_18 5_1_2 2_3_4 1_11_12 3_7_8 5_15_16 1_9_10 3_5_6 1_3_4 ;
set Ts[1624]:=
3_3_4 4_17_18 5_11_12 2_9_10 3_15_16 3_1_2 ;
set Ts[1625]:=
2_7_8 2_1_2 1_13_14 2_13_14 4_17_18 3_7_8 1_11_12 5_3_4 1_7_8 ;
set Ts[1626]:=
1_17_18 2_1_2 2_5_6 ;
set Ts[1627]:=
1_17_18 1_7_8 3_15_16 4_17_18 5_13_14 3_13_14 4_11_12 1_13_14 2_1_2 ;
set Ts[1628]:=
5_19_20 4_11_12 ;
set Ts[1629]:=
4_1_2 4_11_12 ;
set Ts[1630]:=
5_17_18 2_1_2 3_1_2 1_15_16 4_19_20 ;
set Ts[1631]:=
3_9_10 1_9_10 2_1_2 1_11_12 1_19_20 5_15_16 ;
set Ts[1632]:=
1_15_16 1_7_8 5_11_12 4_13_14 2_13_14 ;
set Ts[1633]:=
3_3_4 2_17_18 2_3_4 3_15_16 2_1_2 5_5_6 5_15_16 1_7_8 4_9_10 ;
set Ts[1634]:=
2_3_4 2_11_12 1_19_20 3_17_18 1_1_2 4_3_4 3_15_16 4_7_8 1_7_8 ;
set Ts[1635]:=
4_17_18 5_1_2 3_9_10 4_5_6 1_17_18 2_1_2 4_15_16 3_5_6 1_19_20 4_13_14 ;
set Ts[1636]:=
3_3_4 4_3_4 1_19_20 2_11_12 2_13_14 3_19_20 4_13_14 3_17_18 3_1_2 4_9_10 1_17_18 2_19_20 ;
set Ts[1637]:=
3_15_16 5_5_6 4_5_6 1_19_20 2_11_12 3_1_2 4_13_14 ;
set Ts[1638]:=
2_7_8 3_11_12 5_3_4 1_11_12 2_5_6 1_9_10 1_1_2 3_3_4 4_15_16 ;
set Ts[1639]:=
1_11_12 1_13_14 ;
set Ts[1640]:=
5_1_2 5_15_16 5_3_4 ;
set Ts[1641]:=
1_5_6 2_9_10 5_9_10 4_15_16 4_3_4 1_9_10 3_7_8 5_1_2 4_11_12 5_15_16 2_7_8 ;
set Ts[1642]:=
3_1_2 5_11_12 4_13_14 5_15_16 4_7_8 1_5_6 2_15_16 2_11_12 1_1_2 ;
set Ts[1643]:=
1_3_4 3_9_10 2_13_14 2_15_16 ;
set Ts[1644]:=
1_11_12 2_13_14 3_7_8 5_3_4 5_7_8 2_3_4 ;
set Ts[1645]:=
2_9_10 1_1_2 3_13_14 4_7_8 2_5_6 4_11_12 5_7_8 5_1_2 ;
set Ts[1646]:=
5_1_2 2_5_6 4_13_14 4_19_20 4_5_6 2_7_8 2_3_4 1_19_20 1_11_12 4_15_16 4_7_8 ;
set Ts[1647]:=
4_3_4 2_5_6 5_11_12 2_19_20 1_13_14 2_3_4 4_11_12 5_17_18 3_13_14 2_11_12 ;
set Ts[1648]:=
1_13_14 5_15_16 3_15_16 3_19_20 ;
set Ts[1649]:=
1_17_18 3_3_4 2_3_4 3_1_2 5_19_20 4_7_8 5_17_18 2_7_8 3_11_12 1_19_20 3_7_8 4_5_6 4_9_10 ;
set Ts[1650]:=
3_5_6 2_15_16 1_17_18 3_19_20 ;
set Ts[1651]:=
4_9_10 2_3_4 5_5_6 ;
set Ts[1652]:=
1_15_16 4_17_18 4_7_8 2_13_14 1_11_12 ;
set Ts[1653]:=
5_13_14 2_15_16 1_7_8 2_3_4 4_13_14 2_7_8 5_3_4 3_5_6 5_15_16 3_15_16 1_11_12 ;
set Ts[1654]:=
4_11_12 4_19_20 5_15_16 4_17_18 5_17_18 5_13_14 1_13_14 4_13_14 ;
set Ts[1655]:=
5_7_8 3_1_2 2_13_14 5_5_6 4_3_4 2_5_6 3_7_8 3_9_10 ;
set Ts[1656]:=
1_11_12 3_13_14 2_5_6 3_1_2 5_3_4 1_3_4 ;
set Ts[1657]:=
2_11_12 2_1_2 2_9_10 ;
set Ts[1658]:=
5_13_14 2_11_12 4_9_10 1_13_14 ;
set Ts[1659]:=
3_5_6 3_7_8 ;
set Ts[1660]:=
2_9_10 4_17_18 2_5_6 4_7_8 4_1_2 5_19_20 1_11_12 3_11_12 4_15_16 ;
set Ts[1661]:=
5_15_16 4_1_2 5_17_18 ;
set Ts[1662]:=
5_1_2 5_11_12 2_9_10 1_11_12 5_19_20 ;
set Ts[1663]:=
3_7_8 1_13_14 1_19_20 4_5_6 4_19_20 ;
set Ts[1664]:=
3_7_8 1_15_16 5_17_18 ;
set Ts[1665]:=
3_13_14 2_11_12 2_13_14 5_9_10 1_15_16 5_15_16 5_5_6 2_19_20 2_17_18 5_13_14 4_13_14 ;
set Ts[1666]:=
1_17_18 5_1_2 4_1_2 3_15_16 4_9_10 2_1_2 2_5_6 4_15_16 ;
set Ts[1667]:=
2_19_20 4_19_20 4_3_4 5_11_12 4_7_8 3_11_12 1_11_12 5_7_8 4_13_14 ;
set Ts[1668]:=
5_13_14 4_17_18 4_15_16 ;
set Ts[1669]:=
5_7_8 1_3_4 ;
set Ts[1670]:=
2_15_16 4_17_18 5_7_8 ;
set Ts[1671]:=
3_9_10 4_17_18 5_13_14 5_19_20 5_3_4 2_1_2 5_17_18 ;
set Ts[1672]:=
3_7_8 2_17_18 1_3_4 2_11_12 2_15_16 ;
set Ts[1673]:=
1_5_6 5_17_18 1_9_10 2_7_8 3_13_14 3_5_6 2_19_20 1_15_16 4_9_10 4_19_20 1_11_12 ;
set Ts[1674]:=
5_3_4 4_19_20 1_7_8 4_17_18 2_15_16 3_9_10 ;
set Ts[1675]:=
5_9_10 1_17_18 4_15_16 5_15_16 1_7_8 5_11_12 4_19_20 5_7_8 2_1_2 ;
set Ts[1676]:=
5_3_4 4_7_8 4_9_10 2_9_10 1_17_18 4_5_6 1_15_16 3_17_18 4_15_16 ;
set Ts[1677]:=
3_15_16 4_7_8 3_19_20 4_19_20 5_13_14 5_1_2 1_5_6 ;
set Ts[1678]:=
5_19_20 1_17_18 ;
set Ts[1679]:=
3_1_2 5_7_8 2_15_16 2_5_6 ;
set Ts[1680]:=
3_1_2 1_13_14 1_7_8 3_3_4 4_5_6 4_11_12 5_19_20 5_1_2 1_17_18 3_7_8 ;
set Ts[1681]:=
2_19_20 4_13_14 3_9_10 4_17_18 4_3_4 5_15_16 ;
set Ts[1682]:=
2_3_4 1_17_18 3_3_4 ;
set Ts[1683]:=
1_19_20 2_7_8 2_9_10 3_17_18 5_1_2 3_3_4 1_11_12 5_19_20 4_3_4 3_13_14 ;
set Ts[1684]:=
4_7_8 3_1_2 ;
set Ts[1685]:=
5_13_14 1_17_18 3_13_14 2_19_20 2_11_12 1_9_10 1_1_2 1_13_14 1_19_20 ;
set Ts[1686]:=
1_7_8 3_15_16 ;
set Ts[1687]:=
1_7_8 3_7_8 5_7_8 2_1_2 ;
set Ts[1688]:=
5_3_4 3_17_18 3_13_14 5_17_18 2_15_16 5_15_16 ;
set Ts[1689]:=
5_1_2 2_19_20 3_1_2 4_7_8 3_15_16 5_3_4 2_3_4 5_5_6 1_17_18 2_17_18 4_13_14 ;
set Ts[1690]:=
1_5_6 4_7_8 4_9_10 ;
set Ts[1691]:=
3_13_14 2_7_8 4_11_12 4_9_10 ;
set Ts[1692]:=
4_1_2 4_15_16 3_17_18 3_11_12 4_19_20 ;
set Ts[1693]:=
5_9_10 2_7_8 1_3_4 4_13_14 3_3_4 4_1_2 3_15_16 4_5_6 3_1_2 ;
set Ts[1694]:=
4_11_12 5_5_6 5_19_20 3_3_4 ;
set Ts[1695]:=
1_7_8 1_9_10 1_13_14 ;
set Ts[1696]:=
2_17_18 4_13_14 ;
set Ts[1697]:=
1_13_14 1_3_4 4_11_12 3_3_4 5_9_10 1_9_10 2_3_4 5_1_2 ;
set Ts[1698]:=
3_11_12 3_3_4 3_17_18 4_5_6 5_13_14 ;
set Ts[1699]:=
2_1_2 4_3_4 1_5_6 2_19_20 3_1_2 5_19_20 1_7_8 4_13_14 4_17_18 5_17_18 1_1_2 5_9_10 ;
set Ts[1700]:=
4_7_8 3_3_4 ;
set Ts[1701]:=
4_1_2 5_11_12 1_5_6 2_5_6 4_13_14 5_17_18 3_11_12 5_1_2 ;
set Ts[1702]:=
2_13_14 5_7_8 1_5_6 2_7_8 5_13_14 2_11_12 ;
set Ts[1703]:=
4_17_18 3_13_14 3_7_8 1_1_2 1_17_18 ;
set Ts[1704]:=
1_13_14 1_1_2 3_3_4 1_9_10 5_13_14 ;
set Ts[1705]:=
2_17_18 2_1_2 1_9_10 ;
set Ts[1706]:=
1_19_20 1_5_6 4_7_8 1_7_8 3_7_8 3_3_4 ;
set Ts[1707]:=
4_9_10 4_13_14 1_15_16 1_3_4 4_19_20 5_19_20 2_17_18 ;
set Ts[1708]:=
1_7_8 2_11_12 3_3_4 2_15_16 3_15_16 5_7_8 1_11_12 5_9_10 2_17_18 2_3_4 4_17_18 1_19_20 ;
set Ts[1709]:=
1_9_10 2_5_6 4_7_8 2_1_2 3_19_20 1_13_14 4_1_2 ;
set Ts[1710]:=
2_3_4 3_17_18 1_11_12 2_7_8 2_15_16 2_13_14 3_13_14 3_7_8 ;
set Ts[1711]:=
1_7_8 5_3_4 ;
set Ts[1712]:=
4_15_16 4_7_8 4_1_2 ;
set Ts[1713]:=
5_17_18 1_13_14 3_1_2 1_17_18 5_11_12 5_7_8 4_7_8 ;
set Ts[1714]:=
3_11_12 3_9_10 3_1_2 3_15_16 ;
set Ts[1715]:=
5_19_20 2_13_14 1_11_12 4_1_2 2_1_2 5_5_6 ;
set Ts[1716]:=
3_7_8 2_11_12 3_11_12 5_15_16 ;
set Ts[1717]:=
4_7_8 3_7_8 5_19_20 2_11_12 5_1_2 ;
set Ts[1718]:=
1_19_20 2_1_2 4_5_6 1_13_14 1_17_18 2_7_8 2_19_20 1_9_10 1_7_8 3_9_10 2_3_4 ;
set Ts[1719]:=
4_17_18 5_1_2 5_17_18 4_19_20 1_19_20 1_1_2 2_5_6 5_11_12 ;
set Ts[1720]:=
3_17_18 1_19_20 4_19_20 1_1_2 1_7_8 ;
set Ts[1721]:=
1_5_6 1_7_8 5_1_2 4_17_18 4_7_8 ;
set Ts[1722]:=
5_17_18 5_3_4 2_13_14 1_7_8 3_7_8 5_15_16 3_17_18 3_15_16 5_9_10 ;
set Ts[1723]:=
5_13_14 4_13_14 4_19_20 3_9_10 2_1_2 5_19_20 3_7_8 5_5_6 3_5_6 2_15_16 1_5_6 2_7_8 2_17_18 ;
set Ts[1724]:=
2_1_2 1_3_4 3_9_10 2_17_18 2_11_12 5_3_4 4_19_20 ;
set Ts[1725]:=
5_9_10 3_17_18 4_5_6 5_17_18 1_17_18 2_3_4 5_7_8 3_1_2 2_9_10 ;
set Ts[1726]:=
3_7_8 1_11_12 ;
set Ts[1727]:=
2_15_16 3_13_14 5_19_20 4_7_8 4_11_12 1_19_20 2_5_6 1_3_4 5_5_6 4_1_2 3_5_6 ;
set Ts[1728]:=
4_5_6 5_17_18 4_1_2 4_9_10 5_19_20 ;
set Ts[1729]:=
4_5_6 1_15_16 1_19_20 3_7_8 4_1_2 3_11_12 4_13_14 4_17_18 3_3_4 ;
set Ts[1730]:=
4_3_4 5_13_14 5_3_4 4_13_14 1_9_10 1_19_20 3_3_4 5_17_18 1_11_12 2_9_10 1_1_2 ;
set Ts[1731]:=
2_15_16 5_1_2 3_7_8 4_3_4 ;
set Ts[1732]:=
3_17_18 5_11_12 5_1_2 3_15_16 ;
set Ts[1733]:=
4_3_4 3_17_18 1_9_10 4_17_18 4_5_6 4_13_14 5_13_14 5_19_20 2_9_10 ;
set Ts[1734]:=
3_13_14 1_17_18 5_3_4 3_5_6 ;
set Ts[1735]:=
3_5_6 4_19_20 2_9_10 2_17_18 ;
set Ts[1736]:=
3_3_4 1_19_20 4_1_2 1_7_8 3_15_16 5_5_6 ;
set Ts[1737]:=
5_3_4 4_11_12 1_17_18 2_5_6 4_1_2 5_17_18 ;
set Ts[1738]:=
2_9_10 5_3_4 5_5_6 ;
set Ts[1739]:=
1_9_10 5_3_4 4_15_16 3_1_2 ;
set Ts[1740]:=
5_5_6 4_19_20 3_1_2 2_15_16 2_17_18 4_9_10 1_13_14 3_3_4 ;
set Ts[1741]:=
1_19_20 1_15_16 2_3_4 5_11_12 4_15_16 3_1_2 5_13_14 2_9_10 1_7_8 ;
set Ts[1742]:=
2_9_10 1_7_8 4_9_10 2_3_4 2_19_20 4_7_8 5_7_8 5_15_16 2_17_18 ;
set Ts[1743]:=
4_11_12 3_17_18 2_3_4 2_1_2 5_17_18 ;
set Ts[1744]:=
5_7_8 2_15_16 2_13_14 2_17_18 3_7_8 4_1_2 ;
set Ts[1745]:=
2_17_18 5_9_10 3_17_18 1_7_8 3_13_14 3_3_4 5_7_8 ;
set Ts[1746]:=
2_17_18 2_1_2 2_11_12 3_3_4 2_13_14 ;
set Ts[1747]:=
1_11_12 4_17_18 3_3_4 ;
set Ts[1748]:=
2_7_8 5_3_4 5_5_6 1_7_8 1_1_2 1_11_12 ;
set Ts[1749]:=
5_1_2 1_1_2 2_19_20 5_19_20 3_11_12 1_17_18 ;
set Ts[1750]:=
1_3_4 4_9_10 1_7_8 2_15_16 2_11_12 1_1_2 1_19_20 1_15_16 5_13_14 ;
set Ts[1751]:=
2_5_6 5_1_2 3_13_14 3_19_20 2_17_18 3_1_2 2_9_10 5_11_12 4_7_8 1_3_4 5_15_16 4_1_2 3_5_6 ;
set Ts[1752]:=
2_7_8 1_17_18 5_3_4 ;
set Ts[1753]:=
3_9_10 1_19_20 5_1_2 4_5_6 3_11_12 1_7_8 1_9_10 2_1_2 3_7_8 ;
set Ts[1754]:=
2_9_10 5_1_2 5_3_4 3_9_10 4_7_8 4_17_18 5_7_8 5_15_16 4_3_4 5_13_14 3_13_14 ;
set Ts[1755]:=
1_19_20 2_5_6 3_3_4 3_9_10 3_11_12 5_17_18 3_19_20 4_17_18 2_11_12 5_7_8 3_5_6 1_1_2 ;
set Ts[1756]:=
2_19_20 5_9_10 3_3_4 ;
set Ts[1757]:=
1_1_2 3_19_20 3_17_18 2_19_20 1_15_16 ;
set Ts[1758]:=
3_15_16 5_3_4 2_1_2 4_5_6 5_15_16 2_19_20 4_9_10 1_7_8 ;
set Ts[1759]:=
4_1_2 3_3_4 3_15_16 2_17_18 5_11_12 3_7_8 5_15_16 4_7_8 5_5_6 1_9_10 ;
set Ts[1760]:=
2_7_8 1_3_4 5_5_6 1_13_14 3_15_16 5_17_18 1_5_6 ;
set Ts[1761]:=
2_11_12 4_1_2 3_13_14 2_3_4 4_15_16 5_15_16 2_17_18 ;
set Ts[1762]:=
3_5_6 5_19_20 4_13_14 4_11_12 2_3_4 4_1_2 4_19_20 5_13_14 2_11_12 2_19_20 ;
set Ts[1763]:=
1_15_16 1_19_20 2_13_14 2_1_2 3_3_4 2_9_10 3_17_18 3_5_6 ;
set Ts[1764]:=
1_13_14 4_11_12 2_15_16 4_3_4 4_9_10 2_1_2 1_1_2 2_3_4 1_19_20 3_5_6 ;
set Ts[1765]:=
1_9_10 5_15_16 5_3_4 1_5_6 ;
set Ts[1766]:=
1_9_10 2_11_12 2_13_14 4_1_2 5_1_2 3_13_14 2_7_8 5_5_6 ;
set Ts[1767]:=
4_17_18 4_1_2 1_5_6 1_7_8 2_11_12 1_9_10 4_11_12 3_1_2 5_5_6 1_13_14 5_13_14 ;
set Ts[1768]:=
5_13_14 1_13_14 4_11_12 5_1_2 4_5_6 5_3_4 4_3_4 3_9_10 5_17_18 1_1_2 4_13_14 1_3_4 1_7_8 ;
set Ts[1769]:=
2_19_20 4_19_20 1_7_8 1_11_12 5_5_6 5_3_4 4_15_16 1_1_2 5_11_12 ;
set Ts[1770]:=
3_15_16 5_13_14 5_9_10 4_15_16 4_17_18 1_5_6 1_13_14 4_9_10 ;
set Ts[1771]:=
1_19_20 2_17_18 5_7_8 3_13_14 3_3_4 1_15_16 5_9_10 ;
set Ts[1772]:=
4_5_6 5_3_4 3_1_2 1_17_18 4_15_16 3_9_10 1_11_12 4_11_12 5_9_10 2_5_6 ;
set Ts[1773]:=
5_9_10 4_7_8 3_15_16 1_7_8 ;
set Ts[1774]:=
5_9_10 3_17_18 4_17_18 ;
set Ts[1775]:=
4_5_6 3_9_10 4_3_4 3_5_6 3_3_4 5_1_2 ;
set Ts[1776]:=
1_1_2 1_9_10 3_3_4 2_19_20 ;
set Ts[1777]:=
5_17_18 2_11_12 5_3_4 2_5_6 4_7_8 1_3_4 ;
set Ts[1778]:=
4_7_8 1_19_20 5_11_12 5_7_8 1_3_4 5_13_14 1_9_10 5_17_18 1_7_8 ;
set Ts[1779]:=
2_5_6 3_11_12 1_11_12 4_17_18 4_13_14 4_1_2 4_15_16 ;
set Ts[1780]:=
4_9_10 5_9_10 1_9_10 5_3_4 2_1_2 5_11_12 3_17_18 3_13_14 ;
set Ts[1781]:=
1_1_2 3_7_8 1_19_20 3_1_2 4_17_18 2_9_10 ;
set Ts[1782]:=
3_7_8 2_7_8 2_19_20 ;
set Ts[1783]:=
5_7_8 3_5_6 3_7_8 4_1_2 2_3_4 2_7_8 4_3_4 ;
set Ts[1784]:=
3_11_12 5_1_2 1_9_10 2_15_16 3_15_16 3_19_20 4_11_12 4_7_8 1_11_12 ;
set Ts[1785]:=
3_1_2 5_7_8 4_1_2 1_15_16 1_9_10 1_3_4 2_11_12 4_13_14 5_9_10 5_13_14 ;
set Ts[1786]:=
2_17_18 2_3_4 1_13_14 3_3_4 3_19_20 5_5_6 4_15_16 1_7_8 5_1_2 2_11_12 ;
set Ts[1787]:=
1_5_6 1_15_16 2_11_12 ;
set Ts[1788]:=
3_1_2 1_19_20 3_5_6 2_7_8 3_3_4 4_9_10 ;
set Ts[1789]:=
1_5_6 4_9_10 4_11_12 5_15_16 3_9_10 ;
set Ts[1790]:=
3_11_12 2_9_10 4_13_14 2_15_16 2_5_6 1_1_2 1_5_6 1_3_4 5_15_16 4_17_18 ;
set Ts[1791]:=
3_3_4 3_5_6 3_9_10 5_19_20 3_17_18 4_15_16 2_1_2 2_3_4 ;
set Ts[1792]:=
3_1_2 4_17_18 4_1_2 3_5_6 5_11_12 5_15_16 3_11_12 3_7_8 ;
set Ts[1793]:=
2_9_10 4_17_18 1_1_2 1_7_8 4_1_2 3_5_6 4_11_12 4_9_10 3_19_20 2_11_12 2_13_14 1_19_20 4_3_4 ;
set Ts[1794]:=
5_17_18 5_15_16 2_5_6 1_17_18 3_13_14 ;
set Ts[1795]:=
2_5_6 4_3_4 5_9_10 1_3_4 5_17_18 1_5_6 3_9_10 4_1_2 3_15_16 2_3_4 4_15_16 3_7_8 ;
set Ts[1796]:=
3_15_16 2_11_12 3_13_14 5_3_4 4_3_4 ;
set Ts[1797]:=
2_15_16 1_1_2 5_3_4 3_19_20 4_13_14 1_19_20 4_17_18 2_19_20 ;
set Ts[1798]:=
1_19_20 3_13_14 1_13_14 4_3_4 2_1_2 5_7_8 ;
set Ts[1799]:=
4_3_4 5_17_18 2_13_14 5_5_6 1_11_12 2_1_2 2_9_10 ;
set Ts[1800]:=
3_3_4 4_17_18 4_5_6 1_17_18 ;
set Ts[1801]:=
1_5_6 3_1_2 ;
set Ts[1802]:=
2_13_14 4_5_6 ;
set Ts[1803]:=
2_1_2 4_7_8 2_19_20 5_11_12 3_17_18 5_7_8 2_13_14 ;
set Ts[1804]:=
3_17_18 5_7_8 4_19_20 4_15_16 1_15_16 5_15_16 5_13_14 2_3_4 ;
set Ts[1805]:=
5_3_4 5_11_12 1_11_12 5_19_20 1_7_8 3_9_10 1_15_16 3_11_12 1_1_2 ;
set Ts[1806]:=
4_11_12 1_7_8 2_13_14 1_5_6 2_17_18 ;
set Ts[1807]:=
3_5_6 4_5_6 2_7_8 4_3_4 3_19_20 4_19_20 2_11_12 4_9_10 3_1_2 ;
set Ts[1808]:=
3_13_14 2_3_4 1_17_18 1_13_14 1_19_20 4_17_18 ;
set Ts[1809]:=
2_3_4 3_3_4 3_1_2 1_17_18 5_11_12 1_15_16 4_17_18 2_1_2 1_19_20 5_13_14 5_15_16 3_17_18 ;
set Ts[1810]:=
5_19_20 1_3_4 3_9_10 2_19_20 4_1_2 5_15_16 5_13_14 ;
set Ts[1811]:=
4_7_8 2_11_12 1_1_2 1_13_14 3_11_12 1_17_18 2_13_14 2_17_18 1_9_10 3_1_2 3_13_14 2_19_20 5_15_16 ;
set Ts[1812]:=
4_3_4 1_9_10 ;
set Ts[1813]:=
2_7_8 2_3_4 4_1_2 5_19_20 3_11_12 5_1_2 5_7_8 4_11_12 3_9_10 ;
set Ts[1814]:=
2_1_2 1_13_14 5_7_8 1_1_2 1_17_18 4_19_20 1_11_12 4_7_8 4_3_4 1_9_10 ;
set Ts[1815]:=
5_5_6 2_11_12 ;
set Ts[1816]:=
4_13_14 4_15_16 5_1_2 5_9_10 5_3_4 2_3_4 5_15_16 3_3_4 ;
set Ts[1817]:=
2_7_8 2_19_20 1_7_8 5_3_4 3_7_8 5_15_16 4_19_20 4_17_18 4_13_14 1_17_18 4_7_8 ;
set Ts[1818]:=
2_7_8 3_5_6 2_5_6 2_13_14 1_7_8 ;
set Ts[1819]:=
5_13_14 2_1_2 3_1_2 1_1_2 2_13_14 ;
set Ts[1820]:=
5_7_8 5_11_12 ;
set Ts[1821]:=
3_5_6 5_19_20 3_13_14 ;
set Ts[1822]:=
4_19_20 3_15_16 5_15_16 4_17_18 2_13_14 4_3_4 4_5_6 ;
set Ts[1823]:=
5_7_8 5_15_16 3_11_12 4_9_10 1_9_10 4_1_2 2_13_14 5_17_18 ;
set Ts[1824]:=
3_9_10 4_5_6 4_9_10 1_3_4 1_1_2 3_13_14 5_13_14 3_1_2 ;
set Ts[1825]:=
4_5_6 1_11_12 5_5_6 2_13_14 3_15_16 1_9_10 5_15_16 ;
set Ts[1826]:=
4_3_4 3_5_6 5_15_16 1_1_2 ;
set Ts[1827]:=
4_15_16 3_5_6 4_19_20 3_11_12 4_5_6 1_17_18 4_9_10 3_7_8 3_3_4 4_3_4 1_15_16 ;
set Ts[1828]:=
4_3_4 2_19_20 5_15_16 5_1_2 3_15_16 5_3_4 ;
set Ts[1829]:=
3_15_16 2_1_2 2_15_16 4_5_6 4_17_18 1_11_12 2_17_18 3_11_12 1_7_8 4_3_4 2_11_12 4_19_20 5_15_16 ;
set Ts[1830]:=
5_7_8 4_17_18 4_3_4 2_7_8 3_15_16 ;
set Ts[1831]:=
1_17_18 1_15_16 4_15_16 2_15_16 1_11_12 5_11_12 4_1_2 ;
set Ts[1832]:=
1_11_12 3_9_10 ;
set Ts[1833]:=
5_19_20 5_13_14 5_9_10 4_5_6 5_7_8 4_13_14 2_19_20 ;
set Ts[1834]:=
3_15_16 2_13_14 1_9_10 ;
set Ts[1835]:=
1_5_6 4_15_16 2_7_8 4_17_18 3_17_18 3_3_4 1_17_18 ;
set Ts[1836]:=
5_19_20 1_1_2 5_3_4 ;
set Ts[1837]:=
4_9_10 2_5_6 ;
set Ts[1838]:=
1_11_12 1_3_4 5_19_20 4_15_16 2_7_8 4_1_2 1_7_8 1_19_20 4_19_20 ;
set Ts[1839]:=
2_7_8 2_17_18 1_17_18 5_5_6 ;
set Ts[1840]:=
2_3_4 4_9_10 5_11_12 4_7_8 1_5_6 4_1_2 1_13_14 3_1_2 ;
set Ts[1841]:=
1_19_20 4_1_2 4_19_20 1_1_2 1_13_14 2_11_12 4_5_6 2_9_10 ;
set Ts[1842]:=
3_13_14 4_1_2 4_19_20 2_11_12 5_19_20 5_5_6 2_1_2 ;
set Ts[1843]:=
4_3_4 4_9_10 2_17_18 2_3_4 3_19_20 3_11_12 ;
set Ts[1844]:=
1_9_10 5_17_18 3_5_6 1_5_6 1_11_12 5_3_4 ;
set Ts[1845]:=
2_3_4 5_7_8 3_1_2 5_17_18 1_15_16 4_5_6 3_3_4 4_7_8 ;
set Ts[1846]:=
4_5_6 4_9_10 4_7_8 3_17_18 5_19_20 1_9_10 ;
set Ts[1847]:=
2_3_4 3_17_18 3_7_8 4_11_12 2_13_14 4_7_8 1_19_20 2_15_16 3_11_12 4_3_4 ;
set Ts[1848]:=
1_1_2 1_15_16 5_11_12 3_15_16 2_13_14 3_7_8 4_15_16 1_9_10 ;
set Ts[1849]:=
5_19_20 4_11_12 1_15_16 4_3_4 ;
set Ts[1850]:=
4_3_4 4_19_20 2_11_12 ;
set Ts[1851]:=
3_15_16 5_5_6 2_5_6 5_9_10 ;
set Ts[1852]:=
5_13_14 5_15_16 3_17_18 3_15_16 4_19_20 1_1_2 ;
set Ts[1853]:=
3_7_8 5_7_8 2_15_16 3_11_12 3_17_18 ;
set Ts[1854]:=
4_15_16 2_17_18 2_15_16 3_3_4 3_19_20 1_15_16 3_1_2 3_17_18 4_3_4 5_7_8 5_9_10 1_13_14 4_11_12 ;
set Ts[1855]:=
3_17_18 5_19_20 1_19_20 2_17_18 5_5_6 3_9_10 3_19_20 4_9_10 ;
set Ts[1856]:=
1_5_6 4_13_14 4_3_4 1_19_20 3_17_18 ;
set Ts[1857]:=
1_3_4 1_9_10 ;
set Ts[1858]:=
4_5_6 5_11_12 1_5_6 4_1_2 1_1_2 3_1_2 2_9_10 1_7_8 ;
set Ts[1859]:=
4_1_2 5_7_8 2_15_16 2_5_6 1_3_4 3_9_10 5_17_18 ;
set Ts[1860]:=
1_13_14 5_7_8 2_3_4 3_3_4 4_3_4 ;
set Ts[1861]:=
2_15_16 4_19_20 ;
set Ts[1862]:=
2_7_8 2_11_12 4_15_16 ;
set Ts[1863]:=
1_1_2 3_19_20 3_13_14 ;
set Ts[1864]:=
4_5_6 1_15_16 ;
set Ts[1865]:=
3_13_14 5_15_16 1_13_14 5_5_6 4_1_2 1_9_10 1_17_18 2_7_8 5_11_12 ;
set Ts[1866]:=
2_11_12 3_1_2 4_3_4 3_11_12 1_5_6 5_13_14 2_1_2 2_5_6 1_13_14 4_7_8 5_15_16 4_5_6 ;
set Ts[1867]:=
2_5_6 5_19_20 3_11_12 2_9_10 4_19_20 2_13_14 3_1_2 3_15_16 1_9_10 ;
set Ts[1868]:=
5_13_14 5_11_12 2_13_14 1_13_14 3_3_4 1_9_10 4_13_14 4_7_8 1_5_6 ;
set Ts[1869]:=
5_9_10 3_19_20 4_15_16 ;
set Ts[1870]:=
3_13_14 2_7_8 4_9_10 1_1_2 4_15_16 3_17_18 ;
set Ts[1871]:=
3_9_10 4_5_6 5_19_20 2_19_20 3_5_6 5_13_14 1_3_4 ;
set Ts[1872]:=
1_7_8 2_7_8 4_19_20 1_9_10 1_5_6 3_3_4 4_11_12 ;
set Ts[1873]:=
2_1_2 4_1_2 3_19_20 2_17_18 ;
set Ts[1874]:=
1_17_18 3_5_6 3_7_8 4_11_12 4_7_8 2_3_4 5_11_12 3_1_2 ;
set Ts[1875]:=
5_3_4 1_13_14 4_17_18 2_3_4 4_5_6 2_17_18 4_13_14 3_13_14 3_1_2 5_1_2 2_9_10 ;
set Ts[1876]:=
4_9_10 1_5_6 1_3_4 5_11_12 3_15_16 1_13_14 3_11_12 5_13_14 2_11_12 5_17_18 ;
set Ts[1877]:=
3_15_16 1_11_12 1_19_20 2_9_10 4_5_6 5_1_2 3_9_10 ;
set Ts[1878]:=
1_19_20 3_5_6 5_1_2 5_3_4 ;
set Ts[1879]:=
2_7_8 4_7_8 2_19_20 1_3_4 2_13_14 3_17_18 3_5_6 5_9_10 4_15_16 3_13_14 4_17_18 5_11_12 1_17_18 ;
set Ts[1880]:=
2_17_18 4_17_18 2_19_20 4_19_20 3_13_14 3_15_16 1_13_14 2_5_6 ;
set Ts[1881]:=
3_19_20 1_11_12 2_11_12 5_9_10 4_17_18 1_13_14 3_15_16 1_3_4 3_17_18 ;
set Ts[1882]:=
5_11_12 2_19_20 3_1_2 4_9_10 3_7_8 ;
set Ts[1883]:=
2_7_8 3_5_6 4_17_18 2_13_14 4_13_14 1_9_10 4_19_20 5_7_8 ;
set Ts[1884]:=
4_13_14 4_5_6 3_1_2 5_5_6 4_1_2 4_9_10 2_1_2 5_1_2 ;
set Ts[1885]:=
3_11_12 1_19_20 5_9_10 3_7_8 5_15_16 5_3_4 4_7_8 3_1_2 ;
set Ts[1886]:=
3_13_14 3_17_18 5_13_14 4_19_20 4_9_10 2_11_12 1_5_6 5_5_6 4_5_6 5_15_16 3_5_6 4_7_8 4_11_12 ;
set Ts[1887]:=
3_19_20 2_5_6 4_19_20 2_3_4 1_5_6 2_1_2 ;
set Ts[1888]:=
5_11_12 1_15_16 2_1_2 1_13_14 4_7_8 ;
set Ts[1889]:=
1_5_6 3_13_14 ;
set Ts[1890]:=
2_3_4 2_19_20 1_17_18 5_13_14 3_17_18 1_3_4 5_15_16 4_11_12 5_17_18 ;
set Ts[1891]:=
1_9_10 3_3_4 ;
set Ts[1892]:=
3_17_18 5_5_6 5_13_14 4_7_8 ;
set Ts[1893]:=
4_3_4 5_19_20 2_7_8 3_5_6 2_1_2 5_7_8 3_13_14 ;
set Ts[1894]:=
3_11_12 1_19_20 1_1_2 ;
set Ts[1895]:=
3_13_14 2_17_18 4_7_8 2_7_8 3_9_10 1_5_6 3_3_4 3_19_20 5_3_4 ;
set Ts[1896]:=
2_13_14 2_11_12 3_3_4 4_17_18 1_9_10 1_3_4 5_11_12 1_13_14 ;
set Ts[1897]:=
2_1_2 2_15_16 2_11_12 4_3_4 2_5_6 1_1_2 2_7_8 4_15_16 4_11_12 1_13_14 ;
set Ts[1898]:=
1_3_4 4_13_14 4_1_2 2_9_10 3_15_16 2_13_14 1_19_20 2_19_20 5_19_20 ;
set Ts[1899]:=
5_17_18 2_15_16 1_9_10 4_17_18 3_15_16 5_7_8 5_15_16 2_5_6 4_13_14 2_19_20 5_19_20 ;
set Ts[1900]:=
3_17_18 2_7_8 3_3_4 4_11_12 1_7_8 5_5_6 4_17_18 5_19_20 3_1_2 3_9_10 2_13_14 ;
set Ts[1901]:=
1_3_4 1_13_14 ;
set Ts[1902]:=
3_9_10 3_17_18 ;
set Ts[1903]:=
5_15_16 1_3_4 5_1_2 5_17_18 ;
set Ts[1904]:=
4_5_6 4_11_12 3_9_10 ;
set Ts[1905]:=
4_15_16 1_19_20 4_5_6 2_5_6 1_13_14 ;
set Ts[1906]:=
4_7_8 5_11_12 4_19_20 1_19_20 1_15_16 4_1_2 1_9_10 ;
set Ts[1907]:=
5_19_20 3_9_10 4_9_10 2_19_20 1_11_12 5_15_16 2_17_18 3_5_6 5_7_8 4_5_6 ;
set Ts[1908]:=
1_9_10 1_13_14 1_15_16 4_3_4 4_17_18 4_1_2 3_15_16 2_13_14 ;
set Ts[1909]:=
2_5_6 3_1_2 5_13_14 4_1_2 1_7_8 4_7_8 4_9_10 ;
set Ts[1910]:=
3_11_12 4_19_20 1_9_10 5_3_4 1_13_14 4_17_18 ;
set Ts[1911]:=
3_11_12 3_9_10 2_17_18 2_13_14 5_5_6 3_1_2 ;
set Ts[1912]:=
4_11_12 2_1_2 3_1_2 ;
set Ts[1913]:=
3_9_10 4_9_10 1_13_14 ;
set Ts[1914]:=
3_17_18 2_1_2 5_5_6 3_13_14 4_11_12 2_17_18 4_3_4 1_5_6 5_15_16 ;
set Ts[1915]:=
3_11_12 4_1_2 3_1_2 4_3_4 5_9_10 3_17_18 3_13_14 3_19_20 ;
set Ts[1916]:=
5_1_2 3_7_8 ;
set Ts[1917]:=
3_1_2 4_1_2 3_15_16 3_19_20 2_9_10 4_17_18 2_11_12 3_5_6 4_3_4 4_15_16 ;
set Ts[1918]:=
2_7_8 5_19_20 5_5_6 3_7_8 2_13_14 4_7_8 1_11_12 5_7_8 2_9_10 3_9_10 1_1_2 1_17_18 ;
set Ts[1919]:=
3_9_10 5_15_16 3_1_2 4_7_8 ;
set Ts[1920]:=
5_5_6 4_9_10 1_9_10 4_7_8 3_9_10 5_1_2 1_19_20 3_11_12 2_17_18 1_17_18 ;
set Ts[1921]:=
2_3_4 3_3_4 4_17_18 1_13_14 4_15_16 1_5_6 ;
set Ts[1922]:=
5_9_10 4_7_8 5_17_18 2_19_20 1_13_14 ;
set Ts[1923]:=
3_1_2 1_7_8 5_3_4 5_9_10 ;
set Ts[1924]:=
2_7_8 2_15_16 4_5_6 1_5_6 3_17_18 3_1_2 3_13_14 5_17_18 1_1_2 1_9_10 5_15_16 ;
set Ts[1925]:=
4_9_10 5_9_10 4_3_4 4_11_12 2_19_20 1_3_4 ;
set Ts[1926]:=
4_17_18 1_15_16 ;
set Ts[1927]:=
5_5_6 5_19_20 3_19_20 5_13_14 3_5_6 ;
set Ts[1928]:=
2_11_12 2_3_4 4_9_10 4_13_14 5_17_18 ;
set Ts[1929]:=
4_5_6 5_19_20 5_13_14 5_15_16 4_17_18 2_9_10 2_7_8 3_5_6 5_11_12 ;
set Ts[1930]:=
1_5_6 2_13_14 5_5_6 2_17_18 3_7_8 ;
set Ts[1931]:=
5_1_2 1_11_12 2_17_18 3_9_10 5_19_20 5_3_4 ;
set Ts[1932]:=
1_13_14 1_5_6 5_11_12 3_19_20 5_19_20 4_11_12 ;
set Ts[1933]:=
4_13_14 1_1_2 4_1_2 4_9_10 3_3_4 2_3_4 1_5_6 ;
set Ts[1934]:=
2_17_18 5_3_4 1_3_4 5_19_20 2_13_14 1_1_2 ;
set Ts[1935]:=
2_9_10 2_11_12 1_13_14 1_17_18 5_5_6 5_7_8 4_9_10 5_13_14 4_13_14 3_1_2 3_7_8 3_11_12 5_3_4 ;
set Ts[1936]:=
4_17_18 1_19_20 5_5_6 2_13_14 3_11_12 2_17_18 5_17_18 2_9_10 3_13_14 2_15_16 ;
set Ts[1937]:=
4_7_8 2_13_14 1_11_12 1_15_16 5_3_4 4_17_18 4_5_6 ;
set Ts[1938]:=
3_13_14 4_7_8 3_11_12 4_9_10 3_9_10 5_1_2 1_19_20 3_3_4 1_3_4 ;
set Ts[1939]:=
1_15_16 5_1_2 4_11_12 3_1_2 2_1_2 3_17_18 ;
set Ts[1940]:=
3_15_16 5_3_4 2_15_16 5_13_14 5_5_6 1_15_16 1_7_8 5_15_16 3_5_6 2_19_20 2_9_10 ;
set Ts[1941]:=
2_1_2 3_19_20 1_7_8 5_5_6 4_9_10 2_3_4 5_17_18 2_9_10 ;
set Ts[1942]:=
4_15_16 3_1_2 2_9_10 1_15_16 3_17_18 1_5_6 4_3_4 5_9_10 1_11_12 4_17_18 ;
set Ts[1943]:=
5_1_2 4_15_16 2_13_14 2_7_8 4_5_6 4_19_20 3_19_20 ;
set Ts[1944]:=
4_13_14 2_1_2 ;
set Ts[1945]:=
4_11_12 5_1_2 1_3_4 1_1_2 3_19_20 3_5_6 2_17_18 2_15_16 2_5_6 5_15_16 3_9_10 5_11_12 ;
set Ts[1946]:=
4_5_6 2_17_18 1_19_20 ;
set Ts[1947]:=
2_13_14 4_3_4 4_11_12 4_9_10 3_19_20 1_19_20 3_11_12 ;
set Ts[1948]:=
5_1_2 5_17_18 3_13_14 1_3_4 4_15_16 3_17_18 ;
set Ts[1949]:=
1_19_20 2_9_10 5_5_6 ;
set Ts[1950]:=
3_19_20 1_3_4 2_17_18 2_15_16 1_9_10 4_15_16 ;
set Ts[1951]:=
2_15_16 5_7_8 4_17_18 3_1_2 2_19_20 5_3_4 4_5_6 ;
set Ts[1952]:=
1_3_4 4_11_12 3_7_8 2_17_18 5_17_18 4_5_6 2_11_12 ;
set Ts[1953]:=
3_13_14 1_19_20 3_15_16 5_9_10 5_7_8 ;
set Ts[1954]:=
3_9_10 5_19_20 ;
set Ts[1955]:=
4_11_12 4_5_6 2_15_16 ;
set Ts[1956]:=
5_15_16 3_1_2 4_5_6 3_7_8 1_1_2 4_3_4 5_3_4 ;
set Ts[1957]:=
4_13_14 2_7_8 4_19_20 5_1_2 1_19_20 5_11_12 3_1_2 5_15_16 3_11_12 2_15_16 ;
set Ts[1958]:=
4_5_6 3_15_16 3_3_4 5_11_12 ;
set Ts[1959]:=
2_11_12 5_7_8 2_1_2 2_7_8 4_15_16 ;
set Ts[1960]:=
3_11_12 5_5_6 2_7_8 3_9_10 2_5_6 2_13_14 4_9_10 4_5_6 4_13_14 ;
set Ts[1961]:=
1_15_16 3_19_20 3_1_2 1_13_14 3_15_16 5_19_20 ;
set Ts[1962]:=
1_7_8 3_3_4 3_9_10 2_11_12 ;
set Ts[1963]:=
4_17_18 5_3_4 5_5_6 2_9_10 4_3_4 5_1_2 4_9_10 2_13_14 5_15_16 2_5_6 ;
set Ts[1964]:=
5_5_6 2_9_10 3_7_8 2_19_20 5_17_18 3_3_4 4_7_8 1_15_16 4_17_18 3_17_18 ;
set Ts[1965]:=
3_15_16 4_13_14 4_17_18 ;
set Ts[1966]:=
5_9_10 3_7_8 2_3_4 1_9_10 4_19_20 2_5_6 5_15_16 2_7_8 ;
set Ts[1967]:=
5_9_10 4_7_8 4_1_2 3_1_2 ;
set Ts[1968]:=
1_19_20 5_13_14 1_17_18 4_19_20 2_11_12 2_15_16 ;
set Ts[1969]:=
4_3_4 1_13_14 3_11_12 2_7_8 3_7_8 5_5_6 2_17_18 2_5_6 3_5_6 5_1_2 4_13_14 5_3_4 3_17_18 ;
set Ts[1970]:=
4_17_18 3_9_10 2_3_4 4_13_14 1_5_6 2_7_8 1_1_2 5_3_4 4_5_6 3_17_18 3_19_20 ;
set Ts[1971]:=
3_3_4 1_19_20 5_9_10 5_7_8 3_1_2 3_17_18 4_17_18 ;
set Ts[1972]:=
5_3_4 2_13_14 3_9_10 4_5_6 5_5_6 4_9_10 2_1_2 3_13_14 1_9_10 1_7_8 ;
set Ts[1973]:=
5_13_14 4_19_20 3_3_4 1_9_10 1_15_16 2_5_6 ;
set Ts[1974]:=
2_15_16 3_11_12 4_7_8 2_5_6 2_7_8 5_15_16 1_3_4 4_1_2 ;
set Ts[1975]:=
5_13_14 3_3_4 1_7_8 ;
set Ts[1976]:=
1_1_2 3_19_20 4_17_18 1_5_6 1_7_8 2_1_2 1_13_14 5_15_16 4_1_2 2_13_14 1_19_20 ;
set Ts[1977]:=
5_1_2 1_13_14 5_7_8 3_19_20 2_19_20 5_11_12 2_5_6 ;
set Ts[1978]:=
4_11_12 4_9_10 1_1_2 1_13_14 5_15_16 3_17_18 ;
set Ts[1979]:=
2_9_10 3_9_10 1_19_20 2_17_18 1_17_18 5_15_16 5_13_14 4_19_20 3_17_18 ;
set Ts[1980]:=
3_17_18 5_19_20 4_17_18 4_15_16 3_19_20 5_1_2 ;
set Ts[1981]:=
1_5_6 5_5_6 1_17_18 4_17_18 4_13_14 5_19_20 1_15_16 ;
set Ts[1982]:=
5_9_10 3_17_18 5_1_2 2_11_12 2_5_6 3_3_4 2_9_10 3_9_10 1_5_6 ;
set Ts[1983]:=
2_5_6 5_11_12 2_13_14 5_7_8 5_1_2 ;
set Ts[1984]:=
2_19_20 5_1_2 3_17_18 ;
set Ts[1985]:=
5_11_12 1_11_12 3_9_10 2_3_4 1_9_10 4_9_10 ;
set Ts[1986]:=
2_1_2 4_19_20 5_19_20 4_3_4 5_7_8 5_3_4 4_1_2 3_9_10 ;
set Ts[1987]:=
1_13_14 2_11_12 2_15_16 3_17_18 3_11_12 5_5_6 4_17_18 1_9_10 ;
set Ts[1988]:=
4_7_8 3_1_2 3_7_8 1_11_12 ;
set Ts[1989]:=
1_5_6 1_17_18 4_7_8 1_3_4 1_7_8 5_17_18 5_5_6 5_11_12 ;
set Ts[1990]:=
4_13_14 3_17_18 5_15_16 1_9_10 3_1_2 2_3_4 2_11_12 5_19_20 3_15_16 ;
set Ts[1991]:=
5_5_6 4_5_6 3_3_4 ;
set Ts[1992]:=
5_9_10 4_11_12 1_7_8 3_15_16 3_11_12 1_1_2 4_19_20 3_17_18 ;
set Ts[1993]:=
3_7_8 3_1_2 3_9_10 4_1_2 1_1_2 4_17_18 3_17_18 1_11_12 1_19_20 2_5_6 2_13_14 2_1_2 ;
set Ts[1994]:=
2_1_2 1_11_12 4_7_8 5_15_16 1_17_18 5_17_18 ;
set Ts[1995]:=
2_17_18 1_19_20 5_3_4 ;
set Ts[1996]:=
4_17_18 4_9_10 3_13_14 ;
set Ts[1997]:=
5_15_16 2_15_16 5_3_4 4_5_6 4_19_20 1_3_4 3_5_6 ;
set Ts[1998]:=
1_3_4 2_19_20 1_15_16 5_5_6 5_11_12 ;
set Ts[1999]:=
1_1_2 2_3_4 4_15_16 4_11_12 3_17_18 4_17_18 3_3_4 4_19_20 ;
set Ts[2000]:=
1_3_4 4_19_20 2_19_20 5_13_14 2_7_8 2_15_16 5_17_18 1_15_16 ;
set Ts[2001]:=
4_1_2 1_1_2 5_11_12 1_19_20 4_9_10 5_15_16 ;
set Ts[2002]:=
1_5_6 3_17_18 1_3_4 1_15_16 4_15_16 3_5_6 ;
set Ts[2003]:=
5_9_10 5_5_6 3_1_2 2_5_6 1_9_10 5_15_16 4_1_2 2_7_8 3_19_20 ;
set Ts[2004]:=
3_13_14 1_5_6 2_7_8 2_13_14 2_9_10 1_15_16 4_17_18 1_1_2 ;
set Ts[2005]:=
3_7_8 3_1_2 1_17_18 2_17_18 ;
set Ts[2006]:=
3_13_14 1_7_8 4_1_2 4_17_18 1_11_12 5_5_6 1_13_14 ;
set Ts[2007]:=
2_3_4 1_11_12 ;
set Ts[2008]:=
3_19_20 2_13_14 4_17_18 3_7_8 2_1_2 3_11_12 5_1_2 2_11_12 4_19_20 1_3_4 3_5_6 5_7_8 4_11_12 ;
set Ts[2009]:=
1_11_12 5_1_2 5_19_20 3_11_12 4_11_12 5_11_12 3_5_6 4_19_20 ;
set Ts[2010]:=
5_5_6 4_11_12 1_1_2 3_7_8 ;
set Ts[2011]:=
2_19_20 1_17_18 3_9_10 1_15_16 2_17_18 3_11_12 2_11_12 4_11_12 ;
set Ts[2012]:=
4_1_2 1_11_12 5_19_20 1_13_14 5_9_10 ;
set Ts[2013]:=
1_19_20 5_19_20 4_13_14 3_17_18 5_9_10 1_17_18 1_15_16 ;
set Ts[2014]:=
2_11_12 5_11_12 2_5_6 2_19_20 1_3_4 1_7_8 4_15_16 ;
set Ts[2015]:=
1_19_20 2_19_20 4_9_10 1_7_8 2_9_10 3_17_18 1_5_6 5_1_2 3_9_10 4_11_12 5_7_8 ;
set Ts[2016]:=
5_9_10 4_3_4 5_3_4 4_17_18 2_7_8 5_1_2 5_19_20 ;
set Ts[2017]:=
3_1_2 2_15_16 4_15_16 1_19_20 4_9_10 4_1_2 5_3_4 5_13_14 1_15_16 2_1_2 3_3_4 ;
set Ts[2018]:=
2_9_10 5_13_14 5_7_8 1_3_4 1_13_14 5_1_2 2_5_6 5_9_10 5_17_18 1_1_2 ;
set Ts[2019]:=
1_19_20 4_19_20 1_3_4 2_11_12 2_9_10 2_7_8 4_17_18 ;
set Ts[2020]:=
2_1_2 1_11_12 5_9_10 2_15_16 3_11_12 5_15_16 5_1_2 4_7_8 5_19_20 ;
set Ts[2021]:=
5_17_18 2_15_16 5_11_12 5_3_4 2_1_2 ;
set Ts[2022]:=
1_15_16 5_15_16 3_9_10 ;
set Ts[2023]:=
5_7_8 5_11_12 4_1_2 1_9_10 ;
set Ts[2024]:=
1_9_10 3_1_2 5_3_4 2_3_4 2_9_10 5_7_8 ;
set Ts[2025]:=
3_7_8 5_5_6 2_3_4 4_3_4 1_3_4 5_9_10 5_13_14 4_9_10 3_5_6 1_15_16 3_3_4 ;
set Ts[2026]:=
2_7_8 2_15_16 4_15_16 ;
set Ts[2027]:=
2_7_8 3_5_6 3_19_20 4_15_16 ;
set Ts[2028]:=
4_17_18 5_9_10 3_5_6 3_9_10 4_5_6 5_5_6 5_19_20 2_9_10 ;
set Ts[2029]:=
5_17_18 3_5_6 4_19_20 ;
set Ts[2030]:=
2_17_18 3_1_2 3_9_10 4_19_20 5_3_4 1_3_4 3_19_20 2_13_14 2_1_2 2_5_6 5_9_10 ;
set Ts[2031]:=
1_17_18 3_3_4 2_9_10 3_19_20 2_11_12 2_13_14 4_5_6 ;
set Ts[2032]:=
3_15_16 1_15_16 2_7_8 ;
set Ts[2033]:=
5_11_12 4_17_18 4_3_4 1_3_4 ;
set Ts[2034]:=
1_5_6 3_13_14 1_19_20 4_1_2 5_3_4 4_3_4 4_9_10 2_9_10 4_17_18 ;
set Ts[2035]:=
5_11_12 1_1_2 2_13_14 4_5_6 5_9_10 1_7_8 3_13_14 4_3_4 4_1_2 3_7_8 ;
set Ts[2036]:=
5_13_14 2_11_12 1_15_16 2_9_10 2_17_18 1_3_4 3_5_6 2_1_2 ;
set Ts[2037]:=
4_19_20 3_5_6 4_11_12 1_13_14 5_13_14 2_19_20 3_9_10 3_15_16 2_11_12 2_17_18 ;
set Ts[2038]:=
2_5_6 1_7_8 5_3_4 2_3_4 2_9_10 ;
set Ts[2039]:=
5_7_8 3_3_4 1_15_16 1_7_8 5_9_10 5_11_12 4_5_6 2_11_12 2_13_14 2_7_8 4_19_20 ;
set Ts[2040]:=
3_5_6 3_11_12 3_3_4 1_15_16 ;
set Ts[2041]:=
5_7_8 4_9_10 ;
set Ts[2042]:=
4_13_14 5_5_6 4_19_20 3_1_2 1_15_16 2_13_14 3_5_6 ;
set Ts[2043]:=
4_17_18 2_15_16 5_1_2 ;
set Ts[2044]:=
4_19_20 4_5_6 2_5_6 3_13_14 ;
set Ts[2045]:=
1_15_16 5_3_4 3_15_16 4_9_10 3_3_4 1_7_8 5_19_20 3_1_2 4_19_20 5_15_16 3_19_20 4_3_4 ;
set Ts[2046]:=
3_19_20 1_5_6 3_17_18 4_5_6 2_5_6 2_19_20 1_9_10 1_19_20 ;
set Ts[2047]:=
2_3_4 4_13_14 4_15_16 4_19_20 3_11_12 4_5_6 5_11_12 ;
set Ts[2048]:=
3_17_18 4_19_20 2_3_4 2_7_8 2_19_20 2_1_2 5_3_4 2_15_16 1_17_18 1_1_2 4_7_8 4_17_18 ;
set Ts[2049]:=
4_7_8 1_15_16 3_9_10 ;
set Ts[2050]:=
5_19_20 4_5_6 5_17_18 1_15_16 3_1_2 5_13_14 4_17_18 2_3_4 2_13_14 4_19_20 1_17_18 ;
set Ts[2051]:=
4_15_16 1_7_8 2_13_14 ;
set Ts[2052]:=
3_19_20 1_11_12 4_7_8 2_15_16 ;
set Ts[2053]:=
3_19_20 5_11_12 2_15_16 2_5_6 5_15_16 1_19_20 ;
set Ts[2054]:=
2_17_18 1_15_16 3_3_4 3_19_20 1_17_18 3_11_12 1_1_2 5_1_2 5_15_16 ;
set Ts[2055]:=
4_11_12 5_19_20 2_3_4 1_1_2 2_7_8 2_13_14 2_1_2 1_15_16 ;
set Ts[2056]:=
5_11_12 1_13_14 4_7_8 2_9_10 5_5_6 3_15_16 3_13_14 ;
set Ts[2057]:=
1_3_4 3_13_14 2_11_12 4_17_18 4_13_14 1_13_14 4_5_6 5_19_20 ;
set Ts[2058]:=
2_9_10 3_3_4 1_17_18 ;
set Ts[2059]:=
2_13_14 3_15_16 4_17_18 ;
set Ts[2060]:=
3_3_4 4_15_16 3_17_18 2_19_20 1_13_14 1_7_8 3_13_14 4_7_8 1_3_4 ;
set Ts[2061]:=
3_13_14 4_19_20 2_3_4 4_17_18 5_13_14 5_5_6 2_13_14 ;
set Ts[2062]:=
1_17_18 4_5_6 1_15_16 5_11_12 3_1_2 4_1_2 ;
set Ts[2063]:=
3_13_14 3_3_4 5_11_12 2_9_10 ;
set Ts[2064]:=
1_1_2 3_5_6 ;
set Ts[2065]:=
5_5_6 3_11_12 5_15_16 2_13_14 2_15_16 2_11_12 4_13_14 1_1_2 5_1_2 5_7_8 ;
set Ts[2066]:=
1_11_12 2_9_10 1_3_4 3_1_2 1_17_18 5_9_10 5_15_16 2_19_20 4_13_14 ;
set Ts[2067]:=
5_15_16 1_19_20 ;
set Ts[2068]:=
2_5_6 2_1_2 4_19_20 5_13_14 ;
set Ts[2069]:=
3_3_4 5_5_6 ;
set Ts[2070]:=
2_15_16 5_7_8 1_15_16 5_9_10 2_7_8 4_3_4 4_9_10 ;
set Ts[2071]:=
3_19_20 4_9_10 1_9_10 5_11_12 5_15_16 4_1_2 2_7_8 ;
set Ts[2072]:=
3_3_4 2_9_10 ;
set Ts[2073]:=
2_17_18 3_15_16 3_7_8 3_13_14 5_7_8 2_11_12 4_19_20 1_1_2 2_19_20 ;
set Ts[2074]:=
1_15_16 1_17_18 ;
set Ts[2075]:=
5_17_18 2_9_10 4_3_4 3_19_20 2_13_14 ;
set Ts[2076]:=
1_11_12 2_13_14 2_7_8 ;
set Ts[2077]:=
3_5_6 5_11_12 2_15_16 2_1_2 1_15_16 2_17_18 4_13_14 4_5_6 3_19_20 ;
set Ts[2078]:=
1_15_16 3_15_16 4_15_16 2_7_8 2_9_10 4_13_14 5_11_12 5_19_20 3_11_12 ;
set Ts[2079]:=
5_7_8 5_15_16 5_11_12 4_11_12 2_5_6 3_11_12 3_15_16 4_19_20 3_17_18 ;
set Ts[2080]:=
2_17_18 2_3_4 5_11_12 5_9_10 2_1_2 1_1_2 2_9_10 1_3_4 ;
set Ts[2081]:=
5_11_12 4_17_18 3_1_2 2_13_14 1_11_12 3_9_10 2_9_10 2_1_2 5_1_2 5_15_16 ;
set Ts[2082]:=
1_1_2 3_7_8 4_7_8 4_3_4 2_3_4 5_11_12 2_9_10 2_17_18 3_5_6 3_17_18 1_3_4 3_11_12 ;
set Ts[2083]:=
2_17_18 4_9_10 4_11_12 2_7_8 5_3_4 5_9_10 2_1_2 5_17_18 3_19_20 ;
set Ts[2084]:=
5_9_10 3_5_6 1_11_12 3_9_10 3_11_12 1_1_2 1_17_18 3_15_16 2_15_16 ;
set Ts[2085]:=
4_13_14 5_9_10 2_17_18 4_5_6 5_11_12 1_13_14 2_9_10 1_7_8 ;
set Ts[2086]:=
4_5_6 3_1_2 1_15_16 4_15_16 3_9_10 4_19_20 2_15_16 5_19_20 ;
set Ts[2087]:=
2_19_20 3_3_4 2_17_18 4_15_16 5_17_18 5_1_2 2_5_6 1_5_6 3_15_16 3_1_2 ;
set Ts[2088]:=
4_7_8 4_3_4 1_9_10 1_5_6 4_17_18 3_7_8 ;
set Ts[2089]:=
2_5_6 4_5_6 2_11_12 5_15_16 3_7_8 1_3_4 1_7_8 3_15_16 ;
set Ts[2090]:=
1_19_20 4_9_10 5_7_8 3_17_18 3_19_20 1_7_8 1_9_10 3_5_6 ;
set Ts[2091]:=
5_9_10 1_19_20 1_15_16 5_5_6 3_3_4 1_3_4 3_9_10 4_13_14 4_1_2 ;
set Ts[2092]:=
1_7_8 1_17_18 5_1_2 4_11_12 ;
set Ts[2093]:=
5_3_4 1_9_10 3_3_4 2_11_12 ;
set Ts[2094]:=
2_15_16 1_3_4 1_9_10 5_15_16 3_19_20 ;
set Ts[2095]:=
3_17_18 4_13_14 2_5_6 2_13_14 3_5_6 4_3_4 4_1_2 1_11_12 ;
set Ts[2096]:=
4_5_6 3_3_4 3_17_18 2_5_6 3_9_10 4_13_14 5_1_2 ;
set Ts[2097]:=
4_3_4 3_17_18 3_1_2 ;
set Ts[2098]:=
1_13_14 5_5_6 2_1_2 1_11_12 4_11_12 ;
set Ts[2099]:=
2_5_6 5_7_8 ;
set Ts[2100]:=
2_17_18 2_1_2 4_5_6 1_1_2 3_19_20 1_13_14 ;
set Ts[2101]:=
5_19_20 2_9_10 ;
set Ts[2102]:=
2_1_2 4_19_20 2_15_16 5_13_14 3_19_20 3_9_10 1_5_6 4_5_6 2_17_18 5_1_2 5_5_6 ;
set Ts[2103]:=
5_17_18 5_15_16 2_3_4 ;
set Ts[2104]:=
3_15_16 5_5_6 4_5_6 2_15_16 2_11_12 ;
set Ts[2105]:=
2_19_20 3_7_8 5_11_12 2_11_12 5_1_2 4_13_14 2_15_16 1_19_20 4_11_12 ;
set Ts[2106]:=
1_5_6 2_17_18 3_17_18 4_11_12 4_15_16 2_9_10 5_15_16 3_19_20 ;
set Ts[2107]:=
4_5_6 2_5_6 3_3_4 ;
set Ts[2108]:=
2_5_6 5_17_18 4_9_10 3_19_20 3_3_4 1_13_14 ;
set Ts[2109]:=
2_7_8 2_1_2 1_9_10 1_3_4 4_17_18 ;
set Ts[2110]:=
5_5_6 4_3_4 2_13_14 1_15_16 5_7_8 1_1_2 1_13_14 3_17_18 3_15_16 3_7_8 ;
set Ts[2111]:=
4_15_16 4_5_6 3_9_10 3_19_20 4_7_8 1_7_8 ;
set Ts[2112]:=
5_17_18 5_13_14 3_1_2 5_9_10 4_5_6 1_9_10 ;
set Ts[2113]:=
1_5_6 3_17_18 1_19_20 1_15_16 2_13_14 5_1_2 5_19_20 4_13_14 1_7_8 2_1_2 ;
set Ts[2114]:=
4_13_14 3_13_14 3_15_16 ;
set Ts[2115]:=
4_19_20 1_3_4 ;
set Ts[2116]:=
1_19_20 4_13_14 4_1_2 5_9_10 3_9_10 2_19_20 2_1_2 2_7_8 ;
set Ts[2117]:=
4_17_18 3_7_8 5_9_10 2_11_12 2_9_10 2_3_4 4_3_4 1_9_10 1_5_6 4_11_12 ;
set Ts[2118]:=
3_9_10 3_13_14 1_11_12 1_17_18 4_3_4 5_7_8 2_1_2 3_17_18 1_3_4 ;
set Ts[2119]:=
3_13_14 2_17_18 2_7_8 2_13_14 3_1_2 3_3_4 3_11_12 ;
set Ts[2120]:=
3_19_20 5_19_20 2_7_8 5_11_12 3_1_2 ;
set Ts[2121]:=
4_3_4 1_3_4 ;
set Ts[2122]:=
3_7_8 4_15_16 2_7_8 1_13_14 1_19_20 1_5_6 4_9_10 4_3_4 ;
set Ts[2123]:=
2_9_10 3_3_4 2_7_8 3_13_14 3_1_2 1_1_2 5_19_20 ;
set Ts[2124]:=
2_15_16 3_13_14 3_9_10 2_11_12 2_7_8 2_1_2 1_3_4 4_19_20 2_17_18 5_3_4 5_17_18 2_9_10 2_5_6 ;
set Ts[2125]:=
4_15_16 4_3_4 3_17_18 1_3_4 4_11_12 ;
set Ts[2126]:=
2_19_20 3_5_6 5_7_8 3_13_14 4_5_6 4_1_2 5_19_20 3_1_2 5_5_6 2_9_10 ;
set Ts[2127]:=
1_19_20 4_9_10 ;
set Ts[2128]:=
3_17_18 1_11_12 3_19_20 5_7_8 2_17_18 ;
set Ts[2129]:=
5_7_8 3_15_16 3_13_14 2_1_2 4_11_12 1_17_18 2_5_6 3_5_6 1_3_4 ;
set Ts[2130]:=
2_15_16 2_11_12 4_17_18 2_9_10 5_13_14 ;
set Ts[2131]:=
5_3_4 3_15_16 ;
set Ts[2132]:=
2_19_20 5_11_12 4_1_2 5_7_8 2_13_14 4_5_6 4_15_16 5_13_14 4_3_4 4_7_8 3_13_14 3_15_16 ;
set Ts[2133]:=
3_3_4 2_9_10 5_3_4 1_9_10 ;
set Ts[2134]:=
2_19_20 3_15_16 5_1_2 3_13_14 5_11_12 1_13_14 ;
set Ts[2135]:=
4_3_4 4_7_8 3_5_6 4_17_18 3_19_20 4_11_12 ;
set Ts[2136]:=
1_17_18 4_11_12 4_1_2 2_19_20 4_3_4 ;
set Ts[2137]:=
2_1_2 3_9_10 1_19_20 2_17_18 5_3_4 2_3_4 ;
set Ts[2138]:=
2_5_6 5_1_2 2_19_20 5_13_14 4_5_6 ;
set Ts[2139]:=
5_19_20 5_5_6 5_15_16 5_3_4 4_3_4 5_11_12 3_13_14 2_3_4 1_7_8 4_15_16 1_13_14 ;
set Ts[2140]:=
1_5_6 2_15_16 3_5_6 1_7_8 ;
set Ts[2141]:=
4_7_8 1_3_4 ;
set Ts[2142]:=
3_1_2 1_11_12 1_13_14 2_9_10 5_7_8 4_19_20 5_5_6 3_15_16 ;
set Ts[2143]:=
5_9_10 1_5_6 2_9_10 5_5_6 4_17_18 1_1_2 4_19_20 2_17_18 ;
set Ts[2144]:=
5_17_18 5_19_20 5_11_12 1_19_20 4_19_20 1_7_8 ;
set Ts[2145]:=
1_19_20 2_7_8 3_3_4 3_17_18 ;
set Ts[2146]:=
3_7_8 5_13_14 2_7_8 3_9_10 3_13_14 3_19_20 3_1_2 4_15_16 4_9_10 4_7_8 5_1_2 1_15_16 2_19_20 ;
set Ts[2147]:=
1_1_2 4_19_20 1_19_20 4_7_8 2_11_12 3_19_20 2_17_18 4_15_16 2_1_2 ;
set Ts[2148]:=
3_19_20 3_3_4 1_3_4 4_7_8 5_11_12 2_1_2 3_13_14 5_9_10 1_19_20 ;
set Ts[2149]:=
4_11_12 3_15_16 1_15_16 3_7_8 2_3_4 2_7_8 2_1_2 4_19_20 1_11_12 1_1_2 ;
set Ts[2150]:=
5_3_4 1_5_6 2_7_8 2_13_14 2_3_4 2_11_12 2_5_6 5_9_10 ;
set Ts[2151]:=
4_17_18 3_13_14 5_7_8 3_15_16 ;
set Ts[2152]:=
5_7_8 1_17_18 ;
set Ts[2153]:=
4_11_12 5_9_10 5_13_14 4_1_2 5_1_2 3_7_8 2_11_12 2_7_8 4_9_10 5_15_16 2_15_16 ;
set Ts[2154]:=
1_3_4 2_17_18 4_19_20 1_9_10 ;
set Ts[2155]:=
2_13_14 1_3_4 4_7_8 2_17_18 3_3_4 5_3_4 1_13_14 1_15_16 1_11_12 ;
set Ts[2156]:=
1_11_12 2_17_18 3_9_10 2_9_10 4_1_2 2_15_16 4_3_4 1_7_8 3_7_8 4_19_20 2_13_14 ;
set Ts[2157]:=
3_13_14 3_5_6 4_15_16 3_3_4 5_19_20 2_17_18 5_9_10 4_11_12 1_11_12 ;
set Ts[2158]:=
5_3_4 3_9_10 4_11_12 1_17_18 2_15_16 4_19_20 2_5_6 1_19_20 3_11_12 2_7_8 3_7_8 ;
set Ts[2159]:=
4_15_16 2_3_4 2_15_16 5_17_18 ;
set Ts[2160]:=
5_5_6 1_17_18 3_3_4 ;
set Ts[2161]:=
1_19_20 4_3_4 4_13_14 1_13_14 2_3_4 1_7_8 3_1_2 4_15_16 5_1_2 3_3_4 5_17_18 3_19_20 ;
set Ts[2162]:=
5_3_4 2_15_16 3_19_20 2_19_20 2_1_2 4_19_20 5_5_6 ;
set Ts[2163]:=
4_19_20 1_5_6 4_17_18 4_5_6 3_1_2 ;
set Ts[2164]:=
2_9_10 5_11_12 2_5_6 5_17_18 1_3_4 2_7_8 2_1_2 5_19_20 3_1_2 3_15_16 4_7_8 ;
set Ts[2165]:=
5_13_14 4_3_4 5_11_12 4_1_2 3_17_18 2_9_10 3_3_4 ;
set Ts[2166]:=
1_13_14 1_9_10 1_11_12 3_13_14 5_5_6 2_13_14 5_11_12 ;
set Ts[2167]:=
3_9_10 4_5_6 4_19_20 5_3_4 3_1_2 ;
set Ts[2168]:=
4_17_18 2_5_6 1_9_10 2_9_10 3_15_16 5_7_8 3_13_14 1_11_12 ;
set Ts[2169]:=
4_9_10 5_19_20 ;
set Ts[2170]:=
1_7_8 4_5_6 2_11_12 2_7_8 4_13_14 1_9_10 2_9_10 5_9_10 4_15_16 3_11_12 1_15_16 1_11_12 1_17_18 ;
set Ts[2171]:=
4_19_20 2_13_14 5_1_2 5_11_12 2_17_18 4_15_16 4_9_10 2_5_6 2_11_12 ;
set Ts[2172]:=
5_19_20 1_15_16 1_5_6 4_11_12 2_11_12 ;
set Ts[2173]:=
3_11_12 3_9_10 3_19_20 4_3_4 5_1_2 3_1_2 2_11_12 2_19_20 ;
set Ts[2174]:=
1_7_8 1_9_10 2_9_10 5_9_10 3_5_6 5_11_12 3_11_12 3_3_4 3_13_14 2_13_14 4_13_14 3_17_18 2_3_4 ;
set Ts[2175]:=
2_19_20 3_17_18 5_9_10 5_19_20 5_1_2 1_5_6 1_7_8 1_13_14 2_3_4 ;
set Ts[2176]:=
3_13_14 4_5_6 3_5_6 ;
set Ts[2177]:=
1_7_8 4_7_8 5_13_14 2_5_6 4_17_18 2_9_10 4_13_14 ;
set Ts[2178]:=
4_19_20 5_13_14 2_9_10 5_1_2 ;
set Ts[2179]:=
5_5_6 4_1_2 1_19_20 5_17_18 1_17_18 3_15_16 2_5_6 2_17_18 ;
set Ts[2180]:=
3_7_8 2_1_2 5_17_18 4_9_10 2_3_4 2_15_16 2_5_6 5_3_4 5_15_16 ;
set Ts[2181]:=
2_15_16 1_5_6 4_9_10 3_7_8 2_1_2 1_13_14 ;
set Ts[2182]:=
5_9_10 4_7_8 5_5_6 3_19_20 ;
set Ts[2183]:=
3_3_4 1_7_8 ;
set Ts[2184]:=
4_13_14 2_5_6 4_19_20 3_1_2 5_13_14 ;
set Ts[2185]:=
1_19_20 4_7_8 1_3_4 5_9_10 1_1_2 ;
set Ts[2186]:=
4_1_2 1_11_12 4_13_14 1_17_18 2_3_4 4_9_10 5_19_20 2_13_14 3_13_14 ;
set Ts[2187]:=
2_15_16 5_17_18 5_9_10 5_1_2 1_19_20 3_15_16 ;
set Ts[2188]:=
1_9_10 1_1_2 2_11_12 1_3_4 5_11_12 ;
set Ts[2189]:=
1_9_10 4_17_18 5_11_12 5_15_16 1_11_12 2_15_16 1_1_2 2_11_12 5_9_10 2_9_10 4_7_8 ;
set Ts[2190]:=
3_9_10 2_13_14 1_3_4 2_17_18 4_5_6 1_11_12 1_9_10 5_3_4 4_13_14 3_13_14 ;
set Ts[2191]:=
4_7_8 1_5_6 1_1_2 4_19_20 3_15_16 5_7_8 ;
set Ts[2192]:=
5_1_2 1_5_6 1_7_8 3_3_4 4_15_16 ;
set Ts[2193]:=
4_1_2 2_3_4 5_17_18 4_7_8 1_3_4 4_5_6 1_15_16 5_5_6 ;
set Ts[2194]:=
5_19_20 4_13_14 ;
set Ts[2195]:=
2_9_10 2_3_4 1_7_8 5_15_16 4_9_10 5_7_8 4_7_8 ;
set Ts[2196]:=
4_7_8 1_3_4 4_11_12 1_13_14 1_7_8 ;
set Ts[2197]:=
5_7_8 2_13_14 5_3_4 3_15_16 5_17_18 2_7_8 2_17_18 ;
set Ts[2198]:=
5_17_18 1_5_6 5_5_6 ;
set Ts[2199]:=
2_5_6 1_9_10 1_11_12 3_5_6 2_19_20 5_13_14 5_3_4 4_5_6 2_13_14 3_19_20 ;
set Ts[2200]:=
5_7_8 2_13_14 2_17_18 1_17_18 3_5_6 1_13_14 1_19_20 2_5_6 ;
set Ts[2201]:=
1_5_6 4_15_16 5_5_6 4_7_8 4_19_20 2_13_14 2_17_18 3_5_6 1_9_10 ;
set Ts[2202]:=
1_17_18 5_9_10 1_11_12 ;
set Ts[2203]:=
3_13_14 2_7_8 2_9_10 2_13_14 2_19_20 2_17_18 5_19_20 ;
set Ts[2204]:=
5_5_6 1_15_16 3_11_12 3_15_16 4_11_12 4_9_10 ;
set Ts[2205]:=
4_7_8 5_5_6 2_19_20 5_13_14 5_19_20 5_15_16 4_3_4 1_3_4 3_19_20 2_5_6 ;
set Ts[2206]:=
1_19_20 3_5_6 1_1_2 ;
set Ts[2207]:=
2_1_2 4_1_2 2_3_4 3_1_2 3_15_16 2_19_20 1_11_12 4_5_6 ;
set Ts[2208]:=
5_15_16 3_11_12 3_3_4 5_7_8 5_13_14 1_3_4 ;
set Ts[2209]:=
5_1_2 4_7_8 5_17_18 1_13_14 ;
set Ts[2210]:=
3_1_2 1_17_18 1_3_4 2_1_2 4_17_18 2_9_10 3_19_20 2_5_6 1_1_2 2_15_16 5_1_2 4_1_2 5_3_4 ;
set Ts[2211]:=
2_13_14 5_19_20 3_5_6 2_9_10 2_1_2 5_5_6 3_1_2 ;
set Ts[2212]:=
2_19_20 1_15_16 3_17_18 2_11_12 3_11_12 3_3_4 4_7_8 ;
set Ts[2213]:=
2_19_20 4_9_10 1_5_6 4_11_12 4_5_6 2_15_16 2_1_2 3_19_20 1_17_18 ;
set Ts[2214]:=
4_19_20 3_15_16 1_9_10 3_17_18 1_3_4 4_7_8 4_9_10 5_17_18 4_3_4 ;
set Ts[2215]:=
2_13_14 5_11_12 3_11_12 3_13_14 5_7_8 5_1_2 2_7_8 1_9_10 ;
set Ts[2216]:=
4_9_10 1_15_16 1_5_6 ;
set Ts[2217]:=
5_17_18 4_5_6 ;
set Ts[2218]:=
3_9_10 2_5_6 4_1_2 5_15_16 5_1_2 2_1_2 2_15_16 1_7_8 1_15_16 ;
set Ts[2219]:=
4_13_14 3_11_12 3_5_6 3_19_20 2_1_2 3_17_18 2_3_4 4_15_16 ;
set Ts[2220]:=
1_11_12 4_7_8 5_19_20 5_1_2 5_11_12 4_5_6 3_13_14 1_17_18 2_17_18 4_17_18 ;
set Ts[2221]:=
3_9_10 4_13_14 2_19_20 2_15_16 ;
set Ts[2222]:=
4_17_18 5_5_6 1_9_10 1_7_8 2_7_8 3_7_8 4_11_12 2_5_6 2_17_18 4_1_2 4_15_16 3_19_20 ;
set Ts[2223]:=
2_13_14 4_1_2 5_19_20 ;
set Ts[2224]:=
5_17_18 2_7_8 5_15_16 5_5_6 4_5_6 1_11_12 1_19_20 2_11_12 2_13_14 1_17_18 2_17_18 3_3_4 2_3_4 ;
set Ts[2225]:=
3_11_12 5_7_8 5_5_6 5_9_10 4_7_8 1_19_20 ;
set Ts[2226]:=
3_15_16 3_5_6 4_7_8 4_19_20 3_19_20 5_3_4 ;
set Ts[2227]:=
4_9_10 1_1_2 2_7_8 4_5_6 4_13_14 2_17_18 2_1_2 3_7_8 1_3_4 2_3_4 ;
set Ts[2228]:=
3_5_6 2_17_18 5_7_8 ;
set Ts[2229]:=
1_5_6 5_19_20 4_11_12 1_11_12 1_19_20 1_15_16 5_5_6 ;
set Ts[2230]:=
2_19_20 2_15_16 ;
set Ts[2231]:=
5_5_6 2_13_14 4_19_20 4_3_4 2_15_16 4_17_18 4_7_8 2_1_2 1_7_8 ;
set Ts[2232]:=
2_5_6 5_1_2 4_17_18 3_19_20 5_17_18 5_7_8 3_15_16 5_5_6 1_9_10 2_13_14 3_9_10 4_7_8 ;
set Ts[2233]:=
1_1_2 2_17_18 5_9_10 5_5_6 2_15_16 3_3_4 ;
set Ts[2234]:=
4_15_16 1_3_4 5_15_16 ;
set Ts[2235]:=
2_13_14 4_9_10 ;
set Ts[2236]:=
2_13_14 4_7_8 1_13_14 4_11_12 ;
set Ts[2237]:=
1_5_6 3_11_12 4_1_2 5_13_14 2_11_12 2_1_2 4_9_10 5_15_16 4_15_16 4_17_18 ;
set Ts[2238]:=
1_3_4 5_9_10 4_11_12 ;
set Ts[2239]:=
1_15_16 2_9_10 3_13_14 5_17_18 1_1_2 5_15_16 2_5_6 3_17_18 1_13_14 4_5_6 ;
set Ts[2240]:=
2_19_20 5_9_10 2_3_4 3_9_10 2_15_16 1_3_4 1_1_2 ;
set Ts[2241]:=
2_19_20 5_15_16 1_7_8 4_13_14 1_17_18 1_9_10 ;
set Ts[2242]:=
4_1_2 1_15_16 5_17_18 3_9_10 5_7_8 2_1_2 2_17_18 5_13_14 ;
set Ts[2243]:=
5_5_6 2_15_16 1_5_6 1_11_12 1_3_4 2_3_4 4_3_4 5_7_8 3_11_12 3_9_10 ;
set Ts[2244]:=
3_13_14 5_7_8 ;
set Ts[2245]:=
4_3_4 5_11_12 3_19_20 1_17_18 3_15_16 2_17_18 5_13_14 3_9_10 4_11_12 ;
set Ts[2246]:=
4_5_6 4_1_2 1_9_10 4_7_8 3_17_18 4_17_18 4_19_20 5_1_2 ;
set Ts[2247]:=
5_9_10 4_17_18 ;
set Ts[2248]:=
5_5_6 2_17_18 5_7_8 4_1_2 3_7_8 ;
set Ts[2249]:=
3_7_8 5_7_8 1_19_20 1_15_16 4_15_16 3_5_6 4_17_18 3_3_4 1_1_2 ;
set Ts[2250]:=
2_19_20 5_11_12 2_9_10 1_1_2 4_13_14 2_15_16 3_3_4 3_1_2 5_5_6 ;
set Ts[2251]:=
1_13_14 3_15_16 3_11_12 5_15_16 1_1_2 ;
set Ts[2252]:=
1_3_4 3_9_10 1_11_12 3_13_14 5_3_4 3_15_16 5_11_12 1_1_2 5_17_18 4_9_10 4_17_18 ;
set Ts[2253]:=
2_11_12 5_3_4 4_13_14 5_13_14 1_19_20 ;
set Ts[2254]:=
4_7_8 4_11_12 1_13_14 4_9_10 3_11_12 4_1_2 5_17_18 3_7_8 ;
set Ts[2255]:=
1_13_14 4_3_4 ;
set Ts[2256]:=
3_1_2 1_19_20 5_7_8 1_17_18 3_13_14 2_5_6 1_7_8 ;
set Ts[2257]:=
4_7_8 5_5_6 1_9_10 3_5_6 4_17_18 3_15_16 5_7_8 4_1_2 ;
set Ts[2258]:=
3_17_18 1_1_2 ;
set Ts[2259]:=
3_7_8 3_1_2 4_1_2 5_11_12 4_11_12 1_15_16 ;
set Ts[2260]:=
2_15_16 3_5_6 1_5_6 2_3_4 3_17_18 5_5_6 3_19_20 3_11_12 4_19_20 ;
set Ts[2261]:=
5_13_14 1_15_16 2_13_14 3_19_20 1_19_20 4_13_14 ;
set Ts[2262]:=
5_1_2 2_13_14 1_15_16 3_3_4 2_15_16 5_9_10 4_11_12 ;
set Ts[2263]:=
2_13_14 2_9_10 5_13_14 4_17_18 3_15_16 4_13_14 2_11_12 2_7_8 4_11_12 3_9_10 2_17_18 1_11_12 ;
set Ts[2264]:=
5_3_4 3_7_8 5_19_20 1_11_12 5_9_10 1_13_14 2_1_2 1_17_18 ;
set Ts[2265]:=
5_5_6 4_7_8 1_3_4 1_9_10 1_17_18 5_9_10 5_3_4 2_17_18 5_13_14 4_13_14 5_19_20 ;
set Ts[2266]:=
5_19_20 2_3_4 ;
set Ts[2267]:=
1_19_20 5_9_10 1_17_18 5_5_6 1_3_4 3_15_16 3_19_20 ;
set Ts[2268]:=
1_3_4 3_1_2 ;
set Ts[2269]:=
1_3_4 2_15_16 ;
set Ts[2270]:=
4_9_10 5_5_6 1_7_8 2_19_20 5_1_2 1_9_10 5_11_12 2_13_14 3_5_6 1_5_6 ;
set Ts[2271]:=
4_1_2 2_17_18 4_19_20 2_15_16 ;
set Ts[2272]:=
3_5_6 4_3_4 3_1_2 4_19_20 2_19_20 1_7_8 ;
set Ts[2273]:=
5_3_4 3_1_2 4_19_20 5_9_10 3_17_18 2_1_2 1_13_14 4_5_6 2_11_12 1_3_4 2_5_6 ;
set Ts[2274]:=
5_13_14 2_19_20 3_15_16 2_13_14 2_5_6 4_9_10 4_15_16 1_7_8 1_3_4 ;
set Ts[2275]:=
3_11_12 2_1_2 1_11_12 3_13_14 1_19_20 5_1_2 3_19_20 3_3_4 ;
set Ts[2276]:=
5_13_14 2_1_2 4_19_20 1_15_16 3_11_12 2_15_16 5_3_4 1_17_18 2_5_6 2_19_20 5_17_18 ;
set Ts[2277]:=
5_5_6 1_19_20 1_11_12 3_19_20 2_13_14 ;
set Ts[2278]:=
4_17_18 2_13_14 4_15_16 5_13_14 1_5_6 4_11_12 5_1_2 1_11_12 5_9_10 5_3_4 ;
set Ts[2279]:=
1_15_16 2_5_6 5_1_2 4_9_10 ;
set Ts[2280]:=
3_3_4 4_17_18 2_13_14 3_19_20 4_13_14 1_1_2 2_19_20 5_5_6 ;
set Ts[2281]:=
4_5_6 4_15_16 ;
set Ts[2282]:=
3_11_12 5_13_14 ;
set Ts[2283]:=
1_5_6 2_19_20 4_15_16 ;
set Ts[2284]:=
1_3_4 4_11_12 2_13_14 5_11_12 ;
set Ts[2285]:=
5_1_2 4_17_18 3_5_6 2_9_10 ;
set Ts[2286]:=
2_1_2 4_7_8 4_19_20 5_5_6 1_13_14 ;
set Ts[2287]:=
2_13_14 1_17_18 4_7_8 4_13_14 3_9_10 1_1_2 ;
set Ts[2288]:=
4_9_10 5_15_16 2_17_18 2_5_6 2_11_12 3_15_16 1_3_4 1_5_6 ;
set Ts[2289]:=
3_1_2 1_11_12 ;
set Ts[2290]:=
3_17_18 3_7_8 ;
set Ts[2291]:=
3_5_6 4_3_4 1_9_10 5_17_18 4_11_12 ;
set Ts[2292]:=
2_19_20 2_11_12 1_5_6 4_15_16 5_5_6 3_17_18 5_1_2 2_1_2 3_11_12 4_17_18 ;
set Ts[2293]:=
2_3_4 4_17_18 1_13_14 5_5_6 4_15_16 ;
set Ts[2294]:=
1_5_6 4_15_16 4_13_14 5_19_20 5_9_10 3_1_2 2_9_10 1_9_10 1_1_2 2_13_14 5_5_6 ;
set Ts[2295]:=
1_13_14 1_5_6 1_9_10 3_11_12 4_15_16 5_3_4 ;
set Ts[2296]:=
1_9_10 5_15_16 3_7_8 4_5_6 3_13_14 5_9_10 ;
set Ts[2297]:=
1_9_10 1_5_6 ;
set Ts[2298]:=
1_11_12 5_7_8 5_5_6 3_11_12 4_15_16 5_15_16 1_15_16 2_7_8 3_7_8 ;
set Ts[2299]:=
2_15_16 5_11_12 4_5_6 3_15_16 5_17_18 3_17_18 4_19_20 4_17_18 3_19_20 ;
set Ts[2300]:=
1_17_18 1_13_14 5_3_4 ;
set Ts[2301]:=
1_1_2 2_13_14 2_17_18 5_1_2 ;
set Ts[2302]:=
2_5_6 2_13_14 1_17_18 4_1_2 5_7_8 2_11_12 ;
set Ts[2303]:=
4_15_16 1_5_6 4_19_20 3_17_18 4_17_18 3_7_8 5_13_14 2_7_8 4_1_2 ;
set Ts[2304]:=
5_15_16 2_5_6 4_5_6 2_9_10 5_9_10 2_17_18 5_19_20 3_15_16 ;
set Ts[2305]:=
1_5_6 3_3_4 1_7_8 1_15_16 2_19_20 3_7_8 2_11_12 ;
set Ts[2306]:=
1_9_10 2_1_2 5_1_2 2_19_20 ;
set Ts[2307]:=
3_5_6 4_17_18 2_3_4 3_7_8 1_19_20 4_5_6 2_17_18 5_1_2 4_13_14 5_7_8 3_1_2 ;
set Ts[2308]:=
2_1_2 3_19_20 2_7_8 3_7_8 3_1_2 3_9_10 ;
set Ts[2309]:=
3_1_2 1_1_2 3_17_18 ;
set Ts[2310]:=
5_7_8 4_19_20 4_3_4 1_17_18 5_19_20 4_11_12 2_9_10 3_17_18 1_9_10 3_15_16 1_19_20 3_1_2 ;
set Ts[2311]:=
3_3_4 1_3_4 5_13_14 ;
set Ts[2312]:=
5_13_14 4_19_20 5_9_10 3_11_12 3_9_10 5_11_12 2_17_18 ;
set Ts[2313]:=
2_9_10 1_1_2 3_19_20 4_11_12 5_13_14 1_11_12 5_3_4 2_3_4 4_3_4 5_17_18 5_19_20 5_9_10 5_1_2 ;
set Ts[2314]:=
4_19_20 5_15_16 1_9_10 5_5_6 ;
set Ts[2315]:=
2_3_4 4_1_2 2_17_18 4_3_4 3_3_4 1_19_20 5_3_4 3_15_16 4_17_18 ;
set Ts[2316]:=
3_19_20 4_13_14 1_5_6 3_11_12 1_9_10 2_9_10 5_19_20 5_11_12 2_17_18 1_19_20 4_15_16 ;
set Ts[2317]:=
4_19_20 4_9_10 2_17_18 ;
set Ts[2318]:=
3_7_8 4_5_6 2_5_6 3_3_4 2_11_12 3_15_16 3_9_10 1_1_2 1_13_14 ;
set Ts[2319]:=
5_3_4 5_7_8 2_15_16 4_9_10 4_17_18 5_9_10 2_5_6 1_11_12 1_9_10 ;
set Ts[2320]:=
4_17_18 1_9_10 3_5_6 2_17_18 5_11_12 1_1_2 5_5_6 1_7_8 2_9_10 2_1_2 ;
set Ts[2321]:=
4_3_4 5_15_16 1_1_2 ;
set Ts[2322]:=
3_15_16 4_1_2 5_15_16 5_5_6 4_15_16 4_7_8 2_7_8 1_15_16 3_5_6 5_7_8 ;
set Ts[2323]:=
5_9_10 4_13_14 2_13_14 1_17_18 2_11_12 3_15_16 5_3_4 1_7_8 2_3_4 ;
set Ts[2324]:=
5_9_10 2_15_16 4_11_12 2_17_18 1_7_8 3_5_6 3_1_2 ;
set Ts[2325]:=
1_15_16 1_3_4 5_15_16 4_5_6 2_9_10 2_17_18 3_1_2 5_7_8 4_19_20 ;
set Ts[2326]:=
4_19_20 1_5_6 2_3_4 2_11_12 4_7_8 3_1_2 4_17_18 2_7_8 2_13_14 1_1_2 ;
set Ts[2327]:=
5_9_10 2_9_10 2_5_6 2_1_2 ;
set Ts[2328]:=
5_9_10 4_17_18 1_7_8 5_13_14 ;
set Ts[2329]:=
4_3_4 1_11_12 2_3_4 2_15_16 5_7_8 5_13_14 5_3_4 2_17_18 1_19_20 4_5_6 ;
set Ts[2330]:=
3_3_4 2_11_12 2_5_6 3_7_8 3_13_14 ;
set Ts[2331]:=
5_3_4 4_17_18 1_7_8 1_3_4 4_1_2 3_13_14 3_11_12 2_9_10 3_5_6 5_17_18 ;
set Ts[2332]:=
1_19_20 5_3_4 2_19_20 4_17_18 1_13_14 5_9_10 ;
set Ts[2333]:=
1_7_8 3_11_12 5_19_20 3_13_14 1_1_2 ;
set Ts[2334]:=
4_5_6 3_11_12 ;
set Ts[2335]:=
1_17_18 4_17_18 5_1_2 3_17_18 1_5_6 4_15_16 2_13_14 5_17_18 4_1_2 2_1_2 5_13_14 ;
set Ts[2336]:=
2_17_18 4_13_14 3_3_4 1_15_16 5_5_6 1_3_4 2_13_14 2_15_16 3_7_8 1_7_8 3_15_16 1_11_12 2_11_12 ;
set Ts[2337]:=
4_1_2 3_5_6 ;
set Ts[2338]:=
4_3_4 4_9_10 5_5_6 1_5_6 5_17_18 2_9_10 1_15_16 1_7_8 4_19_20 2_19_20 5_19_20 4_17_18 5_7_8 ;
set Ts[2339]:=
1_13_14 1_9_10 5_11_12 1_3_4 2_17_18 2_13_14 2_5_6 ;
set Ts[2340]:=
4_5_6 2_13_14 5_1_2 2_7_8 5_5_6 ;
set Ts[2341]:=
3_9_10 5_13_14 3_13_14 5_15_16 3_1_2 1_9_10 ;
set Ts[2342]:=
5_1_2 5_5_6 ;
set Ts[2343]:=
4_9_10 5_3_4 3_3_4 2_13_14 3_9_10 ;
set Ts[2344]:=
3_17_18 2_5_6 2_15_16 2_11_12 3_3_4 ;
set Ts[2345]:=
4_1_2 1_13_14 5_3_4 2_9_10 ;
set Ts[2346]:=
2_19_20 3_11_12 4_5_6 3_13_14 5_19_20 ;
set Ts[2347]:=
1_7_8 3_7_8 1_15_16 4_13_14 5_17_18 5_13_14 3_19_20 1_9_10 2_11_12 ;
set Ts[2348]:=
1_1_2 4_1_2 5_19_20 3_13_14 5_11_12 4_9_10 ;
set Ts[2349]:=
1_9_10 3_15_16 1_7_8 4_11_12 4_1_2 4_19_20 ;
set Ts[2350]:=
3_11_12 3_3_4 1_7_8 ;
set Ts[2351]:=
1_13_14 1_17_18 3_7_8 4_7_8 1_3_4 2_11_12 1_5_6 ;
set Ts[2352]:=
1_17_18 4_5_6 4_19_20 2_19_20 5_11_12 1_7_8 ;
set Ts[2353]:=
4_7_8 5_13_14 1_11_12 1_19_20 1_3_4 3_15_16 5_11_12 4_19_20 3_13_14 ;
set Ts[2354]:=
2_9_10 1_7_8 2_11_12 1_9_10 3_5_6 3_3_4 5_11_12 ;
set Ts[2355]:=
2_15_16 1_7_8 3_5_6 5_5_6 ;
set Ts[2356]:=
2_17_18 3_15_16 4_17_18 5_15_16 1_3_4 3_17_18 2_11_12 2_7_8 ;
set Ts[2357]:=
3_17_18 4_7_8 5_7_8 3_3_4 ;
set Ts[2358]:=
4_3_4 3_5_6 4_13_14 5_19_20 1_13_14 ;
set Ts[2359]:=
1_9_10 3_11_12 5_15_16 2_13_14 1_15_16 3_19_20 ;
set Ts[2360]:=
3_13_14 3_19_20 5_3_4 5_9_10 2_9_10 ;
set Ts[2361]:=
1_11_12 5_7_8 5_5_6 ;
set Ts[2362]:=
1_3_4 4_13_14 5_17_18 5_11_12 3_7_8 2_13_14 4_17_18 2_19_20 2_11_12 ;
set Ts[2363]:=
4_5_6 4_1_2 2_5_6 2_7_8 1_5_6 1_15_16 ;
set Ts[2364]:=
3_11_12 5_7_8 1_19_20 1_1_2 2_13_14 3_13_14 1_7_8 3_17_18 5_19_20 ;
set Ts[2365]:=
4_5_6 2_19_20 5_1_2 4_9_10 5_17_18 1_15_16 3_3_4 5_13_14 ;
set Ts[2366]:=
1_15_16 3_13_14 1_7_8 1_3_4 4_17_18 2_17_18 ;
set Ts[2367]:=
1_17_18 2_5_6 2_13_14 3_3_4 1_19_20 1_13_14 ;
set Ts[2368]:=
5_1_2 1_19_20 4_5_6 2_1_2 5_5_6 5_15_16 5_17_18 ;
set Ts[2369]:=
2_1_2 1_19_20 1_9_10 3_3_4 3_19_20 5_11_12 3_13_14 4_1_2 2_11_12 ;
set Ts[2370]:=
1_11_12 1_13_14 4_9_10 5_3_4 3_11_12 1_5_6 5_15_16 2_7_8 2_15_16 ;
set Ts[2371]:=
4_19_20 3_19_20 3_1_2 2_17_18 5_17_18 4_11_12 ;
set Ts[2372]:=
1_11_12 2_17_18 3_15_16 3_19_20 3_7_8 4_7_8 3_9_10 1_5_6 2_13_14 ;
set Ts[2373]:=
5_17_18 1_17_18 ;
set Ts[2374]:=
1_15_16 3_5_6 4_11_12 4_9_10 4_13_14 ;
set Ts[2375]:=
3_15_16 2_1_2 2_15_16 1_11_12 4_5_6 5_5_6 2_7_8 ;
set Ts[2376]:=
5_3_4 4_19_20 2_13_14 3_1_2 ;
set Ts[2377]:=
4_9_10 2_5_6 2_17_18 3_7_8 1_1_2 5_1_2 3_13_14 ;
set Ts[2378]:=
4_13_14 5_15_16 2_3_4 ;
set Ts[2379]:=
5_11_12 1_11_12 2_3_4 1_5_6 3_19_20 3_1_2 4_17_18 5_17_18 2_13_14 4_7_8 1_19_20 1_15_16 4_19_20 ;
set Ts[2380]:=
3_15_16 1_11_12 3_7_8 3_5_6 3_19_20 ;
set Ts[2381]:=
4_5_6 3_7_8 5_7_8 ;
set Ts[2382]:=
3_15_16 1_17_18 5_9_10 4_13_14 1_9_10 1_1_2 1_3_4 3_9_10 4_3_4 ;
set Ts[2383]:=
5_13_14 1_7_8 4_15_16 ;
set Ts[2384]:=
1_17_18 4_1_2 2_15_16 3_1_2 1_19_20 1_1_2 2_9_10 3_13_14 3_19_20 3_15_16 ;
set Ts[2385]:=
3_1_2 4_15_16 1_9_10 3_5_6 2_7_8 ;
set Ts[2386]:=
2_5_6 2_9_10 ;
set Ts[2387]:=
5_3_4 3_9_10 5_11_12 ;
set Ts[2388]:=
4_9_10 5_11_12 5_5_6 3_19_20 ;
set Ts[2389]:=
4_13_14 5_3_4 1_11_12 3_7_8 3_15_16 3_5_6 1_13_14 2_11_12 ;
set Ts[2390]:=
5_19_20 1_19_20 4_11_12 ;
set Ts[2391]:=
3_13_14 2_11_12 5_1_2 4_17_18 1_13_14 5_13_14 4_5_6 3_19_20 ;
set Ts[2392]:=
3_17_18 1_1_2 2_3_4 5_5_6 1_19_20 5_19_20 3_11_12 4_3_4 2_5_6 ;
set Ts[2393]:=
5_3_4 3_9_10 3_11_12 3_15_16 2_3_4 5_5_6 1_5_6 ;
set Ts[2394]:=
3_9_10 2_17_18 3_3_4 5_5_6 5_17_18 2_1_2 3_19_20 1_15_16 2_5_6 ;
set Ts[2395]:=
3_11_12 5_1_2 2_5_6 4_1_2 5_19_20 2_19_20 2_15_16 4_7_8 ;
set Ts[2396]:=
4_5_6 2_13_14 ;
set Ts[2397]:=
5_1_2 4_15_16 5_13_14 2_15_16 2_5_6 ;
set Ts[2398]:=
2_9_10 3_13_14 2_15_16 ;
set Ts[2399]:=
3_13_14 4_1_2 3_11_12 3_7_8 4_5_6 1_7_8 1_9_10 2_1_2 2_5_6 ;
set Ts[2400]:=
3_7_8 3_13_14 1_13_14 4_13_14 3_11_12 2_13_14 4_19_20 3_1_2 3_19_20 5_7_8 2_17_18 ;

param rho:=
1 60
2 60
3 60
4 60
5 60
6 60
7 60
8 60
9 60
10 60
11 60
12 60
13 60
14 60
15 60
16 60
17 60
18 60
19 60
20 60
21 60
22 60
23 60
24 60
25 60
26 60
27 60
28 60
29 60
30 60
31 60
32 60
33 60
34 60
35 60
36 60
37 60
38 60
39 60
40 60
41 60
42 60
43 60
44 60
45 60
46 60
47 60
48 60
49 60
50 60
;

param sigma_class:=
1 16
2 14
3 8
4 16
5 16
6 15
7 12
8 14
9 10
10 12
11 14
12 13
13 19
14 11
15 21
16 14
17 12
18 15
19 15
20 16
21 15
22 16
23 15
24 17
25 16
26 13
27 14
28 16
29 12
30 20
31 14
32 8
33 14
34 13
35 15
36 12
37 18
38 14
39 22
40 13
41 13
42 15
43 14
44 14
45 10
46 20
47 20
48 13
49 13
50 17
51 17
52 12
53 10
54 15
55 15
56 19
57 12
58 11
59 12
60 7
61 13
62 12
63 16
64 15
65 11
66 10
67 16
68 14
69 9
70 14
71 17
72 12
73 9
74 9
75 8
76 18
77 11
78 15
79 15
80 22
81 5
82 14
83 11
84 12
85 11
86 12
87 19
88 10
89 13
90 10
91 18
92 24
93 12
94 10
95 13
96 22
97 14
98 15
99 15
100 14
101 23
102 12
103 13
104 19
105 17
106 12
107 13
108 13
109 15
110 14
111 6
112 10
113 10
114 17
115 15
116 19
117 13
118 12
119 10
120 14
121 9
122 15
123 11
124 12
125 7
126 13
127 13
128 13
129 14
130 18
131 9
132 21
133 20
134 15
135 10
136 14
137 12
138 18
139 17
140 11
141 19
142 13
143 9
144 15
145 10
146 13
147 19
148 11
149 17
150 12
151 20
152 14
153 13
154 14
155 15
156 16
157 16
158 11
159 16
160 15
161 12
162 15
163 17
164 13
165 14
166 17
167 9
168 17
169 12
170 21
171 11
172 10
173 12
174 13
175 20
176 16
177 15
178 19
179 19
180 15
181 14
182 12
183 18
184 16
185 15
186 19
187 18
188 9
189 14
190 22
191 12
192 11
193 13
194 10
195 19
196 16
197 11
198 14
199 15
200 9
201 15
202 16
203 15
204 11
205 16
206 16
207 14
208 10
209 19
210 19
211 16
212 16
213 15
214 16
215 16
216 12
217 13
218 15
219 11
220 19
221 14
222 15
223 19
224 20
225 14
226 13
227 19
228 9
229 13
230 11
231 17
232 20
233 19
234 17
235 11
236 15
237 19
238 18
239 21
240 13
241 13
242 26
243 15
244 19
245 11
246 13
247 11
248 11
249 12
250 13
251 16
252 17
253 21
254 20
255 15
256 18
257 17
258 18
259 16
260 18
261 6
262 22
263 10
264 17
265 14
266 13
267 17
268 8
269 10
270 14
271 12
272 17
273 22
274 12
275 13
276 17
277 13
278 20
279 13
280 16
281 13
282 14
283 14
284 15
285 21
286 13
287 12
288 12
289 12
290 17
291 14
292 10
293 13
294 16
295 13
296 13
297 6
298 16
299 12
300 18
301 18
302 9
303 13
304 17
305 12
306 8
307 17
308 18
309 8
310 17
311 18
312 23
313 10
314 11
315 12
316 20
317 22
318 12
319 13
320 11
321 18
322 18
323 14
324 11
325 17
326 11
327 12
328 17
329 15
330 11
331 12
332 17
333 25
334 16
335 11
336 20
337 20
338 9
339 16
340 25
341 17
342 21
343 11
344 14
345 12
346 15
347 11
348 15
349 12
350 18
351 19
352 12
353 12
354 17
355 9
356 17
357 12
358 21
359 11
360 16
361 11
362 17
363 24
364 15
365 14
366 13
367 16
368 15
369 12
370 15
371 15
372 16
373 14
374 23
375 15
376 15
377 13
378 11
379 19
380 16
381 14
382 15
383 17
384 17
385 10
386 14
387 8
388 12
389 7
390 9
391 12
392 12
393 12
394 18
395 18
396 16
397 14
398 17
399 9
400 17
401 18
402 11
403 14
404 14
405 10
406 15
407 19
408 10
409 6
410 17
411 21
412 12
413 15
414 19
415 15
416 11
417 13
418 19
419 17
420 24
421 16
422 12
423 23
424 14
425 10
426 21
427 21
428 19
429 23
430 9
431 9
432 16
433 15
434 7
435 19
436 14
437 12
438 19
439 11
440 11
441 17
442 9
443 17
444 12
445 15
446 17
447 16
448 11
449 13
450 13
451 11
452 10
453 13
454 16
455 21
456 14
457 20
458 18
459 10
460 14
461 18
462 16
463 16
464 10
465 19
466 8
467 5
468 20
469 20
470 9
471 9
472 11
473 9
474 8
475 14
476 14
477 15
478 16
479 8
480 15
481 22
482 5
483 16
484 11
485 17
486 15
487 20
488 16
489 18
490 12
491 20
492 20
493 14
494 8
495 9
496 10
497 13
498 11
499 19
500 15
501 15
502 15
503 16
504 15
505 15
506 21
507 15
508 12
509 19
510 18
511 18
512 23
513 15
514 13
515 18
516 20
517 12
518 14
519 14
520 15
521 16
522 11
523 19
524 15
525 10
526 9
527 7
528 12
529 19
530 15
531 13
532 13
533 11
534 20
535 15
536 11
537 12
538 14
539 11
540 10
541 15
542 24
543 15
544 12
545 18
546 17
547 18
548 12
549 16
550 19
551 16
552 14
553 14
554 17
555 16
556 16
557 15
558 16
559 20
560 13
561 12
562 17
563 14
564 19
565 8
566 18
567 23
568 16
569 15
570 10
571 13
572 13
573 15
574 16
575 12
576 8
577 8
578 15
579 13
580 10
581 21
582 16
583 9
584 19
585 19
586 13
587 13
588 18
589 14
590 12
591 17
592 15
593 10
594 13
595 23
596 17
597 15
598 14
599 13
600 19
601 22
602 16
603 10
604 18
605 16
606 14
607 18
608 11
609 16
610 21
611 15
612 15
613 18
614 18
615 15
616 13
617 11
618 16
619 21
620 16
621 17
622 11
623 13
624 8
625 11
626 12
627 19
628 18
629 10
630 16
631 12
632 11
633 11
634 17
635 13
636 12
637 15
638 15
639 8
640 9
641 13
642 13
643 17
644 9
645 14
646 17
647 15
648 21
649 15
650 12
651 12
652 9
653 15
654 18
655 18
656 16
657 12
658 11
659 18
660 7
661 12
662 14
663 18
664 17
665 10
666 15
667 5
668 16
669 11
670 18
671 22
672 13
673 14
674 13
675 14
676 13
677 17
678 16
679 13
680 20
681 13
682 16
683 17
684 18
685 14
686 14
687 17
688 11
689 10
690 21
691 15
692 15
693 13
694 11
695 16
696 15
697 17
698 12
699 16
700 12
701 11
702 25
703 16
704 19
705 16
706 15
707 15
708 26
709 13
710 16
711 21
712 12
713 16
714 17
715 14
716 12
717 19
718 16
719 11
720 7
721 11
722 8
723 10
724 17
725 14
726 13
727 10
728 16
729 12
730 14
731 19
732 21
733 18
734 17
735 9
736 19
737 12
738 14
739 10
740 15
741 14
742 16
743 10
744 13
745 18
746 19
747 21
748 14
749 13
750 13
751 15
752 6
753 17
754 14
755 13
756 12
757 14
758 24
759 15
760 14
761 12
762 11
763 19
764 14
765 17
766 11
767 16
768 7
769 20
770 11
771 13
772 11
773 16
774 9
775 8
776 10
777 18
778 11
779 9
780 20
781 29
782 11
783 15
784 14
785 14
786 11
787 19
788 12
789 15
790 10
791 11
792 11
793 20
794 19
795 21
796 18
797 16
798 10
799 8
800 10
801 14
802 18
803 21
804 17
805 13
806 12
807 15
808 10
809 21
810 15
811 20
812 17
813 16
814 18
815 18
816 10
817 11
818 19
819 19
820 12
821 13
822 18
823 10
824 18
825 21
826 18
827 14
828 18
829 13
830 18
831 19
832 12
833 14
834 15
835 18
836 8
837 16
838 14
839 17
840 17
841 20
842 14
843 18
844 14
845 7
846 13
847 14
848 11
849 8
850 10
851 15
852 9
853 11
854 5
855 13
856 16
857 14
858 15
859 14
860 13
861 20
862 6
863 10
864 13
865 11
866 11
867 20
868 17
869 8
870 6
871 15
872 12
873 13
874 18
875 10
876 9
877 15
878 14
879 11
880 12
881 11
882 5
883 17
884 10
885 15
886 13
887 17
888 15
889 11
890 18
891 10
892 14
893 16
894 16
895 19
896 14
897 12
898 17
899 14
900 8
901 12
902 14
903 13
904 18
905 13
906 16
907 17
908 14
909 14
910 15
911 14
912 20
913 13
914 7
915 14
916 20
917 16
918 14
919 10
920 18
921 12
922 13
923 18
924 13
925 14
926 17
927 14
928 16
929 12
930 14
931 13
932 20
933 11
934 12
935 10
936 11
937 12
938 13
939 11
940 14
941 13
942 19
943 12
944 18
945 12
946 17
947 11
948 16
949 18
950 6
951 13
952 17
953 16
954 11
955 10
956 13
957 9
958 14
959 13
960 10
961 11
962 15
963 18
964 12
965 17
966 15
967 20
968 22
969 17
970 13
971 19
972 7
973 8
974 20
975 11
976 10
977 11
978 15
979 13
980 11
981 15
982 13
983 18
984 12
985 18
986 11
987 15
988 15
989 16
990 16
991 8
992 17
993 14
994 17
995 10
996 11
997 18
998 13
999 7
1000 13
;

param kmin:=
1 3
2 3
3 3
4 3
5 3
6 2
7 2
8 2
9 3
10 3
11 3
12 2
13 3
14 2
15 2
16 3
17 3
18 2
19 2
20 2
21 3
22 2
23 3
24 3
25 3
26 3
27 3
28 2
29 3
30 3
31 2
32 3
33 2
34 3
35 2
36 3
37 3
38 3
39 2
40 3
41 3
42 3
43 2
44 2
45 3
46 3
47 3
48 3
49 3
50 3
51 2
52 3
53 3
54 3
55 3
56 2
57 3
58 3
59 3
60 3
61 2
62 3
63 2
64 3
65 3
66 2
67 3
68 3
69 3
70 3
71 3
72 3
73 3
74 3
75 2
76 3
77 2
78 2
79 3
80 3
81 2
82 2
83 3
84 2
85 3
86 3
87 3
88 3
89 3
90 2
91 2
92 2
93 3
94 3
95 2
96 3
97 3
98 3
99 2
100 3
101 3
102 3
103 3
104 2
105 3
106 2
107 2
108 3
109 2
110 2
111 3
112 3
113 3
114 2
115 3
116 3
117 3
118 3
119 3
120 2
121 3
122 3
123 2
124 2
125 2
126 2
127 2
128 3
129 3
130 2
131 2
132 3
133 3
134 3
135 3
136 3
137 3
138 3
139 3
140 3
141 2
142 3
143 3
144 3
145 2
146 3
147 3
148 3
149 2
150 2
151 3
152 3
153 3
154 3
155 2
156 3
157 3
158 3
159 3
160 2
161 2
162 3
163 3
164 3
165 2
166 3
167 3
168 2
169 2
170 3
171 2
172 2
173 3
174 3
175 3
176 3
177 3
178 3
179 3
180 3
181 3
182 2
183 3
184 3
185 2
186 3
187 3
188 2
189 3
190 2
191 3
192 3
193 3
194 3
195 3
196 3
197 3
198 3
199 3
200 2
201 3
202 3
203 3
204 2
205 3
206 3
207 2
208 2
209 3
210 3
211 3
212 3
213 3
214 2
215 3
216 2
217 2
218 3
219 2
220 3
221 2
222 3
223 3
224 3
225 3
226 3
227 3
228 3
229 2
230 3
231 3
232 3
233 2
234 2
235 2
236 3
237 3
238 2
239 3
240 3
241 3
242 3
243 3
244 3
245 2
246 3
247 3
248 3
249 2
250 3
251 3
252 3
253 3
254 3
255 2
256 3
257 3
258 3
259 3
260 3
261 2
262 3
263 3
264 3
265 3
266 2
267 3
268 3
269 3
270 2
271 3
272 3
273 2
274 2
275 3
276 2
277 3
278 3
279 2
280 2
281 3
282 3
283 3
284 3
285 2
286 3
287 2
288 3
289 2
290 3
291 3
292 3
293 3
294 3
295 2
296 2
297 3
298 2
299 3
300 2
301 2
302 3
303 2
304 3
305 3
306 3
307 2
308 2
309 2
310 3
311 3
312 3
313 3
314 3
315 3
316 2
317 3
318 3
319 2
320 3
321 2
322 2
323 2
324 3
325 2
326 3
327 3
328 2
329 2
330 3
331 2
332 3
333 3
334 3
335 3
336 3
337 2
338 2
339 2
340 3
341 2
342 3
343 3
344 3
345 3
346 3
347 3
348 3
349 3
350 2
351 2
352 2
353 3
354 3
355 3
356 2
357 3
358 3
359 2
360 3
361 3
362 3
363 3
364 3
365 3
366 2
367 3
368 2
369 2
370 3
371 3
372 3
373 3
374 3
375 3
376 2
377 3
378 2
379 2
380 2
381 3
382 3
383 3
384 3
385 3
386 3
387 2
388 3
389 2
390 2
391 2
392 3
393 3
394 3
395 3
396 3
397 3
398 3
399 2
400 2
401 3
402 3
403 3
404 3
405 3
406 3
407 2
408 3
409 3
410 2
411 3
412 2
413 3
414 3
415 2
416 3
417 2
418 3
419 2
420 3
421 3
422 3
423 3
424 2
425 3
426 3
427 2
428 2
429 3
430 2
431 3
432 2
433 2
434 2
435 2
436 3
437 3
438 3
439 2
440 3
441 3
442 3
443 2
444 2
445 3
446 3
447 2
448 3
449 2
450 3
451 2
452 2
453 3
454 2
455 3
456 3
457 3
458 2
459 2
460 3
461 2
462 2
463 3
464 2
465 3
466 3
467 3
468 3
469 3
470 2
471 3
472 3
473 3
474 3
475 3
476 2
477 3
478 2
479 3
480 2
481 3
482 3
483 3
484 3
485 3
486 3
487 2
488 3
489 3
490 3
491 3
492 3
493 2
494 3
495 2
496 3
497 2
498 3
499 3
500 3
501 3
502 3
503 3
504 2
505 3
506 3
507 3
508 2
509 3
510 3
511 3
512 3
513 3
514 3
515 3
516 2
517 3
518 2
519 2
520 3
521 2
522 2
523 3
524 3
525 3
526 3
527 3
528 2
529 2
530 2
531 3
532 2
533 3
534 3
535 3
536 3
537 3
538 3
539 3
540 2
541 3
542 3
543 2
544 2
545 3
546 3
547 2
548 3
549 3
550 2
551 2
552 3
553 2
554 2
555 2
556 3
557 3
558 2
559 2
560 2
561 3
562 3
563 3
564 2
565 2
566 2
567 3
568 3
569 3
570 3
571 3
572 2
573 3
574 3
575 3
576 3
577 3
578 3
579 2
580 3
581 2
582 3
583 3
584 2
585 2
586 2
587 2
588 3
589 2
590 2
591 3
592 3
593 2
594 3
595 3
596 2
597 3
598 3
599 3
600 3
601 3
602 3
603 3
604 3
605 2
606 3
607 3
608 3
609 3
610 3
611 2
612 3
613 3
614 2
615 2
616 2
617 3
618 2
619 3
620 2
621 3
622 3
623 2
624 3
625 2
626 3
627 3
628 2
629 3
630 3
631 3
632 2
633 3
634 2
635 3
636 3
637 2
638 3
639 3
640 2
641 3
642 2
643 3
644 3
645 3
646 2
647 3
648 3
649 3
650 3
651 3
652 2
653 3
654 2
655 3
656 2
657 3
658 3
659 3
660 3
661 2
662 3
663 3
664 2
665 3
666 3
667 2
668 3
669 3
670 3
671 2
672 3
673 2
674 3
675 3
676 3
677 3
678 3
679 3
680 3
681 3
682 3
683 3
684 3
685 3
686 2
687 2
688 3
689 3
690 3
691 2
692 3
693 2
694 2
695 2
696 2
697 3
698 2
699 3
700 3
701 3
702 2
703 3
704 3
705 2
706 3
707 3
708 2
709 2
710 3
711 3
712 3
713 2
714 3
715 3
716 2
717 2
718 3
719 2
720 3
721 3
722 2
723 3
724 3
725 3
726 2
727 3
728 3
729 3
730 2
731 3
732 2
733 3
734 2
735 2
736 3
737 3
738 3
739 3
740 3
741 3
742 2
743 3
744 3
745 3
746 2
747 2
748 3
749 3
750 3
751 3
752 3
753 3
754 3
755 3
756 2
757 3
758 3
759 3
760 3
761 2
762 3
763 3
764 3
765 3
766 3
767 2
768 3
769 3
770 3
771 2
772 3
773 2
774 3
775 3
776 3
777 3
778 3
779 2
780 2
781 3
782 3
783 2
784 2
785 2
786 3
787 3
788 3
789 3
790 3
791 2
792 3
793 2
794 3
795 2
796 3
797 2
798 3
799 2
800 3
801 3
802 3
803 2
804 3
805 2
806 3
807 2
808 2
809 3
810 3
811 3
812 3
813 3
814 2
815 3
816 2
817 3
818 2
819 2
820 2
821 3
822 2
823 3
824 3
825 3
826 3
827 2
828 3
829 3
830 3
831 3
832 3
833 2
834 3
835 3
836 3
837 3
838 2
839 2
840 3
841 3
842 3
843 2
844 3
845 3
846 3
847 2
848 3
849 2
850 3
851 3
852 3
853 3
854 3
855 3
856 3
857 3
858 3
859 3
860 2
861 2
862 3
863 3
864 3
865 2
866 3
867 3
868 3
869 3
870 2
871 2
872 3
873 3
874 2
875 3
876 3
877 3
878 3
879 2
880 3
881 3
882 3
883 3
884 3
885 3
886 3
887 2
888 3
889 2
890 3
891 2
892 2
893 3
894 3
895 2
896 2
897 2
898 3
899 3
900 3
901 2
902 2
903 3
904 3
905 2
906 2
907 3
908 3
909 3
910 2
911 3
912 3
913 2
914 2
915 3
916 3
917 2
918 2
919 3
920 3
921 3
922 3
923 3
924 2
925 3
926 3
927 3
928 3
929 2
930 2
931 3
932 3
933 3
934 3
935 2
936 3
937 3
938 2
939 2
940 3
941 3
942 2
943 3
944 3
945 3
946 3
947 3
948 3
949 2
950 3
951 2
952 2
953 2
954 3
955 3
956 3
957 3
958 2
959 2
960 2
961 3
962 2
963 2
964 2
965 3
966 3
967 3
968 3
969 2
970 3
971 3
972 3
973 2
974 3
975 3
976 2
977 2
978 2
979 3
980 3
981 2
982 2
983 3
984 3
985 3
986 3
987 2
988 2
989 2
990 2
991 2
992 3
993 3
994 3
995 3
996 3
997 2
998 3
999 3
1000 3
1001 3
1002 3
1003 2
1004 2
1005 3
1006 3
1007 3
1008 2
1009 2
1010 3
1011 3
1012 3
1013 2
1014 2
1015 3
1016 3
1017 3
1018 2
1019 3
1020 3
1021 3
1022 2
1023 2
1024 3
1025 2
1026 3
1027 3
1028 3
1029 3
1030 3
1031 3
1032 3
1033 3
1034 3
1035 2
1036 2
1037 3
1038 2
1039 3
1040 2
1041 3
1042 2
1043 3
1044 3
1045 3
1046 2
1047 3
1048 3
1049 2
1050 3
1051 2
1052 2
1053 3
1054 3
1055 2
1056 3
1057 3
1058 2
1059 2
1060 3
1061 2
1062 3
1063 3
1064 3
1065 2
1066 2
1067 3
1068 3
1069 3
1070 2
1071 3
1072 2
1073 3
1074 3
1075 3
1076 3
1077 3
1078 3
1079 3
1080 2
1081 3
1082 3
1083 3
1084 3
1085 3
1086 3
1087 3
1088 3
1089 3
1090 3
1091 3
1092 3
1093 3
1094 2
1095 3
1096 3
1097 3
1098 3
1099 3
1100 3
1101 3
1102 2
1103 2
1104 3
1105 3
1106 3
1107 2
1108 3
1109 3
1110 3
1111 3
1112 3
1113 3
1114 3
1115 3
1116 2
1117 3
1118 3
1119 3
1120 3
1121 2
1122 3
1123 3
1124 2
1125 3
1126 3
1127 3
1128 2
1129 2
1130 3
1131 2
1132 3
1133 3
1134 3
1135 2
1136 3
1137 2
1138 2
1139 2
1140 2
1141 3
1142 2
1143 3
1144 3
1145 2
1146 3
1147 3
1148 3
1149 2
1150 3
1151 3
1152 3
1153 3
1154 3
1155 3
1156 2
1157 3
1158 2
1159 3
1160 3
1161 3
1162 2
1163 3
1164 2
1165 3
1166 3
1167 2
1168 2
1169 2
1170 3
1171 2
1172 3
1173 3
1174 3
1175 3
1176 3
1177 3
1178 3
1179 3
1180 3
1181 2
1182 2
1183 3
1184 3
1185 3
1186 3
1187 2
1188 3
1189 3
1190 3
1191 2
1192 3
1193 2
1194 3
1195 3
1196 3
1197 2
1198 2
1199 3
1200 3
1201 3
1202 2
1203 2
1204 3
1205 2
1206 3
1207 2
1208 3
1209 3
1210 3
1211 2
1212 3
1213 3
1214 3
1215 3
1216 3
1217 3
1218 3
1219 3
1220 3
1221 3
1222 2
1223 3
1224 3
1225 3
1226 2
1227 2
1228 3
1229 3
1230 3
1231 2
1232 3
1233 3
1234 3
1235 3
1236 3
1237 3
1238 3
1239 2
1240 2
1241 2
1242 3
1243 2
1244 3
1245 2
1246 2
1247 3
1248 3
1249 2
1250 2
1251 3
1252 2
1253 2
1254 2
1255 2
1256 3
1257 3
1258 3
1259 3
1260 2
1261 2
1262 2
1263 3
1264 3
1265 3
1266 2
1267 3
1268 2
1269 3
1270 2
1271 3
1272 3
1273 3
1274 3
1275 3
1276 3
1277 3
1278 3
1279 3
1280 3
1281 2
1282 2
1283 2
1284 2
1285 3
1286 3
1287 3
1288 2
1289 3
1290 2
1291 2
1292 3
1293 2
1294 3
1295 3
1296 2
1297 2
1298 2
1299 2
1300 3
1301 3
1302 3
1303 2
1304 3
1305 3
1306 3
1307 3
1308 3
1309 3
1310 2
1311 2
1312 3
1313 3
1314 2
1315 2
1316 2
1317 3
1318 3
1319 3
1320 2
1321 3
1322 3
1323 3
1324 3
1325 2
1326 3
1327 3
1328 2
1329 3
1330 3
1331 3
1332 3
1333 2
1334 2
1335 3
1336 3
1337 3
1338 3
1339 3
1340 3
1341 3
1342 3
1343 3
1344 3
1345 2
1346 3
1347 3
1348 3
1349 3
1350 3
1351 2
1352 2
1353 3
1354 3
1355 3
1356 3
1357 3
1358 3
1359 3
1360 2
1361 3
1362 2
1363 3
1364 2
1365 2
1366 3
1367 3
1368 2
1369 3
1370 2
1371 3
1372 3
1373 3
1374 3
1375 3
1376 3
1377 3
1378 2
1379 3
1380 3
1381 3
1382 3
1383 2
1384 3
1385 3
1386 3
1387 3
1388 3
1389 2
1390 2
1391 3
1392 3
1393 3
1394 3
1395 3
1396 3
1397 3
1398 2
1399 3
1400 3
1401 3
1402 2
1403 2
1404 2
1405 3
1406 2
1407 2
1408 3
1409 3
1410 3
1411 3
1412 3
1413 3
1414 3
1415 2
1416 2
1417 3
1418 3
1419 2
1420 2
1421 3
1422 2
1423 3
1424 2
1425 3
1426 3
1427 2
1428 3
1429 2
1430 3
1431 2
1432 3
1433 3
1434 3
1435 3
1436 3
1437 3
1438 3
1439 3
1440 2
1441 3
1442 3
1443 2
1444 2
1445 3
1446 2
1447 3
1448 3
1449 3
1450 3
1451 3
1452 3
1453 3
1454 3
1455 3
1456 3
1457 3
1458 2
1459 2
1460 2
1461 3
1462 3
1463 3
1464 2
1465 3
1466 3
1467 3
1468 2
1469 3
1470 2
1471 3
1472 3
1473 3
1474 3
1475 3
1476 3
1477 3
1478 3
1479 3
1480 2
1481 3
1482 3
1483 3
1484 2
1485 3
1486 2
1487 2
1488 3
1489 2
1490 3
1491 3
1492 2
1493 3
1494 3
1495 3
1496 3
1497 3
1498 3
1499 2
1500 3
1501 2
1502 3
1503 3
1504 2
1505 3
1506 3
1507 2
1508 3
1509 3
1510 2
1511 3
1512 3
1513 3
1514 3
1515 2
1516 3
1517 3
1518 2
1519 2
1520 3
1521 3
1522 3
1523 3
1524 3
1525 3
1526 3
1527 3
1528 3
1529 2
1530 2
1531 3
1532 2
1533 3
1534 3
1535 3
1536 3
1537 3
1538 3
1539 2
1540 3
1541 2
1542 3
1543 2
1544 2
1545 3
1546 3
1547 2
1548 2
1549 2
1550 2
1551 3
1552 3
1553 2
1554 2
1555 3
1556 2
1557 3
1558 3
1559 3
1560 2
1561 3
1562 3
1563 2
1564 2
1565 3
1566 3
1567 2
1568 2
1569 3
1570 2
1571 3
1572 3
1573 3
1574 3
1575 3
1576 2
1577 3
1578 2
1579 3
1580 3
1581 2
1582 2
1583 2
1584 3
1585 3
1586 3
1587 2
1588 3
1589 3
1590 3
1591 3
1592 3
1593 3
1594 3
1595 3
1596 3
1597 2
1598 3
1599 2
1600 3
1601 2
1602 2
1603 3
1604 3
1605 2
1606 3
1607 2
1608 2
1609 2
1610 2
1611 2
1612 2
1613 3
1614 3
1615 2
1616 3
1617 3
1618 2
1619 2
1620 2
1621 3
1622 3
1623 3
1624 3
1625 3
1626 2
1627 2
1628 3
1629 3
1630 3
1631 3
1632 3
1633 3
1634 2
1635 3
1636 3
1637 3
1638 2
1639 2
1640 3
1641 3
1642 3
1643 2
1644 3
1645 3
1646 3
1647 3
1648 2
1649 3
1650 2
1651 3
1652 2
1653 3
1654 2
1655 3
1656 2
1657 2
1658 3
1659 2
1660 3
1661 3
1662 2
1663 3
1664 2
1665 3
1666 3
1667 3
1668 2
1669 3
1670 2
1671 3
1672 2
1673 3
1674 3
1675 3
1676 2
1677 3
1678 3
1679 2
1680 3
1681 2
1682 2
1683 3
1684 2
1685 2
1686 2
1687 3
1688 2
1689 3
1690 2
1691 3
1692 2
1693 3
1694 3
1695 2
1696 2
1697 3
1698 3
1699 3
1700 2
1701 3
1702 3
1703 3
1704 3
1705 3
1706 3
1707 3
1708 3
1709 2
1710 2
1711 3
1712 2
1713 3
1714 3
1715 3
1716 3
1717 2
1718 3
1719 3
1720 3
1721 3
1722 3
1723 3
1724 3
1725 2
1726 3
1727 3
1728 2
1729 3
1730 3
1731 3
1732 3
1733 3
1734 3
1735 3
1736 2
1737 2
1738 2
1739 2
1740 3
1741 3
1742 2
1743 3
1744 3
1745 3
1746 3
1747 3
1748 3
1749 2
1750 2
1751 3
1752 3
1753 2
1754 3
1755 3
1756 3
1757 2
1758 2
1759 3
1760 3
1761 3
1762 3
1763 3
1764 3
1765 2
1766 3
1767 3
1768 3
1769 3
1770 2
1771 3
1772 3
1773 3
1774 3
1775 3
1776 3
1777 3
1778 3
1779 2
1780 3
1781 3
1782 3
1783 3
1784 3
1785 3
1786 3
1787 2
1788 2
1789 3
1790 3
1791 3
1792 2
1793 3
1794 2
1795 3
1796 3
1797 2
1798 2
1799 3
1800 2
1801 2
1802 2
1803 2
1804 2
1805 2
1806 3
1807 3
1808 2
1809 3
1810 3
1811 3
1812 3
1813 3
1814 3
1815 2
1816 2
1817 3
1818 3
1819 3
1820 2
1821 2
1822 3
1823 3
1824 3
1825 3
1826 2
1827 3
1828 3
1829 3
1830 3
1831 3
1832 2
1833 3
1834 3
1835 3
1836 3
1837 2
1838 3
1839 3
1840 3
1841 2
1842 2
1843 3
1844 3
1845 2
1846 2
1847 3
1848 3
1849 3
1850 3
1851 2
1852 3
1853 3
1854 3
1855 2
1856 2
1857 3
1858 2
1859 3
1860 3
1861 3
1862 3
1863 3
1864 2
1865 2
1866 3
1867 2
1868 3
1869 2
1870 3
1871 3
1872 2
1873 2
1874 3
1875 3
1876 3
1877 3
1878 3
1879 3
1880 3
1881 3
1882 2
1883 2
1884 2
1885 3
1886 3
1887 3
1888 3
1889 3
1890 3
1891 2
1892 2
1893 3
1894 3
1895 3
1896 2
1897 3
1898 3
1899 3
1900 3
1901 2
1902 3
1903 3
1904 3
1905 2
1906 2
1907 3
1908 2
1909 2
1910 3
1911 2
1912 3
1913 3
1914 3
1915 3
1916 3
1917 3
1918 3
1919 2
1920 3
1921 3
1922 2
1923 3
1924 3
1925 3
1926 3
1927 3
1928 3
1929 3
1930 3
1931 3
1932 3
1933 3
1934 3
1935 3
1936 3
1937 3
1938 3
1939 3
1940 3
1941 3
1942 3
1943 3
1944 3
1945 3
1946 3
1947 3
1948 2
1949 2
1950 2
1951 3
1952 2
1953 2
1954 3
1955 2
1956 3
1957 3
1958 2
1959 3
1960 3
1961 2
1962 3
1963 3
1964 3
1965 3
1966 3
1967 2
1968 2
1969 3
1970 3
1971 3
1972 3
1973 2
1974 3
1975 3
1976 3
1977 3
1978 3
1979 2
1980 2
1981 3
1982 3
1983 2
1984 3
1985 2
1986 3
1987 3
1988 3
1989 3
1990 3
1991 2
1992 2
1993 3
1994 3
1995 3
1996 3
1997 3
1998 3
1999 3
2000 3
2001 2
2002 2
2003 2
2004 3
2005 2
2006 2
2007 2
2008 3
2009 2
2010 3
2011 3
2012 2
2013 2
2014 2
2015 3
2016 3
2017 3
2018 3
2019 3
2020 2
2021 3
2022 3
2023 2
2024 3
2025 3
2026 2
2027 3
2028 2
2029 3
2030 3
2031 3
2032 3
2033 3
2034 2
2035 3
2036 2
2037 3
2038 3
2039 3
2040 3
2041 2
2042 2
2043 3
2044 2
2045 3
2046 3
2047 3
2048 3
2049 3
2050 3
2051 3
2052 3
2053 3
2054 3
2055 3
2056 3
2057 2
2058 3
2059 3
2060 2
2061 2
2062 2
2063 3
2064 3
2065 3
2066 2
2067 2
2068 2
2069 2
2070 3
2071 2
2072 3
2073 3
2074 2
2075 3
2076 3
2077 3
2078 3
2079 3
2080 3
2081 3
2082 3
2083 2
2084 2
2085 2
2086 3
2087 3
2088 3
2089 2
2090 2
2091 3
2092 3
2093 3
2094 3
2095 3
2096 3
2097 3
2098 2
2099 2
2100 2
2101 3
2102 3
2103 2
2104 2
2105 3
2106 3
2107 3
2108 3
2109 3
2110 3
2111 3
2112 2
2113 3
2114 2
2115 3
2116 3
2117 3
2118 3
2119 2
2120 3
2121 2
2122 3
2123 3
2124 3
2125 3
2126 3
2127 3
2128 2
2129 3
2130 3
2131 3
2132 3
2133 3
2134 2
2135 2
2136 3
2137 3
2138 3
2139 3
2140 2
2141 3
2142 3
2143 3
2144 3
2145 2
2146 3
2147 3
2148 2
2149 3
2150 3
2151 3
2152 3
2153 3
2154 3
2155 2
2156 3
2157 2
2158 3
2159 3
2160 3
2161 3
2162 3
2163 3
2164 3
2165 3
2166 2
2167 3
2168 3
2169 3
2170 3
2171 2
2172 3
2173 3
2174 3
2175 3
2176 2
2177 3
2178 2
2179 3
2180 2
2181 3
2182 2
2183 2
2184 3
2185 3
2186 2
2187 2
2188 2
2189 3
2190 3
2191 3
2192 3
2193 2
2194 2
2195 3
2196 3
2197 3
2198 2
2199 3
2200 3
2201 3
2202 2
2203 3
2204 2
2205 3
2206 3
2207 2
2208 2
2209 2
2210 3
2211 3
2212 3
2213 2
2214 2
2215 3
2216 3
2217 3
2218 3
2219 2
2220 3
2221 3
2222 3
2223 3
2224 3
2225 3
2226 2
2227 3
2228 3
2229 2
2230 2
2231 3
2232 3
2233 2
2234 2
2235 2
2236 3
2237 3
2238 2
2239 3
2240 3
2241 2
2242 2
2243 3
2244 3
2245 2
2246 3
2247 3
2248 2
2249 3
2250 2
2251 2
2252 3
2253 3
2254 2
2255 3
2256 3
2257 3
2258 3
2259 3
2260 2
2261 2
2262 2
2263 3
2264 3
2265 3
2266 3
2267 2
2268 2
2269 2
2270 3
2271 3
2272 3
2273 3
2274 2
2275 2
2276 3
2277 2
2278 3
2279 2
2280 2
2281 3
2282 2
2283 2
2284 3
2285 2
2286 3
2287 3
2288 2
2289 3
2290 2
2291 3
2292 3
2293 3
2294 3
2295 2
2296 2
2297 3
2298 2
2299 2
2300 3
2301 3
2302 3
2303 3
2304 3
2305 2
2306 2
2307 3
2308 3
2309 2
2310 3
2311 3
2312 3
2313 3
2314 3
2315 3
2316 3
2317 3
2318 2
2319 3
2320 3
2321 3
2322 3
2323 3
2324 3
2325 2
2326 3
2327 3
2328 2
2329 3
2330 3
2331 3
2332 2
2333 3
2334 2
2335 3
2336 3
2337 3
2338 3
2339 3
2340 2
2341 2
2342 2
2343 3
2344 3
2345 2
2346 3
2347 3
2348 3
2349 2
2350 3
2351 3
2352 3
2353 2
2354 3
2355 2
2356 3
2357 3
2358 2
2359 2
2360 3
2361 3
2362 3
2363 3
2364 3
2365 3
2366 2
2367 2
2368 2
2369 3
2370 3
2371 3
2372 2
2373 3
2374 2
2375 3
2376 2
2377 2
2378 3
2379 3
2380 3
2381 3
2382 2
2383 2
2384 3
2385 3
2386 2
2387 3
2388 2
2389 2
2390 2
2391 2
2392 3
2393 2
2394 2
2395 3
2396 2
2397 2
2398 3
2399 3
2400 3
;

param kmax:=
1 7
2 7
3 6
4 7
5 7
6 5
7 5
8 5
9 6
10 6
11 7
12 5
13 6
14 5
15 5
16 6
17 7
18 5
19 5
20 5
21 7
22 5
23 7
24 7
25 7
26 6
27 7
28 5
29 7
30 6
31 5
32 7
33 5
34 6
35 5
36 6
37 7
38 6
39 5
40 6
41 7
42 7
43 5
44 5
45 6
46 6
47 6
48 6
49 7
50 7
51 5
52 6
53 7
54 7
55 6
56 5
57 7
58 6
59 6
60 6
61 5
62 7
63 5
64 7
65 7
66 5
67 6
68 6
69 6
70 7
71 6
72 6
73 7
74 6
75 5
76 6
77 5
78 5
79 7
80 7
81 5
82 5
83 7
84 5
85 7
86 6
87 6
88 7
89 7
90 5
91 5
92 5
93 6
94 6
95 5
96 7
97 6
98 6
99 5
100 6
101 7
102 6
103 7
104 5
105 6
106 5
107 5
108 6
109 5
110 5
111 7
112 6
113 6
114 5
115 6
116 6
117 6
118 7
119 7
120 5
121 6
122 7
123 5
124 5
125 5
126 5
127 5
128 6
129 7
130 5
131 5
132 6
133 7
134 7
135 6
136 7
137 7
138 7
139 7
140 6
141 5
142 7
143 6
144 6
145 5
146 6
147 6
148 7
149 5
150 5
151 7
152 6
153 7
154 7
155 5
156 7
157 7
158 6
159 6
160 5
161 5
162 6
163 6
164 7
165 5
166 7
167 6
168 5
169 5
170 7
171 5
172 5
173 7
174 6
175 7
176 6
177 7
178 7
179 7
180 7
181 7
182 5
183 6
184 6
185 5
186 7
187 6
188 5
189 7
190 5
191 6
192 6
193 6
194 7
195 7
196 6
197 6
198 6
199 6
200 5
201 7
202 7
203 7
204 5
205 6
206 6
207 5
208 5
209 7
210 7
211 6
212 6
213 6
214 5
215 7
216 5
217 5
218 6
219 5
220 7
221 5
222 6
223 6
224 7
225 6
226 7
227 7
228 7
229 5
230 6
231 6
232 7
233 5
234 5
235 5
236 7
237 6
238 5
239 7
240 6
241 6
242 7
243 7
244 7
245 5
246 6
247 6
248 6
249 5
250 7
251 6
252 6
253 6
254 6
255 5
256 6
257 6
258 7
259 7
260 7
261 5
262 7
263 6
264 7
265 7
266 5
267 6
268 6
269 6
270 5
271 7
272 6
273 5
274 5
275 6
276 5
277 7
278 6
279 5
280 5
281 6
282 7
283 6
284 6
285 5
286 7
287 5
288 6
289 5
290 7
291 7
292 7
293 7
294 6
295 5
296 5
297 7
298 5
299 7
300 5
301 5
302 7
303 5
304 7
305 7
306 7
307 5
308 5
309 5
310 6
311 6
312 6
313 6
314 6
315 6
316 5
317 6
318 6
319 5
320 7
321 5
322 5
323 5
324 6
325 5
326 6
327 6
328 5
329 5
330 7
331 5
332 7
333 6
334 6
335 6
336 7
337 5
338 5
339 5
340 6
341 5
342 7
343 7
344 7
345 6
346 6
347 6
348 7
349 6
350 5
351 5
352 5
353 7
354 7
355 7
356 5
357 7
358 7
359 5
360 7
361 7
362 7
363 7
364 7
365 6
366 5
367 7
368 5
369 5
370 7
371 7
372 6
373 7
374 7
375 7
376 5
377 7
378 5
379 5
380 5
381 7
382 6
383 7
384 7
385 7
386 6
387 5
388 6
389 5
390 5
391 5
392 7
393 7
394 7
395 7
396 7
397 7
398 6
399 5
400 5
401 7
402 6
403 6
404 7
405 7
406 7
407 5
408 7
409 7
410 5
411 6
412 5
413 6
414 7
415 5
416 7
417 5
418 6
419 5
420 6
421 6
422 7
423 6
424 5
425 6
426 7
427 5
428 5
429 6
430 5
431 6
432 5
433 5
434 5
435 5
436 6
437 7
438 7
439 5
440 7
441 6
442 7
443 5
444 5
445 6
446 7
447 5
448 6
449 5
450 7
451 5
452 5
453 7
454 5
455 6
456 6
457 7
458 5
459 5
460 7
461 5
462 5
463 7
464 5
465 7
466 7
467 7
468 7
469 6
470 5
471 6
472 7
473 6
474 6
475 6
476 5
477 7
478 5
479 6
480 5
481 6
482 6
483 7
484 6
485 7
486 7
487 5
488 6
489 7
490 7
491 7
492 6
493 5
494 6
495 5
496 7
497 5
498 7
499 6
500 7
501 7
502 7
503 6
504 5
505 7
506 7
507 6
508 5
509 7
510 7
511 6
512 7
513 7
514 7
515 7
516 5
517 6
518 5
519 5
520 6
521 5
522 5
523 6
524 7
525 7
526 7
527 6
528 5
529 5
530 5
531 6
532 5
533 6
534 6
535 6
536 7
537 7
538 6
539 7
540 5
541 6
542 6
543 5
544 5
545 7
546 7
547 5
548 7
549 6
550 5
551 5
552 7
553 5
554 5
555 5
556 7
557 6
558 5
559 5
560 5
561 7
562 6
563 7
564 5
565 5
566 5
567 7
568 6
569 7
570 7
571 7
572 5
573 7
574 7
575 6
576 7
577 6
578 6
579 5
580 7
581 5
582 7
583 7
584 5
585 5
586 5
587 5
588 7
589 5
590 5
591 7
592 6
593 5
594 7
595 7
596 5
597 7
598 7
599 7
600 7
601 7
602 7
603 7
604 7
605 5
606 7
607 6
608 7
609 7
610 6
611 5
612 6
613 7
614 5
615 5
616 5
617 6
618 5
619 6
620 5
621 6
622 7
623 5
624 6
625 5
626 7
627 7
628 5
629 6
630 6
631 7
632 5
633 6
634 5
635 7
636 7
637 5
638 6
639 6
640 5
641 6
642 5
643 6
644 7
645 7
646 5
647 6
648 6
649 7
650 7
651 6
652 5
653 6
654 5
655 7
656 5
657 6
658 6
659 7
660 7
661 5
662 6
663 6
664 5
665 6
666 7
667 5
668 7
669 7
670 7
671 5
672 7
673 5
674 6
675 6
676 7
677 6
678 7
679 6
680 6
681 6
682 7
683 6
684 6
685 7
686 5
687 5
688 7
689 7
690 7
691 5
692 7
693 5
694 5
695 5
696 5
697 6
698 5
699 6
700 6
701 7
702 5
703 7
704 7
705 5
706 6
707 7
708 5
709 5
710 6
711 6
712 6
713 5
714 7
715 6
716 5
717 5
718 6
719 5
720 6
721 6
722 5
723 7
724 7
725 6
726 5
727 6
728 7
729 7
730 5
731 6
732 5
733 7
734 5
735 5
736 6
737 7
738 7
739 6
740 7
741 6
742 5
743 7
744 7
745 6
746 5
747 5
748 7
749 6
750 6
751 7
752 6
753 7
754 6
755 6
756 5
757 7
758 6
759 7
760 6
761 5
762 7
763 6
764 6
765 6
766 7
767 5
768 6
769 7
770 6
771 5
772 7
773 5
774 7
775 7
776 7
777 6
778 7
779 5
780 5
781 6
782 6
783 5
784 5
785 5
786 7
787 7
788 7
789 7
790 6
791 5
792 7
793 5
794 7
795 5
796 6
797 5
798 7
799 5
800 7
801 6
802 6
803 5
804 6
805 5
806 6
807 5
808 5
809 6
810 7
811 6
812 6
813 6
814 5
815 6
816 5
817 6
818 5
819 5
820 5
821 6
822 5
823 6
824 7
825 7
826 7
827 5
828 7
829 7
830 7
831 7
832 7
833 5
834 7
835 7
836 6
837 7
838 5
839 5
840 7
841 6
842 6
843 5
844 7
845 7
846 7
847 5
848 6
849 5
850 6
851 6
852 6
853 7
854 6
855 6
856 6
857 6
858 6
859 6
860 5
861 5
862 7
863 6
864 7
865 5
866 6
867 6
868 6
869 7
870 5
871 5
872 7
873 6
874 5
875 6
876 7
877 7
878 7
879 5
880 7
881 6
882 6
883 7
884 6
885 6
886 7
887 5
888 7
889 5
890 7
891 5
892 5
893 7
894 6
895 5
896 5
897 5
898 6
899 6
900 6
901 5
902 5
903 6
904 6
905 5
906 5
907 7
908 7
909 7
910 5
911 7
912 6
913 5
914 5
915 6
916 7
917 5
918 5
919 6
920 6
921 7
922 6
923 7
924 5
925 6
926 7
927 6
928 6
929 5
930 5
931 7
932 7
933 6
934 6
935 5
936 6
937 7
938 5
939 5
940 7
941 6
942 5
943 7
944 6
945 7
946 7
947 7
948 6
949 5
950 7
951 5
952 5
953 5
954 7
955 6
956 7
957 7
958 5
959 5
960 5
961 6
962 5
963 5
964 5
965 6
966 7
967 7
968 6
969 5
970 6
971 6
972 7
973 5
974 6
975 7
976 5
977 5
978 5
979 7
980 7
981 5
982 5
983 6
984 6
985 7
986 6
987 5
988 5
989 5
990 5
991 5
992 7
993 7
994 6
995 7
996 6
997 5
998 6
999 7
1000 6
1001 6
1002 7
1003 5
1004 5
1005 7
1006 6
1007 7
1008 5
1009 5
1010 7
1011 6
1012 7
1013 5
1014 5
1015 7
1016 7
1017 6
1018 5
1019 6
1020 7
1021 6
1022 5
1023 5
1024 6
1025 5
1026 6
1027 6
1028 6
1029 7
1030 6
1031 7
1032 6
1033 6
1034 6
1035 5
1036 5
1037 7
1038 5
1039 6
1040 5
1041 6
1042 5
1043 6
1044 7
1045 7
1046 5
1047 6
1048 6
1049 5
1050 6
1051 5
1052 5
1053 7
1054 6
1055 5
1056 7
1057 7
1058 5
1059 5
1060 6
1061 5
1062 6
1063 6
1064 6
1065 5
1066 5
1067 7
1068 6
1069 6
1070 5
1071 7
1072 5
1073 7
1074 6
1075 7
1076 6
1077 6
1078 6
1079 6
1080 5
1081 7
1082 6
1083 6
1084 6
1085 7
1086 7
1087 6
1088 7
1089 6
1090 6
1091 7
1092 6
1093 6
1094 5
1095 6
1096 6
1097 6
1098 6
1099 6
1100 6
1101 6
1102 5
1103 5
1104 6
1105 7
1106 7
1107 5
1108 6
1109 7
1110 7
1111 7
1112 7
1113 6
1114 6
1115 6
1116 5
1117 6
1118 6
1119 6
1120 6
1121 5
1122 7
1123 6
1124 5
1125 6
1126 6
1127 7
1128 5
1129 5
1130 6
1131 5
1132 6
1133 7
1134 6
1135 5
1136 6
1137 5
1138 5
1139 5
1140 5
1141 6
1142 5
1143 7
1144 7
1145 5
1146 6
1147 6
1148 6
1149 5
1150 7
1151 7
1152 6
1153 7
1154 7
1155 6
1156 5
1157 7
1158 5
1159 6
1160 7
1161 6
1162 5
1163 7
1164 5
1165 7
1166 6
1167 5
1168 5
1169 5
1170 7
1171 5
1172 6
1173 7
1174 7
1175 7
1176 7
1177 6
1178 6
1179 6
1180 6
1181 5
1182 5
1183 6
1184 6
1185 6
1186 6
1187 5
1188 6
1189 7
1190 6
1191 5
1192 6
1193 5
1194 7
1195 7
1196 6
1197 5
1198 5
1199 6
1200 6
1201 6
1202 5
1203 5
1204 7
1205 5
1206 7
1207 5
1208 6
1209 7
1210 7
1211 5
1212 6
1213 6
1214 6
1215 7
1216 6
1217 7
1218 7
1219 7
1220 6
1221 7
1222 5
1223 6
1224 6
1225 7
1226 5
1227 5
1228 6
1229 7
1230 7
1231 5
1232 7
1233 7
1234 7
1235 7
1236 6
1237 6
1238 6
1239 5
1240 5
1241 5
1242 7
1243 5
1244 6
1245 5
1246 5
1247 7
1248 6
1249 5
1250 5
1251 7
1252 5
1253 5
1254 5
1255 5
1256 7
1257 7
1258 6
1259 6
1260 5
1261 5
1262 5
1263 7
1264 7
1265 7
1266 5
1267 7
1268 5
1269 6
1270 5
1271 7
1272 7
1273 7
1274 6
1275 6
1276 7
1277 6
1278 7
1279 6
1280 7
1281 5
1282 5
1283 5
1284 5
1285 6
1286 6
1287 7
1288 5
1289 6
1290 5
1291 5
1292 7
1293 5
1294 7
1295 7
1296 5
1297 5
1298 5
1299 5
1300 6
1301 6
1302 6
1303 5
1304 6
1305 6
1306 6
1307 7
1308 6
1309 7
1310 5
1311 5
1312 7
1313 7
1314 5
1315 5
1316 5
1317 7
1318 6
1319 6
1320 5
1321 6
1322 7
1323 6
1324 7
1325 5
1326 7
1327 6
1328 5
1329 6
1330 7
1331 7
1332 6
1333 5
1334 5
1335 6
1336 6
1337 6
1338 6
1339 7
1340 7
1341 6
1342 7
1343 6
1344 6
1345 5
1346 6
1347 7
1348 6
1349 6
1350 7
1351 5
1352 5
1353 6
1354 6
1355 7
1356 6
1357 6
1358 7
1359 7
1360 5
1361 6
1362 5
1363 6
1364 5
1365 5
1366 6
1367 6
1368 5
1369 7
1370 5
1371 6
1372 7
1373 6
1374 6
1375 7
1376 6
1377 7
1378 5
1379 6
1380 7
1381 7
1382 6
1383 5
1384 6
1385 6
1386 6
1387 7
1388 7
1389 5
1390 5
1391 7
1392 6
1393 7
1394 7
1395 7
1396 7
1397 7
1398 5
1399 7
1400 7
1401 7
1402 5
1403 5
1404 5
1405 6
1406 5
1407 5
1408 6
1409 7
1410 6
1411 6
1412 7
1413 6
1414 6
1415 5
1416 5
1417 7
1418 6
1419 5
1420 5
1421 6
1422 5
1423 6
1424 5
1425 7
1426 7
1427 5
1428 7
1429 5
1430 6
1431 5
1432 6
1433 7
1434 7
1435 6
1436 7
1437 6
1438 6
1439 7
1440 5
1441 7
1442 6
1443 5
1444 5
1445 7
1446 5
1447 6
1448 6
1449 6
1450 6
1451 7
1452 7
1453 7
1454 6
1455 6
1456 7
1457 7
1458 5
1459 5
1460 5
1461 7
1462 6
1463 6
1464 5
1465 7
1466 7
1467 6
1468 5
1469 7
1470 5
1471 7
1472 6
1473 7
1474 7
1475 7
1476 6
1477 7
1478 7
1479 6
1480 5
1481 7
1482 6
1483 7
1484 5
1485 6
1486 5
1487 5
1488 7
1489 5
1490 7
1491 6
1492 5
1493 6
1494 7
1495 6
1496 7
1497 7
1498 7
1499 5
1500 7
1501 5
1502 7
1503 7
1504 5
1505 6
1506 7
1507 5
1508 6
1509 7
1510 5
1511 6
1512 7
1513 7
1514 7
1515 5
1516 6
1517 7
1518 5
1519 5
1520 6
1521 7
1522 7
1523 7
1524 6
1525 6
1526 6
1527 6
1528 6
1529 5
1530 5
1531 7
1532 5
1533 7
1534 6
1535 7
1536 7
1537 7
1538 6
1539 5
1540 6
1541 5
1542 7
1543 5
1544 5
1545 7
1546 6
1547 5
1548 5
1549 5
1550 5
1551 6
1552 6
1553 5
1554 5
1555 7
1556 5
1557 7
1558 7
1559 6
1560 5
1561 6
1562 6
1563 5
1564 5
1565 6
1566 7
1567 5
1568 5
1569 7
1570 5
1571 6
1572 7
1573 6
1574 7
1575 6
1576 5
1577 7
1578 5
1579 6
1580 6
1581 5
1582 5
1583 5
1584 7
1585 7
1586 6
1587 5
1588 6
1589 6
1590 6
1591 6
1592 7
1593 6
1594 7
1595 7
1596 7
1597 5
1598 7
1599 5
1600 7
1601 5
1602 5
1603 7
1604 7
1605 5
1606 6
1607 5
1608 5
1609 5
1610 5
1611 5
1612 5
1613 7
1614 7
1615 5
1616 6
1617 7
1618 5
1619 5
1620 5
1621 6
1622 7
1623 6
1624 7
1625 6
1626 5
1627 5
1628 6
1629 6
1630 7
1631 6
1632 7
1633 6
1634 5
1635 6
1636 7
1637 7
1638 5
1639 5
1640 7
1641 7
1642 6
1643 5
1644 6
1645 6
1646 6
1647 6
1648 5
1649 7
1650 5
1651 6
1652 5
1653 6
1654 5
1655 6
1656 5
1657 5
1658 6
1659 5
1660 7
1661 6
1662 5
1663 6
1664 5
1665 6
1666 7
1667 6
1668 5
1669 6
1670 5
1671 7
1672 5
1673 6
1674 7
1675 6
1676 5
1677 7
1678 7
1679 5
1680 6
1681 5
1682 5
1683 7
1684 5
1685 5
1686 5
1687 7
1688 5
1689 7
1690 5
1691 6
1692 5
1693 6
1694 6
1695 5
1696 5
1697 6
1698 7
1699 7
1700 5
1701 6
1702 7
1703 7
1704 6
1705 7
1706 6
1707 6
1708 7
1709 5
1710 5
1711 7
1712 5
1713 6
1714 7
1715 7
1716 6
1717 5
1718 6
1719 6
1720 6
1721 6
1722 6
1723 7
1724 6
1725 5
1726 6
1727 6
1728 5
1729 7
1730 6
1731 7
1732 7
1733 7
1734 7
1735 7
1736 5
1737 5
1738 5
1739 5
1740 6
1741 6
1742 5
1743 7
1744 7
1745 6
1746 7
1747 7
1748 6
1749 5
1750 5
1751 7
1752 6
1753 5
1754 7
1755 7
1756 6
1757 5
1758 5
1759 6
1760 7
1761 6
1762 7
1763 7
1764 6
1765 5
1766 7
1767 6
1768 7
1769 7
1770 5
1771 6
1772 6
1773 7
1774 7
1775 6
1776 6
1777 7
1778 7
1779 5
1780 6
1781 6
1782 7
1783 7
1784 6
1785 7
1786 7
1787 5
1788 5
1789 6
1790 6
1791 6
1792 5
1793 7
1794 5
1795 7
1796 6
1797 5
1798 5
1799 7
1800 5
1801 5
1802 5
1803 5
1804 5
1805 5
1806 6
1807 6
1808 5
1809 7
1810 6
1811 7
1812 6
1813 6
1814 7
1815 5
1816 5
1817 7
1818 7
1819 7
1820 5
1821 5
1822 7
1823 7
1824 7
1825 6
1826 5
1827 6
1828 7
1829 7
1830 7
1831 7
1832 5
1833 6
1834 6
1835 6
1836 7
1837 5
1838 7
1839 7
1840 7
1841 5
1842 5
1843 7
1844 6
1845 5
1846 5
1847 7
1848 6
1849 6
1850 6
1851 5
1852 6
1853 7
1854 7
1855 5
1856 5
1857 7
1858 5
1859 7
1860 6
1861 7
1862 7
1863 6
1864 5
1865 5
1866 7
1867 5
1868 7
1869 5
1870 6
1871 6
1872 5
1873 5
1874 6
1875 6
1876 7
1877 6
1878 6
1879 7
1880 7
1881 6
1882 5
1883 5
1884 5
1885 7
1886 7
1887 7
1888 6
1889 6
1890 7
1891 5
1892 5
1893 6
1894 6
1895 7
1896 5
1897 6
1898 7
1899 6
1900 6
1901 5
1902 6
1903 6
1904 6
1905 5
1906 5
1907 6
1908 5
1909 5
1910 6
1911 5
1912 6
1913 7
1914 6
1915 6
1916 6
1917 6
1918 7
1919 5
1920 6
1921 7
1922 5
1923 7
1924 7
1925 7
1926 7
1927 7
1928 7
1929 6
1930 6
1931 6
1932 7
1933 7
1934 6
1935 7
1936 7
1937 6
1938 6
1939 6
1940 6
1941 7
1942 7
1943 6
1944 6
1945 7
1946 6
1947 6
1948 5
1949 5
1950 5
1951 6
1952 5
1953 5
1954 7
1955 5
1956 7
1957 6
1958 5
1959 6
1960 6
1961 5
1962 6
1963 6
1964 7
1965 7
1966 7
1967 5
1968 5
1969 7
1970 7
1971 7
1972 6
1973 5
1974 7
1975 6
1976 6
1977 7
1978 6
1979 5
1980 5
1981 7
1982 6
1983 5
1984 7
1985 5
1986 7
1987 7
1988 6
1989 7
1990 7
1991 5
1992 5
1993 7
1994 7
1995 6
1996 7
1997 7
1998 6
1999 6
2000 7
2001 5
2002 5
2003 5
2004 7
2005 5
2006 5
2007 5
2008 7
2009 5
2010 6
2011 6
2012 5
2013 5
2014 5
2015 7
2016 7
2017 7
2018 6
2019 6
2020 5
2021 7
2022 6
2023 5
2024 6
2025 6
2026 5
2027 6
2028 5
2029 7
2030 6
2031 6
2032 6
2033 7
2034 5
2035 7
2036 5
2037 7
2038 6
2039 7
2040 6
2041 5
2042 5
2043 6
2044 5
2045 7
2046 6
2047 6
2048 7
2049 7
2050 7
2051 7
2052 6
2053 7
2054 6
2055 7
2056 7
2057 5
2058 6
2059 6
2060 5
2061 5
2062 5
2063 6
2064 7
2065 6
2066 5
2067 5
2068 5
2069 5
2070 6
2071 5
2072 7
2073 6
2074 5
2075 6
2076 6
2077 7
2078 6
2079 6
2080 6
2081 7
2082 7
2083 5
2084 5
2085 5
2086 6
2087 6
2088 6
2089 5
2090 5
2091 6
2092 7
2093 7
2094 6
2095 6
2096 6
2097 7
2098 5
2099 5
2100 5
2101 6
2102 7
2103 5
2104 5
2105 6
2106 7
2107 6
2108 6
2109 6
2110 7
2111 7
2112 5
2113 6
2114 5
2115 7
2116 6
2117 7
2118 7
2119 5
2120 7
2121 5
2122 6
2123 6
2124 7
2125 7
2126 7
2127 6
2128 5
2129 6
2130 7
2131 7
2132 7
2133 6
2134 5
2135 5
2136 7
2137 6
2138 6
2139 6
2140 5
2141 7
2142 7
2143 6
2144 7
2145 5
2146 7
2147 6
2148 5
2149 7
2150 7
2151 6
2152 7
2153 7
2154 7
2155 5
2156 6
2157 5
2158 6
2159 6
2160 7
2161 7
2162 7
2163 6
2164 6
2165 6
2166 5
2167 6
2168 6
2169 6
2170 7
2171 5
2172 6
2173 7
2174 7
2175 6
2176 5
2177 6
2178 5
2179 6
2180 5
2181 6
2182 5
2183 5
2184 6
2185 7
2186 5
2187 5
2188 5
2189 7
2190 6
2191 7
2192 7
2193 5
2194 5
2195 6
2196 6
2197 7
2198 5
2199 6
2200 7
2201 7
2202 5
2203 7
2204 5
2205 7
2206 7
2207 5
2208 5
2209 5
2210 7
2211 6
2212 6
2213 5
2214 5
2215 6
2216 6
2217 6
2218 6
2219 5
2220 6
2221 7
2222 7
2223 7
2224 7
2225 6
2226 5
2227 7
2228 7
2229 5
2230 5
2231 6
2232 7
2233 5
2234 5
2235 5
2236 7
2237 6
2238 5
2239 6
2240 6
2241 5
2242 5
2243 7
2244 7
2245 5
2246 6
2247 6
2248 5
2249 7
2250 5
2251 5
2252 7
2253 6
2254 5
2255 7
2256 6
2257 6
2258 7
2259 6
2260 5
2261 5
2262 5
2263 7
2264 7
2265 6
2266 7
2267 5
2268 5
2269 5
2270 7
2271 6
2272 7
2273 7
2274 5
2275 5
2276 7
2277 5
2278 7
2279 5
2280 5
2281 6
2282 5
2283 5
2284 7
2285 5
2286 7
2287 7
2288 5
2289 6
2290 5
2291 7
2292 6
2293 7
2294 7
2295 5
2296 5
2297 7
2298 5
2299 5
2300 7
2301 6
2302 6
2303 7
2304 6
2305 5
2306 5
2307 6
2308 6
2309 5
2310 7
2311 7
2312 6
2313 7
2314 7
2315 6
2316 7
2317 7
2318 5
2319 6
2320 6
2321 7
2322 7
2323 7
2324 7
2325 5
2326 7
2327 7
2328 5
2329 6
2330 6
2331 7
2332 5
2333 6
2334 5
2335 7
2336 7
2337 7
2338 7
2339 7
2340 5
2341 5
2342 5
2343 7
2344 7
2345 5
2346 6
2347 6
2348 6
2349 5
2350 7
2351 6
2352 7
2353 5
2354 7
2355 5
2356 6
2357 7
2358 5
2359 5
2360 7
2361 7
2362 6
2363 6
2364 6
2365 6
2366 5
2367 5
2368 5
2369 7
2370 6
2371 6
2372 5
2373 7
2374 5
2375 6
2376 5
2377 5
2378 6
2379 7
2380 6
2381 7
2382 5
2383 5
2384 6
2385 7
2386 5
2387 6
2388 5
2389 5
2390 5
2391 5
2392 7
2393 5
2394 5
2395 7
2396 5
2397 5
2398 6
2399 6
2400 7
;

