param sigma
: 1   2 :=
1 0.00001 0.99999
2 0.10000 0.90000
3 0.20000 0.80000
4 0.30000 0.70000
5 0.40000 0.60000
6 0.50000 0.50000
7 0.90000 0.10000
8 0.80000 0.20000
9 0.70000 0.30000
10 0.60000 0.40000
11 0.99999 0.00001
;

set S:=
1 2 3 4 5 6 7 8 9 10 11 12 13 14 15 16 17 18 19 20 21 22 23 24 25 26 27 28 29 30 31 32 33 34 35 36 37 38 39 40 41 42 43 44 45 46 47 48 49 50 51 52 53 54 55 56 57 58 59 60 61 62 63 64 65 66 67 68 69 70 71 72 73 74 75 76 77 78 79 80 81 82 83 84 85 86 87 88 89 90 91 92 93 94 95 96 97 98 99 100 101 102 103 104 105 106 107 108 109 110 111 112 113 114 115 116 117 118 119 120 121 122 123 124 125 126 127 128 129 130 131 132 133 134 135 136 137 138 139 140 141 142 143 144 145 146 147 148 149 150 151 152 153 154 155 156 157 158 159 160 161 162 163 164 165 166 167 168 169 170 171 172 173 174 175 176 177 178 179 180 181 182 183 184 185 186 187 188 189 190 191 192 193 194 195 196 197 198 199 200 201 202 203 204 205 206 207 208 209 210 211 212 213 214 215 216 217 218 219 220 221 222 223 224 225 226 227 228 229 230 231 232 233 234 235 236 237 238 239 240 241 242 243 244 245 246 247 248 249 250 251 252 253 254 255 256 257 258 259 260 261 262 263 264 265 266 267 268 269 270 271 272 273 274 275 276 277 278 279 280 281 282 283 284 285 286 287 288 289 290 291 292 293 294 295 296 297 298 299 300 301 302 303 304 305 306 307 308 309 310 311 312 313 314 315 316 317 318 319 320 321 322 323 324 325 326 327 328 329 330 331 332 333 334 335 336 337 338 339 340 341 342 343 344 345 346 347 348 349 350 351 352 353 354 355 356 357 358 359 360 361 362 363 364 365 366 367 368 369 370 371 372 373 374 375 376 377 378 379 380 381 382 383 384 385 386 387 388 389 390 391 392 393 394 395 396 397 398 399 400 401 402 403 404 405 406 407 408 409 410 411 412 413 414 415 416 417 418 419 420 421 422 423 424 425 426 427 428 429 430 431 432 433 434 435 436 437 438 439 440 441 442 443 444 445 446 447 448 449 450 451 452 453 454 455 456 457 458 459 460 461 462 463 464 465 466 467 468 469 470 471 472 473 474 475 476 477 478 479 480 481 482 483 484 485 486 487 488 489 490 491 492 493 494 495 496 497 498 499 500 501 502 503 504 505 506 507 508 509 510 511 512 513 514 515 516 517 518 519 520 521 522 523 524 525 526 527 528 529 530 531 532 533 534 535 536 537 538 539 540 541 542 543 544 545 546 547 548 549 550 551 552 553 554 555 556 557 558 559 560 561 562 563 564 565 566 567 568 569 570 571 572 573 574 575 576 577 578 579 580 581 582 583 584 585 586 587 588 589 590 591 592 593 594 595 596 597 598 599 600 601 602 603 604 605 606 607 608 609 610 611 612 613 614 615 616 617 618 619 620 621 622 623 624 625 626 627 628 629 630 631 632 633 634 635 636 637 638 639 640 641 642 643 644 645 646 647 648 649 650 651 652 653 654 655 656 657 658 659 660 661 662 663 664 665 666 667 668 669 670 671 672 673 674 675 676 677 678 679 680 681 682 683 684 685 686 687 688 689 690 691 692 693 694 695 696 697 698 699 700 701 702 703 704 705 706 707 708 709 710 711 712 713 714 715 716 717 718 719 720 721 722 723 724 725 726 727 728 729 730 731 732 733 734 735 736 737 738 739 740 741 742 743 744 745 746 747 748 749 750 751 752 753 754 755 756 757 758 759 760 761 762 763 764 765 766 767 768 769 770 771 772 773 774 775 776 777 778 779 780 781 782 783 784 785 786 787 788 789 790 791 792 793 794 795 796 797 798 799 800 801 802 803 804 805 806 807 808 809 810 811 812 813 814 815 816 817 818 819 820 821 822 823 824 825 826 827 828 829 830 831 832 833 834 835 836 837 838 839 840 841 842 843 844 845 846 847 848 849 850 851 852 853 854 855 856 857 858 859 860 861 862 863 864 865 866 867 868 869 870 871 872 873 874 875 876 877 878 879 880 881 882 883 884 885 886 887 888 889 890 891 892 893 894 895 896 897 898 899 900 901 902 903 904 905 906 907 908 909 910 911 912 913 914 915 916 917 918 919 920 921 922 923 924 925 926 927 928 929 930 931 932 933 934 935 936 937 938 939 940 941 942 943 944 945 946 947 948 949 950 951 952 953 954 955 956 957 958 959 960 961 962 963 964 965 966 967 968 969 970 971 972 973 974 975 976 977 978 979 980 981 982 983 984 985 986 987 988 989 990 991 992 993 994 995 996 997 998 999 1000 1001 1002 1003 1004 1005 1006 1007 1008 1009 1010 1011 1012 1013 1014 1015 1016 1017 1018 1019 1020 1021 1022 1023 1024 1025 1026 1027 1028 1029 1030 1031 1032 1033 1034 1035 1036 1037 1038 1039 1040 1041 1042 1043 1044 1045 1046 1047 1048 1049 1050 1051 1052 1053 1054 1055 1056 1057 1058 1059 1060 1061 1062 1063 1064 1065 1066 1067 1068 1069 1070 1071 1072 1073 1074 1075 1076 1077 1078 1079 1080 1081 1082 1083 1084 1085 1086 1087 1088 1089 1090 1091 1092 1093 1094 1095 1096 1097 1098 1099 1100 1101 1102 1103 1104 1105 1106 1107 1108 1109 1110 1111 1112 1113 1114 1115 1116 1117 1118 1119 1120 1121 1122 1123 1124 1125 1126 1127 1128 1129 1130 1131 1132 1133 1134 1135 1136 1137 1138 1139 1140 1141 1142 1143 1144 1145 1146 1147 1148 1149 1150 1151 1152 1153 1154 1155 1156 1157 1158 1159 1160 1161 1162 1163 1164 1165 1166 1167 1168 1169 1170 1171 1172 1173 1174 1175 1176 1177 1178 1179 1180 1181 1182 1183 1184 1185 1186 1187 1188 1189 1190 1191 1192 1193 1194 1195 1196 1197 1198 1199 1200 1201 1202 1203 1204 1205 1206 1207 1208 1209 1210 1211 1212 1213 1214 1215 1216 1217 1218 1219 1220 1221 1222 1223 1224 1225 1226 1227 1228 1229 1230 1231 1232 1233 1234 1235 1236 1237 1238 1239 1240 1241 1242 1243 1244 1245 1246 1247 1248 1249 1250 1251 1252 1253 1254 1255 1256 1257 1258 1259 1260 1261 1262 1263 1264 1265 1266 1267 1268 1269 1270 1271 1272 1273 1274 1275 1276 1277 1278 1279 1280 1281 1282 1283 1284 1285 1286 1287 1288 1289 1290 1291 1292 1293 1294 1295 1296 1297 1298 1299 1300 1301 1302 1303 1304 1305 1306 1307 1308 1309 1310 1311 1312 1313 1314 1315 1316 1317 1318 1319 1320 1321 1322 1323 1324 1325 1326 1327 1328 1329 1330 1331 1332 1333 1334 1335 1336 1337 1338 1339 1340 1341 1342 1343 1344 1345 1346 1347 1348 1349 1350 1351 1352 1353 1354 1355 1356 1357 1358 1359 1360 1361 1362 1363 1364 1365 1366 1367 1368 1369 1370 1371 1372 1373 1374 1375 1376 1377 1378 1379 1380 1381 1382 1383 1384 1385 1386 1387 1388 1389 1390 1391 1392 1393 1394 1395 1396 1397 1398 1399 1400 1401 1402 1403 1404 1405 1406 1407 1408 1409 1410 1411 1412 1413 1414 1415 1416 1417 1418 1419 1420 1421 1422 1423 1424 1425 1426 1427 1428 1429 1430 1431 1432 1433 1434 1435 1436 1437 1438 1439 1440 1441 1442 1443 1444 1445 1446 1447 1448 1449 1450 1451 1452 1453 1454 1455 1456 1457 1458 1459 1460 1461 1462 1463 1464 1465 1466 1467 1468 1469 1470 1471 1472 1473 1474 1475 1476 1477 1478 1479 1480 1481 1482 1483 1484 1485 1486 1487 1488 1489 1490 1491 1492 1493 1494 1495 1496 1497 1498 1499 1500 ;

set C:=
1 2 3 4 5 6 7 8 9 10 11 12 13 14 15 16 17 18 19 20 21 22 23 24 25 26 27 28 29 30 31 32 33 34 35 36 37 38 39 40 41 42 43 44 45 46 47 48 49 50 51 52 53 54 55 56 57 58 59 60 61 62 63 64 65 66 67 68 69 70 71 72 73 74 75 76 77 78 79 80 81 82 83 84 85 86 87 88 89 90 91 92 93 94 95 96 97 98 99 100 101 102 103 104 105 106 107 108 109 110 111 112 113 114 115 116 117 118 119 120 121 122 123 124 125 126 127 128 129 130 131 132 133 134 135 136 137 138 139 140 141 142 143 144 145 146 147 148 149 150 151 152 153 154 155 156 157 158 159 160 161 162 163 164 165 166 167 168 169 170 171 172 173 174 175 176 177 178 179 180 181 182 183 184 185 186 187 188 189 190 191 192 193 194 195 196 197 198 199 200 201 202 203 204 205 206 207 208 209 210 211 212 213 214 215 216 217 218 219 220 221 222 223 224 225 226 227 228 229 230 231 232 233 234 235 236 237 238 239 240 241 242 243 244 245 246 247 248 249 250 251 252 253 254 255 256 257 258 259 260 261 262 263 264 265 266 267 268 269 270 271 272 273 274 275 276 277 278 279 280 281 282 283 284 285 286 287 288 289 290 291 292 293 294 295 296 297 298 299 300 301 302 303 304 305 306 307 308 309 310 311 312 313 314 315 316 317 318 319 320 321 322 323 324 325 326 327 328 329 330 331 332 333 334 335 336 337 338 339 340 341 342 343 344 345 346 347 348 349 350 351 352 353 354 355 356 357 358 359 360 361 362 363 364 365 366 367 368 369 370 371 372 373 374 375 376 377 378 379 380 381 382 383 384 385 386 387 388 389 390 391 392 393 394 395 396 397 398 399 400 401 402 403 404 405 406 407 408 409 410 411 412 413 414 415 416 417 418 419 420 421 422 423 424 425 426 427 428 429 430 431 432 433 434 435 436 437 438 439 440 441 442 443 444 445 446 447 448 449 450 451 452 453 454 455 456 457 458 459 460 461 462 463 464 465 466 467 468 469 470 471 472 473 474 475 476 477 478 479 480 481 482 483 484 485 486 487 488 489 490 491 492 493 494 495 496 497 498 499 500 501 502 503 504 505 506 507 508 509 510 511 512 513 514 515 516 517 518 519 520 521 522 523 524 525 526 527 528 529 530 531 532 533 534 535 536 537 538 539 540 541 542 543 544 545 546 547 548 549 550 551 552 553 554 555 556 557 558 559 560 561 562 563 564 565 566 567 568 569 570 571 572 573 574 575 576 577 578 579 580 581 582 583 584 585 586 587 588 589 590 591 592 593 594 595 596 597 598 599 600 601 602 603 604 605 606 607 608 609 610 611 612 613 614 615 616 617 618 619 620 621 622 623 624 625 ;

set A:=
1 2 3 4 5 6 7 8 9 10 11 12 13 14 15 16 17 18 19 20 21 22 23 24 25 26 27 28 29 30 31 32 33 34 35 36 37 38 39 40 41 42 43 44 45 46 47 48 49 50 51 52 53 54 55 56 57 58 59 60 61 62 63 64 65 66 67 68 69 70 71 72 73 74 75 76 77 78 79 80 81 82 83 84 85 86 87 88 89 90 91 92 93 94 95 96 97 98 99 100 101 102 103 104 105 106 107 108 109 110 111 112 113 114 115 116 117 118 119 120 121 122 123 124 125 126 127 128 129 130 131 132 133 134 135 136 137 138 139 140 141 142 143 144 145 146 147 148 149 150 151 152 153 154 155 156 157 158 159 160 161 162 163 164 165 166 167 168 169 170 171 172 173 174 175 176 177 178 179 180 181 182 183 184 185 186 187 188 189 190 191 192 193 194 195 196 197 198 199 200 201 202 203 204 205 206 207 208 209 210 211 212 213 214 215 216 217 218 219 220 221 222 223 224 225 226 227 228 229 230 231 232 233 234 235 236 237 238 239 240 241 242 243 244 245 246 247 248 249 250 251 252 253 254 255 256 257 258 259 260 261 262 263 264 265 266 267 268 269 270 271 272 273 274 275 276 277 278 279 280 281 282 283 284 285 286 287 288 289 290 291 292 293 294 295 296 297 298 299 300 301 302 303 304 305 306 307 308 309 310 311 312 313 314 315 316 317 318 319 320 321 322 323 324 325 326 327 328 329 330 331 332 333 334 335 336 337 338 339 340 341 342 343 344 345 346 347 348 349 350 351 352 353 354 355 356 357 358 359 360 361 362 363 364 365 366 367 368 369 370 371 372 373 374 375 376 377 378 379 380 381 382 383 384 385 386 387 388 389 390 391 392 393 394 395 396 397 398 399 400 401 402 403 404 405 406 407 408 409 410 411 412 413 414 415 416 417 418 419 420 421 422 423 424 425 426 427 428 429 430 431 432 433 434 435 436 437 438 439 440 441 442 443 444 445 446 447 448 449 450 451 452 453 454 455 456 457 458 459 460 461 462 463 464 465 466 467 468 469 470 471 472 473 474 475 476 477 478 479 480 481 482 483 484 485 486 487 488 489 490 491 492 493 494 495 496 497 498 499 500 501 502 503 504 505 506 507 508 509 510 511 512 513 514 515 516 517 518 519 520 521 522 523 524 525 526 527 528 529 530 531 532 533 534 535 536 537 538 539 540 541 542 543 544 545 546 547 548 549 550 551 552 553 554 555 556 557 558 559 560 561 562 563 564 565 566 567 568 569 570 571 572 573 574 575 576 577 578 579 580 581 582 583 584 585 586 587 588 589 590 591 592 593 594 595 596 597 598 599 600 601 602 603 604 605 606 607 608 609 610 611 612 613 614 615 616 617 618 619 620 621 622 623 624 625 626 627 628 629 630 631 632 633 634 635 636 637 638 639 640 641 642 643 644 645 646 647 648 649 650 651 652 653 654 655 656 657 658 659 660 661 662 663 664 665 666 667 668 669 670 671 672 673 674 675 676 677 678 679 680 681 682 683 684 685 686 687 688 689 690 691 692 693 694 695 696 697 698 699 700 701 702 703 704 705 706 707 708 709 710 711 712 713 714 715 716 717 718 719 720 721 722 723 724 725 726 727 728 729 730 731 732 733 734 735 736 737 738 739 740 741 742 743 744 745 746 747 748 749 750 751 752 753 754 755 756 757 758 759 760 761 762 763 764 765 766 767 768 769 770 771 772 773 774 775 776 777 778 779 780 781 782 783 784 785 786 787 788 789 790 791 792 793 794 795 796 797 798 799 800 801 802 803 804 805 806 807 808 809 810 811 812 813 814 815 816 817 818 819 820 821 822 823 824 825 826 827 828 829 830 831 832 833 834 835 836 837 838 839 840 841 842 843 844 845 846 847 848 849 850 851 852 853 854 855 856 857 858 859 860 861 862 863 864 865 866 867 868 869 870 871 872 873 874 875 876 877 878 879 880 881 882 883 884 885 886 887 888 889 890 891 892 893 894 895 896 897 898 899 900 901 902 903 904 905 906 907 908 909 910 911 912 913 914 915 916 917 918 919 920 921 922 923 924 925 926 927 928 929 930 931 932 933 934 935 936 937 938 939 940 941 942 943 944 945 946 947 948 949 950 951 952 953 954 955 956 957 958 959 960 961 962 963 964 965 966 967 968 969 970 971 972 973 974 975 976 977 978 979 980 981 982 983 984 985 986 987 988 989 990 991 992 993 994 995 996 997 998 999 1000 1001 1002 1003 1004 1005 1006 1007 1008 1009 1010 1011 1012 1013 1014 1015 1016 1017 1018 1019 1020 1021 1022 1023 1024 1025 1026 1027 1028 1029 1030 1031 1032 1033 1034 1035 1036 1037 1038 1039 1040 1041 1042 1043 1044 1045 1046 1047 1048 1049 1050 1051 1052 1053 1054 1055 1056 1057 1058 1059 1060 1061 1062 1063 1064 1065 1066 1067 1068 1069 1070 1071 1072 1073 1074 1075 1076 1077 1078 1079 1080 1081 1082 1083 1084 1085 1086 1087 1088 1089 1090 1091 1092 1093 1094 1095 1096 1097 1098 1099 1100 1101 1102 1103 1104 1105 1106 1107 1108 1109 1110 1111 1112 1113 1114 1115 1116 1117 1118 1119 1120 1121 1122 1123 1124 1125 1126 1127 1128 1129 1130 1131 1132 1133 1134 1135 1136 1137 1138 1139 1140 1141 1142 1143 1144 1145 1146 1147 1148 1149 1150 1151 1152 1153 1154 1155 1156 1157 1158 1159 1160 1161 1162 1163 1164 1165 1166 1167 1168 1169 1170 1171 1172 1173 1174 1175 1176 1177 1178 1179 1180 1181 1182 1183 1184 1185 1186 1187 1188 1189 1190 1191 1192 1193 1194 1195 1196 1197 1198 1199 1200 1201 1202 1203 1204 1205 1206 1207 1208 1209 1210 1211 1212 1213 1214 1215 1216 1217 1218 1219 1220 1221 1222 1223 1224 1225 1226 1227 1228 1229 1230 1231 1232 1233 1234 1235 1236 1237 1238 1239 1240 1241 1242 1243 1244 1245 1246 1247 1248 1249 1250 ;

set T:=
1_1_2 1_3_4 1_5_6 1_7_8 1_9_10 1_11_12 1_13_14 1_15_16 1_17_18 1_19_20 2_1_2 2_3_4 2_5_6 2_7_8 2_9_10 2_11_12 2_13_14 2_15_16 2_17_18 2_19_20 3_1_2 3_3_4 3_5_6 3_7_8 3_9_10 3_11_12 3_13_14 3_15_16 3_17_18 3_19_20 4_1_2 4_3_4 4_5_6 4_7_8 4_9_10 4_11_12 4_13_14 4_15_16 4_17_18 4_19_20 5_1_2 5_3_4 5_5_6 5_7_8 5_9_10 5_11_12 5_13_14 5_15_16 5_17_18 5_19_20 ;

set R:=
1 2 3 4 5 6 7 8 9 10 11 12 13 14 15 16 17 18 19 20 21 22 23 24 25 26 27 28 29 30 31 32 33 34 35 36 37 38 39 40 41 42 43 44 45 46 47 48 49 50 ;

set Ac[1]:=
1 2 ;
set Ac[2]:=
3 4 ;
set Ac[3]:=
5 6 ;
set Ac[4]:=
7 8 ;
set Ac[5]:=
9 10 ;
set Ac[6]:=
11 12 ;
set Ac[7]:=
13 14 ;
set Ac[8]:=
15 16 ;
set Ac[9]:=
17 18 ;
set Ac[10]:=
19 20 ;
set Ac[11]:=
21 22 ;
set Ac[12]:=
23 24 ;
set Ac[13]:=
25 26 ;
set Ac[14]:=
27 28 ;
set Ac[15]:=
29 30 ;
set Ac[16]:=
31 32 ;
set Ac[17]:=
33 34 ;
set Ac[18]:=
35 36 ;
set Ac[19]:=
37 38 ;
set Ac[20]:=
39 40 ;
set Ac[21]:=
41 42 ;
set Ac[22]:=
43 44 ;
set Ac[23]:=
45 46 ;
set Ac[24]:=
47 48 ;
set Ac[25]:=
49 50 ;
set Ac[26]:=
51 52 ;
set Ac[27]:=
53 54 ;
set Ac[28]:=
55 56 ;
set Ac[29]:=
57 58 ;
set Ac[30]:=
59 60 ;
set Ac[31]:=
61 62 ;
set Ac[32]:=
63 64 ;
set Ac[33]:=
65 66 ;
set Ac[34]:=
67 68 ;
set Ac[35]:=
69 70 ;
set Ac[36]:=
71 72 ;
set Ac[37]:=
73 74 ;
set Ac[38]:=
75 76 ;
set Ac[39]:=
77 78 ;
set Ac[40]:=
79 80 ;
set Ac[41]:=
81 82 ;
set Ac[42]:=
83 84 ;
set Ac[43]:=
85 86 ;
set Ac[44]:=
87 88 ;
set Ac[45]:=
89 90 ;
set Ac[46]:=
91 92 ;
set Ac[47]:=
93 94 ;
set Ac[48]:=
95 96 ;
set Ac[49]:=
97 98 ;
set Ac[50]:=
99 100 ;
set Ac[51]:=
101 102 ;
set Ac[52]:=
103 104 ;
set Ac[53]:=
105 106 ;
set Ac[54]:=
107 108 ;
set Ac[55]:=
109 110 ;
set Ac[56]:=
111 112 ;
set Ac[57]:=
113 114 ;
set Ac[58]:=
115 116 ;
set Ac[59]:=
117 118 ;
set Ac[60]:=
119 120 ;
set Ac[61]:=
121 122 ;
set Ac[62]:=
123 124 ;
set Ac[63]:=
125 126 ;
set Ac[64]:=
127 128 ;
set Ac[65]:=
129 130 ;
set Ac[66]:=
131 132 ;
set Ac[67]:=
133 134 ;
set Ac[68]:=
135 136 ;
set Ac[69]:=
137 138 ;
set Ac[70]:=
139 140 ;
set Ac[71]:=
141 142 ;
set Ac[72]:=
143 144 ;
set Ac[73]:=
145 146 ;
set Ac[74]:=
147 148 ;
set Ac[75]:=
149 150 ;
set Ac[76]:=
151 152 ;
set Ac[77]:=
153 154 ;
set Ac[78]:=
155 156 ;
set Ac[79]:=
157 158 ;
set Ac[80]:=
159 160 ;
set Ac[81]:=
161 162 ;
set Ac[82]:=
163 164 ;
set Ac[83]:=
165 166 ;
set Ac[84]:=
167 168 ;
set Ac[85]:=
169 170 ;
set Ac[86]:=
171 172 ;
set Ac[87]:=
173 174 ;
set Ac[88]:=
175 176 ;
set Ac[89]:=
177 178 ;
set Ac[90]:=
179 180 ;
set Ac[91]:=
181 182 ;
set Ac[92]:=
183 184 ;
set Ac[93]:=
185 186 ;
set Ac[94]:=
187 188 ;
set Ac[95]:=
189 190 ;
set Ac[96]:=
191 192 ;
set Ac[97]:=
193 194 ;
set Ac[98]:=
195 196 ;
set Ac[99]:=
197 198 ;
set Ac[100]:=
199 200 ;
set Ac[101]:=
201 202 ;
set Ac[102]:=
203 204 ;
set Ac[103]:=
205 206 ;
set Ac[104]:=
207 208 ;
set Ac[105]:=
209 210 ;
set Ac[106]:=
211 212 ;
set Ac[107]:=
213 214 ;
set Ac[108]:=
215 216 ;
set Ac[109]:=
217 218 ;
set Ac[110]:=
219 220 ;
set Ac[111]:=
221 222 ;
set Ac[112]:=
223 224 ;
set Ac[113]:=
225 226 ;
set Ac[114]:=
227 228 ;
set Ac[115]:=
229 230 ;
set Ac[116]:=
231 232 ;
set Ac[117]:=
233 234 ;
set Ac[118]:=
235 236 ;
set Ac[119]:=
237 238 ;
set Ac[120]:=
239 240 ;
set Ac[121]:=
241 242 ;
set Ac[122]:=
243 244 ;
set Ac[123]:=
245 246 ;
set Ac[124]:=
247 248 ;
set Ac[125]:=
249 250 ;
set Ac[126]:=
251 252 ;
set Ac[127]:=
253 254 ;
set Ac[128]:=
255 256 ;
set Ac[129]:=
257 258 ;
set Ac[130]:=
259 260 ;
set Ac[131]:=
261 262 ;
set Ac[132]:=
263 264 ;
set Ac[133]:=
265 266 ;
set Ac[134]:=
267 268 ;
set Ac[135]:=
269 270 ;
set Ac[136]:=
271 272 ;
set Ac[137]:=
273 274 ;
set Ac[138]:=
275 276 ;
set Ac[139]:=
277 278 ;
set Ac[140]:=
279 280 ;
set Ac[141]:=
281 282 ;
set Ac[142]:=
283 284 ;
set Ac[143]:=
285 286 ;
set Ac[144]:=
287 288 ;
set Ac[145]:=
289 290 ;
set Ac[146]:=
291 292 ;
set Ac[147]:=
293 294 ;
set Ac[148]:=
295 296 ;
set Ac[149]:=
297 298 ;
set Ac[150]:=
299 300 ;
set Ac[151]:=
301 302 ;
set Ac[152]:=
303 304 ;
set Ac[153]:=
305 306 ;
set Ac[154]:=
307 308 ;
set Ac[155]:=
309 310 ;
set Ac[156]:=
311 312 ;
set Ac[157]:=
313 314 ;
set Ac[158]:=
315 316 ;
set Ac[159]:=
317 318 ;
set Ac[160]:=
319 320 ;
set Ac[161]:=
321 322 ;
set Ac[162]:=
323 324 ;
set Ac[163]:=
325 326 ;
set Ac[164]:=
327 328 ;
set Ac[165]:=
329 330 ;
set Ac[166]:=
331 332 ;
set Ac[167]:=
333 334 ;
set Ac[168]:=
335 336 ;
set Ac[169]:=
337 338 ;
set Ac[170]:=
339 340 ;
set Ac[171]:=
341 342 ;
set Ac[172]:=
343 344 ;
set Ac[173]:=
345 346 ;
set Ac[174]:=
347 348 ;
set Ac[175]:=
349 350 ;
set Ac[176]:=
351 352 ;
set Ac[177]:=
353 354 ;
set Ac[178]:=
355 356 ;
set Ac[179]:=
357 358 ;
set Ac[180]:=
359 360 ;
set Ac[181]:=
361 362 ;
set Ac[182]:=
363 364 ;
set Ac[183]:=
365 366 ;
set Ac[184]:=
367 368 ;
set Ac[185]:=
369 370 ;
set Ac[186]:=
371 372 ;
set Ac[187]:=
373 374 ;
set Ac[188]:=
375 376 ;
set Ac[189]:=
377 378 ;
set Ac[190]:=
379 380 ;
set Ac[191]:=
381 382 ;
set Ac[192]:=
383 384 ;
set Ac[193]:=
385 386 ;
set Ac[194]:=
387 388 ;
set Ac[195]:=
389 390 ;
set Ac[196]:=
391 392 ;
set Ac[197]:=
393 394 ;
set Ac[198]:=
395 396 ;
set Ac[199]:=
397 398 ;
set Ac[200]:=
399 400 ;
set Ac[201]:=
401 402 ;
set Ac[202]:=
403 404 ;
set Ac[203]:=
405 406 ;
set Ac[204]:=
407 408 ;
set Ac[205]:=
409 410 ;
set Ac[206]:=
411 412 ;
set Ac[207]:=
413 414 ;
set Ac[208]:=
415 416 ;
set Ac[209]:=
417 418 ;
set Ac[210]:=
419 420 ;
set Ac[211]:=
421 422 ;
set Ac[212]:=
423 424 ;
set Ac[213]:=
425 426 ;
set Ac[214]:=
427 428 ;
set Ac[215]:=
429 430 ;
set Ac[216]:=
431 432 ;
set Ac[217]:=
433 434 ;
set Ac[218]:=
435 436 ;
set Ac[219]:=
437 438 ;
set Ac[220]:=
439 440 ;
set Ac[221]:=
441 442 ;
set Ac[222]:=
443 444 ;
set Ac[223]:=
445 446 ;
set Ac[224]:=
447 448 ;
set Ac[225]:=
449 450 ;
set Ac[226]:=
451 452 ;
set Ac[227]:=
453 454 ;
set Ac[228]:=
455 456 ;
set Ac[229]:=
457 458 ;
set Ac[230]:=
459 460 ;
set Ac[231]:=
461 462 ;
set Ac[232]:=
463 464 ;
set Ac[233]:=
465 466 ;
set Ac[234]:=
467 468 ;
set Ac[235]:=
469 470 ;
set Ac[236]:=
471 472 ;
set Ac[237]:=
473 474 ;
set Ac[238]:=
475 476 ;
set Ac[239]:=
477 478 ;
set Ac[240]:=
479 480 ;
set Ac[241]:=
481 482 ;
set Ac[242]:=
483 484 ;
set Ac[243]:=
485 486 ;
set Ac[244]:=
487 488 ;
set Ac[245]:=
489 490 ;
set Ac[246]:=
491 492 ;
set Ac[247]:=
493 494 ;
set Ac[248]:=
495 496 ;
set Ac[249]:=
497 498 ;
set Ac[250]:=
499 500 ;
set Ac[251]:=
501 502 ;
set Ac[252]:=
503 504 ;
set Ac[253]:=
505 506 ;
set Ac[254]:=
507 508 ;
set Ac[255]:=
509 510 ;
set Ac[256]:=
511 512 ;
set Ac[257]:=
513 514 ;
set Ac[258]:=
515 516 ;
set Ac[259]:=
517 518 ;
set Ac[260]:=
519 520 ;
set Ac[261]:=
521 522 ;
set Ac[262]:=
523 524 ;
set Ac[263]:=
525 526 ;
set Ac[264]:=
527 528 ;
set Ac[265]:=
529 530 ;
set Ac[266]:=
531 532 ;
set Ac[267]:=
533 534 ;
set Ac[268]:=
535 536 ;
set Ac[269]:=
537 538 ;
set Ac[270]:=
539 540 ;
set Ac[271]:=
541 542 ;
set Ac[272]:=
543 544 ;
set Ac[273]:=
545 546 ;
set Ac[274]:=
547 548 ;
set Ac[275]:=
549 550 ;
set Ac[276]:=
551 552 ;
set Ac[277]:=
553 554 ;
set Ac[278]:=
555 556 ;
set Ac[279]:=
557 558 ;
set Ac[280]:=
559 560 ;
set Ac[281]:=
561 562 ;
set Ac[282]:=
563 564 ;
set Ac[283]:=
565 566 ;
set Ac[284]:=
567 568 ;
set Ac[285]:=
569 570 ;
set Ac[286]:=
571 572 ;
set Ac[287]:=
573 574 ;
set Ac[288]:=
575 576 ;
set Ac[289]:=
577 578 ;
set Ac[290]:=
579 580 ;
set Ac[291]:=
581 582 ;
set Ac[292]:=
583 584 ;
set Ac[293]:=
585 586 ;
set Ac[294]:=
587 588 ;
set Ac[295]:=
589 590 ;
set Ac[296]:=
591 592 ;
set Ac[297]:=
593 594 ;
set Ac[298]:=
595 596 ;
set Ac[299]:=
597 598 ;
set Ac[300]:=
599 600 ;
set Ac[301]:=
601 602 ;
set Ac[302]:=
603 604 ;
set Ac[303]:=
605 606 ;
set Ac[304]:=
607 608 ;
set Ac[305]:=
609 610 ;
set Ac[306]:=
611 612 ;
set Ac[307]:=
613 614 ;
set Ac[308]:=
615 616 ;
set Ac[309]:=
617 618 ;
set Ac[310]:=
619 620 ;
set Ac[311]:=
621 622 ;
set Ac[312]:=
623 624 ;
set Ac[313]:=
625 626 ;
set Ac[314]:=
627 628 ;
set Ac[315]:=
629 630 ;
set Ac[316]:=
631 632 ;
set Ac[317]:=
633 634 ;
set Ac[318]:=
635 636 ;
set Ac[319]:=
637 638 ;
set Ac[320]:=
639 640 ;
set Ac[321]:=
641 642 ;
set Ac[322]:=
643 644 ;
set Ac[323]:=
645 646 ;
set Ac[324]:=
647 648 ;
set Ac[325]:=
649 650 ;
set Ac[326]:=
651 652 ;
set Ac[327]:=
653 654 ;
set Ac[328]:=
655 656 ;
set Ac[329]:=
657 658 ;
set Ac[330]:=
659 660 ;
set Ac[331]:=
661 662 ;
set Ac[332]:=
663 664 ;
set Ac[333]:=
665 666 ;
set Ac[334]:=
667 668 ;
set Ac[335]:=
669 670 ;
set Ac[336]:=
671 672 ;
set Ac[337]:=
673 674 ;
set Ac[338]:=
675 676 ;
set Ac[339]:=
677 678 ;
set Ac[340]:=
679 680 ;
set Ac[341]:=
681 682 ;
set Ac[342]:=
683 684 ;
set Ac[343]:=
685 686 ;
set Ac[344]:=
687 688 ;
set Ac[345]:=
689 690 ;
set Ac[346]:=
691 692 ;
set Ac[347]:=
693 694 ;
set Ac[348]:=
695 696 ;
set Ac[349]:=
697 698 ;
set Ac[350]:=
699 700 ;
set Ac[351]:=
701 702 ;
set Ac[352]:=
703 704 ;
set Ac[353]:=
705 706 ;
set Ac[354]:=
707 708 ;
set Ac[355]:=
709 710 ;
set Ac[356]:=
711 712 ;
set Ac[357]:=
713 714 ;
set Ac[358]:=
715 716 ;
set Ac[359]:=
717 718 ;
set Ac[360]:=
719 720 ;
set Ac[361]:=
721 722 ;
set Ac[362]:=
723 724 ;
set Ac[363]:=
725 726 ;
set Ac[364]:=
727 728 ;
set Ac[365]:=
729 730 ;
set Ac[366]:=
731 732 ;
set Ac[367]:=
733 734 ;
set Ac[368]:=
735 736 ;
set Ac[369]:=
737 738 ;
set Ac[370]:=
739 740 ;
set Ac[371]:=
741 742 ;
set Ac[372]:=
743 744 ;
set Ac[373]:=
745 746 ;
set Ac[374]:=
747 748 ;
set Ac[375]:=
749 750 ;
set Ac[376]:=
751 752 ;
set Ac[377]:=
753 754 ;
set Ac[378]:=
755 756 ;
set Ac[379]:=
757 758 ;
set Ac[380]:=
759 760 ;
set Ac[381]:=
761 762 ;
set Ac[382]:=
763 764 ;
set Ac[383]:=
765 766 ;
set Ac[384]:=
767 768 ;
set Ac[385]:=
769 770 ;
set Ac[386]:=
771 772 ;
set Ac[387]:=
773 774 ;
set Ac[388]:=
775 776 ;
set Ac[389]:=
777 778 ;
set Ac[390]:=
779 780 ;
set Ac[391]:=
781 782 ;
set Ac[392]:=
783 784 ;
set Ac[393]:=
785 786 ;
set Ac[394]:=
787 788 ;
set Ac[395]:=
789 790 ;
set Ac[396]:=
791 792 ;
set Ac[397]:=
793 794 ;
set Ac[398]:=
795 796 ;
set Ac[399]:=
797 798 ;
set Ac[400]:=
799 800 ;
set Ac[401]:=
801 802 ;
set Ac[402]:=
803 804 ;
set Ac[403]:=
805 806 ;
set Ac[404]:=
807 808 ;
set Ac[405]:=
809 810 ;
set Ac[406]:=
811 812 ;
set Ac[407]:=
813 814 ;
set Ac[408]:=
815 816 ;
set Ac[409]:=
817 818 ;
set Ac[410]:=
819 820 ;
set Ac[411]:=
821 822 ;
set Ac[412]:=
823 824 ;
set Ac[413]:=
825 826 ;
set Ac[414]:=
827 828 ;
set Ac[415]:=
829 830 ;
set Ac[416]:=
831 832 ;
set Ac[417]:=
833 834 ;
set Ac[418]:=
835 836 ;
set Ac[419]:=
837 838 ;
set Ac[420]:=
839 840 ;
set Ac[421]:=
841 842 ;
set Ac[422]:=
843 844 ;
set Ac[423]:=
845 846 ;
set Ac[424]:=
847 848 ;
set Ac[425]:=
849 850 ;
set Ac[426]:=
851 852 ;
set Ac[427]:=
853 854 ;
set Ac[428]:=
855 856 ;
set Ac[429]:=
857 858 ;
set Ac[430]:=
859 860 ;
set Ac[431]:=
861 862 ;
set Ac[432]:=
863 864 ;
set Ac[433]:=
865 866 ;
set Ac[434]:=
867 868 ;
set Ac[435]:=
869 870 ;
set Ac[436]:=
871 872 ;
set Ac[437]:=
873 874 ;
set Ac[438]:=
875 876 ;
set Ac[439]:=
877 878 ;
set Ac[440]:=
879 880 ;
set Ac[441]:=
881 882 ;
set Ac[442]:=
883 884 ;
set Ac[443]:=
885 886 ;
set Ac[444]:=
887 888 ;
set Ac[445]:=
889 890 ;
set Ac[446]:=
891 892 ;
set Ac[447]:=
893 894 ;
set Ac[448]:=
895 896 ;
set Ac[449]:=
897 898 ;
set Ac[450]:=
899 900 ;
set Ac[451]:=
901 902 ;
set Ac[452]:=
903 904 ;
set Ac[453]:=
905 906 ;
set Ac[454]:=
907 908 ;
set Ac[455]:=
909 910 ;
set Ac[456]:=
911 912 ;
set Ac[457]:=
913 914 ;
set Ac[458]:=
915 916 ;
set Ac[459]:=
917 918 ;
set Ac[460]:=
919 920 ;
set Ac[461]:=
921 922 ;
set Ac[462]:=
923 924 ;
set Ac[463]:=
925 926 ;
set Ac[464]:=
927 928 ;
set Ac[465]:=
929 930 ;
set Ac[466]:=
931 932 ;
set Ac[467]:=
933 934 ;
set Ac[468]:=
935 936 ;
set Ac[469]:=
937 938 ;
set Ac[470]:=
939 940 ;
set Ac[471]:=
941 942 ;
set Ac[472]:=
943 944 ;
set Ac[473]:=
945 946 ;
set Ac[474]:=
947 948 ;
set Ac[475]:=
949 950 ;
set Ac[476]:=
951 952 ;
set Ac[477]:=
953 954 ;
set Ac[478]:=
955 956 ;
set Ac[479]:=
957 958 ;
set Ac[480]:=
959 960 ;
set Ac[481]:=
961 962 ;
set Ac[482]:=
963 964 ;
set Ac[483]:=
965 966 ;
set Ac[484]:=
967 968 ;
set Ac[485]:=
969 970 ;
set Ac[486]:=
971 972 ;
set Ac[487]:=
973 974 ;
set Ac[488]:=
975 976 ;
set Ac[489]:=
977 978 ;
set Ac[490]:=
979 980 ;
set Ac[491]:=
981 982 ;
set Ac[492]:=
983 984 ;
set Ac[493]:=
985 986 ;
set Ac[494]:=
987 988 ;
set Ac[495]:=
989 990 ;
set Ac[496]:=
991 992 ;
set Ac[497]:=
993 994 ;
set Ac[498]:=
995 996 ;
set Ac[499]:=
997 998 ;
set Ac[500]:=
999 1000 ;
set Ac[501]:=
1001 1002 ;
set Ac[502]:=
1003 1004 ;
set Ac[503]:=
1005 1006 ;
set Ac[504]:=
1007 1008 ;
set Ac[505]:=
1009 1010 ;
set Ac[506]:=
1011 1012 ;
set Ac[507]:=
1013 1014 ;
set Ac[508]:=
1015 1016 ;
set Ac[509]:=
1017 1018 ;
set Ac[510]:=
1019 1020 ;
set Ac[511]:=
1021 1022 ;
set Ac[512]:=
1023 1024 ;
set Ac[513]:=
1025 1026 ;
set Ac[514]:=
1027 1028 ;
set Ac[515]:=
1029 1030 ;
set Ac[516]:=
1031 1032 ;
set Ac[517]:=
1033 1034 ;
set Ac[518]:=
1035 1036 ;
set Ac[519]:=
1037 1038 ;
set Ac[520]:=
1039 1040 ;
set Ac[521]:=
1041 1042 ;
set Ac[522]:=
1043 1044 ;
set Ac[523]:=
1045 1046 ;
set Ac[524]:=
1047 1048 ;
set Ac[525]:=
1049 1050 ;
set Ac[526]:=
1051 1052 ;
set Ac[527]:=
1053 1054 ;
set Ac[528]:=
1055 1056 ;
set Ac[529]:=
1057 1058 ;
set Ac[530]:=
1059 1060 ;
set Ac[531]:=
1061 1062 ;
set Ac[532]:=
1063 1064 ;
set Ac[533]:=
1065 1066 ;
set Ac[534]:=
1067 1068 ;
set Ac[535]:=
1069 1070 ;
set Ac[536]:=
1071 1072 ;
set Ac[537]:=
1073 1074 ;
set Ac[538]:=
1075 1076 ;
set Ac[539]:=
1077 1078 ;
set Ac[540]:=
1079 1080 ;
set Ac[541]:=
1081 1082 ;
set Ac[542]:=
1083 1084 ;
set Ac[543]:=
1085 1086 ;
set Ac[544]:=
1087 1088 ;
set Ac[545]:=
1089 1090 ;
set Ac[546]:=
1091 1092 ;
set Ac[547]:=
1093 1094 ;
set Ac[548]:=
1095 1096 ;
set Ac[549]:=
1097 1098 ;
set Ac[550]:=
1099 1100 ;
set Ac[551]:=
1101 1102 ;
set Ac[552]:=
1103 1104 ;
set Ac[553]:=
1105 1106 ;
set Ac[554]:=
1107 1108 ;
set Ac[555]:=
1109 1110 ;
set Ac[556]:=
1111 1112 ;
set Ac[557]:=
1113 1114 ;
set Ac[558]:=
1115 1116 ;
set Ac[559]:=
1117 1118 ;
set Ac[560]:=
1119 1120 ;
set Ac[561]:=
1121 1122 ;
set Ac[562]:=
1123 1124 ;
set Ac[563]:=
1125 1126 ;
set Ac[564]:=
1127 1128 ;
set Ac[565]:=
1129 1130 ;
set Ac[566]:=
1131 1132 ;
set Ac[567]:=
1133 1134 ;
set Ac[568]:=
1135 1136 ;
set Ac[569]:=
1137 1138 ;
set Ac[570]:=
1139 1140 ;
set Ac[571]:=
1141 1142 ;
set Ac[572]:=
1143 1144 ;
set Ac[573]:=
1145 1146 ;
set Ac[574]:=
1147 1148 ;
set Ac[575]:=
1149 1150 ;
set Ac[576]:=
1151 1152 ;
set Ac[577]:=
1153 1154 ;
set Ac[578]:=
1155 1156 ;
set Ac[579]:=
1157 1158 ;
set Ac[580]:=
1159 1160 ;
set Ac[581]:=
1161 1162 ;
set Ac[582]:=
1163 1164 ;
set Ac[583]:=
1165 1166 ;
set Ac[584]:=
1167 1168 ;
set Ac[585]:=
1169 1170 ;
set Ac[586]:=
1171 1172 ;
set Ac[587]:=
1173 1174 ;
set Ac[588]:=
1175 1176 ;
set Ac[589]:=
1177 1178 ;
set Ac[590]:=
1179 1180 ;
set Ac[591]:=
1181 1182 ;
set Ac[592]:=
1183 1184 ;
set Ac[593]:=
1185 1186 ;
set Ac[594]:=
1187 1188 ;
set Ac[595]:=
1189 1190 ;
set Ac[596]:=
1191 1192 ;
set Ac[597]:=
1193 1194 ;
set Ac[598]:=
1195 1196 ;
set Ac[599]:=
1197 1198 ;
set Ac[600]:=
1199 1200 ;
set Ac[601]:=
1201 1202 ;
set Ac[602]:=
1203 1204 ;
set Ac[603]:=
1205 1206 ;
set Ac[604]:=
1207 1208 ;
set Ac[605]:=
1209 1210 ;
set Ac[606]:=
1211 1212 ;
set Ac[607]:=
1213 1214 ;
set Ac[608]:=
1215 1216 ;
set Ac[609]:=
1217 1218 ;
set Ac[610]:=
1219 1220 ;
set Ac[611]:=
1221 1222 ;
set Ac[612]:=
1223 1224 ;
set Ac[613]:=
1225 1226 ;
set Ac[614]:=
1227 1228 ;
set Ac[615]:=
1229 1230 ;
set Ac[616]:=
1231 1232 ;
set Ac[617]:=
1233 1234 ;
set Ac[618]:=
1235 1236 ;
set Ac[619]:=
1237 1238 ;
set Ac[620]:=
1239 1240 ;
set Ac[621]:=
1241 1242 ;
set Ac[622]:=
1243 1244 ;
set Ac[623]:=
1245 1246 ;
set Ac[624]:=
1247 1248 ;
set Ac[625]:=
1249 1250 ;

set Cs[1]:=
12 270 503 438 573 463 605 ;
set Cs[2]:=
477 619 560 186 146 593 ;
set Cs[3]:=
510 157 519 332 381 47 251 ;
set Cs[4]:=
389 486 289 209 535 ;
set Cs[5]:=
75 92 25 521 538 ;
set Cs[6]:=
348 6 144 558 619 401 405 ;
set Cs[7]:=
338 364 212 478 113 ;
set Cs[8]:=
539 243 107 268 128 23 ;
set Cs[9]:=
61 263 186 354 151 488 ;
set Cs[10]:=
75 152 95 227 400 437 539 ;
set Cs[11]:=
36 139 586 383 566 137 ;
set Cs[12]:=
108 129 43 594 511 373 318 ;
set Cs[13]:=
398 169 396 121 479 337 ;
set Cs[14]:=
141 375 377 147 497 ;
set Cs[15]:=
510 384 255 346 406 ;
set Cs[16]:=
238 388 485 492 462 387 214 ;
set Cs[17]:=
128 464 241 465 408 ;
set Cs[18]:=
206 139 360 378 132 ;
set Cs[19]:=
67 138 178 222 218 131 490 ;
set Cs[20]:=
181 350 448 439 26 ;
set Cs[21]:=
547 233 511 369 199 82 ;
set Cs[22]:=
570 85 345 542 289 ;
set Cs[23]:=
172 332 87 11 90 ;
set Cs[24]:=
394 446 196 572 465 381 186 ;
set Cs[25]:=
545 371 97 377 417 570 ;
set Cs[26]:=
16 489 9 27 341 379 615 ;
set Cs[27]:=
331 514 295 513 563 ;
set Cs[28]:=
248 309 114 74 25 ;
set Cs[29]:=
276 577 624 268 319 ;
set Cs[30]:=
59 521 498 462 157 138 298 ;
set Cs[31]:=
526 68 229 404 278 ;
set Cs[32]:=
116 171 293 556 408 ;
set Cs[33]:=
160 190 335 419 613 329 ;
set Cs[34]:=
359 127 472 457 499 32 ;
set Cs[35]:=
464 142 485 130 45 ;
set Cs[36]:=
394 252 378 227 591 ;
set Cs[37]:=
624 307 322 284 460 60 ;
set Cs[38]:=
497 21 286 489 195 527 ;
set Cs[39]:=
128 305 405 621 253 ;
set Cs[40]:=
516 317 178 120 16 421 418 ;
set Cs[41]:=
337 65 317 63 150 240 ;
set Cs[42]:=
397 519 460 585 49 596 ;
set Cs[43]:=
239 316 347 527 553 60 ;
set Cs[44]:=
183 105 614 273 594 110 ;
set Cs[45]:=
309 78 618 93 582 2 532 ;
set Cs[46]:=
242 403 199 299 32 384 ;
set Cs[47]:=
157 428 172 497 296 552 ;
set Cs[48]:=
464 589 215 560 496 ;
set Cs[49]:=
260 160 303 429 377 ;
set Cs[50]:=
239 106 290 169 297 33 273 ;
set Cs[51]:=
552 593 583 389 590 147 ;
set Cs[52]:=
465 458 453 103 65 107 534 ;
set Cs[53]:=
496 552 179 587 517 ;
set Cs[54]:=
437 357 274 90 245 ;
set Cs[55]:=
461 83 105 266 248 ;
set Cs[56]:=
494 342 94 606 157 352 ;
set Cs[57]:=
359 232 341 363 453 ;
set Cs[58]:=
495 483 355 564 17 ;
set Cs[59]:=
396 161 67 497 385 313 418 ;
set Cs[60]:=
413 407 581 424 67 237 ;
set Cs[61]:=
130 622 597 372 555 99 220 ;
set Cs[62]:=
450 245 362 227 419 ;
set Cs[63]:=
585 10 559 356 463 384 475 ;
set Cs[64]:=
179 51 177 176 398 ;
set Cs[65]:=
513 593 313 411 113 85 ;
set Cs[66]:=
175 460 501 532 117 ;
set Cs[67]:=
227 608 160 309 57 ;
set Cs[68]:=
491 548 602 458 596 ;
set Cs[69]:=
306 185 102 64 502 ;
set Cs[70]:=
201 293 537 50 594 328 ;
set Cs[71]:=
112 301 608 154 504 207 127 ;
set Cs[72]:=
405 216 252 258 574 493 426 ;
set Cs[73]:=
463 150 469 369 579 542 573 ;
set Cs[74]:=
332 254 99 615 157 ;
set Cs[75]:=
408 387 450 63 273 19 ;
set Cs[76]:=
473 238 133 451 262 592 125 ;
set Cs[77]:=
144 89 337 134 235 177 ;
set Cs[78]:=
343 423 27 590 266 65 ;
set Cs[79]:=
24 341 401 71 388 565 ;
set Cs[80]:=
551 399 336 205 7 531 159 ;
set Cs[81]:=
314 292 4 46 607 68 311 ;
set Cs[82]:=
193 97 168 484 136 348 ;
set Cs[83]:=
619 452 140 7 536 526 ;
set Cs[84]:=
557 145 139 528 435 ;
set Cs[85]:=
18 48 297 105 152 195 547 ;
set Cs[86]:=
48 265 390 285 514 ;
set Cs[87]:=
55 12 208 498 479 457 ;
set Cs[88]:=
547 462 115 96 183 560 ;
set Cs[89]:=
590 574 511 489 586 52 213 ;
set Cs[90]:=
500 622 93 196 533 245 ;
set Cs[91]:=
265 404 167 529 35 542 ;
set Cs[92]:=
50 490 192 473 95 ;
set Cs[93]:=
518 79 568 548 33 ;
set Cs[94]:=
536 275 403 498 305 ;
set Cs[95]:=
394 435 531 127 345 ;
set Cs[96]:=
330 484 288 505 109 ;
set Cs[97]:=
393 431 127 612 182 317 99 ;
set Cs[98]:=
296 601 283 3 418 132 472 ;
set Cs[99]:=
550 221 582 105 101 596 207 ;
set Cs[100]:=
138 42 161 56 538 ;
set Cs[101]:=
435 265 374 310 363 582 276 ;
set Cs[102]:=
564 622 151 231 23 365 400 ;
set Cs[103]:=
368 547 76 335 111 566 112 ;
set Cs[104]:=
90 360 592 53 580 202 124 ;
set Cs[105]:=
384 112 31 539 428 518 586 ;
set Cs[106]:=
259 216 326 215 91 ;
set Cs[107]:=
461 21 233 434 343 450 9 ;
set Cs[108]:=
187 373 163 610 154 261 ;
set Cs[109]:=
313 595 455 14 253 285 515 ;
set Cs[110]:=
361 606 580 576 420 532 80 ;
set Cs[111]:=
177 542 362 415 171 433 213 ;
set Cs[112]:=
273 517 288 264 333 352 ;
set Cs[113]:=
74 195 589 159 333 115 ;
set Cs[114]:=
103 276 450 95 349 387 365 ;
set Cs[115]:=
237 117 245 130 299 433 524 ;
set Cs[116]:=
300 530 583 183 293 623 9 ;
set Cs[117]:=
340 254 617 274 452 490 ;
set Cs[118]:=
122 249 510 115 129 ;
set Cs[119]:=
2 555 551 387 381 460 ;
set Cs[120]:=
59 160 600 382 235 ;
set Cs[121]:=
387 547 162 51 312 ;
set Cs[122]:=
152 541 380 323 512 102 ;
set Cs[123]:=
41 105 17 533 568 ;
set Cs[124]:=
538 474 508 314 405 293 498 ;
set Cs[125]:=
122 116 440 245 254 ;
set Cs[126]:=
517 548 309 583 454 ;
set Cs[127]:=
479 612 347 195 77 ;
set Cs[128]:=
78 255 215 262 203 ;
set Cs[129]:=
511 206 482 232 274 78 2 ;
set Cs[130]:=
519 12 84 483 557 184 ;
set Cs[131]:=
289 320 257 484 511 581 ;
set Cs[132]:=
77 419 602 195 147 258 ;
set Cs[133]:=
538 496 398 521 388 ;
set Cs[134]:=
593 570 45 19 399 210 ;
set Cs[135]:=
409 297 576 192 332 ;
set Cs[136]:=
148 157 285 250 350 568 252 ;
set Cs[137]:=
431 119 278 1 201 14 144 ;
set Cs[138]:=
531 70 3 234 586 539 252 ;
set Cs[139]:=
510 331 211 205 22 ;
set Cs[140]:=
252 430 182 578 410 ;
set Cs[141]:=
254 230 345 499 553 410 274 ;
set Cs[142]:=
349 454 290 115 139 367 240 ;
set Cs[143]:=
422 88 161 613 43 456 173 ;
set Cs[144]:=
280 247 22 531 225 387 163 ;
set Cs[145]:=
273 92 620 331 10 409 176 ;
set Cs[146]:=
593 581 15 181 342 ;
set Cs[147]:=
517 353 270 538 536 116 ;
set Cs[148]:=
608 10 354 498 61 76 ;
set Cs[149]:=
316 153 502 74 541 603 6 ;
set Cs[150]:=
391 342 243 60 436 ;
set Cs[151]:=
44 134 130 503 247 381 599 ;
set Cs[152]:=
401 338 332 446 622 ;
set Cs[153]:=
506 192 587 288 182 609 ;
set Cs[154]:=
250 248 311 359 608 254 ;
set Cs[155]:=
527 513 57 221 175 556 ;
set Cs[156]:=
96 233 289 280 568 ;
set Cs[157]:=
71 228 469 474 599 555 ;
set Cs[158]:=
261 434 615 312 309 ;
set Cs[159]:=
264 91 431 594 263 505 ;
set Cs[160]:=
562 139 417 489 618 89 ;
set Cs[161]:=
110 149 217 578 391 239 59 ;
set Cs[162]:=
99 153 70 202 90 63 ;
set Cs[163]:=
293 340 239 90 382 ;
set Cs[164]:=
139 80 360 193 436 ;
set Cs[165]:=
238 96 36 284 114 ;
set Cs[166]:=
422 448 249 415 141 291 179 ;
set Cs[167]:=
1 87 247 610 551 81 ;
set Cs[168]:=
205 8 297 554 409 ;
set Cs[169]:=
23 101 6 258 316 262 570 ;
set Cs[170]:=
397 73 159 521 223 ;
set Cs[171]:=
432 358 229 327 366 600 ;
set Cs[172]:=
292 259 359 60 524 ;
set Cs[173]:=
514 320 385 172 347 488 ;
set Cs[174]:=
280 463 190 546 72 413 32 ;
set Cs[175]:=
270 117 192 179 181 ;
set Cs[176]:=
607 200 409 377 444 ;
set Cs[177]:=
266 272 431 512 469 111 182 ;
set Cs[178]:=
179 32 110 327 538 ;
set Cs[179]:=
562 72 527 560 623 565 ;
set Cs[180]:=
588 126 553 519 255 265 318 ;
set Cs[181]:=
59 323 406 125 494 622 489 ;
set Cs[182]:=
167 420 542 291 348 102 ;
set Cs[183]:=
234 26 61 50 290 412 ;
set Cs[184]:=
298 451 484 289 204 ;
set Cs[185]:=
452 446 559 311 546 ;
set Cs[186]:=
323 258 304 114 135 436 184 ;
set Cs[187]:=
242 295 455 329 118 410 ;
set Cs[188]:=
409 283 516 589 491 446 ;
set Cs[189]:=
613 298 47 530 487 482 ;
set Cs[190]:=
54 518 517 420 356 283 ;
set Cs[191]:=
155 309 175 482 491 598 74 ;
set Cs[192]:=
96 381 520 345 73 ;
set Cs[193]:=
310 573 309 519 219 337 ;
set Cs[194]:=
374 354 90 341 39 210 201 ;
set Cs[195]:=
197 102 464 186 335 463 435 ;
set Cs[196]:=
320 357 299 465 460 153 ;
set Cs[197]:=
396 532 503 307 429 496 ;
set Cs[198]:=
428 41 587 517 45 321 ;
set Cs[199]:=
85 381 218 525 290 373 500 ;
set Cs[200]:=
191 324 60 330 534 ;
set Cs[201]:=
294 461 257 320 454 452 ;
set Cs[202]:=
481 355 312 346 109 52 ;
set Cs[203]:=
579 340 87 341 258 389 434 ;
set Cs[204]:=
370 388 499 155 379 297 178 ;
set Cs[205]:=
421 82 4 384 151 81 232 ;
set Cs[206]:=
188 538 205 618 463 44 573 ;
set Cs[207]:=
522 15 106 428 306 346 69 ;
set Cs[208]:=
466 257 191 354 584 ;
set Cs[209]:=
552 116 392 478 347 461 ;
set Cs[210]:=
429 214 464 403 589 ;
set Cs[211]:=
296 551 547 242 331 ;
set Cs[212]:=
323 462 399 65 416 ;
set Cs[213]:=
588 255 88 137 40 110 ;
set Cs[214]:=
604 186 18 70 600 166 ;
set Cs[215]:=
184 170 484 356 262 312 456 ;
set Cs[216]:=
10 136 518 496 241 417 603 ;
set Cs[217]:=
354 40 322 298 23 249 39 ;
set Cs[218]:=
436 333 252 2 408 ;
set Cs[219]:=
72 320 218 377 471 ;
set Cs[220]:=
229 127 363 212 368 620 537 ;
set Cs[221]:=
327 434 563 557 275 243 254 ;
set Cs[222]:=
180 512 216 609 129 ;
set Cs[223]:=
295 214 291 234 299 273 ;
set Cs[224]:=
122 14 352 328 158 38 ;
set Cs[225]:=
584 548 357 191 473 19 290 ;
set Cs[226]:=
75 580 625 126 534 436 553 ;
set Cs[227]:=
513 574 585 555 286 ;
set Cs[228]:=
279 563 305 139 304 128 ;
set Cs[229]:=
324 151 112 438 441 117 419 ;
set Cs[230]:=
599 257 582 238 334 352 ;
set Cs[231]:=
471 553 68 73 201 413 ;
set Cs[232]:=
207 607 334 599 405 494 ;
set Cs[233]:=
158 244 413 116 74 540 ;
set Cs[234]:=
341 167 122 303 273 ;
set Cs[235]:=
130 317 134 609 576 381 460 ;
set Cs[236]:=
284 13 81 212 133 543 300 ;
set Cs[237]:=
53 279 445 548 621 268 ;
set Cs[238]:=
48 254 471 88 118 294 43 ;
set Cs[239]:=
518 475 456 600 10 ;
set Cs[240]:=
410 40 49 328 164 248 483 ;
set Cs[241]:=
377 39 476 222 304 259 ;
set Cs[242]:=
211 441 96 49 248 ;
set Cs[243]:=
533 105 248 412 266 505 ;
set Cs[244]:=
58 418 606 252 6 ;
set Cs[245]:=
207 122 38 244 611 259 551 ;
set Cs[246]:=
73 96 388 557 295 ;
set Cs[247]:=
130 339 270 518 614 361 136 ;
set Cs[248]:=
410 177 360 249 431 ;
set Cs[249]:=
435 327 117 246 105 ;
set Cs[250]:=
347 154 320 203 93 426 574 ;
set Cs[251]:=
84 63 523 232 118 92 ;
set Cs[252]:=
542 163 327 601 29 288 ;
set Cs[253]:=
283 508 172 66 194 570 ;
set Cs[254]:=
592 223 610 5 600 275 63 ;
set Cs[255]:=
175 14 387 44 590 ;
set Cs[256]:=
13 434 108 276 121 ;
set Cs[257]:=
511 308 89 223 523 83 227 ;
set Cs[258]:=
360 584 520 145 221 503 ;
set Cs[259]:=
607 364 295 419 335 138 ;
set Cs[260]:=
321 449 42 144 329 173 ;
set Cs[261]:=
506 490 276 447 536 600 158 ;
set Cs[262]:=
222 409 561 215 351 102 228 ;
set Cs[263]:=
467 584 244 43 30 ;
set Cs[264]:=
567 478 388 97 257 581 ;
set Cs[265]:=
397 541 70 605 19 2 ;
set Cs[266]:=
348 429 36 414 419 ;
set Cs[267]:=
386 314 468 312 392 ;
set Cs[268]:=
507 313 287 409 113 102 ;
set Cs[269]:=
398 279 111 182 205 197 ;
set Cs[270]:=
162 198 487 434 169 425 ;
set Cs[271]:=
352 198 59 566 298 601 374 ;
set Cs[272]:=
513 483 537 228 403 ;
set Cs[273]:=
310 7 65 258 64 62 445 ;
set Cs[274]:=
466 546 394 167 412 ;
set Cs[275]:=
33 604 125 491 186 217 120 ;
set Cs[276]:=
583 518 293 600 410 489 594 ;
set Cs[277]:=
442 408 271 141 49 624 456 ;
set Cs[278]:=
490 602 236 168 135 536 174 ;
set Cs[279]:=
494 222 370 506 291 297 ;
set Cs[280]:=
150 404 274 520 165 148 ;
set Cs[281]:=
405 400 286 88 196 403 ;
set Cs[282]:=
428 350 242 282 74 ;
set Cs[283]:=
161 247 439 393 200 ;
set Cs[284]:=
563 426 548 529 80 ;
set Cs[285]:=
496 582 127 105 124 ;
set Cs[286]:=
146 529 474 364 105 ;
set Cs[287]:=
93 298 353 170 386 263 ;
set Cs[288]:=
579 498 500 332 409 ;
set Cs[289]:=
472 47 421 26 178 526 ;
set Cs[290]:=
116 385 302 319 117 610 ;
set Cs[291]:=
43 200 566 63 235 352 ;
set Cs[292]:=
275 149 218 330 49 531 ;
set Cs[293]:=
263 22 207 125 623 99 216 ;
set Cs[294]:=
604 370 394 600 175 ;
set Cs[295]:=
197 148 510 129 457 195 ;
set Cs[296]:=
440 286 164 270 176 ;
set Cs[297]:=
277 135 542 315 131 ;
set Cs[298]:=
298 42 8 232 316 121 ;
set Cs[299]:=
602 509 305 593 184 50 ;
set Cs[300]:=
438 514 242 22 119 325 346 ;
set Cs[301]:=
15 87 556 35 190 ;
set Cs[302]:=
35 379 31 245 362 ;
set Cs[303]:=
390 605 51 166 234 549 ;
set Cs[304]:=
229 588 555 573 210 ;
set Cs[305]:=
86 555 124 368 429 524 ;
set Cs[306]:=
394 314 478 621 390 618 ;
set Cs[307]:=
379 240 339 204 386 ;
set Cs[308]:=
64 499 143 7 266 ;
set Cs[309]:=
336 76 312 307 328 ;
set Cs[310]:=
246 134 292 582 500 151 574 ;
set Cs[311]:=
183 352 567 215 153 472 458 ;
set Cs[312]:=
399 590 299 256 548 531 63 ;
set Cs[313]:=
239 357 55 207 130 495 312 ;
set Cs[314]:=
348 337 291 333 496 428 ;
set Cs[315]:=
281 318 485 599 188 ;
set Cs[316]:=
593 185 541 350 118 352 ;
set Cs[317]:=
30 94 579 147 116 295 ;
set Cs[318]:=
594 188 129 291 435 ;
set Cs[319]:=
63 480 333 458 302 ;
set Cs[320]:=
40 350 84 122 314 41 ;
set Cs[321]:=
574 612 456 89 321 449 ;
set Cs[322]:=
359 194 199 466 112 299 ;
set Cs[323]:=
347 607 480 597 390 54 ;
set Cs[324]:=
528 596 381 499 207 566 ;
set Cs[325]:=
372 256 207 430 247 ;
set Cs[326]:=
153 51 121 545 103 ;
set Cs[327]:=
212 323 348 541 624 ;
set Cs[328]:=
458 553 309 423 377 130 ;
set Cs[329]:=
290 220 172 23 343 ;
set Cs[330]:=
576 61 504 202 401 411 526 ;
set Cs[331]:=
279 106 285 468 614 ;
set Cs[332]:=
45 611 345 278 212 124 164 ;
set Cs[333]:=
26 435 488 529 223 596 ;
set Cs[334]:=
159 254 478 541 607 ;
set Cs[335]:=
620 258 383 484 328 396 600 ;
set Cs[336]:=
156 136 247 197 223 250 ;
set Cs[337]:=
397 247 160 157 210 337 496 ;
set Cs[338]:=
335 466 39 224 387 199 178 ;
set Cs[339]:=
514 169 430 530 382 292 340 ;
set Cs[340]:=
140 190 419 403 45 ;
set Cs[341]:=
351 239 71 209 179 317 ;
set Cs[342]:=
244 124 476 96 444 88 218 ;
set Cs[343]:=
119 379 447 95 40 ;
set Cs[344]:=
537 571 371 497 52 145 ;
set Cs[345]:=
229 283 535 126 143 ;
set Cs[346]:=
192 227 457 170 156 428 ;
set Cs[347]:=
170 390 210 397 353 96 ;
set Cs[348]:=
488 414 170 402 128 ;
set Cs[349]:=
84 371 328 255 400 565 335 ;
set Cs[350]:=
345 369 403 220 427 171 580 ;
set Cs[351]:=
216 420 406 370 331 ;
set Cs[352]:=
337 417 315 569 620 271 493 ;
set Cs[353]:=
193 584 378 452 357 289 369 ;
set Cs[354]:=
24 263 365 314 441 266 ;
set Cs[355]:=
265 249 50 521 403 574 529 ;
set Cs[356]:=
202 258 390 566 501 131 ;
set Cs[357]:=
255 58 573 295 575 326 ;
set Cs[358]:=
94 477 287 453 232 310 466 ;
set Cs[359]:=
463 140 60 11 77 ;
set Cs[360]:=
111 354 178 165 467 590 24 ;
set Cs[361]:=
312 161 392 597 212 483 ;
set Cs[362]:=
85 369 585 262 164 ;
set Cs[363]:=
127 19 555 213 296 345 364 ;
set Cs[364]:=
584 79 207 35 135 ;
set Cs[365]:=
476 230 182 523 234 501 570 ;
set Cs[366]:=
45 603 502 336 44 ;
set Cs[367]:=
80 92 454 102 165 ;
set Cs[368]:=
91 121 5 265 497 ;
set Cs[369]:=
7 192 539 490 221 ;
set Cs[370]:=
575 605 405 546 327 ;
set Cs[371]:=
100 105 344 357 305 96 ;
set Cs[372]:=
193 177 469 513 134 ;
set Cs[373]:=
231 534 463 271 509 ;
set Cs[374]:=
483 577 71 123 303 539 ;
set Cs[375]:=
503 307 448 557 116 319 395 ;
set Cs[376]:=
46 204 346 563 47 ;
set Cs[377]:=
516 422 60 348 218 507 4 ;
set Cs[378]:=
134 357 23 72 337 346 485 ;
set Cs[379]:=
428 52 346 305 535 136 435 ;
set Cs[380]:=
97 477 195 65 515 ;
set Cs[381]:=
80 428 35 10 46 ;
set Cs[382]:=
463 262 467 585 81 383 330 ;
set Cs[383]:=
121 539 240 585 329 574 ;
set Cs[384]:=
78 141 515 276 467 106 ;
set Cs[385]:=
296 283 117 348 17 ;
set Cs[386]:=
564 125 121 592 474 ;
set Cs[387]:=
333 463 195 90 439 ;
set Cs[388]:=
440 55 339 572 499 210 ;
set Cs[389]:=
45 499 97 409 173 347 210 ;
set Cs[390]:=
11 158 273 409 524 490 ;
set Cs[391]:=
601 327 277 558 24 ;
set Cs[392]:=
588 437 157 601 336 206 224 ;
set Cs[393]:=
571 409 342 567 436 138 ;
set Cs[394]:=
416 442 590 591 379 ;
set Cs[395]:=
336 594 143 243 512 586 ;
set Cs[396]:=
111 135 401 235 548 312 ;
set Cs[397]:=
66 560 542 602 28 ;
set Cs[398]:=
428 36 299 431 149 48 ;
set Cs[399]:=
574 104 513 480 40 ;
set Cs[400]:=
389 558 229 44 43 514 ;
set Cs[401]:=
92 167 316 483 177 344 454 ;
set Cs[402]:=
165 297 370 383 193 202 77 ;
set Cs[403]:=
284 500 625 9 340 597 ;
set Cs[404]:=
218 571 516 402 258 ;
set Cs[405]:=
353 596 416 211 415 561 ;
set Cs[406]:=
310 236 184 163 205 179 ;
set Cs[407]:=
120 203 570 47 496 ;
set Cs[408]:=
85 287 500 48 13 541 ;
set Cs[409]:=
549 163 440 133 178 ;
set Cs[410]:=
1 98 553 61 330 ;
set Cs[411]:=
550 505 450 6 523 552 ;
set Cs[412]:=
98 330 339 480 589 ;
set Cs[413]:=
47 570 325 23 547 ;
set Cs[414]:=
544 468 137 279 139 16 ;
set Cs[415]:=
306 385 554 350 589 ;
set Cs[416]:=
199 219 209 342 537 ;
set Cs[417]:=
460 27 266 572 30 ;
set Cs[418]:=
280 208 73 127 158 ;
set Cs[419]:=
111 117 106 108 421 199 ;
set Cs[420]:=
40 506 341 162 142 61 ;
set Cs[421]:=
527 342 536 550 483 ;
set Cs[422]:=
468 476 340 581 112 477 ;
set Cs[423]:=
250 614 407 303 188 ;
set Cs[424]:=
427 492 196 216 239 ;
set Cs[425]:=
118 168 146 552 14 86 ;
set Cs[426]:=
539 591 190 243 25 475 387 ;
set Cs[427]:=
55 319 49 118 429 ;
set Cs[428]:=
62 176 215 213 604 90 ;
set Cs[429]:=
190 558 591 397 12 3 ;
set Cs[430]:=
303 343 140 9 420 ;
set Cs[431]:=
225 324 19 534 409 ;
set Cs[432]:=
251 435 55 535 528 482 115 ;
set Cs[433]:=
27 375 461 243 416 184 ;
set Cs[434]:=
25 283 234 87 152 275 ;
set Cs[435]:=
201 53 265 120 568 545 ;
set Cs[436]:=
582 69 514 215 114 577 ;
set Cs[437]:=
223 271 376 37 535 ;
set Cs[438]:=
54 252 393 449 525 470 562 ;
set Cs[439]:=
59 412 481 448 159 210 102 ;
set Cs[440]:=
121 618 5 291 589 ;
set Cs[441]:=
576 247 170 392 543 ;
set Cs[442]:=
283 585 577 247 435 496 40 ;
set Cs[443]:=
591 450 8 83 315 451 ;
set Cs[444]:=
317 371 422 100 81 ;
set Cs[445]:=
273 353 190 355 90 ;
set Cs[446]:=
267 575 570 271 121 ;
set Cs[447]:=
182 111 531 168 555 595 601 ;
set Cs[448]:=
401 191 567 93 297 291 246 ;
set Cs[449]:=
237 536 280 83 238 5 ;
set Cs[450]:=
387 513 331 313 87 ;
set Cs[451]:=
396 24 361 215 252 349 350 ;
set Cs[452]:=
466 217 385 269 398 ;
set Cs[453]:=
417 19 164 357 294 285 560 ;
set Cs[454]:=
408 425 601 375 307 30 586 ;
set Cs[455]:=
462 77 427 430 497 330 ;
set Cs[456]:=
19 487 102 336 227 417 ;
set Cs[457]:=
433 446 307 253 276 38 53 ;
set Cs[458]:=
488 463 417 195 436 332 ;
set Cs[459]:=
505 474 377 464 28 176 ;
set Cs[460]:=
380 359 268 60 499 ;
set Cs[461]:=
604 25 584 198 462 2 ;
set Cs[462]:=
543 353 44 153 146 236 ;
set Cs[463]:=
268 165 108 495 267 296 104 ;
set Cs[464]:=
617 193 44 595 55 61 ;
set Cs[465]:=
356 622 347 301 535 274 399 ;
set Cs[466]:=
18 91 357 351 525 283 480 ;
set Cs[467]:=
491 581 105 444 83 ;
set Cs[468]:=
421 6 88 537 206 426 199 ;
set Cs[469]:=
223 539 442 257 9 110 541 ;
set Cs[470]:=
427 348 170 357 2 ;
set Cs[471]:=
145 405 613 45 505 ;
set Cs[472]:=
389 283 338 560 196 ;
set Cs[473]:=
120 563 59 483 405 604 458 ;
set Cs[474]:=
362 231 568 67 212 386 ;
set Cs[475]:=
590 292 126 255 563 399 ;
set Cs[476]:=
124 136 617 546 335 ;
set Cs[477]:=
248 94 391 111 564 377 ;
set Cs[478]:=
246 61 250 82 424 ;
set Cs[479]:=
192 94 491 579 582 ;
set Cs[480]:=
53 222 24 282 509 459 ;
set Cs[481]:=
159 242 245 389 298 ;
set Cs[482]:=
258 488 584 60 386 510 228 ;
set Cs[483]:=
492 154 91 512 558 618 222 ;
set Cs[484]:=
104 92 405 91 48 ;
set Cs[485]:=
564 419 454 73 339 ;
set Cs[486]:=
509 514 534 374 622 324 493 ;
set Cs[487]:=
552 486 69 319 245 404 318 ;
set Cs[488]:=
548 288 283 475 271 613 ;
set Cs[489]:=
421 298 451 618 161 ;
set Cs[490]:=
599 466 574 22 221 ;
set Cs[491]:=
178 164 356 335 469 175 253 ;
set Cs[492]:=
280 300 213 260 305 ;
set Cs[493]:=
368 621 482 429 201 143 ;
set Cs[494]:=
21 444 131 472 506 619 ;
set Cs[495]:=
515 394 460 272 121 271 94 ;
set Cs[496]:=
241 368 206 90 315 503 ;
set Cs[497]:=
303 557 78 92 574 ;
set Cs[498]:=
384 185 14 41 517 219 301 ;
set Cs[499]:=
155 563 451 104 135 ;
set Cs[500]:=
388 137 282 461 277 513 83 ;
set Cs[501]:=
497 446 587 114 230 103 ;
set Cs[502]:=
472 341 588 118 264 ;
set Cs[503]:=
142 83 17 205 37 550 53 ;
set Cs[504]:=
563 496 199 479 59 ;
set Cs[505]:=
185 36 554 383 479 ;
set Cs[506]:=
247 293 12 436 621 ;
set Cs[507]:=
393 585 578 431 50 453 ;
set Cs[508]:=
11 365 510 493 138 299 239 ;
set Cs[509]:=
335 561 354 228 462 123 ;
set Cs[510]:=
486 455 190 45 81 ;
set Cs[511]:=
11 447 158 274 455 ;
set Cs[512]:=
613 449 225 286 2 215 379 ;
set Cs[513]:=
247 165 569 524 164 ;
set Cs[514]:=
429 218 230 81 566 153 ;
set Cs[515]:=
36 533 92 233 16 158 75 ;
set Cs[516]:=
549 272 437 540 62 ;
set Cs[517]:=
224 469 146 246 169 ;
set Cs[518]:=
368 598 141 239 410 124 179 ;
set Cs[519]:=
101 153 334 16 122 181 ;
set Cs[520]:=
207 393 67 497 597 274 ;
set Cs[521]:=
231 180 390 425 218 ;
set Cs[522]:=
202 569 195 597 335 18 ;
set Cs[523]:=
270 565 171 530 149 231 ;
set Cs[524]:=
446 473 499 385 504 528 271 ;
set Cs[525]:=
81 112 521 412 477 557 215 ;
set Cs[526]:=
114 269 83 8 32 519 6 ;
set Cs[527]:=
418 240 447 131 272 412 ;
set Cs[528]:=
583 554 83 542 176 564 571 ;
set Cs[529]:=
591 334 154 342 379 ;
set Cs[530]:=
289 130 104 443 7 367 474 ;
set Cs[531]:=
218 111 293 536 309 132 420 ;
set Cs[532]:=
500 73 394 260 274 435 ;
set Cs[533]:=
3 597 101 245 178 ;
set Cs[534]:=
592 494 359 508 26 411 40 ;
set Cs[535]:=
381 55 142 369 223 ;
set Cs[536]:=
455 556 520 266 75 ;
set Cs[537]:=
617 511 450 543 72 258 481 ;
set Cs[538]:=
403 498 242 292 203 559 160 ;
set Cs[539]:=
399 621 225 197 492 65 ;
set Cs[540]:=
522 267 278 32 155 164 ;
set Cs[541]:=
146 444 293 5 532 213 370 ;
set Cs[542]:=
102 575 188 504 225 293 ;
set Cs[543]:=
11 26 147 552 523 ;
set Cs[544]:=
302 81 220 74 322 368 ;
set Cs[545]:=
115 444 256 88 101 401 ;
set Cs[546]:=
120 571 501 311 305 36 ;
set Cs[547]:=
23 281 554 233 32 ;
set Cs[548]:=
316 178 495 525 198 376 ;
set Cs[549]:=
83 551 230 538 378 557 ;
set Cs[550]:=
582 65 301 444 280 ;
set Cs[551]:=
425 116 569 446 71 ;
set Cs[552]:=
58 397 319 227 503 523 ;
set Cs[553]:=
475 233 205 548 482 ;
set Cs[554]:=
265 159 272 539 176 598 567 ;
set Cs[555]:=
73 371 415 13 581 419 462 ;
set Cs[556]:=
142 194 567 574 385 508 ;
set Cs[557]:=
166 293 190 286 251 ;
set Cs[558]:=
265 475 117 152 473 19 ;
set Cs[559]:=
612 610 389 441 483 ;
set Cs[560]:=
289 297 45 27 46 ;
set Cs[561]:=
393 26 139 538 292 167 83 ;
set Cs[562]:=
461 125 427 452 58 ;
set Cs[563]:=
213 46 326 565 553 339 ;
set Cs[564]:=
49 56 605 115 59 ;
set Cs[565]:=
578 615 160 443 220 499 ;
set Cs[566]:=
561 264 6 574 495 267 529 ;
set Cs[567]:=
507 536 417 303 574 520 109 ;
set Cs[568]:=
190 82 322 149 553 221 228 ;
set Cs[569]:=
573 379 73 272 370 378 ;
set Cs[570]:=
89 548 254 592 137 96 ;
set Cs[571]:=
220 50 336 117 537 344 ;
set Cs[572]:=
582 245 345 295 111 384 ;
set Cs[573]:=
170 222 552 401 48 ;
set Cs[574]:=
154 176 31 251 609 250 ;
set Cs[575]:=
67 472 532 169 571 576 138 ;
set Cs[576]:=
447 262 256 218 282 ;
set Cs[577]:=
463 558 452 322 85 35 240 ;
set Cs[578]:=
517 307 60 237 77 540 ;
set Cs[579]:=
620 551 563 312 510 513 ;
set Cs[580]:=
31 321 508 447 478 148 ;
set Cs[581]:=
426 94 428 61 614 327 604 ;
set Cs[582]:=
591 277 259 423 443 587 ;
set Cs[583]:=
453 15 571 600 455 ;
set Cs[584]:=
528 519 253 125 354 ;
set Cs[585]:=
140 128 311 265 146 ;
set Cs[586]:=
588 91 135 276 369 503 ;
set Cs[587]:=
541 623 210 523 322 169 241 ;
set Cs[588]:=
347 7 239 594 556 ;
set Cs[589]:=
484 581 479 456 300 202 ;
set Cs[590]:=
348 547 493 364 624 517 56 ;
set Cs[591]:=
612 63 331 598 5 187 362 ;
set Cs[592]:=
529 107 509 110 118 188 568 ;
set Cs[593]:=
598 289 364 183 397 412 ;
set Cs[594]:=
187 607 317 174 25 ;
set Cs[595]:=
519 229 48 219 125 575 ;
set Cs[596]:=
304 101 575 107 426 ;
set Cs[597]:=
458 65 498 470 501 392 ;
set Cs[598]:=
348 140 241 598 68 117 ;
set Cs[599]:=
510 444 324 545 355 ;
set Cs[600]:=
519 170 181 537 510 ;
set Cs[601]:=
258 429 621 418 39 130 142 ;
set Cs[602]:=
522 475 527 539 445 290 442 ;
set Cs[603]:=
435 407 106 465 377 ;
set Cs[604]:=
208 447 479 431 93 258 412 ;
set Cs[605]:=
17 143 286 245 347 246 470 ;
set Cs[606]:=
267 152 440 261 28 32 615 ;
set Cs[607]:=
125 189 405 95 148 ;
set Cs[608]:=
194 183 51 604 290 356 ;
set Cs[609]:=
192 357 101 365 287 38 ;
set Cs[610]:=
346 255 396 151 470 333 ;
set Cs[611]:=
3 262 131 258 216 110 ;
set Cs[612]:=
554 418 62 541 445 ;
set Cs[613]:=
417 443 588 10 508 329 ;
set Cs[614]:=
262 21 580 287 146 193 ;
set Cs[615]:=
439 540 110 496 164 225 475 ;
set Cs[616]:=
269 455 332 183 103 601 532 ;
set Cs[617]:=
609 146 613 424 519 172 ;
set Cs[618]:=
287 251 429 82 227 222 322 ;
set Cs[619]:=
142 229 13 262 478 ;
set Cs[620]:=
612 101 507 542 153 555 ;
set Cs[621]:=
66 590 491 16 452 ;
set Cs[622]:=
465 308 92 284 192 312 ;
set Cs[623]:=
177 285 201 128 250 202 527 ;
set Cs[624]:=
431 404 571 522 507 489 382 ;
set Cs[625]:=
376 24 136 76 261 ;
set Cs[626]:=
193 84 272 14 608 399 ;
set Cs[627]:=
265 122 194 150 109 472 ;
set Cs[628]:=
13 304 388 450 27 1 318 ;
set Cs[629]:=
345 9 491 504 547 ;
set Cs[630]:=
260 288 597 430 435 537 ;
set Cs[631]:=
5 544 80 244 98 612 120 ;
set Cs[632]:=
466 337 523 35 495 445 ;
set Cs[633]:=
95 295 436 43 128 3 602 ;
set Cs[634]:=
155 157 52 556 605 ;
set Cs[635]:=
297 391 323 544 128 ;
set Cs[636]:=
47 305 336 259 284 195 ;
set Cs[637]:=
397 392 535 215 494 ;
set Cs[638]:=
244 285 623 340 132 268 ;
set Cs[639]:=
616 323 530 46 341 480 ;
set Cs[640]:=
201 130 29 329 318 594 51 ;
set Cs[641]:=
81 52 340 253 390 426 ;
set Cs[642]:=
475 524 57 468 334 ;
set Cs[643]:=
556 405 334 28 57 179 ;
set Cs[644]:=
376 449 510 348 67 518 ;
set Cs[645]:=
252 15 619 189 77 ;
set Cs[646]:=
34 253 123 134 180 354 ;
set Cs[647]:=
50 124 304 325 348 552 ;
set Cs[648]:=
617 421 412 209 624 ;
set Cs[649]:=
525 268 297 578 590 579 341 ;
set Cs[650]:=
4 126 510 566 588 205 88 ;
set Cs[651]:=
206 286 255 93 141 ;
set Cs[652]:=
289 388 475 313 87 37 ;
set Cs[653]:=
26 449 286 266 140 366 267 ;
set Cs[654]:=
458 235 160 463 225 ;
set Cs[655]:=
387 81 362 106 595 276 ;
set Cs[656]:=
285 345 81 361 187 45 256 ;
set Cs[657]:=
216 233 224 571 374 184 ;
set Cs[658]:=
41 81 156 307 147 374 ;
set Cs[659]:=
89 274 431 477 445 442 ;
set Cs[660]:=
464 482 186 56 126 ;
set Cs[661]:=
444 558 172 162 301 602 ;
set Cs[662]:=
36 328 437 521 105 156 561 ;
set Cs[663]:=
340 9 213 301 406 256 ;
set Cs[664]:=
503 382 89 262 435 361 ;
set Cs[665]:=
546 583 146 574 621 519 ;
set Cs[666]:=
438 460 192 78 474 289 ;
set Cs[667]:=
210 27 203 322 8 179 576 ;
set Cs[668]:=
247 235 361 558 80 42 ;
set Cs[669]:=
527 98 50 366 270 373 607 ;
set Cs[670]:=
337 13 244 305 519 280 ;
set Cs[671]:=
507 215 497 455 481 ;
set Cs[672]:=
209 337 316 421 117 17 ;
set Cs[673]:=
21 593 578 46 568 ;
set Cs[674]:=
113 288 144 120 467 588 29 ;
set Cs[675]:=
113 388 297 538 246 120 ;
set Cs[676]:=
338 283 183 615 321 224 155 ;
set Cs[677]:=
330 17 478 464 128 529 157 ;
set Cs[678]:=
79 250 365 155 320 ;
set Cs[679]:=
3 388 83 613 446 ;
set Cs[680]:=
379 222 616 433 612 337 ;
set Cs[681]:=
597 250 78 605 350 14 ;
set Cs[682]:=
471 334 97 450 16 ;
set Cs[683]:=
417 472 81 338 518 598 159 ;
set Cs[684]:=
51 574 128 266 581 141 323 ;
set Cs[685]:=
459 344 16 237 34 136 437 ;
set Cs[686]:=
107 409 46 573 114 ;
set Cs[687]:=
31 21 430 43 81 ;
set Cs[688]:=
497 79 513 334 468 392 ;
set Cs[689]:=
126 166 57 213 207 99 308 ;
set Cs[690]:=
60 502 32 383 126 316 501 ;
set Cs[691]:=
582 125 471 581 88 531 ;
set Cs[692]:=
28 240 399 384 482 ;
set Cs[693]:=
331 80 518 452 300 246 361 ;
set Cs[694]:=
616 10 352 293 176 ;
set Cs[695]:=
457 510 512 37 607 85 ;
set Cs[696]:=
97 423 469 4 229 359 144 ;
set Cs[697]:=
434 561 483 193 599 287 ;
set Cs[698]:=
544 378 137 579 368 265 65 ;
set Cs[699]:=
339 407 451 592 602 420 233 ;
set Cs[700]:=
362 112 491 400 563 ;
set Cs[701]:=
30 266 360 212 555 224 152 ;
set Cs[702]:=
132 403 388 561 341 42 214 ;
set Cs[703]:=
48 1 520 137 159 ;
set Cs[704]:=
422 197 337 340 431 350 427 ;
set Cs[705]:=
9 375 182 523 406 ;
set Cs[706]:=
607 78 121 468 274 ;
set Cs[707]:=
504 139 460 195 214 ;
set Cs[708]:=
331 321 67 367 557 421 ;
set Cs[709]:=
14 231 37 235 381 ;
set Cs[710]:=
606 394 415 233 177 496 ;
set Cs[711]:=
366 293 113 117 623 ;
set Cs[712]:=
52 316 257 2 556 ;
set Cs[713]:=
575 423 484 465 504 ;
set Cs[714]:=
475 308 292 565 259 ;
set Cs[715]:=
420 281 320 215 250 ;
set Cs[716]:=
106 487 476 412 201 262 115 ;
set Cs[717]:=
561 93 231 408 595 530 126 ;
set Cs[718]:=
112 479 300 460 280 ;
set Cs[719]:=
237 566 341 383 64 ;
set Cs[720]:=
245 189 324 172 497 158 ;
set Cs[721]:=
256 200 2 70 13 541 ;
set Cs[722]:=
299 589 605 495 427 107 ;
set Cs[723]:=
13 322 39 570 41 ;
set Cs[724]:=
183 127 196 430 415 ;
set Cs[725]:=
561 177 455 603 252 56 278 ;
set Cs[726]:=
93 396 132 129 446 166 ;
set Cs[727]:=
601 395 135 467 273 96 352 ;
set Cs[728]:=
515 197 113 35 5 465 ;
set Cs[729]:=
178 465 527 324 91 ;
set Cs[730]:=
198 187 406 557 46 ;
set Cs[731]:=
464 173 271 242 45 491 411 ;
set Cs[732]:=
17 523 156 479 23 54 340 ;
set Cs[733]:=
540 457 271 209 197 ;
set Cs[734]:=
35 560 521 477 484 333 ;
set Cs[735]:=
498 159 81 596 393 161 ;
set Cs[736]:=
570 230 526 573 129 293 ;
set Cs[737]:=
172 447 283 624 422 ;
set Cs[738]:=
508 170 582 332 186 467 ;
set Cs[739]:=
406 413 190 95 555 ;
set Cs[740]:=
184 605 112 14 215 242 ;
set Cs[741]:=
325 386 175 5 91 282 438 ;
set Cs[742]:=
463 562 101 249 576 508 341 ;
set Cs[743]:=
85 511 512 576 50 504 ;
set Cs[744]:=
529 616 89 439 427 175 428 ;
set Cs[745]:=
411 104 347 531 516 240 ;
set Cs[746]:=
23 355 452 106 284 541 489 ;
set Cs[747]:=
339 40 555 142 187 337 ;
set Cs[748]:=
177 35 273 406 482 351 ;
set Cs[749]:=
139 340 357 496 370 585 110 ;
set Cs[750]:=
291 136 196 197 445 ;
set Cs[751]:=
53 116 139 375 152 579 310 ;
set Cs[752]:=
250 182 410 245 311 330 ;
set Cs[753]:=
542 34 23 400 193 ;
set Cs[754]:=
401 276 477 73 321 402 129 ;
set Cs[755]:=
473 607 55 529 553 558 519 ;
set Cs[756]:=
261 273 121 254 345 556 ;
set Cs[757]:=
490 14 484 363 400 40 442 ;
set Cs[758]:=
147 349 597 467 235 46 ;
set Cs[759]:=
68 555 250 333 114 490 265 ;
set Cs[760]:=
549 588 312 274 159 502 241 ;
set Cs[761]:=
9 123 140 142 452 330 481 ;
set Cs[762]:=
85 90 51 258 423 333 286 ;
set Cs[763]:=
64 7 34 556 575 139 ;
set Cs[764]:=
278 174 590 295 42 582 ;
set Cs[765]:=
223 184 127 28 252 ;
set Cs[766]:=
236 286 24 173 472 195 ;
set Cs[767]:=
93 448 538 236 485 625 297 ;
set Cs[768]:=
69 562 256 522 318 ;
set Cs[769]:=
86 145 404 11 280 ;
set Cs[770]:=
490 327 30 489 390 391 ;
set Cs[771]:=
493 95 126 419 315 ;
set Cs[772]:=
142 606 50 69 357 411 512 ;
set Cs[773]:=
185 260 212 476 211 276 ;
set Cs[774]:=
342 142 347 597 390 ;
set Cs[775]:=
40 455 591 478 392 130 ;
set Cs[776]:=
579 416 561 10 611 86 ;
set Cs[777]:=
87 331 148 41 584 563 ;
set Cs[778]:=
533 31 346 456 130 136 84 ;
set Cs[779]:=
140 219 167 242 347 208 ;
set Cs[780]:=
355 239 115 611 433 ;
set Cs[781]:=
274 70 473 504 219 280 ;
set Cs[782]:=
167 271 113 165 252 199 ;
set Cs[783]:=
506 526 288 387 212 284 105 ;
set Cs[784]:=
202 191 418 153 417 291 ;
set Cs[785]:=
182 405 278 586 520 415 181 ;
set Cs[786]:=
89 81 469 143 597 166 330 ;
set Cs[787]:=
165 266 606 235 344 309 369 ;
set Cs[788]:=
595 176 553 72 443 446 ;
set Cs[789]:=
444 508 472 260 238 65 532 ;
set Cs[790]:=
264 564 402 90 38 ;
set Cs[791]:=
213 191 342 449 580 183 ;
set Cs[792]:=
232 499 575 299 319 ;
set Cs[793]:=
405 43 224 343 272 ;
set Cs[794]:=
32 391 114 304 157 615 233 ;
set Cs[795]:=
381 124 523 513 478 245 ;
set Cs[796]:=
55 434 360 107 400 ;
set Cs[797]:=
183 386 476 360 266 ;
set Cs[798]:=
473 316 367 496 526 284 ;
set Cs[799]:=
363 100 301 410 317 129 101 ;
set Cs[800]:=
572 520 537 301 273 ;
set Cs[801]:=
528 207 535 174 589 1 560 ;
set Cs[802]:=
462 167 21 551 564 190 ;
set Cs[803]:=
223 269 47 613 29 97 319 ;
set Cs[804]:=
559 408 211 37 400 428 2 ;
set Cs[805]:=
489 535 5 585 531 462 528 ;
set Cs[806]:=
279 87 382 251 216 ;
set Cs[807]:=
150 155 127 599 212 421 35 ;
set Cs[808]:=
168 70 197 161 152 ;
set Cs[809]:=
180 451 328 425 83 32 114 ;
set Cs[810]:=
335 468 226 536 429 505 186 ;
set Cs[811]:=
114 341 142 333 595 148 480 ;
set Cs[812]:=
237 194 268 476 335 609 576 ;
set Cs[813]:=
513 99 540 428 299 576 366 ;
set Cs[814]:=
239 347 73 110 517 ;
set Cs[815]:=
226 355 124 519 620 ;
set Cs[816]:=
213 484 14 523 426 ;
set Cs[817]:=
348 434 65 17 243 564 ;
set Cs[818]:=
447 261 560 384 301 ;
set Cs[819]:=
409 278 114 57 191 436 ;
set Cs[820]:=
109 443 147 1 163 289 ;
set Cs[821]:=
109 22 306 443 505 ;
set Cs[822]:=
22 233 247 68 108 300 208 ;
set Cs[823]:=
376 109 518 584 179 290 42 ;
set Cs[824]:=
306 118 447 431 52 103 ;
set Cs[825]:=
348 414 227 337 285 ;
set Cs[826]:=
500 623 22 155 176 499 210 ;
set Cs[827]:=
238 373 392 526 451 94 142 ;
set Cs[828]:=
250 68 124 577 454 ;
set Cs[829]:=
355 227 465 442 100 ;
set Cs[830]:=
497 247 170 480 86 441 228 ;
set Cs[831]:=
47 116 159 27 622 540 81 ;
set Cs[832]:=
170 558 593 430 462 410 ;
set Cs[833]:=
394 143 4 178 549 603 602 ;
set Cs[834]:=
314 554 40 358 425 ;
set Cs[835]:=
153 263 34 268 290 ;
set Cs[836]:=
447 248 186 380 36 562 ;
set Cs[837]:=
127 525 32 36 407 129 ;
set Cs[838]:=
409 210 209 491 372 238 507 ;
set Cs[839]:=
465 609 23 492 388 81 ;
set Cs[840]:=
174 65 388 4 559 526 123 ;
set Cs[841]:=
313 155 543 619 280 12 73 ;
set Cs[842]:=
257 607 389 573 12 323 539 ;
set Cs[843]:=
177 509 162 313 235 485 19 ;
set Cs[844]:=
331 220 411 66 219 ;
set Cs[845]:=
544 372 406 191 297 265 532 ;
set Cs[846]:=
362 348 621 125 400 ;
set Cs[847]:=
578 282 250 446 162 ;
set Cs[848]:=
44 305 211 351 193 318 610 ;
set Cs[849]:=
430 435 125 321 286 538 ;
set Cs[850]:=
322 534 165 587 608 ;
set Cs[851]:=
243 485 432 591 613 ;
set Cs[852]:=
449 579 502 559 230 ;
set Cs[853]:=
382 430 417 153 411 ;
set Cs[854]:=
534 469 490 173 40 487 350 ;
set Cs[855]:=
499 280 143 16 488 ;
set Cs[856]:=
501 445 181 88 367 198 454 ;
set Cs[857]:=
557 506 68 34 527 483 ;
set Cs[858]:=
168 611 356 614 211 28 16 ;
set Cs[859]:=
136 355 412 413 9 616 ;
set Cs[860]:=
550 180 333 508 178 368 536 ;
set Cs[861]:=
530 481 584 18 472 ;
set Cs[862]:=
550 544 522 442 488 450 174 ;
set Cs[863]:=
231 452 155 246 388 580 116 ;
set Cs[864]:=
412 144 517 8 579 ;
set Cs[865]:=
521 393 373 565 174 58 93 ;
set Cs[866]:=
114 474 239 312 523 ;
set Cs[867]:=
424 442 62 528 11 155 10 ;
set Cs[868]:=
80 606 386 42 379 ;
set Cs[869]:=
151 376 606 246 449 34 ;
set Cs[870]:=
141 534 527 524 431 526 ;
set Cs[871]:=
158 512 596 139 540 ;
set Cs[872]:=
68 561 545 130 613 87 558 ;
set Cs[873]:=
447 45 373 64 72 288 ;
set Cs[874]:=
49 510 493 358 293 221 ;
set Cs[875]:=
230 522 458 94 242 257 532 ;
set Cs[876]:=
281 276 83 608 605 138 ;
set Cs[877]:=
385 512 37 422 128 153 492 ;
set Cs[878]:=
191 230 239 357 341 563 137 ;
set Cs[879]:=
592 399 88 489 273 418 330 ;
set Cs[880]:=
327 203 474 264 261 ;
set Cs[881]:=
248 474 10 529 445 349 448 ;
set Cs[882]:=
616 514 493 325 524 ;
set Cs[883]:=
282 67 73 315 77 112 89 ;
set Cs[884]:=
334 483 30 224 184 552 ;
set Cs[885]:=
555 256 442 450 49 ;
set Cs[886]:=
167 535 102 460 106 ;
set Cs[887]:=
102 286 550 161 50 22 ;
set Cs[888]:=
50 549 377 183 10 ;
set Cs[889]:=
7 423 253 350 551 465 ;
set Cs[890]:=
143 84 300 313 139 ;
set Cs[891]:=
222 474 607 25 427 375 ;
set Cs[892]:=
172 467 193 268 519 300 611 ;
set Cs[893]:=
41 583 538 338 359 381 ;
set Cs[894]:=
599 224 19 557 38 ;
set Cs[895]:=
45 592 26 263 192 465 188 ;
set Cs[896]:=
267 625 513 570 170 380 161 ;
set Cs[897]:=
382 188 234 383 26 ;
set Cs[898]:=
125 66 251 384 599 313 32 ;
set Cs[899]:=
12 478 298 496 95 ;
set Cs[900]:=
130 579 215 531 19 ;
set Cs[901]:=
201 496 172 455 590 365 407 ;
set Cs[902]:=
532 398 152 476 217 229 ;
set Cs[903]:=
451 408 20 505 587 182 516 ;
set Cs[904]:=
201 280 301 396 100 505 389 ;
set Cs[905]:=
591 300 310 165 341 ;
set Cs[906]:=
199 255 495 451 189 372 ;
set Cs[907]:=
316 522 176 181 136 ;
set Cs[908]:=
231 392 450 30 593 487 ;
set Cs[909]:=
22 317 353 399 266 ;
set Cs[910]:=
152 136 370 261 195 566 323 ;
set Cs[911]:=
501 15 491 502 424 390 34 ;
set Cs[912]:=
241 219 381 81 230 56 529 ;
set Cs[913]:=
591 203 6 233 46 54 373 ;
set Cs[914]:=
322 408 420 109 624 29 230 ;
set Cs[915]:=
326 356 256 125 239 ;
set Cs[916]:=
593 392 323 165 493 175 451 ;
set Cs[917]:=
518 159 456 116 446 617 9 ;
set Cs[918]:=
100 112 287 341 381 ;
set Cs[919]:=
154 408 423 56 558 ;
set Cs[920]:=
71 575 158 488 547 579 211 ;
set Cs[921]:=
564 330 192 433 285 25 ;
set Cs[922]:=
339 24 62 614 93 540 ;
set Cs[923]:=
325 105 591 28 544 453 ;
set Cs[924]:=
423 379 83 548 528 ;
set Cs[925]:=
65 122 226 533 361 293 ;
set Cs[926]:=
104 79 616 607 179 144 ;
set Cs[927]:=
159 252 65 560 44 613 ;
set Cs[928]:=
462 537 520 105 568 ;
set Cs[929]:=
201 558 176 433 280 625 535 ;
set Cs[930]:=
93 462 348 113 163 534 82 ;
set Cs[931]:=
509 609 572 543 160 ;
set Cs[932]:=
470 558 373 300 601 604 239 ;
set Cs[933]:=
212 369 506 387 15 ;
set Cs[934]:=
592 410 510 207 465 228 ;
set Cs[935]:=
607 320 617 574 337 ;
set Cs[936]:=
99 237 160 480 437 195 449 ;
set Cs[937]:=
610 445 411 22 561 560 ;
set Cs[938]:=
140 342 57 587 259 ;
set Cs[939]:=
526 120 557 269 305 91 ;
set Cs[940]:=
357 144 378 350 101 617 ;
set Cs[941]:=
166 151 54 101 143 455 155 ;
set Cs[942]:=
166 544 506 581 165 448 90 ;
set Cs[943]:=
452 346 150 104 370 ;
set Cs[944]:=
579 242 54 249 556 ;
set Cs[945]:=
520 473 484 62 508 475 ;
set Cs[946]:=
438 6 20 150 549 43 ;
set Cs[947]:=
449 596 173 492 205 532 413 ;
set Cs[948]:=
133 198 139 499 350 332 ;
set Cs[949]:=
204 372 397 393 556 501 3 ;
set Cs[950]:=
493 494 27 89 511 ;
set Cs[951]:=
572 396 264 619 150 297 ;
set Cs[952]:=
531 424 442 93 287 ;
set Cs[953]:=
554 615 622 585 398 472 283 ;
set Cs[954]:=
113 111 611 313 8 20 588 ;
set Cs[955]:=
408 466 493 33 567 ;
set Cs[956]:=
326 104 19 525 279 116 ;
set Cs[957]:=
170 571 299 50 401 272 10 ;
set Cs[958]:=
162 528 452 349 261 ;
set Cs[959]:=
553 123 393 318 45 ;
set Cs[960]:=
24 389 448 532 515 ;
set Cs[961]:=
621 75 79 486 358 61 ;
set Cs[962]:=
225 463 157 245 269 ;
set Cs[963]:=
572 348 103 151 546 ;
set Cs[964]:=
537 93 35 67 613 187 ;
set Cs[965]:=
265 304 298 275 535 128 16 ;
set Cs[966]:=
172 565 86 378 548 438 391 ;
set Cs[967]:=
206 437 395 146 335 5 381 ;
set Cs[968]:=
196 344 523 443 329 371 ;
set Cs[969]:=
619 544 615 328 555 573 ;
set Cs[970]:=
366 472 624 382 560 ;
set Cs[971]:=
215 442 124 68 408 153 368 ;
set Cs[972]:=
430 613 304 177 99 607 ;
set Cs[973]:=
66 20 117 522 195 533 ;
set Cs[974]:=
458 308 490 326 211 ;
set Cs[975]:=
69 469 152 403 620 454 ;
set Cs[976]:=
99 471 520 78 384 74 51 ;
set Cs[977]:=
277 217 473 428 493 8 624 ;
set Cs[978]:=
19 120 79 158 283 ;
set Cs[979]:=
601 564 28 545 400 ;
set Cs[980]:=
312 132 406 307 419 ;
set Cs[981]:=
586 384 589 521 211 ;
set Cs[982]:=
77 172 212 219 508 161 ;
set Cs[983]:=
31 568 549 7 123 ;
set Cs[984]:=
471 346 623 481 382 138 ;
set Cs[985]:=
500 539 128 233 313 50 ;
set Cs[986]:=
181 263 321 89 292 ;
set Cs[987]:=
377 126 319 401 31 520 ;
set Cs[988]:=
485 100 475 445 155 64 372 ;
set Cs[989]:=
87 124 249 240 534 ;
set Cs[990]:=
331 145 345 72 129 130 297 ;
set Cs[991]:=
455 96 239 573 279 615 ;
set Cs[992]:=
25 10 88 210 430 320 ;
set Cs[993]:=
611 347 584 346 283 585 459 ;
set Cs[994]:=
488 260 200 41 336 376 201 ;
set Cs[995]:=
160 584 238 241 173 ;
set Cs[996]:=
136 523 95 385 210 ;
set Cs[997]:=
378 57 98 468 17 124 440 ;
set Cs[998]:=
437 183 346 380 330 590 288 ;
set Cs[999]:=
545 276 311 36 56 324 578 ;
set Cs[1000]:=
230 433 214 523 395 597 489 ;
set Cs[1001]:=
473 600 270 488 583 ;
set Cs[1002]:=
532 616 345 222 505 615 ;
set Cs[1003]:=
483 544 318 591 22 44 ;
set Cs[1004]:=
581 535 609 479 575 622 492 ;
set Cs[1005]:=
95 188 492 557 607 232 176 ;
set Cs[1006]:=
178 211 401 237 145 89 ;
set Cs[1007]:=
205 155 280 12 98 434 36 ;
set Cs[1008]:=
603 206 618 502 226 ;
set Cs[1009]:=
307 35 79 436 504 511 ;
set Cs[1010]:=
250 163 454 365 322 ;
set Cs[1011]:=
304 422 293 615 53 ;
set Cs[1012]:=
72 250 603 92 415 60 ;
set Cs[1013]:=
52 433 529 409 283 ;
set Cs[1014]:=
81 342 345 129 431 ;
set Cs[1015]:=
530 213 135 490 265 214 57 ;
set Cs[1016]:=
38 137 150 573 18 451 ;
set Cs[1017]:=
382 17 130 512 48 78 ;
set Cs[1018]:=
275 36 358 553 463 195 408 ;
set Cs[1019]:=
472 153 375 605 261 ;
set Cs[1020]:=
501 200 140 379 234 250 ;
set Cs[1021]:=
388 469 393 36 218 ;
set Cs[1022]:=
92 544 177 268 67 229 371 ;
set Cs[1023]:=
602 289 620 213 582 159 ;
set Cs[1024]:=
121 590 132 552 524 ;
set Cs[1025]:=
590 253 193 22 458 269 244 ;
set Cs[1026]:=
250 391 417 436 78 127 ;
set Cs[1027]:=
339 338 27 201 505 75 ;
set Cs[1028]:=
196 399 203 60 186 ;
set Cs[1029]:=
58 625 522 494 75 186 251 ;
set Cs[1030]:=
180 184 475 284 410 211 426 ;
set Cs[1031]:=
274 499 428 35 618 560 18 ;
set Cs[1032]:=
611 606 240 314 125 428 ;
set Cs[1033]:=
523 555 236 418 545 514 ;
set Cs[1034]:=
309 47 78 451 274 125 53 ;
set Cs[1035]:=
69 347 565 212 316 ;
set Cs[1036]:=
35 249 506 542 160 273 341 ;
set Cs[1037]:=
518 265 55 140 241 490 ;
set Cs[1038]:=
138 565 202 354 230 ;
set Cs[1039]:=
566 61 210 279 172 563 87 ;
set Cs[1040]:=
440 293 571 234 244 ;
set Cs[1041]:=
609 616 431 414 227 ;
set Cs[1042]:=
403 160 516 457 81 ;
set Cs[1043]:=
360 476 271 131 562 ;
set Cs[1044]:=
154 254 318 9 563 90 ;
set Cs[1045]:=
369 105 353 380 528 ;
set Cs[1046]:=
421 205 125 151 249 ;
set Cs[1047]:=
144 102 312 360 614 151 ;
set Cs[1048]:=
624 237 558 509 17 612 272 ;
set Cs[1049]:=
216 90 77 118 327 36 280 ;
set Cs[1050]:=
295 90 169 43 355 298 277 ;
set Cs[1051]:=
114 582 106 264 281 83 383 ;
set Cs[1052]:=
336 253 455 274 601 358 494 ;
set Cs[1053]:=
555 405 385 383 536 200 ;
set Cs[1054]:=
239 306 3 604 332 414 ;
set Cs[1055]:=
9 89 355 439 208 360 118 ;
set Cs[1056]:=
356 537 411 68 562 234 ;
set Cs[1057]:=
532 434 197 525 405 582 191 ;
set Cs[1058]:=
81 76 293 8 439 ;
set Cs[1059]:=
500 456 32 452 231 ;
set Cs[1060]:=
195 430 124 568 569 85 ;
set Cs[1061]:=
190 104 438 434 246 ;
set Cs[1062]:=
366 574 130 289 220 ;
set Cs[1063]:=
559 547 410 371 123 235 ;
set Cs[1064]:=
309 198 43 24 537 ;
set Cs[1065]:=
397 557 413 138 159 415 ;
set Cs[1066]:=
313 358 154 464 92 446 ;
set Cs[1067]:=
55 582 555 4 341 ;
set Cs[1068]:=
423 320 70 499 566 341 407 ;
set Cs[1069]:=
479 318 34 475 411 525 ;
set Cs[1070]:=
505 372 280 357 536 525 ;
set Cs[1071]:=
58 550 595 320 510 569 271 ;
set Cs[1072]:=
1 286 191 340 594 122 ;
set Cs[1073]:=
73 206 215 28 330 ;
set Cs[1074]:=
588 4 580 451 581 ;
set Cs[1075]:=
388 545 142 494 120 4 ;
set Cs[1076]:=
391 356 212 194 56 ;
set Cs[1077]:=
469 554 10 296 516 110 ;
set Cs[1078]:=
271 405 269 316 242 380 214 ;
set Cs[1079]:=
148 217 485 358 238 518 48 ;
set Cs[1080]:=
160 276 495 584 68 ;
set Cs[1081]:=
345 602 359 236 293 124 ;
set Cs[1082]:=
38 319 459 196 167 540 ;
set Cs[1083]:=
414 599 472 142 557 ;
set Cs[1084]:=
570 156 38 309 491 291 ;
set Cs[1085]:=
610 237 258 69 526 144 354 ;
set Cs[1086]:=
339 127 350 117 74 42 582 ;
set Cs[1087]:=
85 331 287 492 330 239 ;
set Cs[1088]:=
112 155 119 619 472 539 376 ;
set Cs[1089]:=
43 432 366 505 391 70 ;
set Cs[1090]:=
523 466 242 299 535 348 ;
set Cs[1091]:=
338 166 432 412 315 257 ;
set Cs[1092]:=
98 363 191 278 263 ;
set Cs[1093]:=
474 35 223 278 187 407 93 ;
set Cs[1094]:=
217 174 4 229 385 572 ;
set Cs[1095]:=
139 252 102 61 494 149 ;
set Cs[1096]:=
250 454 453 372 226 ;
set Cs[1097]:=
525 401 577 43 189 341 586 ;
set Cs[1098]:=
525 585 412 457 441 ;
set Cs[1099]:=
194 99 572 7 562 180 14 ;
set Cs[1100]:=
318 165 573 284 172 406 ;
set Cs[1101]:=
490 598 473 203 244 282 325 ;
set Cs[1102]:=
279 434 120 562 432 ;
set Cs[1103]:=
133 159 110 581 206 ;
set Cs[1104]:=
333 304 371 447 502 283 ;
set Cs[1105]:=
541 579 497 474 153 205 111 ;
set Cs[1106]:=
621 266 107 388 111 ;
set Cs[1107]:=
312 86 274 203 43 481 ;
set Cs[1108]:=
426 112 530 616 34 ;
set Cs[1109]:=
388 168 597 449 210 35 ;
set Cs[1110]:=
383 165 461 57 492 124 ;
set Cs[1111]:=
599 251 549 442 519 540 163 ;
set Cs[1112]:=
1 524 289 370 373 ;
set Cs[1113]:=
559 294 296 604 136 194 468 ;
set Cs[1114]:=
242 239 438 332 539 544 542 ;
set Cs[1115]:=
338 533 374 45 384 ;
set Cs[1116]:=
374 56 276 37 414 ;
set Cs[1117]:=
34 61 362 256 348 ;
set Cs[1118]:=
41 212 291 157 217 191 ;
set Cs[1119]:=
327 457 371 548 261 ;
set Cs[1120]:=
397 260 509 481 142 ;
set Cs[1121]:=
300 471 594 25 375 ;
set Cs[1122]:=
506 174 334 310 326 360 ;
set Cs[1123]:=
531 451 29 382 575 ;
set Cs[1124]:=
476 343 188 519 503 291 ;
set Cs[1125]:=
487 142 23 393 116 ;
set Cs[1126]:=
94 351 566 438 465 ;
set Cs[1127]:=
578 134 335 602 114 282 303 ;
set Cs[1128]:=
430 301 263 277 107 ;
set Cs[1129]:=
438 94 548 311 138 ;
set Cs[1130]:=
346 523 588 261 65 448 326 ;
set Cs[1131]:=
380 354 275 104 298 279 ;
set Cs[1132]:=
18 398 465 413 390 139 ;
set Cs[1133]:=
77 15 60 288 180 ;
set Cs[1134]:=
143 314 529 4 462 ;
set Cs[1135]:=
163 23 372 323 607 ;
set Cs[1136]:=
182 123 142 289 20 4 108 ;
set Cs[1137]:=
79 339 52 5 59 ;
set Cs[1138]:=
194 192 231 596 370 256 440 ;
set Cs[1139]:=
525 138 186 524 556 179 196 ;
set Cs[1140]:=
353 212 394 155 187 546 226 ;
set Cs[1141]:=
228 2 280 558 42 258 ;
set Cs[1142]:=
118 160 605 463 124 466 188 ;
set Cs[1143]:=
444 274 396 595 235 38 135 ;
set Cs[1144]:=
495 13 5 543 73 206 335 ;
set Cs[1145]:=
326 23 114 33 37 ;
set Cs[1146]:=
85 390 253 526 618 404 475 ;
set Cs[1147]:=
522 505 422 374 17 ;
set Cs[1148]:=
38 328 510 41 427 359 27 ;
set Cs[1149]:=
298 327 605 139 406 323 265 ;
set Cs[1150]:=
256 116 233 157 425 584 ;
set Cs[1151]:=
624 545 492 448 602 ;
set Cs[1152]:=
11 561 414 185 296 359 24 ;
set Cs[1153]:=
416 342 567 462 616 ;
set Cs[1154]:=
398 60 379 319 625 594 ;
set Cs[1155]:=
320 112 277 307 591 178 240 ;
set Cs[1156]:=
621 327 76 107 554 340 541 ;
set Cs[1157]:=
254 157 113 293 300 278 453 ;
set Cs[1158]:=
545 523 270 567 367 81 ;
set Cs[1159]:=
5 612 547 57 129 262 40 ;
set Cs[1160]:=
476 126 256 236 489 210 119 ;
set Cs[1161]:=
555 92 608 14 504 591 ;
set Cs[1162]:=
583 289 328 54 329 434 258 ;
set Cs[1163]:=
135 475 383 334 184 508 547 ;
set Cs[1164]:=
574 137 184 401 323 ;
set Cs[1165]:=
613 325 35 94 140 205 ;
set Cs[1166]:=
73 159 442 401 313 ;
set Cs[1167]:=
197 393 519 289 76 61 485 ;
set Cs[1168]:=
159 137 516 95 487 541 180 ;
set Cs[1169]:=
397 33 254 223 425 23 401 ;
set Cs[1170]:=
420 105 398 486 517 458 ;
set Cs[1171]:=
621 294 246 328 520 ;
set Cs[1172]:=
475 449 538 343 158 252 3 ;
set Cs[1173]:=
120 214 87 437 210 189 91 ;
set Cs[1174]:=
179 272 569 499 570 ;
set Cs[1175]:=
441 407 98 64 395 ;
set Cs[1176]:=
76 588 441 538 416 38 346 ;
set Cs[1177]:=
333 574 534 521 43 181 27 ;
set Cs[1178]:=
273 569 352 592 36 111 ;
set Cs[1179]:=
229 429 602 185 252 310 ;
set Cs[1180]:=
414 584 179 398 563 ;
set Cs[1181]:=
605 186 54 507 489 310 ;
set Cs[1182]:=
405 558 23 198 418 106 ;
set Cs[1183]:=
621 586 100 408 560 ;
set Cs[1184]:=
302 564 533 413 177 24 ;
set Cs[1185]:=
417 3 562 569 623 231 611 ;
set Cs[1186]:=
484 122 625 445 322 ;
set Cs[1187]:=
250 182 566 484 46 434 489 ;
set Cs[1188]:=
358 157 311 210 489 546 ;
set Cs[1189]:=
544 526 385 520 427 440 ;
set Cs[1190]:=
130 585 520 431 192 ;
set Cs[1191]:=
488 262 301 7 162 ;
set Cs[1192]:=
140 532 83 79 1 ;
set Cs[1193]:=
502 327 504 624 396 ;
set Cs[1194]:=
409 45 546 31 62 40 ;
set Cs[1195]:=
241 199 143 530 435 340 ;
set Cs[1196]:=
439 541 164 535 98 ;
set Cs[1197]:=
514 152 177 443 52 ;
set Cs[1198]:=
475 332 431 463 427 58 ;
set Cs[1199]:=
120 250 54 364 230 597 561 ;
set Cs[1200]:=
525 602 425 317 614 609 ;
set Cs[1201]:=
260 99 15 573 452 349 243 ;
set Cs[1202]:=
134 304 71 326 104 564 530 ;
set Cs[1203]:=
168 11 323 84 509 583 ;
set Cs[1204]:=
351 522 45 544 542 170 ;
set Cs[1205]:=
25 55 119 399 293 ;
set Cs[1206]:=
192 202 190 305 513 402 319 ;
set Cs[1207]:=
421 410 272 459 156 220 393 ;
set Cs[1208]:=
298 570 93 580 468 ;
set Cs[1209]:=
193 18 11 257 279 207 329 ;
set Cs[1210]:=
192 495 619 597 324 ;
set Cs[1211]:=
327 301 583 150 267 496 78 ;
set Cs[1212]:=
287 31 237 614 182 ;
set Cs[1213]:=
383 8 509 165 269 291 259 ;
set Cs[1214]:=
177 402 511 579 352 209 ;
set Cs[1215]:=
590 13 428 320 235 186 199 ;
set Cs[1216]:=
401 77 395 327 481 599 ;
set Cs[1217]:=
307 132 219 167 348 241 254 ;
set Cs[1218]:=
197 552 562 224 387 ;
set Cs[1219]:=
466 212 51 460 566 201 ;
set Cs[1220]:=
405 140 474 33 303 237 482 ;
set Cs[1221]:=
114 469 261 559 202 66 403 ;
set Cs[1222]:=
504 272 110 231 417 480 590 ;
set Cs[1223]:=
461 65 346 139 262 378 ;
set Cs[1224]:=
432 14 527 51 133 605 ;
set Cs[1225]:=
130 146 568 461 545 462 ;
set Cs[1226]:=
194 433 118 362 27 22 ;
set Cs[1227]:=
612 475 204 150 223 159 ;
set Cs[1228]:=
480 173 381 541 421 50 ;
set Cs[1229]:=
447 41 304 162 151 92 ;
set Cs[1230]:=
40 138 373 555 309 ;
set Cs[1231]:=
537 92 515 84 294 375 ;
set Cs[1232]:=
316 98 282 136 546 ;
set Cs[1233]:=
138 553 219 265 493 34 ;
set Cs[1234]:=
152 306 582 559 331 109 ;
set Cs[1235]:=
265 412 172 401 606 605 ;
set Cs[1236]:=
170 504 189 393 72 ;
set Cs[1237]:=
370 26 388 301 524 ;
set Cs[1238]:=
403 495 378 412 76 428 ;
set Cs[1239]:=
123 119 183 153 107 580 ;
set Cs[1240]:=
602 70 539 580 45 262 101 ;
set Cs[1241]:=
281 235 336 62 180 441 ;
set Cs[1242]:=
77 379 51 470 150 548 387 ;
set Cs[1243]:=
589 109 479 441 245 250 452 ;
set Cs[1244]:=
409 325 479 251 243 393 48 ;
set Cs[1245]:=
302 245 603 414 27 480 241 ;
set Cs[1246]:=
44 216 523 455 433 59 456 ;
set Cs[1247]:=
519 89 333 129 371 ;
set Cs[1248]:=
382 324 28 200 578 236 ;
set Cs[1249]:=
265 161 541 472 145 507 ;
set Cs[1250]:=
130 335 218 34 366 297 547 ;
set Cs[1251]:=
524 467 506 141 130 31 356 ;
set Cs[1252]:=
275 491 470 445 415 169 ;
set Cs[1253]:=
160 568 543 25 421 125 ;
set Cs[1254]:=
186 91 536 610 568 ;
set Cs[1255]:=
184 530 287 618 606 5 502 ;
set Cs[1256]:=
137 237 468 52 257 ;
set Cs[1257]:=
87 496 314 474 206 320 59 ;
set Cs[1258]:=
609 58 70 622 365 ;
set Cs[1259]:=
435 303 17 580 493 577 ;
set Cs[1260]:=
518 48 343 541 619 ;
set Cs[1261]:=
47 51 307 592 31 386 ;
set Cs[1262]:=
546 197 203 365 408 522 ;
set Cs[1263]:=
601 102 33 547 184 599 ;
set Cs[1264]:=
336 187 377 482 67 ;
set Cs[1265]:=
330 203 15 479 64 ;
set Cs[1266]:=
80 551 371 209 365 524 137 ;
set Cs[1267]:=
528 240 134 292 159 247 ;
set Cs[1268]:=
291 461 168 471 294 ;
set Cs[1269]:=
193 372 179 41 171 ;
set Cs[1270]:=
587 468 508 182 244 476 512 ;
set Cs[1271]:=
564 484 432 485 211 293 331 ;
set Cs[1272]:=
58 21 173 162 363 302 269 ;
set Cs[1273]:=
217 13 519 68 122 65 139 ;
set Cs[1274]:=
233 481 77 559 304 183 ;
set Cs[1275]:=
468 136 460 398 184 280 225 ;
set Cs[1276]:=
221 354 107 282 356 131 249 ;
set Cs[1277]:=
91 140 436 562 366 ;
set Cs[1278]:=
124 2 326 165 573 446 ;
set Cs[1279]:=
340 487 443 490 174 298 398 ;
set Cs[1280]:=
422 28 107 345 616 70 510 ;
set Cs[1281]:=
465 359 331 502 543 195 435 ;
set Cs[1282]:=
290 519 619 171 255 ;
set Cs[1283]:=
476 309 49 56 580 ;
set Cs[1284]:=
454 323 393 23 537 179 ;
set Cs[1285]:=
452 375 53 196 120 ;
set Cs[1286]:=
369 178 424 205 126 279 51 ;
set Cs[1287]:=
248 295 298 185 277 231 44 ;
set Cs[1288]:=
291 466 609 551 436 109 232 ;
set Cs[1289]:=
450 275 142 526 236 ;
set Cs[1290]:=
216 101 483 41 474 255 ;
set Cs[1291]:=
598 216 316 364 381 ;
set Cs[1292]:=
73 394 506 240 590 196 107 ;
set Cs[1293]:=
511 346 278 363 196 376 ;
set Cs[1294]:=
242 130 460 301 39 ;
set Cs[1295]:=
177 617 245 368 56 607 ;
set Cs[1296]:=
79 115 475 596 534 580 229 ;
set Cs[1297]:=
415 166 249 293 488 ;
set Cs[1298]:=
37 574 212 182 625 606 ;
set Cs[1299]:=
419 150 480 604 271 191 ;
set Cs[1300]:=
13 327 490 563 388 ;
set Cs[1301]:=
148 515 52 30 497 82 359 ;
set Cs[1302]:=
417 223 384 365 138 543 170 ;
set Cs[1303]:=
269 164 379 8 605 103 427 ;
set Cs[1304]:=
426 294 47 1 170 601 76 ;
set Cs[1305]:=
137 599 304 336 419 ;
set Cs[1306]:=
293 283 407 81 398 105 ;
set Cs[1307]:=
268 348 309 92 561 502 ;
set Cs[1308]:=
135 383 282 92 298 ;
set Cs[1309]:=
145 498 586 53 549 277 379 ;
set Cs[1310]:=
595 309 430 233 441 218 288 ;
set Cs[1311]:=
399 587 187 363 463 ;
set Cs[1312]:=
246 268 44 575 450 ;
set Cs[1313]:=
97 417 294 217 610 ;
set Cs[1314]:=
70 110 130 188 615 84 589 ;
set Cs[1315]:=
388 488 258 547 373 175 ;
set Cs[1316]:=
98 622 404 103 242 ;
set Cs[1317]:=
548 426 393 59 416 225 330 ;
set Cs[1318]:=
125 344 74 17 557 124 ;
set Cs[1319]:=
370 577 460 65 584 272 454 ;
set Cs[1320]:=
472 346 87 176 190 259 ;
set Cs[1321]:=
12 354 30 413 17 280 ;
set Cs[1322]:=
215 586 172 48 516 306 ;
set Cs[1323]:=
388 243 1 46 572 461 ;
set Cs[1324]:=
588 550 312 35 444 132 ;
set Cs[1325]:=
311 85 437 560 203 580 375 ;
set Cs[1326]:=
521 362 191 97 245 ;
set Cs[1327]:=
357 279 299 237 185 ;
set Cs[1328]:=
45 379 221 34 529 308 ;
set Cs[1329]:=
606 410 430 428 170 622 ;
set Cs[1330]:=
457 9 259 220 240 576 ;
set Cs[1331]:=
458 511 424 388 18 ;
set Cs[1332]:=
105 538 501 448 581 ;
set Cs[1333]:=
395 238 607 82 602 25 ;
set Cs[1334]:=
289 225 496 543 4 547 ;
set Cs[1335]:=
436 580 154 241 161 317 191 ;
set Cs[1336]:=
11 62 381 501 331 525 ;
set Cs[1337]:=
492 368 441 369 106 234 ;
set Cs[1338]:=
113 493 92 494 558 37 ;
set Cs[1339]:=
183 570 180 237 525 104 ;
set Cs[1340]:=
153 537 88 66 467 221 ;
set Cs[1341]:=
527 147 49 593 326 ;
set Cs[1342]:=
266 30 36 337 198 354 598 ;
set Cs[1343]:=
460 212 608 600 390 ;
set Cs[1344]:=
65 489 125 26 220 426 ;
set Cs[1345]:=
522 505 469 164 593 329 580 ;
set Cs[1346]:=
451 72 179 474 591 ;
set Cs[1347]:=
219 186 221 56 365 243 ;
set Cs[1348]:=
519 371 241 461 239 307 ;
set Cs[1349]:=
128 210 544 521 448 476 615 ;
set Cs[1350]:=
612 467 577 336 65 590 ;
set Cs[1351]:=
16 49 99 139 1 170 ;
set Cs[1352]:=
586 139 588 46 514 290 111 ;
set Cs[1353]:=
532 516 438 330 232 ;
set Cs[1354]:=
113 264 157 24 320 130 41 ;
set Cs[1355]:=
313 166 405 358 398 326 234 ;
set Cs[1356]:=
176 482 347 36 481 ;
set Cs[1357]:=
177 54 495 366 437 ;
set Cs[1358]:=
67 624 239 124 527 236 383 ;
set Cs[1359]:=
231 580 111 241 422 584 ;
set Cs[1360]:=
162 253 520 277 35 74 130 ;
set Cs[1361]:=
502 258 79 229 347 ;
set Cs[1362]:=
193 283 210 449 151 27 217 ;
set Cs[1363]:=
329 6 484 598 353 247 222 ;
set Cs[1364]:=
430 623 49 311 526 573 ;
set Cs[1365]:=
126 329 578 558 545 296 ;
set Cs[1366]:=
583 326 382 246 139 ;
set Cs[1367]:=
208 349 459 573 297 472 206 ;
set Cs[1368]:=
401 450 558 323 14 427 ;
set Cs[1369]:=
209 276 546 506 269 ;
set Cs[1370]:=
307 478 587 545 612 ;
set Cs[1371]:=
230 503 600 555 70 ;
set Cs[1372]:=
17 326 369 93 233 277 234 ;
set Cs[1373]:=
335 293 119 5 288 584 302 ;
set Cs[1374]:=
19 39 27 374 381 205 ;
set Cs[1375]:=
492 121 58 35 240 389 ;
set Cs[1376]:=
59 549 47 337 460 160 ;
set Cs[1377]:=
104 9 315 7 606 107 323 ;
set Cs[1378]:=
441 85 125 456 36 439 324 ;
set Cs[1379]:=
329 71 55 349 389 ;
set Cs[1380]:=
7 408 563 542 270 ;
set Cs[1381]:=
302 107 92 265 574 ;
set Cs[1382]:=
517 484 367 537 356 ;
set Cs[1383]:=
26 499 389 231 602 467 ;
set Cs[1384]:=
107 340 281 166 350 ;
set Cs[1385]:=
92 528 379 51 322 199 265 ;
set Cs[1386]:=
294 578 510 477 601 266 ;
set Cs[1387]:=
608 125 318 484 493 ;
set Cs[1388]:=
258 490 512 136 108 ;
set Cs[1389]:=
574 147 292 585 358 ;
set Cs[1390]:=
81 228 96 67 307 439 352 ;
set Cs[1391]:=
535 222 157 248 571 ;
set Cs[1392]:=
419 501 311 365 234 ;
set Cs[1393]:=
395 393 68 233 198 354 ;
set Cs[1394]:=
296 470 428 458 156 ;
set Cs[1395]:=
38 288 346 112 421 545 284 ;
set Cs[1396]:=
293 396 577 96 132 7 ;
set Cs[1397]:=
421 620 123 469 199 551 ;
set Cs[1398]:=
105 132 610 387 210 277 ;
set Cs[1399]:=
115 425 314 52 583 220 167 ;
set Cs[1400]:=
479 316 311 352 207 ;
set Cs[1401]:=
108 569 508 373 292 ;
set Cs[1402]:=
113 380 192 520 516 322 196 ;
set Cs[1403]:=
618 382 615 279 545 563 170 ;
set Cs[1404]:=
603 459 471 440 32 259 448 ;
set Cs[1405]:=
573 222 172 141 185 321 397 ;
set Cs[1406]:=
363 289 388 50 254 463 ;
set Cs[1407]:=
93 349 597 57 313 ;
set Cs[1408]:=
272 429 462 563 416 ;
set Cs[1409]:=
416 164 520 380 285 552 ;
set Cs[1410]:=
446 519 110 49 586 489 487 ;
set Cs[1411]:=
348 424 625 106 258 570 ;
set Cs[1412]:=
578 349 304 362 409 ;
set Cs[1413]:=
62 123 41 179 555 7 273 ;
set Cs[1414]:=
375 38 579 19 360 504 576 ;
set Cs[1415]:=
19 551 388 146 493 299 176 ;
set Cs[1416]:=
504 230 105 203 83 ;
set Cs[1417]:=
548 536 590 477 169 ;
set Cs[1418]:=
467 490 533 56 414 ;
set Cs[1419]:=
151 493 499 410 440 ;
set Cs[1420]:=
403 564 185 447 96 539 602 ;
set Cs[1421]:=
228 18 381 604 157 229 ;
set Cs[1422]:=
287 139 92 218 436 238 102 ;
set Cs[1423]:=
61 365 457 561 504 190 322 ;
set Cs[1424]:=
65 201 111 165 282 ;
set Cs[1425]:=
454 573 444 191 235 ;
set Cs[1426]:=
616 67 321 542 36 522 ;
set Cs[1427]:=
88 488 509 286 465 ;
set Cs[1428]:=
404 62 492 565 13 ;
set Cs[1429]:=
235 494 30 22 538 611 375 ;
set Cs[1430]:=
112 87 299 312 593 ;
set Cs[1431]:=
207 358 389 479 612 520 415 ;
set Cs[1432]:=
218 350 499 75 324 ;
set Cs[1433]:=
177 435 244 605 446 ;
set Cs[1434]:=
501 303 443 346 253 ;
set Cs[1435]:=
447 65 52 494 356 335 309 ;
set Cs[1436]:=
171 233 160 169 102 ;
set Cs[1437]:=
610 456 220 75 526 169 544 ;
set Cs[1438]:=
343 107 580 480 433 ;
set Cs[1439]:=
97 341 553 107 448 438 ;
set Cs[1440]:=
244 34 298 164 50 55 67 ;
set Cs[1441]:=
468 332 604 315 36 23 342 ;
set Cs[1442]:=
498 386 5 513 602 ;
set Cs[1443]:=
342 121 18 150 484 ;
set Cs[1444]:=
430 599 363 410 227 568 266 ;
set Cs[1445]:=
246 209 371 266 614 160 ;
set Cs[1446]:=
555 369 7 274 443 ;
set Cs[1447]:=
299 271 542 580 331 202 608 ;
set Cs[1448]:=
229 448 383 12 123 367 ;
set Cs[1449]:=
138 91 521 145 547 255 ;
set Cs[1450]:=
51 618 185 104 406 451 ;
set Cs[1451]:=
472 72 560 378 145 151 ;
set Cs[1452]:=
170 562 126 184 587 ;
set Cs[1453]:=
194 103 220 273 335 ;
set Cs[1454]:=
468 339 554 480 313 545 497 ;
set Cs[1455]:=
527 310 219 558 183 509 465 ;
set Cs[1456]:=
251 515 603 96 28 108 254 ;
set Cs[1457]:=
80 223 512 292 167 ;
set Cs[1458]:=
335 241 116 211 518 414 ;
set Cs[1459]:=
114 560 299 139 160 500 ;
set Cs[1460]:=
541 605 203 446 241 507 ;
set Cs[1461]:=
279 180 61 600 478 75 ;
set Cs[1462]:=
625 67 467 509 224 69 223 ;
set Cs[1463]:=
577 310 443 355 472 ;
set Cs[1464]:=
597 470 569 330 387 40 ;
set Cs[1465]:=
4 596 304 454 501 214 ;
set Cs[1466]:=
421 547 155 553 149 209 ;
set Cs[1467]:=
302 24 523 320 277 7 552 ;
set Cs[1468]:=
360 456 523 398 198 99 145 ;
set Cs[1469]:=
388 402 390 336 355 413 356 ;
set Cs[1470]:=
212 458 573 344 483 98 ;
set Cs[1471]:=
545 559 115 509 84 603 257 ;
set Cs[1472]:=
60 120 235 394 113 42 134 ;
set Cs[1473]:=
18 85 418 484 292 364 189 ;
set Cs[1474]:=
135 196 163 595 596 ;
set Cs[1475]:=
367 593 18 348 530 229 114 ;
set Cs[1476]:=
139 29 227 61 617 476 ;
set Cs[1477]:=
350 568 221 355 136 ;
set Cs[1478]:=
192 567 173 75 596 176 277 ;
set Cs[1479]:=
160 232 485 169 322 113 ;
set Cs[1480]:=
340 495 64 130 460 315 ;
set Cs[1481]:=
199 424 139 117 227 255 273 ;
set Cs[1482]:=
56 609 51 115 162 76 316 ;
set Cs[1483]:=
174 177 29 301 392 ;
set Cs[1484]:=
367 422 205 92 492 596 ;
set Cs[1485]:=
610 104 282 356 6 489 394 ;
set Cs[1486]:=
541 151 166 433 438 ;
set Cs[1487]:=
317 321 338 421 360 ;
set Cs[1488]:=
448 34 189 584 472 200 ;
set Cs[1489]:=
583 37 489 79 396 118 ;
set Cs[1490]:=
533 301 214 252 337 40 524 ;
set Cs[1491]:=
72 29 198 240 74 ;
set Cs[1492]:=
320 448 211 568 199 47 104 ;
set Cs[1493]:=
563 97 221 491 96 204 ;
set Cs[1494]:=
615 409 552 578 98 610 502 ;
set Cs[1495]:=
142 248 370 512 526 439 ;
set Cs[1496]:=
280 449 24 162 497 ;
set Cs[1497]:=
560 597 341 569 242 154 590 ;
set Cs[1498]:=
4 596 492 164 347 204 ;
set Cs[1499]:=
194 158 232 178 618 ;
set Cs[1500]:=
202 94 136 523 469 547 561 ;

set Ra[1]:=
11 26 42 22 14 13 ;
set Ra[2]:=
17 49 46 ;
set Ra[3]:=
20 48 18 6 16 ;
set Ra[4]:=
50 ;
set Ra[5]:=
11 5 23 47 ;
set Ra[6]:=
26 18 ;
set Ra[7]:=
3 47 4 17 ;
set Ra[8]:=
34 48 ;
set Ra[9]:=
25 14 12 32 ;
set Ra[10]:=
12 ;
set Ra[11]:=
40 ;
set Ra[12]:=
15 34 ;
set Ra[13]:=
33 1 19 48 6 16 ;
set Ra[14]:=
32 25 ;
set Ra[15]:=
39 36 ;
set Ra[16]:=
3 27 ;
set Ra[17]:=
24 16 6 48 ;
set Ra[18]:=
31 ;
set Ra[19]:=
44 43 12 48 ;
set Ra[20]:=
13 10 22 21 1 9 ;
set Ra[21]:=
31 16 10 ;
set Ra[22]:=
30 10 19 2 18 7 ;
set Ra[23]:=
10 40 ;
set Ra[24]:=
19 14 44 25 33 50 ;
set Ra[25]:=
45 10 17 ;
set Ra[26]:=
28 23 39 19 ;
set Ra[27]:=
29 1 12 19 4 ;
set Ra[28]:=
12 41 32 13 ;
set Ra[29]:=
43 ;
set Ra[30]:=
39 48 26 30 ;
set Ra[31]:=
34 37 15 14 38 13 ;
set Ra[32]:=
9 10 ;
set Ra[33]:=
20 11 24 31 ;
set Ra[34]:=
22 27 48 ;
set Ra[35]:=
27 26 14 ;
set Ra[36]:=
19 49 28 3 22 ;
set Ra[37]:=
23 26 22 15 33 3 ;
set Ra[38]:=
17 44 5 ;
set Ra[39]:=
18 39 ;
set Ra[40]:=
46 ;
set Ra[41]:=
40 27 3 13 17 ;
set Ra[42]:=
49 39 34 ;
set Ra[43]:=
48 29 24 17 37 ;
set Ra[44]:=
37 ;
set Ra[45]:=
29 12 17 50 ;
set Ra[46]:=
39 32 13 ;
set Ra[47]:=
45 26 28 ;
set Ra[48]:=
25 49 35 37 ;
set Ra[49]:=
2 ;
set Ra[50]:=
26 ;
set Ra[51]:=
5 4 ;
set Ra[52]:=
40 5 10 45 1 ;
set Ra[53]:=
16 38 ;
set Ra[54]:=
2 34 38 48 ;
set Ra[55]:=
30 24 14 42 23 ;
set Ra[56]:=
23 21 44 2 7 19 ;
set Ra[57]:=
14 46 32 4 20 ;
set Ra[58]:=
31 32 11 33 26 ;
set Ra[59]:=
1 45 9 23 ;
set Ra[60]:=
10 23 17 25 46 20 ;
set Ra[61]:=
43 2 16 ;
set Ra[62]:=
46 22 ;
set Ra[63]:=
1 30 28 36 ;
set Ra[64]:=
25 7 26 40 17 3 ;
set Ra[65]:=
45 26 19 ;
set Ra[66]:=
16 43 ;
set Ra[67]:=
6 ;
set Ra[68]:=
24 8 49 ;
set Ra[69]:=
27 37 7 ;
set Ra[70]:=
36 19 ;
set Ra[71]:=
26 34 18 ;
set Ra[72]:=
4 33 ;
set Ra[73]:=
14 24 43 32 ;
set Ra[74]:=
27 22 31 ;
set Ra[75]:=
33 ;
set Ra[76]:=
18 49 24 29 43 ;
set Ra[77]:=
36 49 44 37 ;
set Ra[78]:=
38 14 6 3 4 45 ;
set Ra[79]:=
13 ;
set Ra[80]:=
13 25 21 11 1 6 ;
set Ra[81]:=
41 47 48 ;
set Ra[82]:=
42 37 17 6 5 13 ;
set Ra[83]:=
50 7 ;
set Ra[84]:=
6 44 7 15 ;
set Ra[85]:=
39 2 1 30 ;
set Ra[86]:=
6 ;
set Ra[87]:=
25 ;
set Ra[88]:=
38 50 12 ;
set Ra[89]:=
20 48 27 44 12 ;
set Ra[90]:=
12 36 6 ;
set Ra[91]:=
25 23 22 3 10 ;
set Ra[92]:=
29 17 42 ;
set Ra[93]:=
37 16 45 ;
set Ra[94]:=
15 38 48 13 ;
set Ra[95]:=
12 43 38 23 33 ;
set Ra[96]:=
25 18 47 24 3 ;
set Ra[97]:=
10 48 ;
set Ra[98]:=
29 12 ;
set Ra[99]:=
28 44 42 7 ;
set Ra[100]:=
42 ;
set Ra[101]:=
1 ;
set Ra[102]:=
10 23 ;
set Ra[103]:=
35 31 26 6 22 ;
set Ra[104]:=
15 11 29 ;
set Ra[105]:=
34 13 15 46 ;
set Ra[106]:=
47 24 ;
set Ra[107]:=
22 42 11 8 25 35 ;
set Ra[108]:=
21 16 ;
set Ra[109]:=
49 15 43 ;
set Ra[110]:=
49 8 30 24 47 ;
set Ra[111]:=
33 42 17 43 28 10 ;
set Ra[112]:=
8 33 24 17 26 32 ;
set Ra[113]:=
41 14 12 ;
set Ra[114]:=
37 ;
set Ra[115]:=
45 50 37 49 13 ;
set Ra[116]:=
21 41 30 34 33 ;
set Ra[117]:=
41 22 32 13 31 ;
set Ra[118]:=
28 5 ;
set Ra[119]:=
37 35 ;
set Ra[120]:=
43 46 ;
set Ra[121]:=
48 16 46 35 3 ;
set Ra[122]:=
13 ;
set Ra[123]:=
9 15 18 47 8 ;
set Ra[124]:=
7 ;
set Ra[125]:=
5 7 29 ;
set Ra[126]:=
37 17 26 31 ;
set Ra[127]:=
18 40 10 46 13 49 ;
set Ra[128]:=
20 48 9 8 25 29 ;
set Ra[129]:=
25 1 23 ;
set Ra[130]:=
18 28 24 37 13 9 ;
set Ra[131]:=
28 44 9 8 4 ;
set Ra[132]:=
34 ;
set Ra[133]:=
43 22 ;
set Ra[134]:=
50 10 38 35 26 ;
set Ra[135]:=
14 ;
set Ra[136]:=
31 39 28 47 42 ;
set Ra[137]:=
24 6 44 ;
set Ra[138]:=
5 40 14 10 20 43 ;
set Ra[139]:=
10 36 40 50 ;
set Ra[140]:=
32 9 30 ;
set Ra[141]:=
36 ;
set Ra[142]:=
21 ;
set Ra[143]:=
8 13 46 ;
set Ra[144]:=
10 43 24 ;
set Ra[145]:=
49 33 24 35 17 ;
set Ra[146]:=
27 47 19 ;
set Ra[147]:=
29 ;
set Ra[148]:=
22 46 19 6 32 ;
set Ra[149]:=
20 49 37 48 ;
set Ra[150]:=
6 3 12 37 31 ;
set Ra[151]:=
40 11 ;
set Ra[152]:=
32 7 ;
set Ra[153]:=
33 47 ;
set Ra[154]:=
6 ;
set Ra[155]:=
31 47 35 3 37 36 ;
set Ra[156]:=
44 22 1 28 43 ;
set Ra[157]:=
37 10 5 48 ;
set Ra[158]:=
14 10 44 9 34 ;
set Ra[159]:=
13 41 27 38 14 ;
set Ra[160]:=
2 26 7 44 19 ;
set Ra[161]:=
7 13 37 19 ;
set Ra[162]:=
33 8 5 48 40 31 ;
set Ra[163]:=
5 15 45 3 ;
set Ra[164]:=
23 21 8 48 22 ;
set Ra[165]:=
16 27 33 41 48 ;
set Ra[166]:=
14 3 38 5 11 ;
set Ra[167]:=
35 37 1 23 41 14 ;
set Ra[168]:=
49 8 ;
set Ra[169]:=
11 3 1 4 ;
set Ra[170]:=
22 26 10 41 28 15 ;
set Ra[171]:=
49 14 8 ;
set Ra[172]:=
10 8 22 ;
set Ra[173]:=
25 21 7 19 17 3 ;
set Ra[174]:=
41 ;
set Ra[175]:=
5 38 ;
set Ra[176]:=
7 ;
set Ra[177]:=
28 20 32 50 27 ;
set Ra[178]:=
43 48 28 14 38 ;
set Ra[179]:=
23 36 40 50 38 ;
set Ra[180]:=
3 48 46 ;
set Ra[181]:=
45 ;
set Ra[182]:=
42 ;
set Ra[183]:=
27 ;
set Ra[184]:=
31 ;
set Ra[185]:=
3 21 41 42 46 ;
set Ra[186]:=
31 2 ;
set Ra[187]:=
31 20 46 24 ;
set Ra[188]:=
50 19 21 17 48 2 ;
set Ra[189]:=
35 24 45 41 13 15 ;
set Ra[190]:=
23 ;
set Ra[191]:=
8 39 44 ;
set Ra[192]:=
44 33 19 40 46 ;
set Ra[193]:=
16 15 36 50 41 26 ;
set Ra[194]:=
41 14 40 20 ;
set Ra[195]:=
37 14 6 8 10 1 ;
set Ra[196]:=
39 29 ;
set Ra[197]:=
36 5 ;
set Ra[198]:=
8 1 5 42 45 21 ;
set Ra[199]:=
21 35 4 ;
set Ra[200]:=
22 31 9 24 36 45 ;
set Ra[201]:=
27 8 28 29 ;
set Ra[202]:=
12 7 23 5 2 17 ;
set Ra[203]:=
32 ;
set Ra[204]:=
19 45 8 29 3 ;
set Ra[205]:=
9 44 23 7 ;
set Ra[206]:=
14 29 25 39 ;
set Ra[207]:=
42 11 ;
set Ra[208]:=
3 31 35 ;
set Ra[209]:=
28 6 35 22 26 38 ;
set Ra[210]:=
44 42 48 10 20 ;
set Ra[211]:=
39 47 44 16 9 6 ;
set Ra[212]:=
16 14 2 33 9 ;
set Ra[213]:=
14 44 ;
set Ra[214]:=
22 48 11 2 24 47 ;
set Ra[215]:=
38 2 34 ;
set Ra[216]:=
25 48 28 16 7 ;
set Ra[217]:=
29 ;
set Ra[218]:=
7 9 45 15 ;
set Ra[219]:=
12 49 ;
set Ra[220]:=
49 ;
set Ra[221]:=
36 21 30 11 ;
set Ra[222]:=
29 12 37 32 26 4 ;
set Ra[223]:=
5 47 ;
set Ra[224]:=
10 11 23 46 16 4 ;
set Ra[225]:=
48 35 ;
set Ra[226]:=
38 1 35 ;
set Ra[227]:=
30 48 15 ;
set Ra[228]:=
21 32 42 37 5 ;
set Ra[229]:=
35 11 32 ;
set Ra[230]:=
38 49 2 ;
set Ra[231]:=
3 14 31 ;
set Ra[232]:=
23 24 32 ;
set Ra[233]:=
19 30 45 13 40 ;
set Ra[234]:=
4 47 16 27 21 14 ;
set Ra[235]:=
7 26 47 ;
set Ra[236]:=
16 45 31 9 37 2 ;
set Ra[237]:=
15 32 16 22 ;
set Ra[238]:=
29 ;
set Ra[239]:=
27 48 ;
set Ra[240]:=
13 5 2 41 ;
set Ra[241]:=
4 20 ;
set Ra[242]:=
2 33 47 ;
set Ra[243]:=
48 20 45 40 39 46 ;
set Ra[244]:=
50 48 45 10 40 ;
set Ra[245]:=
45 36 25 11 5 15 ;
set Ra[246]:=
18 44 11 46 19 6 ;
set Ra[247]:=
10 4 14 30 27 40 ;
set Ra[248]:=
19 43 48 29 34 21 ;
set Ra[249]:=
28 17 27 8 10 ;
set Ra[250]:=
48 38 21 ;
set Ra[251]:=
26 37 13 19 ;
set Ra[252]:=
19 ;
set Ra[253]:=
8 ;
set Ra[254]:=
46 36 35 49 39 ;
set Ra[255]:=
46 1 41 44 ;
set Ra[256]:=
44 34 19 50 41 38 ;
set Ra[257]:=
1 8 21 26 38 23 ;
set Ra[258]:=
14 12 ;
set Ra[259]:=
41 18 16 35 36 50 ;
set Ra[260]:=
19 32 47 12 30 ;
set Ra[261]:=
48 39 28 44 5 13 ;
set Ra[262]:=
9 35 3 50 1 37 ;
set Ra[263]:=
37 ;
set Ra[264]:=
43 ;
set Ra[265]:=
16 24 12 ;
set Ra[266]:=
46 ;
set Ra[267]:=
14 8 39 35 ;
set Ra[268]:=
46 ;
set Ra[269]:=
22 33 6 20 ;
set Ra[270]:=
47 15 22 40 19 ;
set Ra[271]:=
39 36 17 38 33 25 ;
set Ra[272]:=
15 41 ;
set Ra[273]:=
2 35 43 12 33 ;
set Ra[274]:=
26 33 43 46 44 ;
set Ra[275]:=
19 5 ;
set Ra[276]:=
10 47 26 36 48 8 ;
set Ra[277]:=
18 27 23 34 36 ;
set Ra[278]:=
44 10 41 12 29 ;
set Ra[279]:=
31 4 ;
set Ra[280]:=
46 1 7 16 ;
set Ra[281]:=
35 ;
set Ra[282]:=
40 23 4 29 24 ;
set Ra[283]:=
11 40 28 35 ;
set Ra[284]:=
30 9 6 46 ;
set Ra[285]:=
19 ;
set Ra[286]:=
3 7 ;
set Ra[287]:=
49 24 18 34 ;
set Ra[288]:=
39 35 42 36 ;
set Ra[289]:=
21 26 32 ;
set Ra[290]:=
4 ;
set Ra[291]:=
11 5 22 ;
set Ra[292]:=
37 12 ;
set Ra[293]:=
45 46 19 ;
set Ra[294]:=
48 22 45 10 3 ;
set Ra[295]:=
1 ;
set Ra[296]:=
5 13 ;
set Ra[297]:=
28 15 ;
set Ra[298]:=
48 ;
set Ra[299]:=
15 25 16 36 ;
set Ra[300]:=
32 ;
set Ra[301]:=
17 23 40 15 ;
set Ra[302]:=
10 45 ;
set Ra[303]:=
14 25 ;
set Ra[304]:=
8 31 29 13 30 ;
set Ra[305]:=
25 47 41 8 ;
set Ra[306]:=
47 13 18 44 7 ;
set Ra[307]:=
7 25 8 ;
set Ra[308]:=
17 50 5 6 25 ;
set Ra[309]:=
2 30 40 15 22 ;
set Ra[310]:=
11 4 48 37 43 21 ;
set Ra[311]:=
4 28 9 ;
set Ra[312]:=
3 40 11 2 15 ;
set Ra[313]:=
28 25 40 34 15 ;
set Ra[314]:=
13 33 25 7 38 27 ;
set Ra[315]:=
11 40 17 45 18 26 ;
set Ra[316]:=
6 32 3 ;
set Ra[317]:=
27 42 15 30 45 14 ;
set Ra[318]:=
14 8 33 34 18 23 ;
set Ra[319]:=
7 31 17 4 25 44 ;
set Ra[320]:=
25 1 12 42 28 ;
set Ra[321]:=
35 36 31 3 ;
set Ra[322]:=
17 ;
set Ra[323]:=
35 10 46 ;
set Ra[324]:=
13 35 43 1 24 29 ;
set Ra[325]:=
43 ;
set Ra[326]:=
8 ;
set Ra[327]:=
45 ;
set Ra[328]:=
39 15 46 35 7 ;
set Ra[329]:=
36 38 40 9 28 32 ;
set Ra[330]:=
6 8 17 10 48 ;
set Ra[331]:=
33 ;
set Ra[332]:=
23 11 5 ;
set Ra[333]:=
24 8 49 13 ;
set Ra[334]:=
29 44 41 9 10 23 ;
set Ra[335]:=
46 31 ;
set Ra[336]:=
14 39 32 ;
set Ra[337]:=
1 2 6 3 29 ;
set Ra[338]:=
42 23 13 19 ;
set Ra[339]:=
12 30 37 ;
set Ra[340]:=
20 23 ;
set Ra[341]:=
5 37 ;
set Ra[342]:=
19 28 ;
set Ra[343]:=
32 8 43 26 ;
set Ra[344]:=
48 50 45 19 23 ;
set Ra[345]:=
44 ;
set Ra[346]:=
47 20 35 48 12 10 ;
set Ra[347]:=
35 ;
set Ra[348]:=
16 36 39 38 ;
set Ra[349]:=
18 46 ;
set Ra[350]:=
14 17 18 ;
set Ra[351]:=
25 2 14 3 46 ;
set Ra[352]:=
36 ;
set Ra[353]:=
33 48 22 31 3 ;
set Ra[354]:=
50 44 16 46 40 45 ;
set Ra[355]:=
23 30 6 46 ;
set Ra[356]:=
41 ;
set Ra[357]:=
28 1 48 4 35 21 ;
set Ra[358]:=
29 45 42 50 40 ;
set Ra[359]:=
44 17 5 8 3 ;
set Ra[360]:=
3 39 12 26 ;
set Ra[361]:=
32 ;
set Ra[362]:=
2 21 38 ;
set Ra[363]:=
25 27 19 ;
set Ra[364]:=
2 24 19 17 16 37 ;
set Ra[365]:=
5 6 45 42 34 ;
set Ra[366]:=
21 6 32 ;
set Ra[367]:=
34 ;
set Ra[368]:=
22 35 11 ;
set Ra[369]:=
20 21 39 ;
set Ra[370]:=
12 1 4 27 47 ;
set Ra[371]:=
39 46 7 28 37 25 ;
set Ra[372]:=
10 26 ;
set Ra[373]:=
21 49 35 6 48 7 ;
set Ra[374]:=
16 ;
set Ra[375]:=
10 21 41 36 30 34 ;
set Ra[376]:=
38 24 11 ;
set Ra[377]:=
36 ;
set Ra[378]:=
12 26 43 ;
set Ra[379]:=
35 48 38 34 47 44 ;
set Ra[380]:=
20 32 41 47 6 14 ;
set Ra[381]:=
28 4 34 ;
set Ra[382]:=
11 ;
set Ra[383]:=
49 17 38 ;
set Ra[384]:=
48 32 ;
set Ra[385]:=
45 ;
set Ra[386]:=
9 3 2 15 ;
set Ra[387]:=
33 ;
set Ra[388]:=
21 49 26 22 41 ;
set Ra[389]:=
3 31 ;
set Ra[390]:=
43 ;
set Ra[391]:=
16 ;
set Ra[392]:=
28 32 ;
set Ra[393]:=
31 25 36 46 3 44 ;
set Ra[394]:=
4 49 45 25 33 ;
set Ra[395]:=
11 13 44 5 ;
set Ra[396]:=
11 29 41 15 47 ;
set Ra[397]:=
9 43 25 3 49 ;
set Ra[398]:=
4 30 40 ;
set Ra[399]:=
27 21 17 41 ;
set Ra[400]:=
9 3 18 14 26 ;
set Ra[401]:=
1 37 ;
set Ra[402]:=
12 ;
set Ra[403]:=
50 6 3 ;
set Ra[404]:=
22 47 ;
set Ra[405]:=
12 2 1 11 10 ;
set Ra[406]:=
48 13 33 41 22 ;
set Ra[407]:=
43 10 49 36 31 18 ;
set Ra[408]:=
17 42 ;
set Ra[409]:=
3 4 34 28 42 15 ;
set Ra[410]:=
43 45 35 49 ;
set Ra[411]:=
16 42 45 40 13 ;
set Ra[412]:=
5 ;
set Ra[413]:=
3 20 4 ;
set Ra[414]:=
36 38 10 17 24 ;
set Ra[415]:=
43 37 ;
set Ra[416]:=
6 19 17 37 ;
set Ra[417]:=
11 25 46 27 ;
set Ra[418]:=
45 ;
set Ra[419]:=
45 22 11 ;
set Ra[420]:=
43 11 ;
set Ra[421]:=
30 7 ;
set Ra[422]:=
11 29 13 ;
set Ra[423]:=
42 48 47 ;
set Ra[424]:=
42 ;
set Ra[425]:=
6 ;
set Ra[426]:=
13 45 32 ;
set Ra[427]:=
46 ;
set Ra[428]:=
39 49 3 37 36 ;
set Ra[429]:=
37 16 30 43 7 6 ;
set Ra[430]:=
19 30 15 36 35 ;
set Ra[431]:=
33 12 9 ;
set Ra[432]:=
23 27 19 40 41 ;
set Ra[433]:=
25 3 44 ;
set Ra[434]:=
50 26 41 36 12 3 ;
set Ra[435]:=
26 37 31 40 23 48 ;
set Ra[436]:=
18 50 43 42 ;
set Ra[437]:=
1 8 ;
set Ra[438]:=
40 32 48 23 ;
set Ra[439]:=
45 31 24 42 27 10 ;
set Ra[440]:=
34 29 47 39 19 ;
set Ra[441]:=
26 29 38 8 9 46 ;
set Ra[442]:=
23 13 ;
set Ra[443]:=
49 13 8 4 3 ;
set Ra[444]:=
10 7 ;
set Ra[445]:=
43 5 42 11 50 26 ;
set Ra[446]:=
2 ;
set Ra[447]:=
19 ;
set Ra[448]:=
8 30 6 33 ;
set Ra[449]:=
25 14 29 ;
set Ra[450]:=
8 ;
set Ra[451]:=
11 32 38 ;
set Ra[452]:=
29 ;
set Ra[453]:=
2 29 17 16 26 45 ;
set Ra[454]:=
16 35 48 1 10 8 ;
set Ra[455]:=
25 23 ;
set Ra[456]:=
12 ;
set Ra[457]:=
11 26 7 15 1 41 ;
set Ra[458]:=
10 15 35 16 4 ;
set Ra[459]:=
49 20 7 15 39 ;
set Ra[460]:=
9 3 38 24 44 ;
set Ra[461]:=
47 5 ;
set Ra[462]:=
38 23 ;
set Ra[463]:=
7 6 32 46 2 ;
set Ra[464]:=
26 50 31 ;
set Ra[465]:=
29 31 39 15 4 11 ;
set Ra[466]:=
21 45 14 28 ;
set Ra[467]:=
14 ;
set Ra[468]:=
5 14 8 17 18 20 ;
set Ra[469]:=
26 27 15 47 20 ;
set Ra[470]:=
46 13 43 9 23 33 ;
set Ra[471]:=
20 41 18 36 ;
set Ra[472]:=
41 45 47 18 19 12 ;
set Ra[473]:=
5 ;
set Ra[474]:=
46 43 ;
set Ra[475]:=
34 25 4 ;
set Ra[476]:=
50 43 ;
set Ra[477]:=
45 13 42 28 23 ;
set Ra[478]:=
16 ;
set Ra[479]:=
36 14 ;
set Ra[480]:=
17 ;
set Ra[481]:=
17 ;
set Ra[482]:=
23 3 ;
set Ra[483]:=
33 45 21 31 ;
set Ra[484]:=
6 38 ;
set Ra[485]:=
36 31 25 34 22 ;
set Ra[486]:=
8 19 48 ;
set Ra[487]:=
5 2 49 46 30 ;
set Ra[488]:=
26 ;
set Ra[489]:=
45 15 16 ;
set Ra[490]:=
49 9 28 13 43 ;
set Ra[491]:=
50 ;
set Ra[492]:=
3 14 36 17 ;
set Ra[493]:=
36 43 23 27 49 14 ;
set Ra[494]:=
14 21 15 43 13 18 ;
set Ra[495]:=
44 22 33 37 17 7 ;
set Ra[496]:=
30 21 39 38 5 ;
set Ra[497]:=
11 24 ;
set Ra[498]:=
37 6 40 ;
set Ra[499]:=
23 5 47 34 22 21 ;
set Ra[500]:=
45 ;
set Ra[501]:=
25 28 12 5 42 ;
set Ra[502]:=
19 17 22 42 ;
set Ra[503]:=
25 14 15 20 29 ;
set Ra[504]:=
12 31 24 45 ;
set Ra[505]:=
30 33 38 36 41 ;
set Ra[506]:=
50 15 42 33 43 24 ;
set Ra[507]:=
43 10 33 ;
set Ra[508]:=
18 5 3 ;
set Ra[509]:=
46 48 38 28 ;
set Ra[510]:=
25 49 30 11 24 9 ;
set Ra[511]:=
42 10 50 33 ;
set Ra[512]:=
41 35 28 14 ;
set Ra[513]:=
32 4 ;
set Ra[514]:=
44 ;
set Ra[515]:=
30 13 37 ;
set Ra[516]:=
35 42 11 36 ;
set Ra[517]:=
15 1 ;
set Ra[518]:=
33 25 48 24 28 ;
set Ra[519]:=
3 ;
set Ra[520]:=
18 ;
set Ra[521]:=
38 29 46 10 ;
set Ra[522]:=
5 26 19 46 25 32 ;
set Ra[523]:=
32 4 31 35 30 18 ;
set Ra[524]:=
34 13 22 ;
set Ra[525]:=
27 41 33 47 50 ;
set Ra[526]:=
4 36 30 12 ;
set Ra[527]:=
13 ;
set Ra[528]:=
16 ;
set Ra[529]:=
21 28 23 49 ;
set Ra[530]:=
38 43 36 ;
set Ra[531]:=
26 25 22 6 21 31 ;
set Ra[532]:=
47 45 11 ;
set Ra[533]:=
49 45 10 27 24 ;
set Ra[534]:=
17 ;
set Ra[535]:=
31 10 ;
set Ra[536]:=
37 27 21 ;
set Ra[537]:=
43 15 3 7 ;
set Ra[538]:=
38 41 23 3 15 42 ;
set Ra[539]:=
45 10 49 5 ;
set Ra[540]:=
44 ;
set Ra[541]:=
3 9 ;
set Ra[542]:=
36 30 11 25 14 ;
set Ra[543]:=
44 38 47 9 32 ;
set Ra[544]:=
22 30 48 1 ;
set Ra[545]:=
18 23 2 8 12 ;
set Ra[546]:=
7 43 29 11 1 25 ;
set Ra[547]:=
42 4 41 24 3 ;
set Ra[548]:=
26 ;
set Ra[549]:=
46 ;
set Ra[550]:=
1 19 49 21 4 41 ;
set Ra[551]:=
32 16 ;
set Ra[552]:=
14 33 17 ;
set Ra[553]:=
8 3 ;
set Ra[554]:=
1 43 41 10 31 33 ;
set Ra[555]:=
22 ;
set Ra[556]:=
28 27 2 24 4 34 ;
set Ra[557]:=
7 ;
set Ra[558]:=
20 1 24 32 19 ;
set Ra[559]:=
28 11 19 9 ;
set Ra[560]:=
25 11 22 33 14 15 ;
set Ra[561]:=
3 41 9 2 32 13 ;
set Ra[562]:=
36 18 37 32 14 ;
set Ra[563]:=
43 1 ;
set Ra[564]:=
6 29 24 30 ;
set Ra[565]:=
50 27 36 ;
set Ra[566]:=
14 46 40 ;
set Ra[567]:=
25 24 8 23 40 ;
set Ra[568]:=
50 42 16 49 ;
set Ra[569]:=
29 2 49 ;
set Ra[570]:=
25 15 7 46 31 ;
set Ra[571]:=
31 ;
set Ra[572]:=
29 30 25 19 ;
set Ra[573]:=
6 ;
set Ra[574]:=
3 1 41 40 ;
set Ra[575]:=
42 40 ;
set Ra[576]:=
45 29 ;
set Ra[577]:=
42 33 39 25 16 ;
set Ra[578]:=
34 ;
set Ra[579]:=
34 5 3 ;
set Ra[580]:=
24 16 49 40 13 ;
set Ra[581]:=
24 14 23 17 ;
set Ra[582]:=
10 ;
set Ra[583]:=
7 1 ;
set Ra[584]:=
4 41 16 11 ;
set Ra[585]:=
9 26 31 ;
set Ra[586]:=
12 34 ;
set Ra[587]:=
29 3 48 ;
set Ra[588]:=
37 ;
set Ra[589]:=
39 35 45 31 25 ;
set Ra[590]:=
23 8 5 ;
set Ra[591]:=
12 17 33 41 42 ;
set Ra[592]:=
39 23 6 ;
set Ra[593]:=
40 39 36 11 43 4 ;
set Ra[594]:=
33 ;
set Ra[595]:=
4 7 22 23 34 48 ;
set Ra[596]:=
45 46 30 23 16 ;
set Ra[597]:=
23 ;
set Ra[598]:=
50 23 19 2 ;
set Ra[599]:=
25 4 ;
set Ra[600]:=
35 48 49 39 ;
set Ra[601]:=
12 ;
set Ra[602]:=
35 47 ;
set Ra[603]:=
31 38 ;
set Ra[604]:=
4 29 31 ;
set Ra[605]:=
22 ;
set Ra[606]:=
24 22 2 ;
set Ra[607]:=
7 23 11 16 44 14 ;
set Ra[608]:=
45 10 30 15 38 ;
set Ra[609]:=
32 2 5 14 28 13 ;
set Ra[610]:=
40 31 47 3 ;
set Ra[611]:=
21 ;
set Ra[612]:=
27 50 ;
set Ra[613]:=
8 ;
set Ra[614]:=
43 42 3 ;
set Ra[615]:=
7 8 ;
set Ra[616]:=
31 ;
set Ra[617]:=
7 21 25 45 20 18 ;
set Ra[618]:=
28 14 18 22 13 37 ;
set Ra[619]:=
48 9 44 50 ;
set Ra[620]:=
5 15 9 13 34 ;
set Ra[621]:=
47 ;
set Ra[622]:=
42 ;
set Ra[623]:=
49 44 14 7 18 ;
set Ra[624]:=
40 12 42 8 29 ;
set Ra[625]:=
43 38 12 ;
set Ra[626]:=
31 2 ;
set Ra[627]:=
2 3 ;
set Ra[628]:=
16 48 34 24 45 ;
set Ra[629]:=
28 8 4 ;
set Ra[630]:=
35 24 3 9 ;
set Ra[631]:=
25 29 50 15 40 5 ;
set Ra[632]:=
32 47 ;
set Ra[633]:=
40 2 ;
set Ra[634]:=
37 2 8 50 24 14 ;
set Ra[635]:=
43 6 35 18 25 ;
set Ra[636]:=
49 46 33 8 12 44 ;
set Ra[637]:=
41 5 7 14 ;
set Ra[638]:=
40 33 36 ;
set Ra[639]:=
20 ;
set Ra[640]:=
29 ;
set Ra[641]:=
8 44 14 2 33 19 ;
set Ra[642]:=
33 21 27 7 44 ;
set Ra[643]:=
45 40 50 22 18 2 ;
set Ra[644]:=
27 31 8 30 7 ;
set Ra[645]:=
50 43 49 11 29 ;
set Ra[646]:=
6 ;
set Ra[647]:=
49 17 ;
set Ra[648]:=
22 1 ;
set Ra[649]:=
45 36 38 37 ;
set Ra[650]:=
5 9 ;
set Ra[651]:=
3 46 21 4 1 ;
set Ra[652]:=
10 17 22 ;
set Ra[653]:=
31 ;
set Ra[654]:=
22 42 9 40 ;
set Ra[655]:=
6 2 25 ;
set Ra[656]:=
17 50 3 11 ;
set Ra[657]:=
16 ;
set Ra[658]:=
13 31 37 ;
set Ra[659]:=
26 39 ;
set Ra[660]:=
33 31 46 ;
set Ra[661]:=
34 14 47 ;
set Ra[662]:=
43 23 39 44 4 ;
set Ra[663]:=
47 32 28 7 15 31 ;
set Ra[664]:=
35 45 11 7 ;
set Ra[665]:=
46 ;
set Ra[666]:=
30 39 ;
set Ra[667]:=
33 12 17 13 10 6 ;
set Ra[668]:=
41 5 17 ;
set Ra[669]:=
30 25 ;
set Ra[670]:=
36 ;
set Ra[671]:=
3 11 8 ;
set Ra[672]:=
48 ;
set Ra[673]:=
10 ;
set Ra[674]:=
18 8 42 27 ;
set Ra[675]:=
17 30 42 ;
set Ra[676]:=
31 5 ;
set Ra[677]:=
42 ;
set Ra[678]:=
21 28 22 20 43 ;
set Ra[679]:=
12 4 10 46 ;
set Ra[680]:=
8 7 ;
set Ra[681]:=
13 44 16 ;
set Ra[682]:=
37 21 16 44 5 ;
set Ra[683]:=
20 ;
set Ra[684]:=
13 4 34 16 41 11 ;
set Ra[685]:=
18 12 49 36 ;
set Ra[686]:=
26 25 ;
set Ra[687]:=
45 30 2 17 ;
set Ra[688]:=
43 35 21 30 ;
set Ra[689]:=
40 36 ;
set Ra[690]:=
30 38 23 14 ;
set Ra[691]:=
20 43 6 ;
set Ra[692]:=
47 41 38 9 36 16 ;
set Ra[693]:=
34 ;
set Ra[694]:=
14 36 ;
set Ra[695]:=
37 31 ;
set Ra[696]:=
5 11 33 45 ;
set Ra[697]:=
26 12 32 1 ;
set Ra[698]:=
46 38 3 ;
set Ra[699]:=
9 5 14 12 36 ;
set Ra[700]:=
48 ;
set Ra[701]:=
36 1 10 38 15 ;
set Ra[702]:=
20 39 7 3 34 ;
set Ra[703]:=
18 17 24 ;
set Ra[704]:=
30 12 19 ;
set Ra[705]:=
22 ;
set Ra[706]:=
16 28 20 ;
set Ra[707]:=
30 21 27 38 16 15 ;
set Ra[708]:=
10 24 21 ;
set Ra[709]:=
33 ;
set Ra[710]:=
14 ;
set Ra[711]:=
37 36 ;
set Ra[712]:=
48 22 39 ;
set Ra[713]:=
28 ;
set Ra[714]:=
21 27 33 28 ;
set Ra[715]:=
35 3 ;
set Ra[716]:=
12 3 31 ;
set Ra[717]:=
30 42 6 16 15 41 ;
set Ra[718]:=
30 9 46 ;
set Ra[719]:=
33 ;
set Ra[720]:=
20 ;
set Ra[721]:=
8 39 ;
set Ra[722]:=
32 38 3 ;
set Ra[723]:=
10 43 9 ;
set Ra[724]:=
40 37 1 48 7 ;
set Ra[725]:=
1 32 36 17 ;
set Ra[726]:=
50 11 34 28 18 ;
set Ra[727]:=
46 7 ;
set Ra[728]:=
44 22 29 2 ;
set Ra[729]:=
18 49 19 50 ;
set Ra[730]:=
46 5 6 21 11 1 ;
set Ra[731]:=
3 13 ;
set Ra[732]:=
1 42 43 ;
set Ra[733]:=
27 47 39 ;
set Ra[734]:=
49 ;
set Ra[735]:=
16 9 6 21 39 45 ;
set Ra[736]:=
25 8 3 34 ;
set Ra[737]:=
10 ;
set Ra[738]:=
17 9 45 27 4 ;
set Ra[739]:=
50 45 37 23 17 ;
set Ra[740]:=
6 46 8 39 ;
set Ra[741]:=
16 10 12 33 45 35 ;
set Ra[742]:=
10 16 13 26 ;
set Ra[743]:=
41 ;
set Ra[744]:=
5 24 21 1 23 ;
set Ra[745]:=
3 45 9 ;
set Ra[746]:=
27 ;
set Ra[747]:=
36 ;
set Ra[748]:=
21 23 11 31 15 ;
set Ra[749]:=
19 27 38 5 3 ;
set Ra[750]:=
20 37 32 25 18 13 ;
set Ra[751]:=
28 27 49 43 ;
set Ra[752]:=
21 8 ;
set Ra[753]:=
30 ;
set Ra[754]:=
43 45 ;
set Ra[755]:=
20 45 5 4 21 7 ;
set Ra[756]:=
28 30 ;
set Ra[757]:=
42 22 7 40 19 41 ;
set Ra[758]:=
38 16 ;
set Ra[759]:=
17 41 ;
set Ra[760]:=
10 33 24 18 29 20 ;
set Ra[761]:=
8 44 10 27 ;
set Ra[762]:=
22 44 12 47 ;
set Ra[763]:=
43 25 37 20 2 ;
set Ra[764]:=
38 43 ;
set Ra[765]:=
44 23 31 32 ;
set Ra[766]:=
31 ;
set Ra[767]:=
14 24 16 ;
set Ra[768]:=
23 4 18 ;
set Ra[769]:=
33 21 27 8 6 ;
set Ra[770]:=
50 5 31 4 26 34 ;
set Ra[771]:=
16 18 10 ;
set Ra[772]:=
11 ;
set Ra[773]:=
5 ;
set Ra[774]:=
48 ;
set Ra[775]:=
50 40 ;
set Ra[776]:=
45 38 47 4 ;
set Ra[777]:=
50 ;
set Ra[778]:=
30 32 43 20 ;
set Ra[779]:=
33 23 21 ;
set Ra[780]:=
26 15 44 ;
set Ra[781]:=
34 42 1 17 35 ;
set Ra[782]:=
14 35 ;
set Ra[783]:=
38 46 24 39 ;
set Ra[784]:=
12 3 ;
set Ra[785]:=
3 50 ;
set Ra[786]:=
29 ;
set Ra[787]:=
38 20 29 47 11 ;
set Ra[788]:=
30 43 22 28 10 34 ;
set Ra[789]:=
47 26 ;
set Ra[790]:=
8 33 ;
set Ra[791]:=
7 12 40 3 49 ;
set Ra[792]:=
4 8 49 24 26 9 ;
set Ra[793]:=
43 42 ;
set Ra[794]:=
16 13 22 20 ;
set Ra[795]:=
15 7 12 3 6 ;
set Ra[796]:=
42 ;
set Ra[797]:=
1 47 34 ;
set Ra[798]:=
19 13 8 10 43 ;
set Ra[799]:=
48 2 ;
set Ra[800]:=
11 12 32 ;
set Ra[801]:=
6 1 24 41 13 22 ;
set Ra[802]:=
38 40 4 6 31 22 ;
set Ra[803]:=
18 24 17 ;
set Ra[804]:=
19 46 25 7 ;
set Ra[805]:=
10 13 5 8 45 ;
set Ra[806]:=
26 ;
set Ra[807]:=
26 37 3 10 9 30 ;
set Ra[808]:=
26 44 34 ;
set Ra[809]:=
26 17 38 20 48 27 ;
set Ra[810]:=
9 11 39 2 ;
set Ra[811]:=
48 ;
set Ra[812]:=
33 29 38 8 1 ;
set Ra[813]:=
29 4 36 ;
set Ra[814]:=
43 3 22 11 21 9 ;
set Ra[815]:=
48 20 49 41 9 44 ;
set Ra[816]:=
21 14 ;
set Ra[817]:=
3 26 35 23 21 ;
set Ra[818]:=
25 29 35 7 28 ;
set Ra[819]:=
14 ;
set Ra[820]:=
4 ;
set Ra[821]:=
35 43 33 32 ;
set Ra[822]:=
35 2 ;
set Ra[823]:=
18 ;
set Ra[824]:=
16 33 49 ;
set Ra[825]:=
16 10 ;
set Ra[826]:=
7 26 18 8 31 ;
set Ra[827]:=
31 23 32 26 ;
set Ra[828]:=
23 39 17 25 18 13 ;
set Ra[829]:=
47 39 34 ;
set Ra[830]:=
42 28 47 39 ;
set Ra[831]:=
24 45 25 18 14 ;
set Ra[832]:=
50 12 5 15 ;
set Ra[833]:=
47 46 29 ;
set Ra[834]:=
3 ;
set Ra[835]:=
9 36 25 ;
set Ra[836]:=
16 38 7 ;
set Ra[837]:=
18 ;
set Ra[838]:=
20 9 16 11 33 ;
set Ra[839]:=
14 6 32 31 24 ;
set Ra[840]:=
9 38 40 45 10 34 ;
set Ra[841]:=
1 ;
set Ra[842]:=
6 36 ;
set Ra[843]:=
3 1 26 21 ;
set Ra[844]:=
7 40 5 ;
set Ra[845]:=
32 ;
set Ra[846]:=
29 10 12 27 42 ;
set Ra[847]:=
39 34 18 ;
set Ra[848]:=
12 23 33 27 42 ;
set Ra[849]:=
8 ;
set Ra[850]:=
37 12 43 14 21 42 ;
set Ra[851]:=
46 37 14 ;
set Ra[852]:=
49 42 14 40 35 45 ;
set Ra[853]:=
1 ;
set Ra[854]:=
24 15 18 1 33 29 ;
set Ra[855]:=
5 ;
set Ra[856]:=
40 13 12 15 48 ;
set Ra[857]:=
49 8 3 20 37 ;
set Ra[858]:=
16 37 36 49 26 ;
set Ra[859]:=
8 ;
set Ra[860]:=
10 ;
set Ra[861]:=
43 11 27 ;
set Ra[862]:=
28 ;
set Ra[863]:=
18 42 24 15 47 40 ;
set Ra[864]:=
6 49 1 17 34 39 ;
set Ra[865]:=
16 33 4 ;
set Ra[866]:=
31 ;
set Ra[867]:=
22 41 ;
set Ra[868]:=
17 ;
set Ra[869]:=
19 10 8 13 7 ;
set Ra[870]:=
17 47 5 41 50 ;
set Ra[871]:=
14 20 37 11 ;
set Ra[872]:=
18 31 43 34 6 ;
set Ra[873]:=
39 35 ;
set Ra[874]:=
24 28 18 36 ;
set Ra[875]:=
32 26 28 34 43 42 ;
set Ra[876]:=
27 7 23 ;
set Ra[877]:=
7 17 ;
set Ra[878]:=
8 12 30 21 11 46 ;
set Ra[879]:=
21 ;
set Ra[880]:=
31 37 29 6 ;
set Ra[881]:=
18 11 49 4 3 ;
set Ra[882]:=
35 45 29 8 7 ;
set Ra[883]:=
4 28 14 2 7 ;
set Ra[884]:=
40 50 16 ;
set Ra[885]:=
30 ;
set Ra[886]:=
21 30 39 33 ;
set Ra[887]:=
32 15 ;
set Ra[888]:=
29 21 41 ;
set Ra[889]:=
29 33 36 10 ;
set Ra[890]:=
50 41 ;
set Ra[891]:=
3 ;
set Ra[892]:=
37 32 ;
set Ra[893]:=
45 46 26 25 34 ;
set Ra[894]:=
18 ;
set Ra[895]:=
43 48 29 46 ;
set Ra[896]:=
39 32 7 45 15 ;
set Ra[897]:=
41 32 ;
set Ra[898]:=
22 3 15 45 29 ;
set Ra[899]:=
44 4 40 ;
set Ra[900]:=
28 5 23 29 6 ;
set Ra[901]:=
6 ;
set Ra[902]:=
34 7 36 42 ;
set Ra[903]:=
48 5 23 47 ;
set Ra[904]:=
36 48 45 35 41 11 ;
set Ra[905]:=
21 25 11 9 5 20 ;
set Ra[906]:=
11 ;
set Ra[907]:=
30 ;
set Ra[908]:=
6 15 ;
set Ra[909]:=
35 40 8 31 37 ;
set Ra[910]:=
21 16 36 ;
set Ra[911]:=
1 45 21 36 19 ;
set Ra[912]:=
22 25 27 ;
set Ra[913]:=
13 41 28 ;
set Ra[914]:=
19 ;
set Ra[915]:=
1 49 47 12 26 29 ;
set Ra[916]:=
5 50 24 10 8 28 ;
set Ra[917]:=
31 12 ;
set Ra[918]:=
43 50 17 ;
set Ra[919]:=
3 49 26 17 6 ;
set Ra[920]:=
50 32 4 22 28 2 ;
set Ra[921]:=
24 36 40 ;
set Ra[922]:=
28 36 3 46 ;
set Ra[923]:=
12 35 ;
set Ra[924]:=
7 17 ;
set Ra[925]:=
49 ;
set Ra[926]:=
23 6 1 13 14 42 ;
set Ra[927]:=
12 ;
set Ra[928]:=
14 4 20 43 ;
set Ra[929]:=
7 16 40 33 ;
set Ra[930]:=
42 ;
set Ra[931]:=
13 22 35 ;
set Ra[932]:=
17 28 24 32 ;
set Ra[933]:=
17 ;
set Ra[934]:=
8 9 27 29 40 ;
set Ra[935]:=
20 14 ;
set Ra[936]:=
26 42 35 14 ;
set Ra[937]:=
32 6 43 11 34 47 ;
set Ra[938]:=
24 28 44 47 ;
set Ra[939]:=
25 1 19 ;
set Ra[940]:=
45 21 43 ;
set Ra[941]:=
6 31 37 ;
set Ra[942]:=
35 8 5 ;
set Ra[943]:=
44 10 22 18 ;
set Ra[944]:=
21 38 5 43 ;
set Ra[945]:=
13 16 31 39 27 ;
set Ra[946]:=
32 ;
set Ra[947]:=
4 28 50 32 ;
set Ra[948]:=
31 17 12 37 ;
set Ra[949]:=
23 27 46 ;
set Ra[950]:=
47 ;
set Ra[951]:=
30 50 16 35 10 ;
set Ra[952]:=
22 27 8 44 5 ;
set Ra[953]:=
36 38 24 45 50 30 ;
set Ra[954]:=
1 16 32 15 12 26 ;
set Ra[955]:=
42 29 20 ;
set Ra[956]:=
45 21 12 ;
set Ra[957]:=
41 43 19 12 27 23 ;
set Ra[958]:=
11 46 16 ;
set Ra[959]:=
46 11 27 5 36 40 ;
set Ra[960]:=
37 48 6 ;
set Ra[961]:=
15 37 10 ;
set Ra[962]:=
9 25 14 13 ;
set Ra[963]:=
19 10 45 ;
set Ra[964]:=
32 29 43 13 42 8 ;
set Ra[965]:=
19 6 25 4 39 ;
set Ra[966]:=
9 15 34 24 ;
set Ra[967]:=
11 47 ;
set Ra[968]:=
34 ;
set Ra[969]:=
42 50 30 1 49 35 ;
set Ra[970]:=
25 ;
set Ra[971]:=
22 49 28 8 1 12 ;
set Ra[972]:=
12 5 30 ;
set Ra[973]:=
8 ;
set Ra[974]:=
47 15 48 31 34 8 ;
set Ra[975]:=
8 7 ;
set Ra[976]:=
47 17 ;
set Ra[977]:=
4 30 11 8 37 38 ;
set Ra[978]:=
50 ;
set Ra[979]:=
33 ;
set Ra[980]:=
6 16 7 34 ;
set Ra[981]:=
29 18 35 49 32 ;
set Ra[982]:=
33 37 27 ;
set Ra[983]:=
8 31 7 10 3 ;
set Ra[984]:=
1 18 40 47 ;
set Ra[985]:=
42 48 20 28 ;
set Ra[986]:=
35 47 28 2 6 50 ;
set Ra[987]:=
49 1 43 ;
set Ra[988]:=
48 10 26 14 28 ;
set Ra[989]:=
32 ;
set Ra[990]:=
32 46 27 39 20 ;
set Ra[991]:=
43 3 21 ;
set Ra[992]:=
41 ;
set Ra[993]:=
44 32 18 10 ;
set Ra[994]:=
9 29 39 31 ;
set Ra[995]:=
21 47 41 ;
set Ra[996]:=
23 12 ;
set Ra[997]:=
36 27 11 17 14 ;
set Ra[998]:=
20 34 17 38 48 18 ;
set Ra[999]:=
46 22 ;
set Ra[1000]:=
27 25 23 20 38 ;
set Ra[1001]:=
1 36 33 39 ;
set Ra[1002]:=
34 17 49 ;
set Ra[1003]:=
15 26 ;
set Ra[1004]:=
10 20 11 12 ;
set Ra[1005]:=
50 18 10 32 27 ;
set Ra[1006]:=
8 ;
set Ra[1007]:=
39 27 37 11 ;
set Ra[1008]:=
25 46 ;
set Ra[1009]:=
19 ;
set Ra[1010]:=
30 3 46 ;
set Ra[1011]:=
15 3 5 12 ;
set Ra[1012]:=
3 44 4 2 35 ;
set Ra[1013]:=
14 8 ;
set Ra[1014]:=
8 ;
set Ra[1015]:=
8 48 29 6 31 2 ;
set Ra[1016]:=
23 29 ;
set Ra[1017]:=
8 37 28 ;
set Ra[1018]:=
6 ;
set Ra[1019]:=
31 38 44 25 17 ;
set Ra[1020]:=
26 ;
set Ra[1021]:=
36 ;
set Ra[1022]:=
48 32 34 ;
set Ra[1023]:=
46 16 9 38 48 ;
set Ra[1024]:=
21 16 ;
set Ra[1025]:=
28 38 43 46 22 27 ;
set Ra[1026]:=
18 2 48 23 ;
set Ra[1027]:=
34 22 ;
set Ra[1028]:=
34 ;
set Ra[1029]:=
25 43 ;
set Ra[1030]:=
42 15 ;
set Ra[1031]:=
22 15 46 28 45 ;
set Ra[1032]:=
14 13 ;
set Ra[1033]:=
13 46 49 18 40 ;
set Ra[1034]:=
21 40 ;
set Ra[1035]:=
31 ;
set Ra[1036]:=
9 8 20 24 11 14 ;
set Ra[1037]:=
33 18 14 32 47 ;
set Ra[1038]:=
20 4 43 26 ;
set Ra[1039]:=
34 ;
set Ra[1040]:=
11 25 ;
set Ra[1041]:=
18 45 46 29 47 5 ;
set Ra[1042]:=
43 45 19 26 11 ;
set Ra[1043]:=
47 ;
set Ra[1044]:=
27 ;
set Ra[1045]:=
20 44 27 43 5 28 ;
set Ra[1046]:=
39 32 42 31 28 ;
set Ra[1047]:=
14 19 35 ;
set Ra[1048]:=
9 10 27 49 42 35 ;
set Ra[1049]:=
21 32 ;
set Ra[1050]:=
15 ;
set Ra[1051]:=
29 43 24 ;
set Ra[1052]:=
34 2 9 12 35 ;
set Ra[1053]:=
13 18 19 ;
set Ra[1054]:=
48 7 25 35 41 ;
set Ra[1055]:=
1 11 29 30 ;
set Ra[1056]:=
16 8 33 ;
set Ra[1057]:=
15 46 48 1 20 34 ;
set Ra[1058]:=
23 38 32 14 4 ;
set Ra[1059]:=
49 34 10 6 4 31 ;
set Ra[1060]:=
47 ;
set Ra[1061]:=
30 ;
set Ra[1062]:=
40 20 ;
set Ra[1063]:=
48 ;
set Ra[1064]:=
19 6 17 29 49 ;
set Ra[1065]:=
28 31 35 48 19 45 ;
set Ra[1066]:=
2 32 ;
set Ra[1067]:=
10 15 26 37 1 ;
set Ra[1068]:=
31 26 ;
set Ra[1069]:=
4 13 33 ;
set Ra[1070]:=
26 29 3 24 ;
set Ra[1071]:=
9 46 2 10 30 ;
set Ra[1072]:=
23 49 1 7 30 12 ;
set Ra[1073]:=
34 50 39 ;
set Ra[1074]:=
17 6 30 21 28 ;
set Ra[1075]:=
37 4 32 9 ;
set Ra[1076]:=
37 49 50 ;
set Ra[1077]:=
44 33 45 ;
set Ra[1078]:=
18 24 12 39 8 45 ;
set Ra[1079]:=
11 3 35 21 19 ;
set Ra[1080]:=
46 1 12 9 37 24 ;
set Ra[1081]:=
33 19 ;
set Ra[1082]:=
15 44 ;
set Ra[1083]:=
36 16 9 ;
set Ra[1084]:=
14 37 7 23 36 ;
set Ra[1085]:=
9 10 12 29 24 30 ;
set Ra[1086]:=
41 30 40 ;
set Ra[1087]:=
50 5 27 3 7 43 ;
set Ra[1088]:=
5 32 ;
set Ra[1089]:=
45 22 9 7 ;
set Ra[1090]:=
43 2 46 28 ;
set Ra[1091]:=
40 43 36 ;
set Ra[1092]:=
11 ;
set Ra[1093]:=
49 28 21 43 16 12 ;
set Ra[1094]:=
13 18 26 39 ;
set Ra[1095]:=
44 39 6 3 32 8 ;
set Ra[1096]:=
5 33 34 ;
set Ra[1097]:=
20 45 30 31 40 7 ;
set Ra[1098]:=
17 ;
set Ra[1099]:=
6 50 17 48 27 18 ;
set Ra[1100]:=
7 11 3 45 16 ;
set Ra[1101]:=
37 ;
set Ra[1102]:=
42 43 13 41 48 45 ;
set Ra[1103]:=
10 26 5 20 48 ;
set Ra[1104]:=
24 35 ;
set Ra[1105]:=
15 19 ;
set Ra[1106]:=
41 45 4 12 ;
set Ra[1107]:=
48 25 ;
set Ra[1108]:=
14 31 36 23 2 ;
set Ra[1109]:=
33 32 4 8 42 47 ;
set Ra[1110]:=
16 2 36 10 ;
set Ra[1111]:=
4 42 10 11 12 ;
set Ra[1112]:=
41 ;
set Ra[1113]:=
24 ;
set Ra[1114]:=
33 8 42 50 39 ;
set Ra[1115]:=
42 1 16 49 38 4 ;
set Ra[1116]:=
10 23 49 1 45 38 ;
set Ra[1117]:=
13 31 45 30 ;
set Ra[1118]:=
48 40 19 ;
set Ra[1119]:=
13 9 ;
set Ra[1120]:=
9 43 18 31 12 23 ;
set Ra[1121]:=
18 23 ;
set Ra[1122]:=
4 ;
set Ra[1123]:=
38 3 45 10 5 25 ;
set Ra[1124]:=
48 ;
set Ra[1125]:=
27 ;
set Ra[1126]:=
29 15 28 1 32 48 ;
set Ra[1127]:=
47 ;
set Ra[1128]:=
50 31 30 40 ;
set Ra[1129]:=
3 28 24 35 ;
set Ra[1130]:=
8 50 17 45 25 ;
set Ra[1131]:=
19 ;
set Ra[1132]:=
8 21 5 ;
set Ra[1133]:=
28 32 33 26 25 3 ;
set Ra[1134]:=
9 50 43 5 20 ;
set Ra[1135]:=
38 16 ;
set Ra[1136]:=
24 28 4 20 ;
set Ra[1137]:=
8 13 35 32 ;
set Ra[1138]:=
31 ;
set Ra[1139]:=
20 ;
set Ra[1140]:=
24 18 33 42 ;
set Ra[1141]:=
20 1 3 35 26 ;
set Ra[1142]:=
39 ;
set Ra[1143]:=
36 49 24 42 ;
set Ra[1144]:=
12 22 5 46 37 26 ;
set Ra[1145]:=
7 ;
set Ra[1146]:=
47 18 7 10 3 ;
set Ra[1147]:=
2 42 4 24 31 48 ;
set Ra[1148]:=
10 3 ;
set Ra[1149]:=
6 24 44 25 47 9 ;
set Ra[1150]:=
37 19 18 47 41 ;
set Ra[1151]:=
22 47 35 9 45 ;
set Ra[1152]:=
42 8 22 25 20 ;
set Ra[1153]:=
20 22 36 19 43 ;
set Ra[1154]:=
26 22 15 42 3 27 ;
set Ra[1155]:=
21 ;
set Ra[1156]:=
9 ;
set Ra[1157]:=
26 35 44 8 ;
set Ra[1158]:=
8 31 ;
set Ra[1159]:=
28 39 38 34 50 ;
set Ra[1160]:=
38 44 32 6 20 ;
set Ra[1161]:=
22 38 ;
set Ra[1162]:=
15 4 14 35 48 33 ;
set Ra[1163]:=
15 1 19 24 ;
set Ra[1164]:=
24 2 22 19 40 15 ;
set Ra[1165]:=
35 20 32 ;
set Ra[1166]:=
32 36 33 23 9 ;
set Ra[1167]:=
17 ;
set Ra[1168]:=
23 48 45 ;
set Ra[1169]:=
20 17 27 9 19 ;
set Ra[1170]:=
15 33 46 31 1 ;
set Ra[1171]:=
17 19 29 ;
set Ra[1172]:=
15 42 48 32 24 ;
set Ra[1173]:=
34 7 2 46 12 ;
set Ra[1174]:=
31 6 4 35 ;
set Ra[1175]:=
50 ;
set Ra[1176]:=
3 21 6 14 ;
set Ra[1177]:=
13 38 12 20 21 ;
set Ra[1178]:=
48 42 40 8 4 2 ;
set Ra[1179]:=
21 44 49 5 29 ;
set Ra[1180]:=
4 42 21 ;
set Ra[1181]:=
5 42 21 30 20 43 ;
set Ra[1182]:=
8 24 ;
set Ra[1183]:=
50 3 8 7 39 ;
set Ra[1184]:=
1 ;
set Ra[1185]:=
9 27 21 ;
set Ra[1186]:=
12 35 39 11 30 15 ;
set Ra[1187]:=
26 45 1 44 20 ;
set Ra[1188]:=
48 31 36 16 34 23 ;
set Ra[1189]:=
2 15 10 49 ;
set Ra[1190]:=
17 12 28 ;
set Ra[1191]:=
11 19 24 48 28 ;
set Ra[1192]:=
19 ;
set Ra[1193]:=
5 7 24 ;
set Ra[1194]:=
25 12 33 15 13 ;
set Ra[1195]:=
13 40 16 17 50 ;
set Ra[1196]:=
43 20 ;
set Ra[1197]:=
34 42 21 19 ;
set Ra[1198]:=
28 39 50 5 ;
set Ra[1199]:=
7 30 26 4 9 ;
set Ra[1200]:=
50 41 36 6 4 48 ;
set Ra[1201]:=
37 ;
set Ra[1202]:=
50 38 21 ;
set Ra[1203]:=
38 5 ;
set Ra[1204]:=
19 16 40 3 34 ;
set Ra[1205]:=
8 15 26 ;
set Ra[1206]:=
7 42 ;
set Ra[1207]:=
9 ;
set Ra[1208]:=
2 27 45 18 34 ;
set Ra[1209]:=
13 44 27 25 ;
set Ra[1210]:=
31 36 20 35 18 ;
set Ra[1211]:=
24 38 35 ;
set Ra[1212]:=
14 22 29 20 ;
set Ra[1213]:=
19 ;
set Ra[1214]:=
32 ;
set Ra[1215]:=
39 45 5 27 ;
set Ra[1216]:=
22 ;
set Ra[1217]:=
12 27 35 2 13 ;
set Ra[1218]:=
11 17 21 1 ;
set Ra[1219]:=
40 4 16 25 17 ;
set Ra[1220]:=
37 45 42 2 25 8 ;
set Ra[1221]:=
15 43 49 ;
set Ra[1222]:=
3 12 45 ;
set Ra[1223]:=
11 ;
set Ra[1224]:=
24 13 5 32 ;
set Ra[1225]:=
20 18 7 32 14 40 ;
set Ra[1226]:=
20 10 46 36 ;
set Ra[1227]:=
21 1 15 30 50 ;
set Ra[1228]:=
25 17 45 40 41 ;
set Ra[1229]:=
8 33 1 38 24 ;
set Ra[1230]:=
2 10 40 11 36 27 ;
set Ra[1231]:=
18 ;
set Ra[1232]:=
29 49 ;
set Ra[1233]:=
21 8 ;
set Ra[1234]:=
45 1 30 29 6 ;
set Ra[1235]:=
21 13 6 ;
set Ra[1236]:=
3 18 35 47 24 25 ;
set Ra[1237]:=
7 45 31 42 22 ;
set Ra[1238]:=
1 10 50 30 ;
set Ra[1239]:=
42 49 41 2 32 ;
set Ra[1240]:=
1 29 34 ;
set Ra[1241]:=
25 22 ;
set Ra[1242]:=
16 17 33 34 35 32 ;
set Ra[1243]:=
7 14 31 50 10 ;
set Ra[1244]:=
26 14 37 46 ;
set Ra[1245]:=
40 ;
set Ra[1246]:=
50 33 41 12 4 38 ;
set Ra[1247]:=
17 24 1 8 26 2 ;
set Ra[1248]:=
23 26 49 1 3 32 ;
set Ra[1249]:=
16 33 23 9 46 ;
set Ra[1250]:=
22 18 9 44 ;

set Ts[1]:=
2_17_18 5_7_8 1_13_14 ;
set Ts[2]:=
2_11_12 2_7_8 1_5_6 2_3_4 5_1_2 3_15_16 1_11_12 ;
set Ts[3]:=
5_15_16 4_5_6 4_15_16 4_1_2 1_17_18 ;
set Ts[4]:=
2_7_8 1_9_10 1_15_16 1_19_20 5_7_8 5_19_20 4_7_8 1_1_2 ;
set Ts[5]:=
1_15_16 1_17_18 1_5_6 4_17_18 4_11_12 5_7_8 4_19_20 4_7_8 3_13_14 ;
set Ts[6]:=
4_11_12 5_15_16 5_3_4 5_7_8 3_1_2 1_13_14 ;
set Ts[7]:=
4_7_8 3_5_6 5_17_18 1_13_14 1_5_6 3_15_16 4_15_16 ;
set Ts[8]:=
1_3_4 2_11_12 2_1_2 3_1_2 4_15_16 ;
set Ts[9]:=
4_3_4 5_9_10 ;
set Ts[10]:=
3_9_10 4_11_12 1_1_2 5_1_2 ;
set Ts[11]:=
2_9_10 4_15_16 5_13_14 1_15_16 4_1_2 4_9_10 3_13_14 2_13_14 1_1_2 4_17_18 ;
set Ts[12]:=
1_15_16 2_11_12 ;
set Ts[13]:=
5_11_12 1_15_16 1_13_14 1_3_4 2_11_12 3_9_10 4_5_6 2_3_4 4_1_2 ;
set Ts[14]:=
3_1_2 1_5_6 5_5_6 4_3_4 5_1_2 5_11_12 1_7_8 ;
set Ts[15]:=
5_3_4 3_15_16 2_17_18 3_5_6 ;
set Ts[16]:=
3_17_18 3_3_4 ;
set Ts[17]:=
4_7_8 3_3_4 4_17_18 4_13_14 1_11_12 ;
set Ts[18]:=
2_9_10 4_7_8 4_11_12 4_5_6 3_19_20 ;
set Ts[19]:=
1_11_12 5_5_6 5_11_12 1_13_14 2_3_4 2_9_10 3_3_4 5_3_4 4_1_2 1_9_10 2_19_20 3_11_12 4_17_18 ;
set Ts[20]:=
4_15_16 2_3_4 1_9_10 ;
set Ts[21]:=
4_5_6 1_17_18 3_13_14 2_5_6 5_17_18 1_5_6 3_1_2 1_13_14 1_7_8 4_17_18 3_17_18 ;
set Ts[22]:=
3_17_18 1_15_16 4_11_12 3_1_2 3_15_16 ;
set Ts[23]:=
1_1_2 4_15_16 4_1_2 5_1_2 ;
set Ts[24]:=
4_7_8 1_5_6 4_19_20 ;
set Ts[25]:=
1_9_10 3_11_12 5_17_18 4_15_16 2_19_20 1_5_6 3_7_8 ;
set Ts[26]:=
1_7_8 3_17_18 ;
set Ts[27]:=
5_17_18 1_13_14 2_17_18 ;
set Ts[28]:=
5_7_8 3_13_14 3_3_4 ;
set Ts[29]:=
2_5_6 5_7_8 2_3_4 2_15_16 1_7_8 4_17_18 2_1_2 4_15_16 4_13_14 ;
set Ts[30]:=
1_9_10 2_15_16 3_13_14 1_5_6 1_13_14 5_5_6 2_9_10 3_15_16 2_17_18 ;
set Ts[31]:=
4_15_16 1_5_6 3_5_6 4_17_18 5_3_4 1_1_2 5_7_8 ;
set Ts[32]:=
2_17_18 3_3_4 2_9_10 4_13_14 4_17_18 1_17_18 5_5_6 2_11_12 ;
set Ts[33]:=
5_7_8 2_5_6 1_19_20 3_17_18 ;
set Ts[34]:=
5_9_10 4_15_16 1_3_4 5_3_4 1_5_6 5_7_8 5_19_20 1_7_8 2_11_12 ;
set Ts[35]:=
2_11_12 1_19_20 ;
set Ts[36]:=
4_9_10 1_17_18 2_13_14 3_7_8 3_9_10 2_19_20 4_1_2 ;
set Ts[37]:=
1_11_12 3_17_18 5_17_18 4_1_2 3_11_12 ;
set Ts[38]:=
4_11_12 5_5_6 3_15_16 4_19_20 1_7_8 4_7_8 2_1_2 ;
set Ts[39]:=
3_7_8 1_7_8 5_3_4 1_1_2 ;
set Ts[40]:=
3_19_20 3_1_2 1_7_8 1_5_6 4_7_8 4_15_16 ;
set Ts[41]:=
2_1_2 1_19_20 2_7_8 4_7_8 5_17_18 2_13_14 1_9_10 3_7_8 3_15_16 5_13_14 ;
set Ts[42]:=
4_17_18 4_3_4 5_7_8 4_5_6 4_9_10 2_17_18 ;
set Ts[43]:=
1_15_16 5_9_10 3_17_18 3_1_2 5_15_16 2_11_12 ;
set Ts[44]:=
1_13_14 3_13_14 ;
set Ts[45]:=
4_19_20 2_15_16 3_17_18 2_19_20 3_1_2 5_9_10 1_5_6 ;
set Ts[46]:=
4_19_20 2_1_2 3_1_2 2_19_20 2_5_6 1_11_12 4_11_12 5_11_12 4_17_18 1_5_6 ;
set Ts[47]:=
2_9_10 5_1_2 1_19_20 1_5_6 4_3_4 4_5_6 2_15_16 ;
set Ts[48]:=
4_13_14 5_3_4 5_7_8 4_7_8 5_19_20 ;
set Ts[49]:=
3_3_4 4_13_14 1_3_4 1_19_20 3_15_16 4_19_20 ;
set Ts[50]:=
2_9_10 5_9_10 ;
set Ts[51]:=
3_7_8 4_13_14 1_5_6 1_11_12 1_17_18 2_1_2 1_19_20 ;
set Ts[52]:=
4_17_18 4_19_20 3_17_18 2_17_18 5_5_6 5_11_12 ;
set Ts[53]:=
4_11_12 1_15_16 2_3_4 2_5_6 5_13_14 2_1_2 1_13_14 2_7_8 ;
set Ts[54]:=
2_19_20 4_15_16 4_13_14 ;
set Ts[55]:=
4_5_6 5_13_14 5_9_10 4_9_10 5_7_8 ;
set Ts[56]:=
1_19_20 3_7_8 3_3_4 5_9_10 3_1_2 ;
set Ts[57]:=
1_13_14 5_19_20 4_19_20 5_9_10 4_7_8 2_19_20 2_11_12 ;
set Ts[58]:=
1_15_16 2_17_18 4_7_8 4_19_20 ;
set Ts[59]:=
3_19_20 2_1_2 5_13_14 2_7_8 ;
set Ts[60]:=
5_15_16 2_9_10 ;
set Ts[61]:=
5_17_18 1_1_2 3_3_4 3_17_18 ;
set Ts[62]:=
5_15_16 1_19_20 1_15_16 4_13_14 4_1_2 2_5_6 1_17_18 ;
set Ts[63]:=
4_5_6 3_7_8 5_17_18 1_15_16 2_15_16 3_3_4 1_7_8 2_17_18 4_15_16 3_13_14 2_19_20 5_13_14 ;
set Ts[64]:=
5_19_20 3_9_10 3_19_20 3_5_6 4_1_2 ;
set Ts[65]:=
4_15_16 1_15_16 1_5_6 ;
set Ts[66]:=
2_7_8 2_1_2 5_13_14 2_15_16 ;
set Ts[67]:=
2_3_4 1_15_16 5_9_10 ;
set Ts[68]:=
1_1_2 3_19_20 3_17_18 2_5_6 1_15_16 2_17_18 ;
set Ts[69]:=
5_15_16 3_9_10 1_17_18 5_19_20 4_1_2 4_15_16 3_7_8 ;
set Ts[70]:=
4_9_10 2_7_8 1_17_18 2_15_16 3_7_8 3_19_20 4_1_2 5_3_4 ;
set Ts[71]:=
1_7_8 4_5_6 ;
set Ts[72]:=
5_1_2 4_5_6 5_15_16 2_17_18 2_13_14 2_7_8 1_7_8 5_13_14 ;
set Ts[73]:=
5_7_8 5_17_18 5_1_2 3_13_14 3_1_2 5_5_6 2_9_10 2_7_8 1_11_12 2_15_16 ;
set Ts[74]:=
3_9_10 5_19_20 5_7_8 3_17_18 2_7_8 1_15_16 ;
set Ts[75]:=
3_17_18 5_17_18 1_19_20 5_9_10 4_5_6 1_15_16 3_3_4 ;
set Ts[76]:=
5_19_20 1_17_18 2_9_10 1_1_2 3_3_4 3_5_6 2_5_6 5_3_4 ;
set Ts[77]:=
4_13_14 4_15_16 3_1_2 1_3_4 1_11_12 5_11_12 5_17_18 2_7_8 ;
set Ts[78]:=
4_15_16 2_1_2 2_11_12 2_5_6 2_19_20 1_9_10 4_13_14 ;
set Ts[79]:=
5_9_10 2_5_6 3_13_14 1_7_8 3_1_2 1_3_4 5_11_12 4_5_6 ;
set Ts[80]:=
3_13_14 3_15_16 5_5_6 3_5_6 ;
set Ts[81]:=
3_7_8 2_15_16 5_5_6 1_19_20 3_9_10 1_17_18 2_19_20 2_17_18 ;
set Ts[82]:=
5_15_16 2_11_12 4_3_4 3_3_4 2_9_10 5_7_8 ;
set Ts[83]:=
1_19_20 3_5_6 5_13_14 4_11_12 5_19_20 5_9_10 2_1_2 2_19_20 4_13_14 ;
set Ts[84]:=
1_19_20 5_9_10 2_11_12 2_9_10 5_19_20 3_1_2 ;
set Ts[85]:=
4_17_18 1_5_6 4_19_20 5_17_18 2_13_14 2_1_2 5_19_20 4_9_10 3_9_10 4_11_12 4_5_6 2_7_8 4_7_8 ;
set Ts[86]:=
1_7_8 5_9_10 ;
set Ts[87]:=
2_3_4 2_9_10 2_5_6 ;
set Ts[88]:=
4_9_10 5_19_20 5_3_4 2_7_8 ;
set Ts[89]:=
5_1_2 3_9_10 3_7_8 4_11_12 4_9_10 ;
set Ts[90]:=
3_11_12 5_3_4 4_13_14 4_19_20 4_5_6 1_1_2 2_11_12 3_9_10 ;
set Ts[91]:=
3_1_2 1_5_6 3_9_10 4_5_6 4_1_2 5_13_14 2_1_2 ;
set Ts[92]:=
1_13_14 4_1_2 4_15_16 ;
set Ts[93]:=
1_13_14 2_13_14 2_17_18 4_1_2 2_5_6 2_3_4 ;
set Ts[94]:=
4_7_8 4_5_6 2_7_8 5_17_18 1_13_14 ;
set Ts[95]:=
3_1_2 1_9_10 3_9_10 ;
set Ts[96]:=
1_17_18 3_19_20 5_13_14 2_15_16 ;
set Ts[97]:=
2_17_18 5_19_20 2_5_6 4_13_14 4_15_16 5_15_16 3_17_18 3_3_4 5_11_12 3_1_2 4_1_2 3_13_14 ;
set Ts[98]:=
2_17_18 1_3_4 2_19_20 5_9_10 5_13_14 4_7_8 ;
set Ts[99]:=
5_19_20 4_7_8 3_7_8 4_15_16 3_9_10 ;
set Ts[100]:=
4_17_18 3_7_8 2_19_20 5_7_8 3_13_14 1_13_14 2_3_4 2_1_2 2_15_16 ;
set Ts[101]:=
3_15_16 1_1_2 2_7_8 1_19_20 2_5_6 2_1_2 5_1_2 4_7_8 2_9_10 4_5_6 5_9_10 ;
set Ts[102]:=
3_5_6 2_5_6 3_15_16 2_1_2 1_1_2 4_5_6 5_19_20 5_3_4 1_11_12 1_15_16 4_3_4 2_19_20 3_3_4 ;
set Ts[103]:=
1_9_10 5_7_8 ;
set Ts[104]:=
1_1_2 5_15_16 2_19_20 1_13_14 ;
set Ts[105]:=
5_5_6 5_11_12 2_9_10 2_13_14 1_7_8 1_5_6 3_13_14 5_17_18 3_5_6 4_13_14 ;
set Ts[106]:=
2_11_12 3_7_8 ;
set Ts[107]:=
2_13_14 4_19_20 2_19_20 5_19_20 ;
set Ts[108]:=
2_3_4 5_13_14 5_5_6 3_7_8 3_13_14 2_19_20 3_5_6 2_15_16 5_11_12 3_1_2 1_19_20 ;
set Ts[109]:=
4_5_6 5_17_18 1_13_14 4_9_10 2_1_2 5_1_2 3_11_12 2_19_20 4_3_4 5_7_8 2_11_12 3_17_18 1_1_2 ;
set Ts[110]:=
5_3_4 2_3_4 1_13_14 2_7_8 ;
set Ts[111]:=
5_17_18 4_15_16 2_15_16 3_9_10 5_3_4 ;
set Ts[112]:=
4_7_8 3_11_12 2_13_14 2_5_6 1_15_16 ;
set Ts[113]:=
4_3_4 1_5_6 3_1_2 2_17_18 3_17_18 3_3_4 ;
set Ts[114]:=
1_1_2 3_9_10 1_5_6 5_19_20 4_9_10 3_19_20 5_9_10 2_5_6 3_3_4 ;
set Ts[115]:=
5_19_20 5_11_12 3_7_8 4_11_12 1_7_8 3_13_14 1_3_4 5_17_18 5_5_6 ;
set Ts[116]:=
5_11_12 1_5_6 2_13_14 4_7_8 ;
set Ts[117]:=
5_5_6 1_17_18 2_13_14 5_11_12 ;
set Ts[118]:=
4_15_16 1_17_18 3_3_4 5_5_6 5_3_4 1_13_14 1_5_6 5_7_8 3_7_8 ;
set Ts[119]:=
1_1_2 1_13_14 5_13_14 4_9_10 5_9_10 3_5_6 5_3_4 1_3_4 ;
set Ts[120]:=
4_15_16 1_5_6 3_13_14 3_1_2 5_13_14 2_11_12 ;
set Ts[121]:=
5_9_10 3_15_16 2_1_2 3_13_14 3_19_20 1_3_4 1_13_14 5_3_4 ;
set Ts[122]:=
5_17_18 2_1_2 5_13_14 3_5_6 5_7_8 1_3_4 4_15_16 2_7_8 3_19_20 5_1_2 ;
set Ts[123]:=
2_1_2 3_9_10 3_11_12 5_9_10 1_13_14 1_15_16 2_7_8 ;
set Ts[124]:=
5_3_4 3_9_10 5_9_10 4_19_20 1_1_2 2_19_20 4_11_12 ;
set Ts[125]:=
1_3_4 1_15_16 3_7_8 2_9_10 2_5_6 2_15_16 1_11_12 3_15_16 1_9_10 ;
set Ts[126]:=
5_7_8 1_3_4 4_3_4 5_3_4 3_13_14 ;
set Ts[127]:=
3_13_14 1_13_14 4_9_10 3_3_4 3_9_10 2_1_2 2_13_14 ;
set Ts[128]:=
4_11_12 4_7_8 5_11_12 1_9_10 3_17_18 1_17_18 ;
set Ts[129]:=
1_1_2 4_15_16 3_3_4 5_19_20 2_19_20 1_9_10 3_11_12 ;
set Ts[130]:=
2_17_18 5_13_14 3_17_18 3_5_6 2_11_12 3_13_14 5_1_2 4_19_20 5_17_18 5_5_6 3_15_16 ;
set Ts[131]:=
4_13_14 3_13_14 4_7_8 4_3_4 4_15_16 5_1_2 3_19_20 5_13_14 ;
set Ts[132]:=
1_13_14 5_7_8 5_17_18 4_13_14 4_9_10 ;
set Ts[133]:=
3_3_4 5_19_20 1_19_20 4_7_8 3_7_8 4_11_12 1_7_8 4_9_10 3_17_18 ;
set Ts[134]:=
4_19_20 4_5_6 1_17_18 4_17_18 ;
set Ts[135]:=
5_9_10 2_11_12 3_11_12 4_15_16 ;
set Ts[136]:=
2_5_6 2_9_10 5_9_10 2_19_20 4_13_14 5_5_6 4_7_8 3_17_18 2_17_18 4_11_12 5_13_14 2_13_14 2_11_12 ;
set Ts[137]:=
1_15_16 3_13_14 1_11_12 4_15_16 4_9_10 3_3_4 2_17_18 4_5_6 5_7_8 ;
set Ts[138]:=
3_3_4 1_5_6 ;
set Ts[139]:=
2_7_8 3_9_10 4_9_10 2_9_10 1_17_18 ;
set Ts[140]:=
3_7_8 2_11_12 3_17_18 ;
set Ts[141]:=
1_17_18 3_19_20 1_11_12 4_3_4 3_7_8 4_11_12 3_17_18 5_9_10 4_17_18 5_5_6 5_19_20 5_7_8 ;
set Ts[142]:=
2_11_12 1_19_20 ;
set Ts[143]:=
1_15_16 2_11_12 2_17_18 1_1_2 4_15_16 2_19_20 4_9_10 1_17_18 5_9_10 3_5_6 1_9_10 2_5_6 ;
set Ts[144]:=
4_1_2 2_17_18 4_13_14 1_1_2 ;
set Ts[145]:=
4_5_6 5_13_14 1_1_2 5_19_20 4_13_14 1_9_10 3_13_14 4_7_8 3_9_10 2_7_8 1_15_16 5_17_18 ;
set Ts[146]:=
1_15_16 2_9_10 5_13_14 1_1_2 4_11_12 3_9_10 2_19_20 2_1_2 ;
set Ts[147]:=
5_9_10 5_1_2 4_11_12 3_19_20 ;
set Ts[148]:=
2_19_20 3_7_8 ;
set Ts[149]:=
2_11_12 3_3_4 4_1_2 5_15_16 5_19_20 1_15_16 2_19_20 2_13_14 4_7_8 ;
set Ts[150]:=
3_9_10 1_11_12 5_13_14 2_13_14 5_15_16 1_1_2 1_7_8 3_17_18 3_11_12 ;
set Ts[151]:=
4_3_4 4_13_14 3_17_18 3_15_16 5_3_4 5_5_6 2_1_2 3_11_12 ;
set Ts[152]:=
3_13_14 5_17_18 3_19_20 1_1_2 4_9_10 5_3_4 4_17_18 ;
set Ts[153]:=
2_7_8 4_13_14 ;
set Ts[154]:=
3_5_6 3_17_18 ;
set Ts[155]:=
2_1_2 1_17_18 1_7_8 2_3_4 3_13_14 4_13_14 5_13_14 1_13_14 5_3_4 ;
set Ts[156]:=
2_11_12 2_13_14 5_15_16 ;
set Ts[157]:=
2_17_18 4_7_8 1_7_8 5_1_2 5_15_16 ;
set Ts[158]:=
5_19_20 1_7_8 3_17_18 3_5_6 2_17_18 2_1_2 4_11_12 3_1_2 1_9_10 ;
set Ts[159]:=
5_15_16 3_9_10 5_7_8 3_13_14 5_17_18 4_15_16 1_7_8 5_11_12 ;
set Ts[160]:=
2_15_16 2_5_6 5_17_18 2_19_20 4_3_4 4_9_10 3_1_2 3_11_12 5_11_12 1_5_6 ;
set Ts[161]:=
3_7_8 4_13_14 3_13_14 3_3_4 4_19_20 ;
set Ts[162]:=
1_5_6 5_5_6 4_15_16 5_9_10 5_13_14 5_3_4 3_1_2 1_15_16 2_19_20 ;
set Ts[163]:=
5_11_12 3_7_8 4_17_18 2_7_8 4_1_2 ;
set Ts[164]:=
5_17_18 4_13_14 2_19_20 1_5_6 3_19_20 ;
set Ts[165]:=
2_9_10 4_3_4 5_11_12 2_5_6 ;
set Ts[166]:=
2_7_8 1_17_18 4_7_8 3_15_16 2_5_6 5_11_12 1_3_4 1_11_12 3_1_2 4_9_10 5_15_16 3_9_10 4_11_12 ;
set Ts[167]:=
3_15_16 2_11_12 3_13_14 2_19_20 3_5_6 2_15_16 5_3_4 2_1_2 1_5_6 ;
set Ts[168]:=
4_9_10 2_11_12 1_5_6 4_1_2 5_7_8 1_7_8 ;
set Ts[169]:=
3_5_6 4_9_10 1_1_2 3_19_20 1_3_4 3_3_4 5_3_4 1_17_18 1_11_12 2_17_18 2_7_8 3_7_8 3_13_14 ;
set Ts[170]:=
5_3_4 4_1_2 5_9_10 3_3_4 2_9_10 2_11_12 ;
set Ts[171]:=
4_7_8 5_15_16 4_19_20 5_11_12 ;
set Ts[172]:=
5_5_6 1_13_14 4_1_2 5_19_20 5_1_2 ;
set Ts[173]:=
5_3_4 3_5_6 1_19_20 2_1_2 5_5_6 3_17_18 3_1_2 1_13_14 ;
set Ts[174]:=
5_19_20 5_13_14 1_19_20 4_13_14 1_1_2 ;
set Ts[175]:=
5_17_18 4_5_6 2_9_10 ;
set Ts[176]:=
5_3_4 4_7_8 3_15_16 ;
set Ts[177]:=
5_19_20 2_19_20 5_15_16 3_19_20 5_7_8 ;
set Ts[178]:=
3_9_10 1_19_20 4_11_12 5_11_12 3_13_14 ;
set Ts[179]:=
5_11_12 5_3_4 4_7_8 1_3_4 3_17_18 ;
set Ts[180]:=
4_11_12 1_9_10 2_5_6 2_3_4 2_7_8 3_3_4 1_3_4 2_15_16 5_11_12 ;
set Ts[181]:=
3_19_20 5_13_14 3_5_6 1_5_6 4_11_12 4_15_16 1_9_10 2_15_16 3_15_16 4_9_10 4_19_20 4_13_14 ;
set Ts[182]:=
2_13_14 4_7_8 3_3_4 5_3_4 ;
set Ts[183]:=
4_3_4 1_9_10 3_17_18 5_7_8 4_13_14 1_15_16 2_13_14 ;
set Ts[184]:=
5_1_2 3_13_14 4_7_8 1_17_18 5_7_8 5_19_20 ;
set Ts[185]:=
5_3_4 1_11_12 2_9_10 4_19_20 1_5_6 5_17_18 4_7_8 4_5_6 3_17_18 ;
set Ts[186]:=
1_7_8 4_11_12 1_9_10 1_5_6 4_15_16 5_17_18 1_17_18 ;
set Ts[187]:=
5_3_4 1_15_16 3_17_18 ;
set Ts[188]:=
5_9_10 2_7_8 5_13_14 ;
set Ts[189]:=
4_19_20 5_1_2 4_1_2 ;
set Ts[190]:=
5_15_16 1_13_14 3_7_8 1_17_18 2_19_20 4_19_20 3_11_12 ;
set Ts[191]:=
3_11_12 2_3_4 4_5_6 5_5_6 2_17_18 1_5_6 2_19_20 1_19_20 5_15_16 5_11_12 3_9_10 4_1_2 ;
set Ts[192]:=
5_11_12 2_7_8 5_5_6 ;
set Ts[193]:=
2_13_14 2_17_18 3_17_18 1_1_2 3_1_2 ;
set Ts[194]:=
2_19_20 1_1_2 4_17_18 3_7_8 ;
set Ts[195]:=
4_9_10 3_3_4 1_9_10 5_7_8 4_17_18 2_7_8 1_15_16 5_19_20 ;
set Ts[196]:=
1_5_6 3_1_2 5_1_2 5_9_10 5_11_12 2_17_18 3_7_8 1_9_10 ;
set Ts[197]:=
5_1_2 1_9_10 5_17_18 2_1_2 4_1_2 2_19_20 4_19_20 3_15_16 3_11_12 ;
set Ts[198]:=
4_19_20 1_7_8 1_1_2 3_13_14 3_3_4 4_11_12 ;
set Ts[199]:=
1_3_4 1_7_8 5_5_6 3_7_8 2_13_14 4_13_14 ;
set Ts[200]:=
3_13_14 5_7_8 2_19_20 1_3_4 5_19_20 5_1_2 ;
set Ts[201]:=
5_9_10 4_19_20 2_11_12 5_3_4 3_19_20 4_15_16 2_7_8 ;
set Ts[202]:=
3_19_20 3_7_8 5_17_18 1_3_4 2_9_10 3_13_14 1_5_6 4_5_6 5_7_8 1_9_10 ;
set Ts[203]:=
3_15_16 3_19_20 ;
set Ts[204]:=
2_7_8 1_15_16 2_9_10 5_5_6 3_3_4 5_15_16 1_3_4 1_13_14 4_15_16 3_7_8 ;
set Ts[205]:=
1_3_4 4_19_20 5_1_2 2_1_2 3_5_6 4_5_6 4_7_8 1_15_16 2_17_18 2_7_8 4_3_4 1_1_2 ;
set Ts[206]:=
2_7_8 2_13_14 2_19_20 5_17_18 1_17_18 4_7_8 2_15_16 4_17_18 5_7_8 3_9_10 3_7_8 1_11_12 3_15_16 ;
set Ts[207]:=
5_19_20 5_7_8 4_17_18 4_13_14 4_5_6 4_15_16 1_15_16 3_3_4 3_19_20 1_17_18 5_1_2 1_5_6 2_17_18 ;
set Ts[208]:=
1_13_14 3_7_8 5_17_18 1_3_4 5_9_10 3_17_18 4_19_20 ;
set Ts[209]:=
4_1_2 5_11_12 2_1_2 3_19_20 ;
set Ts[210]:=
4_15_16 5_5_6 1_7_8 4_9_10 ;
set Ts[211]:=
1_13_14 5_3_4 4_19_20 3_15_16 2_9_10 ;
set Ts[212]:=
4_1_2 3_19_20 3_3_4 2_1_2 1_15_16 2_9_10 5_5_6 ;
set Ts[213]:=
5_9_10 1_19_20 ;
set Ts[214]:=
4_7_8 2_15_16 1_1_2 1_11_12 1_17_18 5_15_16 2_1_2 5_3_4 3_5_6 1_5_6 3_3_4 ;
set Ts[215]:=
4_7_8 5_15_16 5_7_8 2_19_20 5_13_14 2_15_16 ;
set Ts[216]:=
4_11_12 2_13_14 1_13_14 3_1_2 5_17_18 5_11_12 4_19_20 1_7_8 1_17_18 ;
set Ts[217]:=
3_5_6 5_9_10 3_3_4 4_1_2 2_17_18 1_1_2 3_17_18 5_3_4 ;
set Ts[218]:=
3_3_4 3_17_18 3_13_14 5_3_4 1_11_12 4_3_4 5_15_16 1_7_8 2_9_10 ;
set Ts[219]:=
2_19_20 3_11_12 3_5_6 4_17_18 4_19_20 5_3_4 3_1_2 2_1_2 ;
set Ts[220]:=
1_15_16 5_17_18 3_15_16 5_9_10 4_1_2 ;
set Ts[221]:=
2_9_10 1_15_16 4_11_12 2_19_20 2_17_18 4_1_2 ;
set Ts[222]:=
3_5_6 5_17_18 5_5_6 2_17_18 5_11_12 3_1_2 2_3_4 4_15_16 ;
set Ts[223]:=
5_3_4 1_5_6 5_7_8 4_1_2 ;
set Ts[224]:=
1_9_10 5_11_12 4_3_4 ;
set Ts[225]:=
1_5_6 4_9_10 5_5_6 3_9_10 4_19_20 ;
set Ts[226]:=
4_11_12 1_1_2 1_3_4 5_11_12 5_5_6 1_19_20 2_17_18 5_7_8 4_1_2 ;
set Ts[227]:=
4_15_16 5_5_6 5_13_14 1_3_4 1_9_10 3_11_12 ;
set Ts[228]:=
1_15_16 3_11_12 1_7_8 5_13_14 2_19_20 5_1_2 4_9_10 5_7_8 1_9_10 4_15_16 ;
set Ts[229]:=
3_5_6 5_15_16 4_9_10 2_9_10 1_9_10 5_19_20 ;
set Ts[230]:=
2_19_20 2_9_10 2_5_6 3_19_20 1_15_16 4_13_14 3_17_18 2_17_18 4_17_18 ;
set Ts[231]:=
4_19_20 3_17_18 1_9_10 4_9_10 1_11_12 1_15_16 ;
set Ts[232]:=
3_1_2 3_3_4 5_13_14 4_19_20 1_1_2 4_11_12 ;
set Ts[233]:=
5_11_12 3_19_20 ;
set Ts[234]:=
2_3_4 4_17_18 3_1_2 5_15_16 5_13_14 3_13_14 ;
set Ts[235]:=
1_15_16 1_7_8 3_7_8 4_1_2 2_7_8 5_3_4 4_15_16 5_19_20 1_19_20 3_3_4 1_17_18 4_17_18 ;
set Ts[236]:=
3_17_18 4_7_8 ;
set Ts[237]:=
2_13_14 4_13_14 ;
set Ts[238]:=
5_3_4 5_19_20 5_5_6 2_13_14 4_17_18 3_13_14 4_13_14 4_15_16 3_15_16 1_7_8 ;
set Ts[239]:=
4_15_16 1_3_4 2_13_14 4_1_2 1_19_20 3_1_2 ;
set Ts[240]:=
3_17_18 2_1_2 1_3_4 4_9_10 1_15_16 5_11_12 4_13_14 3_11_12 1_5_6 5_9_10 2_13_14 2_9_10 ;
set Ts[241]:=
2_13_14 2_1_2 ;
set Ts[242]:=
4_15_16 5_19_20 1_13_14 5_17_18 ;
set Ts[243]:=
2_5_6 1_19_20 5_17_18 2_1_2 2_19_20 ;
set Ts[244]:=
1_1_2 1_3_4 1_11_12 3_1_2 2_5_6 ;
set Ts[245]:=
5_9_10 2_15_16 3_7_8 3_19_20 4_11_12 3_9_10 1_9_10 3_17_18 2_13_14 ;
set Ts[246]:=
2_11_12 3_17_18 ;
set Ts[247]:=
5_13_14 4_7_8 ;
set Ts[248]:=
2_3_4 5_5_6 3_9_10 3_5_6 3_11_12 5_19_20 3_7_8 1_13_14 ;
set Ts[249]:=
5_19_20 1_15_16 2_15_16 ;
set Ts[250]:=
3_3_4 2_9_10 5_9_10 1_13_14 4_17_18 3_9_10 5_13_14 5_11_12 1_11_12 2_1_2 2_3_4 ;
set Ts[251]:=
4_13_14 2_15_16 4_11_12 5_1_2 3_19_20 ;
set Ts[252]:=
4_3_4 4_9_10 2_13_14 5_13_14 1_19_20 ;
set Ts[253]:=
4_15_16 5_1_2 2_3_4 4_3_4 5_15_16 4_9_10 3_11_12 1_19_20 ;
set Ts[254]:=
3_15_16 2_17_18 5_7_8 3_1_2 5_17_18 1_17_18 1_13_14 4_13_14 2_15_16 1_7_8 ;
set Ts[255]:=
1_15_16 1_9_10 2_19_20 ;
set Ts[256]:=
2_13_14 4_3_4 4_1_2 4_19_20 3_1_2 2_9_10 3_13_14 4_15_16 1_13_14 ;
set Ts[257]:=
5_7_8 2_1_2 4_1_2 5_5_6 3_13_14 2_17_18 1_11_12 3_11_12 1_1_2 2_9_10 ;
set Ts[258]:=
1_13_14 4_13_14 5_15_16 2_5_6 3_17_18 5_9_10 2_19_20 1_3_4 3_13_14 1_1_2 ;
set Ts[259]:=
3_11_12 1_5_6 5_15_16 1_13_14 3_7_8 5_19_20 5_13_14 ;
set Ts[260]:=
4_1_2 4_15_16 ;
set Ts[261]:=
2_15_16 1_5_6 ;
set Ts[262]:=
1_19_20 3_9_10 3_7_8 5_13_14 3_11_12 ;
set Ts[263]:=
5_17_18 5_1_2 4_19_20 1_5_6 5_13_14 4_7_8 4_3_4 3_19_20 3_5_6 ;
set Ts[264]:=
3_7_8 4_13_14 3_5_6 1_5_6 5_9_10 2_3_4 2_19_20 4_11_12 ;
set Ts[265]:=
1_15_16 2_15_16 3_17_18 4_7_8 4_13_14 3_3_4 2_19_20 ;
set Ts[266]:=
1_15_16 5_11_12 2_19_20 3_19_20 4_9_10 1_7_8 5_1_2 ;
set Ts[267]:=
4_7_8 2_1_2 2_5_6 4_19_20 2_17_18 3_15_16 ;
set Ts[268]:=
4_7_8 5_19_20 ;
set Ts[269]:=
1_11_12 1_15_16 3_17_18 5_15_16 2_11_12 5_7_8 4_5_6 1_7_8 2_7_8 ;
set Ts[270]:=
5_9_10 4_11_12 1_3_4 1_11_12 1_1_2 2_7_8 ;
set Ts[271]:=
4_13_14 4_7_8 2_11_12 1_17_18 2_5_6 2_13_14 1_1_2 5_13_14 3_15_16 4_5_6 3_17_18 ;
set Ts[272]:=
3_5_6 4_9_10 2_17_18 ;
set Ts[273]:=
3_3_4 5_13_14 1_3_4 5_5_6 2_7_8 ;
set Ts[274]:=
5_15_16 5_13_14 3_13_14 3_11_12 3_7_8 5_19_20 ;
set Ts[275]:=
3_11_12 1_7_8 1_19_20 4_15_16 1_13_14 3_9_10 2_19_20 4_11_12 4_1_2 3_1_2 1_17_18 ;
set Ts[276]:=
5_17_18 5_7_8 1_13_14 5_9_10 3_15_16 3_3_4 4_13_14 1_7_8 2_11_12 2_1_2 3_5_6 5_1_2 ;
set Ts[277]:=
1_7_8 5_15_16 3_5_6 4_17_18 3_7_8 4_15_16 ;
set Ts[278]:=
2_5_6 1_15_16 1_3_4 3_15_16 4_7_8 2_11_12 ;
set Ts[279]:=
4_17_18 3_17_18 5_19_20 2_15_16 2_11_12 1_7_8 2_7_8 3_19_20 3_11_12 3_9_10 2_13_14 ;
set Ts[280]:=
5_13_14 5_19_20 2_15_16 4_1_2 2_13_14 2_11_12 1_17_18 2_3_4 3_3_4 5_3_4 2_17_18 ;
set Ts[281]:=
5_9_10 5_11_12 4_5_6 ;
set Ts[282]:=
2_3_4 2_15_16 3_13_14 4_5_6 5_5_6 4_3_4 ;
set Ts[283]:=
5_11_12 4_17_18 5_1_2 1_9_10 ;
set Ts[284]:=
2_5_6 2_13_14 5_15_16 5_3_4 1_17_18 3_7_8 3_11_12 2_7_8 2_17_18 ;
set Ts[285]:=
4_3_4 1_13_14 4_15_16 3_1_2 ;
set Ts[286]:=
3_13_14 3_15_16 ;
set Ts[287]:=
3_15_16 5_5_6 2_3_4 5_9_10 1_7_8 3_1_2 1_13_14 4_15_16 1_19_20 ;
set Ts[288]:=
3_7_8 2_17_18 4_1_2 5_11_12 1_1_2 1_13_14 ;
set Ts[289]:=
5_1_2 1_3_4 2_19_20 1_11_12 ;
set Ts[290]:=
4_3_4 3_7_8 ;
set Ts[291]:=
3_9_10 5_7_8 1_3_4 ;
set Ts[292]:=
4_11_12 2_7_8 1_17_18 4_19_20 5_15_16 3_19_20 2_11_12 4_17_18 1_11_12 ;
set Ts[293]:=
4_13_14 3_9_10 3_5_6 3_7_8 1_11_12 5_3_4 4_17_18 3_15_16 4_7_8 5_15_16 5_1_2 2_5_6 ;
set Ts[294]:=
2_11_12 2_5_6 5_3_4 5_15_16 3_5_6 5_13_14 ;
set Ts[295]:=
5_13_14 4_19_20 5_9_10 3_17_18 2_13_14 1_15_16 ;
set Ts[296]:=
3_1_2 4_19_20 3_11_12 5_19_20 3_15_16 3_19_20 ;
set Ts[297]:=
1_19_20 2_17_18 2_7_8 1_5_6 ;
set Ts[298]:=
5_3_4 3_5_6 5_7_8 4_9_10 4_3_4 3_11_12 ;
set Ts[299]:=
3_13_14 3_17_18 ;
set Ts[300]:=
2_1_2 1_15_16 4_17_18 1_3_4 ;
set Ts[301]:=
1_17_18 3_1_2 ;
set Ts[302]:=
3_15_16 1_11_12 5_3_4 2_3_4 1_13_14 3_5_6 ;
set Ts[303]:=
2_7_8 3_17_18 5_9_10 5_7_8 2_9_10 2_17_18 4_13_14 5_11_12 2_13_14 1_1_2 1_9_10 ;
set Ts[304]:=
2_13_14 1_11_12 ;
set Ts[305]:=
4_11_12 4_15_16 2_3_4 3_5_6 5_17_18 1_13_14 4_1_2 2_5_6 5_11_12 ;
set Ts[306]:=
2_9_10 2_1_2 1_17_18 3_5_6 2_17_18 4_3_4 5_3_4 5_5_6 ;
set Ts[307]:=
1_19_20 2_11_12 5_17_18 4_11_12 2_13_14 1_7_8 ;
set Ts[308]:=
3_19_20 5_7_8 2_11_12 ;
set Ts[309]:=
5_7_8 1_17_18 1_13_14 ;
set Ts[310]:=
3_3_4 5_9_10 1_11_12 4_15_16 5_13_14 3_9_10 1_17_18 2_7_8 ;
set Ts[311]:=
5_11_12 2_15_16 4_17_18 3_19_20 1_5_6 3_5_6 3_11_12 ;
set Ts[312]:=
4_15_16 2_9_10 3_1_2 3_19_20 1_11_12 3_3_4 4_3_4 5_17_18 ;
set Ts[313]:=
3_3_4 2_11_12 5_5_6 3_11_12 4_15_16 2_7_8 3_13_14 2_3_4 5_11_12 4_7_8 ;
set Ts[314]:=
5_5_6 2_9_10 1_1_2 4_3_4 2_17_18 3_7_8 5_3_4 1_17_18 ;
set Ts[315]:=
5_5_6 2_3_4 5_3_4 ;
set Ts[316]:=
5_7_8 5_17_18 1_13_14 2_1_2 3_3_4 2_15_16 4_15_16 1_9_10 5_5_6 3_19_20 1_1_2 ;
set Ts[317]:=
4_19_20 3_19_20 2_1_2 ;
set Ts[318]:=
2_11_12 3_15_16 1_19_20 5_15_16 2_9_10 1_17_18 5_13_14 2_3_4 ;
set Ts[319]:=
4_5_6 3_3_4 5_1_2 4_7_8 2_5_6 ;
set Ts[320]:=
2_5_6 5_5_6 4_9_10 3_19_20 3_9_10 5_13_14 4_7_8 1_5_6 1_19_20 2_11_12 3_1_2 ;
set Ts[321]:=
2_13_14 5_3_4 3_9_10 5_5_6 5_1_2 3_3_4 3_13_14 1_1_2 ;
set Ts[322]:=
3_17_18 3_19_20 5_5_6 3_1_2 5_11_12 3_11_12 4_3_4 1_5_6 2_1_2 ;
set Ts[323]:=
3_9_10 4_13_14 5_13_14 3_7_8 3_3_4 5_19_20 ;
set Ts[324]:=
3_19_20 3_13_14 1_17_18 ;
set Ts[325]:=
2_9_10 4_13_14 4_17_18 1_5_6 ;
set Ts[326]:=
5_7_8 5_13_14 1_9_10 5_11_12 1_1_2 ;
set Ts[327]:=
3_1_2 3_7_8 1_7_8 ;
set Ts[328]:=
1_9_10 5_7_8 ;
set Ts[329]:=
4_7_8 1_19_20 3_9_10 ;
set Ts[330]:=
4_13_14 1_11_12 5_5_6 5_15_16 1_19_20 4_1_2 2_5_6 ;
set Ts[331]:=
5_17_18 3_5_6 5_15_16 4_5_6 4_11_12 2_15_16 3_9_10 ;
set Ts[332]:=
4_19_20 1_1_2 4_17_18 ;
set Ts[333]:=
5_11_12 3_19_20 ;
set Ts[334]:=
3_3_4 1_1_2 4_13_14 3_13_14 1_11_12 ;
set Ts[335]:=
3_5_6 4_13_14 ;
set Ts[336]:=
2_13_14 4_1_2 2_7_8 1_7_8 1_19_20 5_1_2 3_1_2 ;
set Ts[337]:=
5_17_18 4_9_10 1_15_16 4_13_14 3_3_4 3_7_8 1_19_20 5_3_4 4_15_16 1_9_10 ;
set Ts[338]:=
5_1_2 2_5_6 4_5_6 4_19_20 1_13_14 1_5_6 ;
set Ts[339]:=
1_13_14 1_3_4 5_9_10 3_9_10 4_9_10 5_3_4 5_17_18 2_17_18 4_11_12 4_5_6 2_3_4 3_3_4 ;
set Ts[340]:=
1_1_2 4_7_8 4_5_6 5_17_18 ;
set Ts[341]:=
2_1_2 5_3_4 3_3_4 4_5_6 1_9_10 2_5_6 4_1_2 ;
set Ts[342]:=
1_17_18 5_17_18 3_13_14 5_5_6 5_9_10 2_5_6 5_1_2 5_11_12 5_19_20 2_15_16 4_1_2 1_7_8 ;
set Ts[343]:=
1_13_14 2_15_16 2_1_2 3_5_6 ;
set Ts[344]:=
5_15_16 5_5_6 3_15_16 ;
set Ts[345]:=
5_17_18 2_1_2 ;
set Ts[346]:=
5_15_16 4_5_6 4_1_2 3_1_2 3_5_6 1_5_6 ;
set Ts[347]:=
1_17_18 2_17_18 5_15_16 5_7_8 1_5_6 5_17_18 1_15_16 1_3_4 3_15_16 5_5_6 4_3_4 ;
set Ts[348]:=
1_7_8 2_11_12 3_17_18 3_7_8 3_5_6 4_3_4 1_9_10 1_11_12 ;
set Ts[349]:=
2_7_8 5_9_10 4_13_14 4_3_4 5_1_2 1_11_12 1_15_16 ;
set Ts[350]:=
2_17_18 1_3_4 5_7_8 3_15_16 4_9_10 5_1_2 1_19_20 ;
set Ts[351]:=
5_17_18 4_17_18 4_9_10 2_9_10 5_7_8 4_5_6 2_15_16 ;
set Ts[352]:=
2_11_12 1_17_18 3_15_16 5_13_14 3_3_4 4_17_18 1_11_12 5_9_10 4_19_20 2_7_8 3_17_18 2_15_16 3_7_8 ;
set Ts[353]:=
5_17_18 2_11_12 4_3_4 4_1_2 3_17_18 3_7_8 5_9_10 1_1_2 5_7_8 2_9_10 ;
set Ts[354]:=
5_11_12 2_19_20 4_19_20 4_15_16 2_5_6 2_1_2 2_9_10 3_17_18 5_3_4 ;
set Ts[355]:=
5_15_16 5_17_18 2_17_18 ;
set Ts[356]:=
4_9_10 2_11_12 4_1_2 ;
set Ts[357]:=
5_17_18 2_11_12 3_1_2 ;
set Ts[358]:=
1_7_8 2_7_8 2_1_2 ;
set Ts[359]:=
3_13_14 5_15_16 1_3_4 ;
set Ts[360]:=
2_11_12 1_19_20 ;
set Ts[361]:=
5_5_6 1_7_8 2_19_20 3_5_6 3_9_10 3_1_2 ;
set Ts[362]:=
5_3_4 4_13_14 3_9_10 2_17_18 ;
set Ts[363]:=
4_19_20 5_9_10 3_1_2 5_13_14 2_15_16 3_5_6 3_9_10 ;
set Ts[364]:=
5_9_10 2_5_6 5_1_2 1_7_8 1_9_10 2_7_8 2_13_14 3_5_6 ;
set Ts[365]:=
3_1_2 3_9_10 ;
set Ts[366]:=
3_7_8 1_5_6 5_15_16 3_15_16 3_13_14 3_9_10 2_3_4 ;
set Ts[367]:=
4_7_8 4_15_16 3_9_10 3_13_14 5_19_20 4_9_10 3_19_20 4_5_6 2_3_4 ;
set Ts[368]:=
5_11_12 4_1_2 3_11_12 4_5_6 1_15_16 2_13_14 1_13_14 ;
set Ts[369]:=
4_7_8 4_5_6 ;
set Ts[370]:=
3_17_18 5_15_16 5_1_2 ;
set Ts[371]:=
5_1_2 5_15_16 3_13_14 1_9_10 1_19_20 2_1_2 3_5_6 4_7_8 1_1_2 3_3_4 2_5_6 ;
set Ts[372]:=
5_13_14 3_3_4 4_15_16 ;
set Ts[373]:=
2_5_6 5_11_12 3_1_2 1_1_2 2_17_18 2_3_4 1_7_8 1_13_14 ;
set Ts[374]:=
5_15_16 3_17_18 4_19_20 2_9_10 3_15_16 4_9_10 4_11_12 1_13_14 4_5_6 ;
set Ts[375]:=
5_11_12 2_11_12 5_7_8 4_3_4 4_17_18 5_1_2 3_17_18 2_17_18 1_9_10 1_3_4 2_1_2 5_19_20 ;
set Ts[376]:=
2_15_16 3_1_2 2_11_12 ;
set Ts[377]:=
2_3_4 4_5_6 1_17_18 4_11_12 4_7_8 2_19_20 1_9_10 ;
set Ts[378]:=
2_19_20 2_1_2 4_13_14 1_3_4 3_1_2 5_7_8 4_3_4 3_9_10 4_1_2 3_11_12 2_11_12 ;
set Ts[379]:=
1_3_4 1_1_2 4_17_18 5_9_10 5_1_2 1_7_8 3_9_10 4_5_6 1_19_20 5_7_8 ;
set Ts[380]:=
5_13_14 4_7_8 4_17_18 3_3_4 1_7_8 2_19_20 ;
set Ts[381]:=
4_1_2 3_1_2 ;
set Ts[382]:=
4_7_8 5_15_16 3_11_12 4_3_4 1_19_20 1_9_10 3_19_20 5_17_18 4_13_14 3_15_16 ;
set Ts[383]:=
5_15_16 4_7_8 ;
set Ts[384]:=
3_17_18 3_1_2 4_19_20 2_15_16 1_9_10 3_13_14 5_13_14 2_3_4 4_13_14 2_1_2 2_5_6 ;
set Ts[385]:=
1_9_10 5_15_16 2_13_14 ;
set Ts[386]:=
3_13_14 2_5_6 1_13_14 ;
set Ts[387]:=
1_7_8 3_15_16 1_5_6 4_7_8 3_3_4 3_13_14 2_3_4 4_1_2 5_17_18 ;
set Ts[388]:=
4_15_16 1_9_10 ;
set Ts[389]:=
3_11_12 5_11_12 5_9_10 4_5_6 1_5_6 1_7_8 2_15_16 1_17_18 3_9_10 3_3_4 4_13_14 ;
set Ts[390]:=
4_15_16 3_1_2 5_3_4 2_17_18 ;
set Ts[391]:=
5_11_12 2_9_10 1_17_18 5_13_14 5_1_2 2_7_8 4_15_16 4_19_20 ;
set Ts[392]:=
1_19_20 1_15_16 1_11_12 5_15_16 2_7_8 2_5_6 3_1_2 1_3_4 ;
set Ts[393]:=
5_7_8 1_13_14 ;
set Ts[394]:=
2_3_4 3_19_20 1_15_16 3_13_14 4_13_14 ;
set Ts[395]:=
3_13_14 2_11_12 1_17_18 5_5_6 2_19_20 5_1_2 5_3_4 3_17_18 ;
set Ts[396]:=
4_9_10 2_5_6 4_11_12 1_7_8 1_1_2 3_5_6 5_15_16 2_9_10 ;
set Ts[397]:=
3_11_12 3_13_14 4_9_10 2_17_18 3_7_8 ;
set Ts[398]:=
3_5_6 4_17_18 5_7_8 5_17_18 1_11_12 4_13_14 2_3_4 ;
set Ts[399]:=
1_17_18 4_5_6 ;
set Ts[400]:=
3_1_2 2_15_16 1_15_16 2_3_4 4_5_6 1_17_18 5_7_8 3_19_20 ;
set Ts[401]:=
1_17_18 5_1_2 1_1_2 1_19_20 2_5_6 2_19_20 3_9_10 2_1_2 5_7_8 2_9_10 3_1_2 ;
set Ts[402]:=
4_1_2 5_15_16 1_5_6 2_13_14 2_1_2 2_9_10 2_19_20 3_1_2 3_7_8 ;
set Ts[403]:=
4_17_18 5_7_8 3_17_18 3_3_4 2_13_14 ;
set Ts[404]:=
2_19_20 3_9_10 3_5_6 ;
set Ts[405]:=
2_13_14 3_19_20 5_9_10 3_17_18 2_17_18 5_13_14 1_11_12 ;
set Ts[406]:=
3_7_8 2_11_12 5_19_20 5_17_18 ;
set Ts[407]:=
1_15_16 4_9_10 3_9_10 5_17_18 1_1_2 4_11_12 5_15_16 ;
set Ts[408]:=
4_15_16 5_17_18 1_9_10 4_3_4 5_9_10 3_11_12 2_11_12 ;
set Ts[409]:=
4_11_12 4_19_20 4_9_10 4_15_16 2_3_4 4_7_8 ;
set Ts[410]:=
5_11_12 3_19_20 1_17_18 2_9_10 1_15_16 ;
set Ts[411]:=
2_17_18 5_5_6 1_1_2 1_5_6 1_7_8 4_19_20 5_13_14 5_19_20 4_1_2 ;
set Ts[412]:=
4_9_10 5_7_8 3_13_14 1_1_2 ;
set Ts[413]:=
1_7_8 3_19_20 2_9_10 4_5_6 2_7_8 5_9_10 3_11_12 4_19_20 3_13_14 ;
set Ts[414]:=
2_3_4 1_11_12 2_15_16 4_15_16 3_1_2 4_1_2 ;
set Ts[415]:=
1_1_2 4_11_12 3_5_6 5_17_18 1_17_18 1_7_8 ;
set Ts[416]:=
1_19_20 2_1_2 1_5_6 1_7_8 1_3_4 2_7_8 2_5_6 5_13_14 5_9_10 ;
set Ts[417]:=
4_9_10 2_3_4 3_11_12 4_19_20 5_9_10 ;
set Ts[418]:=
3_13_14 2_17_18 1_7_8 ;
set Ts[419]:=
2_9_10 1_19_20 5_13_14 1_13_14 2_1_2 3_15_16 ;
set Ts[420]:=
3_19_20 3_13_14 2_11_12 1_5_6 ;
set Ts[421]:=
4_1_2 5_1_2 4_15_16 2_11_12 4_7_8 1_17_18 ;
set Ts[422]:=
5_3_4 3_9_10 1_17_18 1_13_14 3_3_4 5_19_20 ;
set Ts[423]:=
3_19_20 5_11_12 1_19_20 3_1_2 2_17_18 ;
set Ts[424]:=
2_7_8 4_13_14 2_13_14 2_5_6 5_13_14 1_13_14 5_9_10 ;
set Ts[425]:=
3_19_20 1_3_4 5_19_20 4_17_18 3_7_8 2_7_8 1_7_8 2_13_14 2_9_10 2_19_20 ;
set Ts[426]:=
3_3_4 4_11_12 1_5_6 3_13_14 ;
set Ts[427]:=
3_7_8 2_11_12 3_19_20 2_13_14 1_5_6 2_19_20 ;
set Ts[428]:=
4_19_20 1_17_18 5_15_16 3_7_8 1_7_8 2_9_10 5_9_10 ;
set Ts[429]:=
5_17_18 2_3_4 ;
set Ts[430]:=
4_3_4 4_1_2 3_17_18 ;
set Ts[431]:=
5_9_10 2_17_18 1_11_12 1_5_6 3_15_16 3_3_4 3_11_12 1_13_14 ;
set Ts[432]:=
1_5_6 2_11_12 3_9_10 4_17_18 5_19_20 ;
set Ts[433]:=
4_3_4 1_5_6 5_3_4 5_17_18 3_9_10 3_1_2 1_15_16 3_15_16 2_19_20 1_11_12 ;
set Ts[434]:=
5_17_18 5_15_16 2_17_18 ;
set Ts[435]:=
3_11_12 3_1_2 ;
set Ts[436]:=
4_5_6 3_15_16 1_7_8 5_11_12 1_11_12 2_1_2 2_5_6 5_5_6 5_3_4 ;
set Ts[437]:=
5_3_4 1_7_8 2_7_8 5_7_8 2_9_10 ;
set Ts[438]:=
1_9_10 3_7_8 3_19_20 4_11_12 5_1_2 ;
set Ts[439]:=
1_9_10 2_11_12 4_9_10 5_13_14 4_15_16 ;
set Ts[440]:=
3_15_16 5_11_12 2_15_16 3_11_12 2_9_10 4_1_2 ;
set Ts[441]:=
3_3_4 2_11_12 5_5_6 2_19_20 2_3_4 4_7_8 4_13_14 1_11_12 ;
set Ts[442]:=
1_3_4 2_3_4 4_7_8 1_17_18 4_3_4 2_9_10 5_9_10 2_1_2 5_3_4 3_13_14 ;
set Ts[443]:=
3_13_14 1_11_12 4_1_2 2_17_18 3_19_20 3_1_2 4_9_10 3_9_10 5_9_10 4_13_14 1_3_4 ;
set Ts[444]:=
5_13_14 5_5_6 5_9_10 4_13_14 3_3_4 ;
set Ts[445]:=
5_15_16 2_1_2 3_13_14 4_1_2 2_15_16 ;
set Ts[446]:=
2_11_12 3_19_20 5_11_12 5_9_10 1_3_4 4_11_12 5_19_20 4_7_8 ;
set Ts[447]:=
2_5_6 5_9_10 2_7_8 2_1_2 2_13_14 1_13_14 1_17_18 1_11_12 4_19_20 3_11_12 ;
set Ts[448]:=
1_11_12 3_7_8 4_17_18 4_5_6 5_17_18 5_1_2 3_19_20 4_13_14 5_19_20 4_11_12 1_17_18 1_15_16 ;
set Ts[449]:=
3_15_16 1_19_20 2_3_4 2_17_18 5_11_12 2_19_20 4_13_14 ;
set Ts[450]:=
2_13_14 4_17_18 5_17_18 3_5_6 ;
set Ts[451]:=
2_17_18 3_5_6 3_17_18 2_11_12 5_3_4 ;
set Ts[452]:=
1_1_2 3_5_6 5_17_18 1_19_20 ;
set Ts[453]:=
3_15_16 1_9_10 2_11_12 2_3_4 3_1_2 4_17_18 4_9_10 4_5_6 4_7_8 5_3_4 2_7_8 2_15_16 5_19_20 ;
set Ts[454]:=
5_1_2 5_7_8 3_15_16 ;
set Ts[455]:=
4_11_12 4_17_18 ;
set Ts[456]:=
4_9_10 4_13_14 ;
set Ts[457]:=
5_1_2 1_1_2 3_15_16 4_11_12 2_3_4 ;
set Ts[458]:=
2_3_4 1_9_10 4_3_4 3_17_18 2_1_2 2_17_18 5_19_20 5_1_2 4_11_12 5_7_8 ;
set Ts[459]:=
1_9_10 1_19_20 5_11_12 1_17_18 2_3_4 4_13_14 ;
set Ts[460]:=
3_9_10 3_19_20 4_5_6 3_3_4 5_19_20 5_3_4 3_15_16 5_15_16 4_11_12 ;
set Ts[461]:=
2_15_16 3_15_16 3_11_12 2_13_14 3_7_8 4_11_12 2_17_18 1_13_14 1_11_12 2_9_10 ;
set Ts[462]:=
3_7_8 4_7_8 3_13_14 2_7_8 4_17_18 4_15_16 4_9_10 5_3_4 ;
set Ts[463]:=
3_9_10 2_11_12 1_5_6 2_9_10 4_3_4 5_11_12 2_19_20 5_1_2 ;
set Ts[464]:=
3_11_12 2_13_14 4_17_18 2_7_8 1_19_20 2_5_6 5_11_12 2_17_18 4_5_6 2_15_16 4_1_2 ;
set Ts[465]:=
1_3_4 5_1_2 2_11_12 2_3_4 1_7_8 ;
set Ts[466]:=
3_11_12 3_7_8 5_17_18 3_15_16 5_3_4 ;
set Ts[467]:=
3_11_12 2_9_10 4_5_6 2_19_20 1_11_12 ;
set Ts[468]:=
2_1_2 1_19_20 3_17_18 4_3_4 3_1_2 1_11_12 1_15_16 5_3_4 2_9_10 ;
set Ts[469]:=
2_3_4 3_15_16 4_7_8 ;
set Ts[470]:=
5_17_18 2_1_2 3_15_16 3_9_10 2_3_4 3_1_2 ;
set Ts[471]:=
1_7_8 2_15_16 ;
set Ts[472]:=
2_17_18 5_13_14 3_5_6 3_9_10 1_1_2 5_1_2 5_15_16 ;
set Ts[473]:=
5_11_12 1_15_16 1_1_2 2_17_18 4_5_6 1_11_12 2_13_14 1_9_10 ;
set Ts[474]:=
3_1_2 1_9_10 4_17_18 3_17_18 4_11_12 2_19_20 3_15_16 4_3_4 1_1_2 ;
set Ts[475]:=
5_1_2 5_19_20 3_19_20 4_1_2 5_11_12 4_7_8 1_1_2 2_15_16 ;
set Ts[476]:=
5_7_8 1_15_16 5_17_18 2_1_2 3_7_8 1_9_10 3_13_14 1_13_14 1_7_8 ;
set Ts[477]:=
1_19_20 4_7_8 1_1_2 4_1_2 4_11_12 4_17_18 3_17_18 ;
set Ts[478]:=
5_9_10 4_19_20 3_13_14 2_1_2 2_19_20 5_17_18 ;
set Ts[479]:=
2_19_20 5_3_4 5_17_18 3_1_2 ;
set Ts[480]:=
2_15_16 5_11_12 4_13_14 4_11_12 2_9_10 4_15_16 5_7_8 3_17_18 2_5_6 2_7_8 5_3_4 ;
set Ts[481]:=
2_19_20 5_15_16 4_5_6 3_7_8 2_13_14 1_5_6 ;
set Ts[482]:=
3_11_12 1_15_16 2_3_4 4_9_10 4_19_20 5_15_16 2_15_16 3_19_20 ;
set Ts[483]:=
3_5_6 3_9_10 2_1_2 1_9_10 1_5_6 1_15_16 5_5_6 ;
set Ts[484]:=
1_1_2 3_15_16 ;
set Ts[485]:=
5_15_16 5_19_20 2_11_12 ;
set Ts[486]:=
4_3_4 1_17_18 2_19_20 4_1_2 2_13_14 1_3_4 4_5_6 1_5_6 2_17_18 ;
set Ts[487]:=
3_7_8 1_7_8 4_17_18 ;
set Ts[488]:=
5_19_20 5_9_10 4_5_6 ;
set Ts[489]:=
3_19_20 2_7_8 1_3_4 1_11_12 1_17_18 1_19_20 5_19_20 ;
set Ts[490]:=
2_13_14 5_5_6 1_15_16 1_3_4 4_3_4 4_9_10 ;
set Ts[491]:=
3_3_4 2_13_14 3_5_6 2_5_6 1_13_14 1_7_8 2_3_4 3_17_18 ;
set Ts[492]:=
2_11_12 1_5_6 5_17_18 2_17_18 1_19_20 ;
set Ts[493]:=
4_7_8 4_13_14 5_15_16 ;
set Ts[494]:=
5_5_6 3_7_8 2_7_8 ;
set Ts[495]:=
1_5_6 5_5_6 5_15_16 2_3_4 2_13_14 4_7_8 5_11_12 4_11_12 2_9_10 ;
set Ts[496]:=
5_17_18 5_13_14 3_13_14 4_17_18 5_3_4 1_17_18 1_19_20 ;
set Ts[497]:=
2_13_14 4_13_14 4_5_6 ;
set Ts[498]:=
1_17_18 1_1_2 2_13_14 5_11_12 ;
set Ts[499]:=
1_15_16 3_19_20 4_13_14 1_5_6 ;
set Ts[500]:=
2_17_18 3_11_12 2_13_14 1_9_10 5_7_8 ;
set Ts[501]:=
1_5_6 5_11_12 4_7_8 1_19_20 2_19_20 4_1_2 ;
set Ts[502]:=
3_15_16 3_9_10 3_19_20 3_3_4 4_11_12 3_5_6 ;
set Ts[503]:=
3_19_20 3_9_10 5_11_12 2_13_14 1_17_18 1_19_20 4_13_14 1_1_2 2_11_12 1_3_4 5_19_20 5_7_8 2_1_2 ;
set Ts[504]:=
5_7_8 1_1_2 ;
set Ts[505]:=
1_19_20 5_13_14 1_17_18 4_17_18 ;
set Ts[506]:=
2_7_8 5_17_18 5_9_10 4_7_8 3_9_10 5_3_4 2_11_12 5_5_6 3_5_6 ;
set Ts[507]:=
3_1_2 2_3_4 4_3_4 4_5_6 5_7_8 5_5_6 1_11_12 5_17_18 3_5_6 1_9_10 ;
set Ts[508]:=
5_13_14 3_9_10 5_19_20 4_7_8 5_3_4 2_19_20 ;
set Ts[509]:=
1_5_6 2_5_6 5_7_8 5_19_20 2_15_16 1_13_14 2_7_8 5_5_6 ;
set Ts[510]:=
4_3_4 4_9_10 ;
set Ts[511]:=
2_7_8 3_5_6 5_7_8 ;
set Ts[512]:=
4_1_2 2_19_20 4_17_18 2_1_2 ;
set Ts[513]:=
5_5_6 2_9_10 3_11_12 ;
set Ts[514]:=
3_13_14 1_15_16 4_7_8 2_3_4 2_15_16 2_11_12 ;
set Ts[515]:=
3_13_14 4_9_10 4_15_16 2_17_18 ;
set Ts[516]:=
5_13_14 2_1_2 5_11_12 ;
set Ts[517]:=
4_3_4 5_9_10 5_5_6 4_11_12 4_5_6 5_3_4 1_13_14 ;
set Ts[518]:=
5_9_10 3_15_16 4_15_16 2_15_16 1_15_16 3_7_8 ;
set Ts[519]:=
2_15_16 3_3_4 5_3_4 3_11_12 ;
set Ts[520]:=
4_17_18 3_17_18 3_1_2 1_1_2 1_11_12 3_11_12 5_3_4 5_19_20 ;
set Ts[521]:=
2_13_14 4_7_8 1_9_10 5_15_16 4_17_18 5_19_20 4_9_10 5_5_6 2_19_20 ;
set Ts[522]:=
4_3_4 3_17_18 1_7_8 ;
set Ts[523]:=
4_15_16 2_3_4 4_1_2 4_5_6 4_3_4 5_1_2 ;
set Ts[524]:=
5_11_12 2_11_12 3_1_2 1_11_12 4_15_16 2_17_18 ;
set Ts[525]:=
5_17_18 2_19_20 ;
set Ts[526]:=
2_9_10 5_9_10 1_11_12 2_15_16 1_15_16 2_5_6 2_11_12 3_9_10 ;
set Ts[527]:=
5_7_8 5_1_2 5_19_20 2_15_16 1_15_16 2_11_12 5_11_12 5_13_14 ;
set Ts[528]:=
1_17_18 5_1_2 2_11_12 1_11_12 4_19_20 5_9_10 1_5_6 ;
set Ts[529]:=
2_17_18 1_13_14 4_5_6 2_13_14 5_13_14 5_11_12 ;
set Ts[530]:=
5_11_12 4_15_16 1_1_2 5_1_2 1_3_4 3_19_20 4_9_10 ;
set Ts[531]:=
4_17_18 2_7_8 3_13_14 4_1_2 1_11_12 1_13_14 3_5_6 1_1_2 5_7_8 5_1_2 1_19_20 ;
set Ts[532]:=
5_3_4 1_13_14 1_19_20 1_1_2 2_7_8 ;
set Ts[533]:=
4_19_20 3_15_16 1_11_12 5_3_4 2_5_6 4_9_10 2_7_8 3_13_14 5_9_10 ;
set Ts[534]:=
3_11_12 5_7_8 2_17_18 5_1_2 4_9_10 2_3_4 3_9_10 2_7_8 4_19_20 5_5_6 4_5_6 ;
set Ts[535]:=
5_5_6 1_1_2 3_7_8 ;
set Ts[536]:=
5_17_18 2_1_2 2_9_10 5_1_2 1_13_14 2_17_18 ;
set Ts[537]:=
5_1_2 4_19_20 5_15_16 1_7_8 5_3_4 2_5_6 1_3_4 3_5_6 4_11_12 ;
set Ts[538]:=
2_7_8 5_9_10 2_17_18 3_19_20 5_19_20 3_1_2 3_13_14 2_19_20 2_1_2 4_9_10 3_5_6 4_7_8 ;
set Ts[539]:=
5_17_18 4_5_6 4_11_12 1_5_6 5_3_4 ;
set Ts[540]:=
2_5_6 2_13_14 ;
set Ts[541]:=
5_11_12 2_15_16 3_1_2 2_9_10 4_7_8 2_11_12 1_13_14 ;
set Ts[542]:=
2_17_18 4_7_8 4_13_14 3_19_20 1_1_2 2_19_20 2_15_16 2_13_14 ;
set Ts[543]:=
2_15_16 4_13_14 2_9_10 3_3_4 3_11_12 4_17_18 3_9_10 ;
set Ts[544]:=
1_7_8 3_1_2 4_7_8 1_17_18 5_7_8 4_3_4 3_7_8 5_17_18 4_5_6 4_11_12 5_5_6 ;
set Ts[545]:=
4_17_18 5_9_10 5_11_12 1_9_10 2_19_20 ;
set Ts[546]:=
3_11_12 4_1_2 5_3_4 4_13_14 4_11_12 ;
set Ts[547]:=
2_5_6 2_7_8 5_1_2 5_11_12 2_19_20 2_9_10 ;
set Ts[548]:=
1_7_8 1_19_20 4_5_6 4_17_18 ;
set Ts[549]:=
2_19_20 4_17_18 4_1_2 5_15_16 5_5_6 3_3_4 5_3_4 4_9_10 ;
set Ts[550]:=
1_5_6 3_11_12 5_7_8 4_15_16 1_17_18 1_15_16 ;
set Ts[551]:=
3_3_4 3_11_12 2_7_8 4_9_10 5_9_10 3_1_2 4_17_18 1_11_12 ;
set Ts[552]:=
4_3_4 5_19_20 1_3_4 5_15_16 5_5_6 5_7_8 3_15_16 ;
set Ts[553]:=
4_3_4 3_9_10 ;
set Ts[554]:=
3_1_2 3_7_8 5_13_14 ;
set Ts[555]:=
5_3_4 5_15_16 4_1_2 5_7_8 3_19_20 1_15_16 2_19_20 5_5_6 ;
set Ts[556]:=
1_15_16 1_7_8 ;
set Ts[557]:=
5_13_14 2_5_6 3_13_14 2_1_2 5_3_4 4_9_10 3_3_4 ;
set Ts[558]:=
2_11_12 3_13_14 ;
set Ts[559]:=
2_7_8 1_7_8 4_19_20 3_9_10 2_19_20 4_1_2 ;
set Ts[560]:=
3_15_16 5_3_4 1_11_12 2_1_2 5_19_20 ;
set Ts[561]:=
1_19_20 4_3_4 5_5_6 3_5_6 2_7_8 4_5_6 2_15_16 ;
set Ts[562]:=
1_13_14 5_15_16 ;
set Ts[563]:=
4_15_16 2_1_2 ;
set Ts[564]:=
3_17_18 2_5_6 5_13_14 5_17_18 2_15_16 2_3_4 5_7_8 4_15_16 ;
set Ts[565]:=
1_9_10 3_5_6 3_11_12 2_13_14 3_1_2 4_5_6 2_11_12 2_3_4 4_3_4 4_1_2 ;
set Ts[566]:=
5_13_14 5_3_4 1_1_2 1_3_4 ;
set Ts[567]:=
5_11_12 1_19_20 1_13_14 5_1_2 5_7_8 4_13_14 5_5_6 2_1_2 1_7_8 ;
set Ts[568]:=
3_19_20 5_19_20 5_15_16 1_11_12 2_13_14 ;
set Ts[569]:=
5_13_14 1_7_8 1_19_20 5_9_10 1_17_18 ;
set Ts[570]:=
5_11_12 2_17_18 2_13_14 5_15_16 1_7_8 1_17_18 4_9_10 2_7_8 3_19_20 2_9_10 5_13_14 ;
set Ts[571]:=
2_13_14 1_15_16 2_15_16 3_9_10 2_3_4 5_1_2 1_17_18 3_1_2 2_1_2 3_3_4 ;
set Ts[572]:=
4_1_2 3_11_12 ;
set Ts[573]:=
5_7_8 2_15_16 3_15_16 3_7_8 3_5_6 3_19_20 2_3_4 ;
set Ts[574]:=
1_19_20 1_5_6 2_15_16 4_17_18 1_13_14 2_19_20 ;
set Ts[575]:=
3_13_14 1_13_14 5_15_16 4_17_18 ;
set Ts[576]:=
3_7_8 1_3_4 1_13_14 5_7_8 2_11_12 ;
set Ts[577]:=
1_9_10 2_17_18 5_15_16 2_11_12 3_11_12 2_15_16 5_1_2 1_17_18 1_19_20 4_3_4 5_7_8 ;
set Ts[578]:=
5_7_8 2_5_6 1_5_6 5_1_2 2_17_18 5_15_16 1_17_18 4_5_6 4_19_20 ;
set Ts[579]:=
4_9_10 1_5_6 5_3_4 2_1_2 ;
set Ts[580]:=
4_5_6 4_19_20 ;
set Ts[581]:=
3_5_6 5_5_6 3_13_14 1_3_4 2_3_4 4_5_6 3_1_2 4_13_14 4_9_10 1_17_18 ;
set Ts[582]:=
1_15_16 5_1_2 ;
set Ts[583]:=
5_17_18 2_9_10 3_13_14 4_9_10 2_17_18 3_3_4 1_11_12 4_13_14 5_1_2 ;
set Ts[584]:=
4_11_12 5_19_20 2_1_2 5_15_16 1_9_10 5_9_10 4_3_4 1_3_4 ;
set Ts[585]:=
2_19_20 3_15_16 3_3_4 5_9_10 4_17_18 3_13_14 3_17_18 2_5_6 4_3_4 ;
set Ts[586]:=
5_11_12 2_9_10 2_1_2 1_19_20 4_15_16 5_5_6 3_5_6 2_13_14 4_9_10 4_19_20 ;
set Ts[587]:=
5_5_6 4_1_2 ;
set Ts[588]:=
2_13_14 2_19_20 ;
set Ts[589]:=
5_7_8 4_19_20 2_1_2 5_15_16 1_3_4 ;
set Ts[590]:=
1_3_4 4_17_18 1_17_18 ;
set Ts[591]:=
2_1_2 3_13_14 4_19_20 1_1_2 2_17_18 1_15_16 4_1_2 3_11_12 4_15_16 5_1_2 2_15_16 ;
set Ts[592]:=
3_15_16 2_11_12 5_13_14 3_7_8 4_13_14 4_17_18 5_9_10 3_11_12 5_7_8 2_1_2 ;
set Ts[593]:=
4_9_10 5_5_6 3_17_18 4_3_4 5_13_14 2_9_10 2_5_6 5_11_12 4_11_12 2_3_4 2_13_14 ;
set Ts[594]:=
1_7_8 1_15_16 3_13_14 1_11_12 ;
set Ts[595]:=
2_15_16 1_3_4 3_13_14 4_1_2 2_17_18 3_11_12 3_7_8 1_1_2 4_19_20 2_3_4 4_9_10 ;
set Ts[596]:=
4_11_12 1_3_4 4_5_6 4_19_20 5_9_10 2_13_14 2_5_6 5_15_16 ;
set Ts[597]:=
5_11_12 3_19_20 3_1_2 5_19_20 3_9_10 1_9_10 3_5_6 ;
set Ts[598]:=
2_9_10 5_19_20 ;
set Ts[599]:=
1_15_16 1_19_20 5_9_10 3_1_2 3_7_8 2_13_14 4_15_16 3_15_16 2_1_2 ;
set Ts[600]:=
2_13_14 1_13_14 5_13_14 ;
set Ts[601]:=
1_17_18 3_17_18 5_1_2 2_19_20 ;
set Ts[602]:=
2_19_20 3_15_16 2_3_4 3_19_20 4_11_12 3_1_2 ;
set Ts[603]:=
3_17_18 2_11_12 5_15_16 ;
set Ts[604]:=
3_19_20 2_13_14 5_11_12 5_1_2 5_7_8 3_7_8 4_19_20 ;
set Ts[605]:=
2_7_8 3_7_8 5_15_16 4_13_14 1_9_10 3_3_4 3_17_18 3_15_16 1_17_18 5_17_18 1_7_8 ;
set Ts[606]:=
3_1_2 5_9_10 3_15_16 4_19_20 3_13_14 1_11_12 3_9_10 2_1_2 2_13_14 1_7_8 2_9_10 2_7_8 2_15_16 ;
set Ts[607]:=
4_15_16 5_17_18 5_19_20 1_5_6 4_19_20 1_17_18 ;
set Ts[608]:=
5_15_16 5_5_6 5_17_18 1_17_18 ;
set Ts[609]:=
1_7_8 2_1_2 2_9_10 1_11_12 3_1_2 3_3_4 3_7_8 1_9_10 2_19_20 ;
set Ts[610]:=
3_17_18 4_13_14 1_7_8 4_19_20 1_17_18 3_11_12 ;
set Ts[611]:=
2_3_4 3_1_2 5_11_12 4_9_10 ;
set Ts[612]:=
1_19_20 1_7_8 ;
set Ts[613]:=
5_11_12 4_11_12 3_9_10 5_9_10 4_19_20 5_13_14 ;
set Ts[614]:=
2_9_10 5_11_12 2_15_16 4_13_14 1_19_20 4_3_4 2_17_18 3_9_10 3_7_8 2_3_4 ;
set Ts[615]:=
4_17_18 2_3_4 ;
set Ts[616]:=
2_9_10 1_1_2 2_1_2 1_9_10 3_13_14 2_15_16 4_5_6 ;
set Ts[617]:=
4_15_16 1_5_6 2_7_8 4_11_12 2_3_4 1_13_14 1_7_8 ;
set Ts[618]:=
2_9_10 4_13_14 5_1_2 2_7_8 5_17_18 1_7_8 ;
set Ts[619]:=
3_9_10 2_1_2 ;
set Ts[620]:=
2_1_2 1_13_14 2_17_18 2_11_12 2_5_6 4_1_2 1_1_2 1_5_6 ;
set Ts[621]:=
5_19_20 2_7_8 2_17_18 2_19_20 4_17_18 ;
set Ts[622]:=
1_5_6 2_5_6 3_1_2 4_13_14 4_17_18 2_11_12 2_7_8 ;
set Ts[623]:=
2_7_8 5_5_6 1_19_20 1_7_8 1_5_6 4_11_12 4_17_18 1_9_10 ;
set Ts[624]:=
2_5_6 4_1_2 4_9_10 3_17_18 5_1_2 2_13_14 4_19_20 5_5_6 ;
set Ts[625]:=
2_15_16 3_19_20 4_11_12 4_9_10 4_1_2 1_1_2 1_11_12 1_7_8 ;
set Ts[626]:=
1_9_10 3_11_12 1_3_4 2_13_14 3_13_14 5_17_18 2_15_16 ;
set Ts[627]:=
3_17_18 4_15_16 1_19_20 5_5_6 2_9_10 4_19_20 3_15_16 4_11_12 4_9_10 ;
set Ts[628]:=
3_7_8 4_3_4 5_17_18 ;
set Ts[629]:=
2_11_12 3_5_6 3_17_18 4_17_18 1_5_6 ;
set Ts[630]:=
2_11_12 5_13_14 3_3_4 5_11_12 3_17_18 4_3_4 1_17_18 5_5_6 4_1_2 ;
set Ts[631]:=
3_13_14 1_7_8 2_11_12 1_13_14 5_19_20 5_5_6 4_15_16 4_5_6 5_11_12 ;
set Ts[632]:=
4_13_14 3_5_6 5_9_10 4_1_2 1_11_12 1_9_10 4_3_4 5_5_6 3_19_20 ;
set Ts[633]:=
4_11_12 3_19_20 5_17_18 1_11_12 ;
set Ts[634]:=
2_15_16 1_11_12 ;
set Ts[635]:=
1_15_16 5_17_18 1_11_12 4_9_10 1_19_20 1_9_10 1_5_6 4_13_14 3_3_4 ;
set Ts[636]:=
2_11_12 5_13_14 4_3_4 2_1_2 ;
set Ts[637]:=
4_5_6 3_17_18 ;
set Ts[638]:=
1_5_6 2_7_8 3_1_2 4_15_16 3_5_6 3_3_4 1_7_8 4_17_18 3_17_18 3_15_16 ;
set Ts[639]:=
1_3_4 2_13_14 ;
set Ts[640]:=
1_13_14 3_19_20 1_7_8 5_11_12 1_5_6 1_3_4 1_1_2 3_5_6 4_13_14 2_13_14 3_7_8 ;
set Ts[641]:=
3_19_20 1_11_12 ;
set Ts[642]:=
2_5_6 2_9_10 4_11_12 2_11_12 1_3_4 2_1_2 5_9_10 2_7_8 ;
set Ts[643]:=
5_11_12 2_11_12 3_19_20 3_9_10 ;
set Ts[644]:=
5_5_6 4_9_10 1_11_12 ;
set Ts[645]:=
2_9_10 2_3_4 2_19_20 3_15_16 2_15_16 1_13_14 5_3_4 3_17_18 ;
set Ts[646]:=
4_5_6 1_19_20 2_7_8 ;
set Ts[647]:=
5_3_4 5_11_12 4_11_12 1_17_18 3_13_14 1_19_20 4_17_18 ;
set Ts[648]:=
5_9_10 1_15_16 1_7_8 3_3_4 1_13_14 3_15_16 ;
set Ts[649]:=
1_7_8 4_17_18 4_19_20 1_15_16 3_1_2 2_19_20 5_1_2 2_7_8 5_19_20 ;
set Ts[650]:=
2_9_10 5_3_4 5_5_6 1_5_6 1_17_18 1_13_14 2_11_12 5_1_2 5_19_20 ;
set Ts[651]:=
2_5_6 4_1_2 4_3_4 ;
set Ts[652]:=
2_3_4 2_11_12 1_19_20 4_15_16 3_3_4 2_15_16 3_19_20 4_3_4 5_13_14 2_19_20 ;
set Ts[653]:=
3_19_20 2_13_14 4_9_10 1_1_2 3_1_2 5_3_4 4_7_8 4_13_14 5_13_14 5_19_20 4_19_20 4_5_6 4_3_4 ;
set Ts[654]:=
4_9_10 3_9_10 1_13_14 4_7_8 2_19_20 5_11_12 2_5_6 1_7_8 ;
set Ts[655]:=
2_7_8 1_19_20 1_15_16 ;
set Ts[656]:=
4_3_4 2_9_10 ;
set Ts[657]:=
1_19_20 3_7_8 2_1_2 3_13_14 4_5_6 1_5_6 1_15_16 4_17_18 2_15_16 ;
set Ts[658]:=
4_13_14 5_11_12 4_17_18 1_13_14 5_13_14 4_5_6 3_9_10 2_11_12 3_1_2 5_9_10 1_1_2 ;
set Ts[659]:=
4_13_14 2_15_16 1_13_14 5_13_14 4_9_10 3_15_16 ;
set Ts[660]:=
5_15_16 1_19_20 ;
set Ts[661]:=
3_3_4 2_5_6 2_13_14 ;
set Ts[662]:=
1_13_14 5_15_16 4_13_14 2_9_10 5_3_4 1_3_4 2_17_18 1_5_6 ;
set Ts[663]:=
3_19_20 5_15_16 2_11_12 3_11_12 5_5_6 4_3_4 4_1_2 3_9_10 ;
set Ts[664]:=
5_5_6 4_7_8 2_7_8 1_11_12 3_13_14 2_9_10 1_1_2 4_9_10 4_15_16 3_15_16 ;
set Ts[665]:=
1_17_18 5_17_18 5_3_4 5_19_20 1_9_10 4_9_10 4_5_6 4_15_16 ;
set Ts[666]:=
2_11_12 2_19_20 5_11_12 5_1_2 2_5_6 4_11_12 3_7_8 5_15_16 ;
set Ts[667]:=
5_19_20 1_11_12 2_3_4 5_7_8 2_7_8 3_1_2 4_9_10 ;
set Ts[668]:=
1_19_20 4_1_2 4_9_10 1_7_8 5_15_16 5_19_20 5_1_2 3_13_14 3_3_4 2_9_10 5_3_4 ;
set Ts[669]:=
1_7_8 1_11_12 3_11_12 2_9_10 2_15_16 3_5_6 5_1_2 4_3_4 1_17_18 1_9_10 3_1_2 ;
set Ts[670]:=
5_19_20 1_9_10 2_3_4 1_11_12 3_11_12 1_19_20 3_1_2 3_19_20 5_13_14 4_13_14 ;
set Ts[671]:=
2_7_8 1_11_12 ;
set Ts[672]:=
3_15_16 2_9_10 4_15_16 1_1_2 2_1_2 5_7_8 3_17_18 ;
set Ts[673]:=
1_15_16 1_13_14 5_15_16 1_19_20 2_13_14 2_1_2 ;
set Ts[674]:=
5_7_8 3_5_6 4_7_8 3_17_18 5_1_2 4_3_4 4_11_12 2_15_16 1_3_4 1_7_8 3_9_10 ;
set Ts[675]:=
5_3_4 5_9_10 ;
set Ts[676]:=
4_11_12 4_3_4 5_3_4 2_1_2 1_15_16 3_5_6 ;
set Ts[677]:=
4_5_6 3_19_20 1_7_8 ;
set Ts[678]:=
2_9_10 4_15_16 5_15_16 3_19_20 2_5_6 5_7_8 ;
set Ts[679]:=
3_15_16 2_3_4 1_13_14 ;
set Ts[680]:=
2_3_4 3_15_16 1_3_4 3_13_14 ;
set Ts[681]:=
4_11_12 4_15_16 5_17_18 4_19_20 1_3_4 2_1_2 1_17_18 5_5_6 ;
set Ts[682]:=
5_5_6 5_15_16 ;
set Ts[683]:=
1_1_2 2_7_8 4_17_18 5_15_16 1_15_16 5_7_8 5_11_12 2_17_18 2_19_20 3_1_2 1_5_6 3_9_10 5_17_18 ;
set Ts[684]:=
2_13_14 2_5_6 4_15_16 3_9_10 3_19_20 4_17_18 ;
set Ts[685]:=
1_1_2 1_11_12 2_1_2 4_9_10 5_1_2 2_5_6 2_13_14 5_5_6 4_1_2 5_13_14 4_17_18 3_13_14 ;
set Ts[686]:=
3_17_18 1_9_10 1_11_12 4_3_4 5_17_18 2_7_8 2_17_18 4_13_14 ;
set Ts[687]:=
3_3_4 1_1_2 4_17_18 ;
set Ts[688]:=
4_11_12 2_19_20 3_7_8 4_3_4 5_11_12 3_9_10 1_11_12 5_1_2 4_7_8 ;
set Ts[689]:=
4_17_18 4_15_16 3_1_2 3_19_20 3_7_8 4_1_2 5_9_10 1_19_20 5_11_12 ;
set Ts[690]:=
2_19_20 5_7_8 4_13_14 4_15_16 4_17_18 5_9_10 4_5_6 3_5_6 4_9_10 4_19_20 5_13_14 ;
set Ts[691]:=
1_5_6 4_3_4 ;
set Ts[692]:=
2_19_20 3_3_4 5_9_10 5_11_12 ;
set Ts[693]:=
2_13_14 3_5_6 1_5_6 4_15_16 1_7_8 3_1_2 3_11_12 4_7_8 3_7_8 ;
set Ts[694]:=
3_3_4 1_3_4 2_13_14 4_3_4 3_17_18 ;
set Ts[695]:=
5_19_20 1_19_20 ;
set Ts[696]:=
2_19_20 3_1_2 2_5_6 1_11_12 ;
set Ts[697]:=
4_13_14 3_19_20 1_9_10 1_13_14 2_9_10 4_15_16 4_1_2 3_13_14 2_5_6 4_3_4 ;
set Ts[698]:=
1_1_2 2_3_4 3_11_12 4_19_20 1_19_20 2_13_14 2_5_6 1_15_16 1_9_10 5_11_12 3_13_14 3_19_20 ;
set Ts[699]:=
4_7_8 1_13_14 4_1_2 3_19_20 5_19_20 2_13_14 5_9_10 2_3_4 3_17_18 3_1_2 4_13_14 ;
set Ts[700]:=
1_19_20 4_3_4 3_17_18 ;
set Ts[701]:=
5_13_14 1_15_16 3_11_12 5_19_20 1_11_12 2_17_18 1_9_10 1_17_18 4_7_8 5_11_12 ;
set Ts[702]:=
2_19_20 4_19_20 4_5_6 2_7_8 ;
set Ts[703]:=
5_13_14 5_17_18 2_13_14 3_9_10 1_15_16 1_7_8 ;
set Ts[704]:=
3_7_8 2_5_6 2_1_2 5_17_18 3_15_16 5_19_20 5_7_8 1_11_12 2_13_14 5_5_6 4_5_6 3_1_2 1_9_10 ;
set Ts[705]:=
1_7_8 3_7_8 2_5_6 3_13_14 ;
set Ts[706]:=
5_15_16 5_17_18 4_5_6 1_5_6 1_11_12 1_9_10 ;
set Ts[707]:=
4_7_8 2_15_16 5_15_16 5_3_4 1_13_14 2_3_4 4_17_18 4_11_12 1_17_18 ;
set Ts[708]:=
4_13_14 5_11_12 2_15_16 2_9_10 4_3_4 ;
set Ts[709]:=
1_19_20 3_5_6 4_11_12 5_11_12 1_15_16 ;
set Ts[710]:=
3_5_6 4_15_16 2_15_16 5_9_10 1_5_6 5_7_8 3_17_18 4_9_10 2_9_10 5_1_2 1_13_14 ;
set Ts[711]:=
4_3_4 1_19_20 5_13_14 1_1_2 3_3_4 4_9_10 4_7_8 ;
set Ts[712]:=
3_7_8 1_7_8 4_1_2 1_1_2 3_19_20 2_5_6 5_5_6 ;
set Ts[713]:=
5_13_14 2_15_16 2_9_10 4_17_18 4_19_20 5_9_10 1_1_2 5_15_16 ;
set Ts[714]:=
5_15_16 3_17_18 1_7_8 ;
set Ts[715]:=
4_17_18 1_9_10 3_1_2 5_5_6 1_3_4 1_5_6 3_3_4 3_11_12 4_7_8 ;
set Ts[716]:=
3_9_10 5_9_10 3_13_14 ;
set Ts[717]:=
1_11_12 2_9_10 1_1_2 4_13_14 1_9_10 3_17_18 ;
set Ts[718]:=
1_7_8 3_7_8 5_19_20 1_5_6 4_1_2 ;
set Ts[719]:=
2_5_6 3_15_16 3_9_10 5_1_2 4_1_2 4_13_14 ;
set Ts[720]:=
3_3_4 3_7_8 1_9_10 4_9_10 3_19_20 1_3_4 4_11_12 ;
set Ts[721]:=
2_15_16 1_11_12 4_17_18 5_17_18 5_9_10 3_9_10 4_9_10 2_1_2 1_3_4 ;
set Ts[722]:=
1_3_4 4_15_16 3_5_6 3_17_18 3_11_12 5_3_4 1_9_10 3_15_16 2_1_2 2_3_4 4_3_4 ;
set Ts[723]:=
4_15_16 1_13_14 2_13_14 4_17_18 ;
set Ts[724]:=
5_13_14 2_3_4 2_17_18 3_9_10 1_9_10 ;
set Ts[725]:=
5_5_6 2_1_2 1_17_18 5_13_14 4_19_20 ;
set Ts[726]:=
5_15_16 3_13_14 5_11_12 1_19_20 4_17_18 3_17_18 3_7_8 3_5_6 1_9_10 1_1_2 ;
set Ts[727]:=
4_13_14 2_11_12 5_19_20 1_7_8 4_1_2 3_9_10 3_17_18 3_15_16 2_3_4 4_7_8 2_5_6 ;
set Ts[728]:=
5_13_14 5_3_4 1_17_18 5_19_20 4_3_4 3_5_6 2_1_2 ;
set Ts[729]:=
2_19_20 5_17_18 ;
set Ts[730]:=
1_15_16 2_17_18 2_7_8 2_15_16 1_13_14 ;
set Ts[731]:=
3_11_12 1_5_6 2_3_4 2_11_12 1_9_10 5_13_14 1_13_14 4_17_18 5_11_12 2_1_2 2_19_20 5_3_4 ;
set Ts[732]:=
5_19_20 4_9_10 ;
set Ts[733]:=
2_9_10 2_11_12 3_17_18 ;
set Ts[734]:=
2_19_20 1_11_12 3_9_10 4_9_10 2_15_16 2_3_4 ;
set Ts[735]:=
4_1_2 3_19_20 2_3_4 3_3_4 4_11_12 1_15_16 4_3_4 ;
set Ts[736]:=
4_3_4 2_15_16 5_3_4 3_15_16 4_9_10 2_3_4 2_9_10 3_9_10 5_5_6 2_7_8 ;
set Ts[737]:=
3_5_6 5_5_6 3_1_2 4_1_2 5_17_18 1_9_10 ;
set Ts[738]:=
4_19_20 3_13_14 3_7_8 ;
set Ts[739]:=
1_1_2 5_19_20 1_17_18 4_3_4 3_1_2 4_1_2 ;
set Ts[740]:=
1_19_20 5_1_2 5_3_4 ;
set Ts[741]:=
2_19_20 2_11_12 1_17_18 5_7_8 ;
set Ts[742]:=
2_13_14 4_7_8 4_15_16 ;
set Ts[743]:=
5_15_16 2_15_16 5_17_18 3_13_14 3_7_8 1_15_16 2_7_8 1_19_20 2_1_2 4_15_16 ;
set Ts[744]:=
1_11_12 4_9_10 3_17_18 1_13_14 2_15_16 2_5_6 1_5_6 4_1_2 3_9_10 4_7_8 5_1_2 2_9_10 ;
set Ts[745]:=
5_15_16 3_19_20 2_11_12 2_15_16 2_7_8 3_17_18 2_3_4 1_13_14 2_9_10 3_7_8 ;
set Ts[746]:=
1_3_4 3_5_6 5_13_14 2_19_20 5_17_18 4_19_20 1_7_8 1_11_12 4_5_6 2_7_8 3_1_2 ;
set Ts[747]:=
5_9_10 4_19_20 3_13_14 3_5_6 4_5_6 4_7_8 3_7_8 4_13_14 2_17_18 ;
set Ts[748]:=
1_3_4 2_13_14 5_5_6 2_7_8 4_15_16 ;
set Ts[749]:=
4_15_16 2_7_8 5_9_10 4_3_4 1_15_16 4_5_6 5_17_18 2_17_18 4_9_10 2_5_6 5_1_2 4_7_8 4_17_18 ;
set Ts[750]:=
2_3_4 3_9_10 5_11_12 ;
set Ts[751]:=
1_11_12 1_7_8 2_15_16 1_19_20 3_7_8 2_13_14 2_5_6 3_19_20 4_17_18 ;
set Ts[752]:=
5_1_2 1_7_8 5_15_16 5_5_6 ;
set Ts[753]:=
1_1_2 3_13_14 5_1_2 ;
set Ts[754]:=
4_19_20 5_15_16 3_17_18 3_13_14 2_17_18 2_7_8 1_1_2 4_3_4 2_19_20 3_3_4 3_11_12 ;
set Ts[755]:=
4_19_20 2_3_4 4_11_12 2_15_16 4_3_4 4_5_6 4_13_14 5_17_18 2_7_8 4_15_16 5_9_10 5_11_12 ;
set Ts[756]:=
1_1_2 3_7_8 4_19_20 3_1_2 3_19_20 5_5_6 1_11_12 3_17_18 4_5_6 ;
set Ts[757]:=
2_5_6 3_1_2 5_1_2 1_13_14 2_9_10 3_17_18 5_19_20 3_3_4 5_13_14 3_19_20 4_13_14 ;
set Ts[758]:=
3_7_8 3_13_14 4_17_18 5_1_2 3_15_16 1_19_20 1_9_10 ;
set Ts[759]:=
1_19_20 2_11_12 1_13_14 3_5_6 3_3_4 1_7_8 5_19_20 1_15_16 4_3_4 3_1_2 3_11_12 1_17_18 2_19_20 ;
set Ts[760]:=
1_5_6 5_17_18 1_17_18 3_13_14 5_1_2 1_11_12 5_9_10 2_17_18 ;
set Ts[761]:=
4_19_20 3_5_6 4_7_8 1_5_6 5_7_8 3_1_2 2_9_10 2_11_12 4_15_16 3_11_12 2_1_2 ;
set Ts[762]:=
1_19_20 4_1_2 5_19_20 3_11_12 3_7_8 4_11_12 4_15_16 ;
set Ts[763]:=
3_3_4 4_17_18 5_19_20 4_19_20 2_11_12 4_5_6 1_3_4 2_19_20 5_1_2 4_1_2 ;
set Ts[764]:=
5_19_20 2_13_14 3_9_10 5_3_4 2_9_10 2_1_2 ;
set Ts[765]:=
1_9_10 2_11_12 3_13_14 5_3_4 ;
set Ts[766]:=
3_3_4 2_11_12 1_19_20 ;
set Ts[767]:=
2_11_12 4_13_14 5_19_20 2_17_18 1_3_4 5_9_10 1_9_10 3_9_10 5_13_14 4_7_8 ;
set Ts[768]:=
4_15_16 3_11_12 5_3_4 4_13_14 3_1_2 1_5_6 3_13_14 ;
set Ts[769]:=
3_11_12 3_15_16 4_5_6 4_3_4 4_11_12 5_3_4 4_17_18 ;
set Ts[770]:=
2_17_18 4_11_12 1_17_18 1_7_8 4_13_14 5_7_8 3_17_18 2_5_6 ;
set Ts[771]:=
2_5_6 1_5_6 3_1_2 4_15_16 3_11_12 5_11_12 5_17_18 4_7_8 3_3_4 ;
set Ts[772]:=
3_15_16 2_9_10 3_13_14 2_1_2 2_11_12 4_15_16 ;
set Ts[773]:=
4_19_20 4_11_12 3_1_2 2_19_20 ;
set Ts[774]:=
4_3_4 1_1_2 3_9_10 5_15_16 1_9_10 ;
set Ts[775]:=
4_7_8 5_15_16 5_5_6 3_15_16 1_7_8 2_3_4 ;
set Ts[776]:=
3_11_12 1_11_12 ;
set Ts[777]:=
2_1_2 3_3_4 4_1_2 5_5_6 3_11_12 4_15_16 2_13_14 4_11_12 2_5_6 3_1_2 ;
set Ts[778]:=
1_13_14 1_7_8 3_5_6 5_3_4 4_9_10 2_17_18 3_15_16 ;
set Ts[779]:=
4_7_8 1_13_14 2_13_14 2_5_6 2_11_12 3_15_16 ;
set Ts[780]:=
5_1_2 1_5_6 1_3_4 2_9_10 3_17_18 ;
set Ts[781]:=
3_11_12 1_19_20 5_1_2 3_1_2 1_1_2 2_7_8 1_3_4 1_13_14 3_3_4 5_13_14 4_19_20 ;
set Ts[782]:=
3_7_8 4_3_4 5_7_8 1_15_16 4_13_14 2_15_16 3_19_20 ;
set Ts[783]:=
4_13_14 4_7_8 ;
set Ts[784]:=
4_1_2 4_13_14 1_19_20 1_7_8 ;
set Ts[785]:=
2_11_12 1_15_16 3_13_14 1_13_14 1_11_12 3_1_2 5_3_4 1_3_4 ;
set Ts[786]:=
2_3_4 5_17_18 4_13_14 3_3_4 1_9_10 1_3_4 3_15_16 1_15_16 ;
set Ts[787]:=
5_13_14 1_1_2 3_17_18 4_7_8 3_3_4 4_17_18 4_1_2 1_3_4 3_5_6 1_13_14 ;
set Ts[788]:=
2_17_18 4_9_10 1_17_18 3_15_16 2_15_16 3_19_20 3_11_12 4_7_8 5_13_14 3_1_2 3_5_6 ;
set Ts[789]:=
4_13_14 4_11_12 1_15_16 4_17_18 5_17_18 1_5_6 2_9_10 2_19_20 3_3_4 1_3_4 5_11_12 5_15_16 4_1_2 ;
set Ts[790]:=
5_9_10 4_19_20 3_7_8 1_1_2 3_11_12 5_19_20 5_13_14 4_13_14 3_15_16 ;
set Ts[791]:=
2_11_12 5_7_8 4_17_18 3_19_20 ;
set Ts[792]:=
1_3_4 1_9_10 ;
set Ts[793]:=
5_3_4 5_1_2 3_19_20 3_5_6 5_13_14 4_17_18 ;
set Ts[794]:=
2_11_12 2_5_6 2_3_4 1_1_2 1_11_12 1_13_14 ;
set Ts[795]:=
4_13_14 5_7_8 3_19_20 1_19_20 ;
set Ts[796]:=
2_19_20 3_11_12 3_19_20 5_9_10 4_3_4 1_9_10 ;
set Ts[797]:=
2_17_18 5_3_4 2_19_20 ;
set Ts[798]:=
4_19_20 4_17_18 3_13_14 2_15_16 5_3_4 ;
set Ts[799]:=
1_7_8 3_13_14 5_3_4 4_17_18 5_15_16 3_7_8 4_7_8 ;
set Ts[800]:=
5_1_2 1_15_16 4_13_14 5_17_18 2_3_4 5_13_14 5_7_8 3_13_14 ;
set Ts[801]:=
1_5_6 5_19_20 5_17_18 2_11_12 4_7_8 4_1_2 1_1_2 4_5_6 ;
set Ts[802]:=
1_11_12 2_1_2 ;
set Ts[803]:=
3_15_16 4_5_6 1_9_10 5_15_16 3_19_20 ;
set Ts[804]:=
5_1_2 5_7_8 3_13_14 2_17_18 1_13_14 3_15_16 5_17_18 1_3_4 1_11_12 4_3_4 2_11_12 4_13_14 5_9_10 ;
set Ts[805]:=
3_5_6 3_13_14 3_7_8 3_15_16 2_17_18 1_13_14 3_19_20 ;
set Ts[806]:=
3_19_20 4_7_8 2_11_12 5_3_4 2_13_14 2_5_6 1_11_12 3_7_8 5_15_16 ;
set Ts[807]:=
3_11_12 1_7_8 4_15_16 4_7_8 5_13_14 3_7_8 2_5_6 4_11_12 ;
set Ts[808]:=
4_11_12 2_11_12 5_13_14 5_15_16 2_7_8 3_19_20 2_1_2 1_9_10 ;
set Ts[809]:=
3_15_16 4_9_10 2_1_2 3_7_8 ;
set Ts[810]:=
3_9_10 2_3_4 3_19_20 1_19_20 ;
set Ts[811]:=
2_11_12 2_7_8 2_9_10 1_17_18 4_11_12 5_5_6 ;
set Ts[812]:=
2_19_20 5_19_20 1_17_18 5_9_10 5_5_6 5_17_18 2_1_2 4_5_6 ;
set Ts[813]:=
2_13_14 1_7_8 3_13_14 3_5_6 4_15_16 5_1_2 ;
set Ts[814]:=
4_13_14 4_3_4 3_3_4 1_1_2 3_19_20 2_15_16 2_5_6 2_7_8 ;
set Ts[815]:=
2_9_10 5_11_12 1_19_20 ;
set Ts[816]:=
4_19_20 2_7_8 1_3_4 2_1_2 5_13_14 ;
set Ts[817]:=
1_1_2 5_1_2 2_15_16 5_9_10 1_3_4 4_11_12 4_13_14 1_15_16 3_15_16 ;
set Ts[818]:=
3_3_4 2_11_12 ;
set Ts[819]:=
5_3_4 3_17_18 2_11_12 4_13_14 2_15_16 4_11_12 ;
set Ts[820]:=
4_3_4 1_3_4 4_1_2 ;
set Ts[821]:=
4_13_14 4_15_16 5_1_2 ;
set Ts[822]:=
5_19_20 5_7_8 5_9_10 1_5_6 2_13_14 1_17_18 2_3_4 5_15_16 5_13_14 2_17_18 3_19_20 1_13_14 3_9_10 ;
set Ts[823]:=
3_9_10 3_7_8 5_13_14 5_5_6 5_3_4 3_17_18 ;
set Ts[824]:=
1_1_2 2_17_18 4_7_8 ;
set Ts[825]:=
3_5_6 5_7_8 3_11_12 4_13_14 4_3_4 2_3_4 4_5_6 1_17_18 ;
set Ts[826]:=
1_1_2 3_9_10 5_5_6 2_17_18 3_17_18 5_7_8 ;
set Ts[827]:=
2_3_4 5_1_2 4_9_10 5_3_4 3_19_20 3_13_14 1_7_8 1_11_12 ;
set Ts[828]:=
4_9_10 4_19_20 ;
set Ts[829]:=
1_17_18 2_11_12 5_13_14 2_19_20 5_15_16 1_1_2 3_15_16 ;
set Ts[830]:=
1_17_18 2_9_10 3_5_6 5_15_16 4_1_2 2_17_18 4_9_10 1_5_6 ;
set Ts[831]:=
2_5_6 5_7_8 ;
set Ts[832]:=
1_5_6 5_11_12 3_1_2 2_13_14 2_9_10 4_17_18 4_11_12 ;
set Ts[833]:=
2_5_6 3_19_20 ;
set Ts[834]:=
4_15_16 5_15_16 5_19_20 1_9_10 5_3_4 2_19_20 3_7_8 1_3_4 ;
set Ts[835]:=
4_13_14 5_19_20 5_17_18 1_3_4 3_7_8 2_11_12 2_13_14 1_1_2 2_1_2 ;
set Ts[836]:=
2_13_14 4_7_8 3_3_4 1_7_8 4_9_10 4_19_20 1_13_14 2_3_4 ;
set Ts[837]:=
2_17_18 2_7_8 ;
set Ts[838]:=
1_3_4 4_17_18 3_15_16 2_11_12 ;
set Ts[839]:=
1_19_20 2_17_18 5_15_16 ;
set Ts[840]:=
5_9_10 2_17_18 ;
set Ts[841]:=
3_1_2 5_7_8 4_3_4 5_19_20 4_15_16 4_1_2 ;
set Ts[842]:=
4_7_8 1_17_18 ;
set Ts[843]:=
2_5_6 4_3_4 1_19_20 4_19_20 5_7_8 4_11_12 ;
set Ts[844]:=
5_9_10 2_5_6 4_15_16 1_19_20 2_9_10 ;
set Ts[845]:=
1_11_12 5_9_10 5_1_2 3_17_18 4_15_16 4_19_20 4_7_8 5_5_6 ;
set Ts[846]:=
3_13_14 2_15_16 ;
set Ts[847]:=
4_13_14 1_19_20 5_19_20 2_3_4 ;
set Ts[848]:=
1_1_2 4_11_12 4_1_2 1_13_14 1_19_20 5_1_2 ;
set Ts[849]:=
4_17_18 3_7_8 1_1_2 1_19_20 5_15_16 2_15_16 1_7_8 2_19_20 ;
set Ts[850]:=
1_9_10 3_19_20 1_5_6 1_13_14 ;
set Ts[851]:=
5_3_4 2_9_10 3_1_2 3_15_16 1_15_16 1_11_12 4_15_16 3_9_10 5_19_20 ;
set Ts[852]:=
2_17_18 5_11_12 4_17_18 1_1_2 5_15_16 1_9_10 3_11_12 3_15_16 5_19_20 ;
set Ts[853]:=
4_11_12 1_3_4 2_5_6 1_17_18 5_19_20 ;
set Ts[854]:=
1_19_20 5_13_14 5_19_20 5_15_16 4_19_20 ;
set Ts[855]:=
3_1_2 3_11_12 4_1_2 5_5_6 ;
set Ts[856]:=
4_7_8 3_7_8 4_17_18 4_11_12 ;
set Ts[857]:=
4_1_2 4_19_20 4_3_4 2_1_2 1_17_18 ;
set Ts[858]:=
5_17_18 2_5_6 5_9_10 2_19_20 ;
set Ts[859]:=
3_11_12 1_3_4 4_11_12 2_11_12 1_1_2 3_5_6 5_9_10 5_11_12 ;
set Ts[860]:=
5_19_20 3_1_2 4_13_14 ;
set Ts[861]:=
2_5_6 5_3_4 1_17_18 4_3_4 1_5_6 3_5_6 4_7_8 3_17_18 ;
set Ts[862]:=
5_13_14 3_1_2 3_7_8 1_1_2 3_9_10 ;
set Ts[863]:=
2_13_14 2_7_8 2_11_12 4_3_4 4_1_2 4_5_6 5_3_4 3_19_20 ;
set Ts[864]:=
3_15_16 2_5_6 5_13_14 1_7_8 3_5_6 4_17_18 ;
set Ts[865]:=
2_3_4 3_15_16 1_1_2 3_1_2 4_3_4 3_13_14 4_7_8 5_9_10 2_9_10 5_5_6 5_11_12 4_9_10 2_5_6 ;
set Ts[866]:=
3_11_12 1_15_16 ;
set Ts[867]:=
3_9_10 3_15_16 4_13_14 1_19_20 4_3_4 3_3_4 2_9_10 1_11_12 1_5_6 2_3_4 5_15_16 3_11_12 1_13_14 ;
set Ts[868]:=
5_1_2 2_11_12 1_11_12 3_13_14 4_9_10 ;
set Ts[869]:=
2_19_20 1_15_16 4_19_20 ;
set Ts[870]:=
4_11_12 3_17_18 3_13_14 ;
set Ts[871]:=
1_19_20 2_15_16 5_19_20 ;
set Ts[872]:=
5_7_8 2_19_20 4_19_20 2_17_18 4_11_12 2_1_2 2_9_10 ;
set Ts[873]:=
2_17_18 2_19_20 2_7_8 4_5_6 1_13_14 ;
set Ts[874]:=
3_15_16 5_5_6 5_3_4 2_9_10 1_13_14 ;
set Ts[875]:=
5_19_20 1_11_12 3_17_18 4_15_16 3_19_20 ;
set Ts[876]:=
5_5_6 4_1_2 ;
set Ts[877]:=
1_9_10 1_7_8 1_3_4 2_3_4 3_19_20 1_19_20 ;
set Ts[878]:=
4_17_18 1_17_18 3_1_2 3_13_14 2_17_18 2_7_8 3_7_8 ;
set Ts[879]:=
5_9_10 3_1_2 2_3_4 3_15_16 ;
set Ts[880]:=
3_13_14 4_5_6 5_13_14 4_19_20 3_19_20 3_3_4 2_17_18 ;
set Ts[881]:=
4_11_12 5_5_6 4_19_20 2_15_16 3_5_6 2_5_6 2_11_12 2_3_4 4_7_8 ;
set Ts[882]:=
5_9_10 2_15_16 3_11_12 2_17_18 2_5_6 5_13_14 4_5_6 5_1_2 3_15_16 ;
set Ts[883]:=
1_11_12 5_1_2 5_15_16 1_1_2 2_13_14 4_13_14 2_15_16 3_3_4 ;
set Ts[884]:=
5_3_4 2_9_10 5_13_14 ;
set Ts[885]:=
2_19_20 4_11_12 3_5_6 4_7_8 ;
set Ts[886]:=
1_9_10 4_5_6 2_15_16 4_11_12 2_5_6 5_9_10 ;
set Ts[887]:=
5_15_16 3_15_16 ;
set Ts[888]:=
4_3_4 3_1_2 ;
set Ts[889]:=
5_17_18 4_19_20 5_5_6 4_11_12 1_7_8 3_19_20 2_11_12 4_9_10 4_1_2 1_9_10 ;
set Ts[890]:=
3_13_14 2_13_14 2_9_10 5_3_4 3_7_8 3_5_6 ;
set Ts[891]:=
2_11_12 1_3_4 ;
set Ts[892]:=
2_19_20 5_13_14 4_3_4 2_5_6 4_11_12 1_1_2 1_11_12 5_7_8 3_5_6 1_13_14 2_3_4 ;
set Ts[893]:=
2_13_14 1_1_2 ;
set Ts[894]:=
2_5_6 3_9_10 1_5_6 1_15_16 4_9_10 5_17_18 5_3_4 ;
set Ts[895]:=
4_15_16 1_11_12 4_11_12 5_7_8 5_1_2 3_5_6 ;
set Ts[896]:=
5_17_18 3_1_2 2_9_10 1_3_4 ;
set Ts[897]:=
1_7_8 5_17_18 4_13_14 5_13_14 4_9_10 3_7_8 4_11_12 ;
set Ts[898]:=
5_11_12 5_1_2 2_13_14 1_13_14 2_11_12 1_1_2 4_3_4 3_19_20 ;
set Ts[899]:=
1_9_10 4_11_12 3_9_10 1_1_2 4_5_6 2_15_16 4_17_18 1_11_12 ;
set Ts[900]:=
5_9_10 5_3_4 1_1_2 5_15_16 1_11_12 2_19_20 4_19_20 ;
set Ts[901]:=
4_7_8 5_15_16 1_13_14 4_15_16 2_5_6 5_5_6 3_13_14 ;
set Ts[902]:=
5_1_2 1_17_18 4_13_14 2_5_6 3_1_2 4_19_20 ;
set Ts[903]:=
2_5_6 2_15_16 ;
set Ts[904]:=
2_5_6 4_7_8 3_5_6 ;
set Ts[905]:=
1_1_2 2_17_18 2_19_20 1_3_4 5_3_4 3_11_12 3_9_10 3_13_14 ;
set Ts[906]:=
3_5_6 1_11_12 4_11_12 5_7_8 4_17_18 3_3_4 5_3_4 3_11_12 3_1_2 4_1_2 3_17_18 ;
set Ts[907]:=
5_15_16 4_11_12 2_9_10 1_9_10 5_19_20 5_5_6 2_7_8 3_17_18 3_13_14 ;
set Ts[908]:=
3_5_6 3_11_12 3_19_20 1_15_16 2_19_20 5_3_4 3_17_18 3_15_16 ;
set Ts[909]:=
2_7_8 5_11_12 3_7_8 2_5_6 1_11_12 1_1_2 ;
set Ts[910]:=
3_7_8 5_11_12 3_5_6 1_11_12 4_13_14 1_5_6 5_1_2 1_13_14 5_3_4 3_3_4 3_17_18 4_5_6 4_7_8 ;
set Ts[911]:=
4_19_20 1_7_8 2_9_10 4_7_8 ;
set Ts[912]:=
5_17_18 4_7_8 4_5_6 5_1_2 5_9_10 1_13_14 5_15_16 2_11_12 4_9_10 2_17_18 5_19_20 ;
set Ts[913]:=
4_1_2 3_9_10 1_13_14 2_5_6 4_15_16 ;
set Ts[914]:=
4_7_8 2_5_6 5_17_18 4_3_4 4_11_12 5_7_8 2_15_16 2_9_10 1_13_14 ;
set Ts[915]:=
1_11_12 2_13_14 5_3_4 3_7_8 3_9_10 1_5_6 3_19_20 ;
set Ts[916]:=
3_11_12 4_7_8 ;
set Ts[917]:=
5_17_18 5_7_8 4_7_8 2_19_20 3_19_20 5_11_12 3_5_6 4_1_2 3_15_16 1_17_18 ;
set Ts[918]:=
2_17_18 5_1_2 1_9_10 4_7_8 ;
set Ts[919]:=
4_17_18 2_17_18 4_11_12 ;
set Ts[920]:=
2_13_14 1_15_16 4_7_8 4_13_14 2_11_12 ;
set Ts[921]:=
5_13_14 5_7_8 3_15_16 4_5_6 1_7_8 3_7_8 5_19_20 5_1_2 1_15_16 ;
set Ts[922]:=
5_15_16 5_9_10 4_11_12 5_3_4 2_15_16 5_17_18 ;
set Ts[923]:=
5_17_18 4_11_12 3_1_2 2_17_18 5_15_16 ;
set Ts[924]:=
4_13_14 4_3_4 4_17_18 4_9_10 1_3_4 5_1_2 1_7_8 3_3_4 ;
set Ts[925]:=
1_15_16 3_17_18 1_5_6 2_9_10 2_1_2 ;
set Ts[926]:=
5_5_6 5_11_12 5_1_2 3_5_6 3_1_2 4_15_16 5_15_16 ;
set Ts[927]:=
2_13_14 3_11_12 5_1_2 ;
set Ts[928]:=
5_5_6 5_1_2 2_3_4 5_11_12 3_19_20 ;
set Ts[929]:=
3_9_10 5_13_14 3_5_6 5_17_18 2_19_20 3_7_8 4_5_6 ;
set Ts[930]:=
5_13_14 4_3_4 2_5_6 3_7_8 5_11_12 3_15_16 1_19_20 1_7_8 3_9_10 4_17_18 3_5_6 ;
set Ts[931]:=
5_19_20 5_7_8 ;
set Ts[932]:=
3_15_16 2_19_20 3_17_18 ;
set Ts[933]:=
1_3_4 2_13_14 3_3_4 5_9_10 4_17_18 1_5_6 3_1_2 5_5_6 ;
set Ts[934]:=
4_3_4 2_9_10 3_19_20 3_5_6 3_7_8 1_13_14 1_5_6 1_3_4 4_19_20 ;
set Ts[935]:=
5_3_4 3_17_18 1_5_6 3_11_12 1_19_20 5_5_6 4_3_4 ;
set Ts[936]:=
2_9_10 4_11_12 3_9_10 4_15_16 ;
set Ts[937]:=
1_15_16 4_19_20 3_1_2 5_7_8 5_17_18 2_9_10 4_11_12 ;
set Ts[938]:=
5_9_10 1_19_20 4_17_18 5_15_16 1_5_6 ;
set Ts[939]:=
4_7_8 3_3_4 2_9_10 5_17_18 1_15_16 2_1_2 5_3_4 3_17_18 2_19_20 ;
set Ts[940]:=
3_11_12 4_5_6 1_7_8 2_19_20 3_7_8 5_9_10 3_19_20 ;
set Ts[941]:=
3_17_18 2_15_16 1_19_20 1_5_6 3_3_4 3_7_8 2_7_8 4_7_8 1_9_10 2_5_6 ;
set Ts[942]:=
2_7_8 5_5_6 5_9_10 4_17_18 3_9_10 5_13_14 5_3_4 3_5_6 4_13_14 5_15_16 ;
set Ts[943]:=
1_1_2 5_5_6 ;
set Ts[944]:=
3_17_18 1_9_10 2_1_2 5_5_6 3_11_12 4_1_2 3_9_10 1_19_20 3_15_16 ;
set Ts[945]:=
3_13_14 5_9_10 4_13_14 2_19_20 1_13_14 5_13_14 2_15_16 ;
set Ts[946]:=
1_19_20 1_9_10 1_3_4 4_7_8 4_15_16 5_19_20 1_15_16 1_7_8 3_9_10 2_3_4 ;
set Ts[947]:=
4_9_10 3_17_18 1_11_12 3_19_20 2_15_16 5_11_12 1_7_8 4_3_4 4_11_12 2_19_20 3_9_10 ;
set Ts[948]:=
4_19_20 4_15_16 5_7_8 1_17_18 5_9_10 ;
set Ts[949]:=
2_5_6 5_17_18 2_11_12 1_19_20 5_15_16 ;
set Ts[950]:=
3_5_6 5_3_4 1_17_18 5_17_18 1_1_2 ;
set Ts[951]:=
2_13_14 5_1_2 5_13_14 2_3_4 4_3_4 5_15_16 4_19_20 1_17_18 1_15_16 ;
set Ts[952]:=
4_3_4 5_11_12 4_19_20 5_19_20 2_7_8 4_17_18 1_5_6 3_13_14 ;
set Ts[953]:=
5_15_16 3_1_2 ;
set Ts[954]:=
3_17_18 1_11_12 3_3_4 2_1_2 5_7_8 2_7_8 2_11_12 3_15_16 2_13_14 2_3_4 ;
set Ts[955]:=
3_19_20 4_13_14 2_13_14 4_15_16 1_13_14 4_17_18 3_3_4 5_13_14 4_5_6 ;
set Ts[956]:=
1_17_18 4_15_16 3_7_8 2_15_16 3_5_6 4_7_8 5_13_14 4_3_4 1_9_10 4_1_2 ;
set Ts[957]:=
3_5_6 2_3_4 3_19_20 4_13_14 3_3_4 5_11_12 ;
set Ts[958]:=
3_7_8 4_19_20 1_9_10 2_1_2 1_5_6 5_13_14 5_17_18 ;
set Ts[959]:=
5_17_18 3_1_2 1_5_6 4_15_16 3_19_20 3_15_16 3_5_6 ;
set Ts[960]:=
1_15_16 2_17_18 1_5_6 5_9_10 ;
set Ts[961]:=
5_1_2 4_7_8 3_1_2 4_3_4 ;
set Ts[962]:=
3_17_18 4_17_18 ;
set Ts[963]:=
2_5_6 3_17_18 ;
set Ts[964]:=
3_17_18 5_5_6 4_9_10 4_1_2 1_9_10 1_7_8 5_9_10 ;
set Ts[965]:=
2_1_2 2_13_14 ;
set Ts[966]:=
4_3_4 4_1_2 3_17_18 4_17_18 ;
set Ts[967]:=
1_17_18 3_13_14 1_5_6 5_1_2 3_15_16 5_17_18 ;
set Ts[968]:=
3_3_4 2_17_18 ;
set Ts[969]:=
1_5_6 1_19_20 5_11_12 4_3_4 3_3_4 3_9_10 3_19_20 3_15_16 4_15_16 3_11_12 4_5_6 ;
set Ts[970]:=
2_11_12 5_11_12 1_5_6 3_1_2 ;
set Ts[971]:=
5_13_14 4_5_6 5_17_18 3_13_14 3_5_6 2_1_2 1_17_18 1_19_20 3_17_18 3_3_4 ;
set Ts[972]:=
1_13_14 3_9_10 ;
set Ts[973]:=
2_13_14 1_11_12 3_11_12 1_19_20 3_19_20 2_3_4 ;
set Ts[974]:=
2_3_4 5_7_8 4_17_18 1_17_18 5_15_16 3_15_16 5_19_20 5_13_14 ;
set Ts[975]:=
4_7_8 1_9_10 3_13_14 1_17_18 2_3_4 4_19_20 2_15_16 4_13_14 2_17_18 4_3_4 ;
set Ts[976]:=
5_19_20 3_15_16 4_11_12 1_11_12 2_7_8 3_7_8 5_5_6 4_13_14 3_5_6 1_9_10 ;
set Ts[977]:=
3_19_20 4_9_10 3_1_2 1_5_6 ;
set Ts[978]:=
4_19_20 5_5_6 2_7_8 4_1_2 5_13_14 3_11_12 1_7_8 5_7_8 4_15_16 ;
set Ts[979]:=
2_13_14 2_7_8 3_13_14 1_13_14 2_15_16 4_11_12 1_5_6 ;
set Ts[980]:=
1_3_4 2_3_4 3_9_10 1_7_8 2_17_18 3_13_14 4_1_2 1_13_14 1_15_16 ;
set Ts[981]:=
5_9_10 2_15_16 3_1_2 4_3_4 2_9_10 4_15_16 ;
set Ts[982]:=
4_19_20 3_11_12 2_15_16 3_17_18 5_9_10 1_11_12 2_9_10 4_1_2 3_5_6 1_1_2 5_1_2 ;
set Ts[983]:=
2_9_10 4_5_6 3_5_6 5_13_14 2_11_12 ;
set Ts[984]:=
3_19_20 1_11_12 4_5_6 4_1_2 5_5_6 4_11_12 3_1_2 1_7_8 4_17_18 2_13_14 ;
set Ts[985]:=
2_15_16 3_17_18 3_11_12 ;
set Ts[986]:=
3_7_8 3_5_6 2_3_4 5_15_16 ;
set Ts[987]:=
5_7_8 2_7_8 3_9_10 5_5_6 2_13_14 3_7_8 5_13_14 3_13_14 4_7_8 1_9_10 3_3_4 ;
set Ts[988]:=
2_1_2 4_1_2 2_13_14 2_5_6 5_19_20 2_11_12 4_15_16 3_3_4 ;
set Ts[989]:=
3_13_14 2_11_12 3_5_6 2_19_20 1_3_4 4_1_2 5_5_6 4_11_12 ;
set Ts[990]:=
2_3_4 1_19_20 1_11_12 4_3_4 2_13_14 5_19_20 2_19_20 5_11_12 5_15_16 1_17_18 1_9_10 4_17_18 5_9_10 ;
set Ts[991]:=
2_1_2 2_5_6 1_11_12 ;
set Ts[992]:=
3_3_4 3_19_20 2_9_10 5_3_4 4_15_16 5_11_12 1_13_14 4_17_18 1_7_8 3_1_2 1_3_4 ;
set Ts[993]:=
5_11_12 2_7_8 4_5_6 5_17_18 2_11_12 1_1_2 1_9_10 5_1_2 3_11_12 1_7_8 2_15_16 2_13_14 5_5_6 ;
set Ts[994]:=
5_9_10 4_3_4 5_7_8 1_7_8 1_3_4 3_15_16 5_1_2 ;
set Ts[995]:=
1_3_4 4_5_6 1_13_14 3_3_4 3_17_18 ;
set Ts[996]:=
1_7_8 3_19_20 1_19_20 3_1_2 ;
set Ts[997]:=
2_17_18 1_15_16 5_19_20 ;
set Ts[998]:=
4_5_6 4_7_8 2_3_4 5_1_2 1_9_10 3_5_6 5_15_16 5_19_20 4_13_14 ;
set Ts[999]:=
3_3_4 5_13_14 2_15_16 1_11_12 1_7_8 4_1_2 2_1_2 ;
set Ts[1000]:=
2_19_20 2_11_12 3_9_10 1_13_14 4_5_6 5_15_16 4_1_2 ;
set Ts[1001]:=
4_15_16 5_1_2 2_5_6 ;
set Ts[1002]:=
5_11_12 5_5_6 2_7_8 ;
set Ts[1003]:=
4_7_8 5_17_18 3_9_10 4_9_10 1_3_4 ;
set Ts[1004]:=
3_9_10 2_9_10 2_7_8 5_7_8 4_7_8 5_5_6 1_9_10 5_1_2 2_5_6 ;
set Ts[1005]:=
1_19_20 5_5_6 4_9_10 4_5_6 1_11_12 4_7_8 1_1_2 1_17_18 5_19_20 4_1_2 2_15_16 2_7_8 ;
set Ts[1006]:=
5_17_18 5_19_20 2_5_6 2_3_4 1_9_10 3_19_20 2_1_2 3_17_18 ;
set Ts[1007]:=
2_5_6 5_13_14 2_3_4 2_7_8 ;
set Ts[1008]:=
3_9_10 5_15_16 3_1_2 ;
set Ts[1009]:=
3_17_18 5_1_2 5_15_16 ;
set Ts[1010]:=
1_5_6 3_13_14 5_11_12 1_3_4 4_19_20 2_7_8 3_11_12 ;
set Ts[1011]:=
2_13_14 1_1_2 ;
set Ts[1012]:=
2_5_6 2_19_20 4_11_12 1_15_16 5_1_2 1_19_20 4_9_10 1_13_14 ;
set Ts[1013]:=
4_3_4 5_17_18 3_19_20 1_1_2 5_7_8 2_13_14 1_19_20 ;
set Ts[1014]:=
2_15_16 4_3_4 2_3_4 ;
set Ts[1015]:=
4_11_12 5_9_10 3_9_10 2_9_10 4_13_14 1_11_12 4_9_10 1_13_14 2_3_4 2_13_14 5_17_18 5_19_20 4_1_2 ;
set Ts[1016]:=
2_9_10 4_3_4 3_1_2 2_11_12 4_5_6 ;
set Ts[1017]:=
3_1_2 1_1_2 5_7_8 5_1_2 3_17_18 ;
set Ts[1018]:=
5_19_20 3_7_8 5_17_18 5_9_10 4_15_16 3_13_14 2_3_4 ;
set Ts[1019]:=
4_13_14 3_13_14 5_19_20 5_1_2 1_15_16 2_5_6 ;
set Ts[1020]:=
3_9_10 2_11_12 1_13_14 2_13_14 2_15_16 ;
set Ts[1021]:=
1_11_12 4_1_2 1_17_18 1_15_16 4_5_6 5_11_12 1_5_6 4_19_20 2_15_16 ;
set Ts[1022]:=
4_1_2 4_15_16 3_7_8 5_3_4 4_13_14 ;
set Ts[1023]:=
2_7_8 5_17_18 3_1_2 1_13_14 3_5_6 1_1_2 1_9_10 5_7_8 2_3_4 5_3_4 ;
set Ts[1024]:=
4_19_20 3_15_16 3_17_18 5_3_4 5_11_12 2_7_8 ;
set Ts[1025]:=
3_11_12 4_7_8 3_17_18 3_15_16 5_11_12 4_5_6 4_13_14 5_5_6 3_1_2 3_9_10 1_9_10 3_13_14 3_3_4 ;
set Ts[1026]:=
2_15_16 5_5_6 5_19_20 ;
set Ts[1027]:=
1_7_8 2_5_6 5_3_4 3_5_6 5_7_8 4_9_10 5_1_2 ;
set Ts[1028]:=
3_17_18 4_3_4 4_9_10 2_5_6 ;
set Ts[1029]:=
1_15_16 4_5_6 4_1_2 5_7_8 1_7_8 2_3_4 4_3_4 1_5_6 5_5_6 1_11_12 ;
set Ts[1030]:=
4_13_14 2_13_14 3_1_2 1_15_16 4_15_16 5_3_4 2_11_12 1_17_18 4_9_10 3_5_6 4_5_6 1_1_2 2_19_20 ;
set Ts[1031]:=
5_19_20 4_1_2 ;
set Ts[1032]:=
5_19_20 4_11_12 ;
set Ts[1033]:=
1_3_4 3_1_2 4_3_4 3_7_8 3_19_20 4_9_10 5_3_4 ;
set Ts[1034]:=
1_19_20 5_7_8 2_11_12 4_19_20 1_11_12 ;
set Ts[1035]:=
3_1_2 1_3_4 4_17_18 2_3_4 ;
set Ts[1036]:=
5_13_14 4_17_18 ;
set Ts[1037]:=
1_19_20 5_3_4 1_1_2 3_15_16 3_3_4 4_9_10 2_17_18 4_3_4 2_19_20 3_5_6 ;
set Ts[1038]:=
2_3_4 4_15_16 2_11_12 1_3_4 2_7_8 ;
set Ts[1039]:=
5_17_18 4_11_12 5_1_2 ;
set Ts[1040]:=
3_7_8 3_5_6 2_13_14 5_7_8 ;
set Ts[1041]:=
1_15_16 3_9_10 1_9_10 5_15_16 5_19_20 ;
set Ts[1042]:=
5_5_6 3_19_20 4_5_6 2_1_2 4_17_18 2_11_12 3_7_8 5_3_4 ;
set Ts[1043]:=
3_5_6 3_1_2 2_3_4 2_9_10 1_15_16 ;
set Ts[1044]:=
5_11_12 5_3_4 1_15_16 5_7_8 2_13_14 3_3_4 ;
set Ts[1045]:=
2_19_20 4_1_2 5_13_14 3_15_16 5_11_12 4_15_16 1_3_4 1_15_16 4_5_6 ;
set Ts[1046]:=
1_15_16 5_5_6 2_15_16 ;
set Ts[1047]:=
5_3_4 5_1_2 1_15_16 ;
set Ts[1048]:=
1_9_10 5_13_14 5_3_4 4_5_6 3_15_16 1_15_16 2_17_18 5_17_18 ;
set Ts[1049]:=
5_11_12 2_5_6 ;
set Ts[1050]:=
4_19_20 4_3_4 1_9_10 ;
set Ts[1051]:=
1_11_12 2_5_6 1_17_18 4_17_18 5_7_8 4_1_2 3_9_10 4_9_10 3_3_4 5_3_4 2_15_16 2_9_10 ;
set Ts[1052]:=
2_5_6 4_1_2 4_15_16 ;
set Ts[1053]:=
3_1_2 5_11_12 ;
set Ts[1054]:=
2_5_6 2_11_12 3_3_4 1_11_12 3_19_20 1_13_14 4_13_14 4_11_12 4_7_8 2_17_18 2_19_20 ;
set Ts[1055]:=
2_15_16 2_19_20 4_15_16 3_5_6 5_1_2 4_5_6 2_17_18 5_19_20 ;
set Ts[1056]:=
4_11_12 5_5_6 2_7_8 1_11_12 2_13_14 2_17_18 ;
set Ts[1057]:=
2_9_10 3_1_2 1_11_12 2_1_2 5_9_10 4_19_20 ;
set Ts[1058]:=
1_3_4 3_9_10 2_13_14 4_5_6 5_13_14 5_3_4 ;
set Ts[1059]:=
5_7_8 2_7_8 2_19_20 5_13_14 4_3_4 ;
set Ts[1060]:=
3_7_8 5_15_16 ;
set Ts[1061]:=
3_15_16 2_13_14 4_5_6 4_15_16 3_17_18 3_9_10 5_3_4 5_9_10 ;
set Ts[1062]:=
1_15_16 5_1_2 4_13_14 ;
set Ts[1063]:=
3_13_14 2_9_10 1_7_8 4_7_8 4_1_2 4_3_4 3_9_10 2_11_12 5_13_14 2_13_14 ;
set Ts[1064]:=
4_17_18 4_15_16 2_13_14 3_1_2 3_15_16 ;
set Ts[1065]:=
1_7_8 3_7_8 2_7_8 2_19_20 5_1_2 5_11_12 4_19_20 ;
set Ts[1066]:=
1_5_6 1_19_20 1_7_8 5_19_20 3_3_4 4_9_10 4_17_18 1_3_4 4_5_6 5_3_4 2_9_10 ;
set Ts[1067]:=
1_9_10 5_13_14 4_1_2 1_7_8 2_13_14 3_5_6 ;
set Ts[1068]:=
3_17_18 2_19_20 5_1_2 3_5_6 3_7_8 3_9_10 1_13_14 2_13_14 3_1_2 1_19_20 ;
set Ts[1069]:=
1_7_8 2_5_6 2_3_4 1_11_12 2_15_16 1_13_14 3_11_12 3_1_2 ;
set Ts[1070]:=
2_17_18 4_3_4 4_13_14 3_9_10 4_17_18 4_7_8 1_13_14 4_15_16 1_5_6 1_15_16 ;
set Ts[1071]:=
1_15_16 2_9_10 4_17_18 ;
set Ts[1072]:=
5_11_12 4_9_10 5_17_18 5_3_4 1_5_6 5_19_20 1_11_12 2_19_20 4_17_18 1_15_16 1_7_8 ;
set Ts[1073]:=
3_11_12 3_1_2 1_7_8 1_5_6 1_3_4 1_1_2 ;
set Ts[1074]:=
4_11_12 5_15_16 1_5_6 1_1_2 2_13_14 1_7_8 ;
set Ts[1075]:=
1_1_2 5_3_4 1_7_8 1_19_20 ;
set Ts[1076]:=
2_19_20 5_19_20 3_3_4 5_1_2 5_5_6 ;
set Ts[1077]:=
4_13_14 1_5_6 3_11_12 4_3_4 1_9_10 ;
set Ts[1078]:=
2_7_8 1_1_2 2_11_12 2_15_16 4_15_16 3_1_2 4_3_4 1_13_14 2_13_14 5_19_20 2_9_10 3_9_10 ;
set Ts[1079]:=
5_11_12 5_15_16 2_17_18 1_1_2 4_1_2 2_19_20 4_3_4 1_13_14 5_19_20 2_13_14 4_9_10 ;
set Ts[1080]:=
5_3_4 3_17_18 5_7_8 2_9_10 4_5_6 3_9_10 2_15_16 5_11_12 5_19_20 ;
set Ts[1081]:=
1_11_12 3_13_14 4_1_2 2_3_4 ;
set Ts[1082]:=
3_9_10 4_19_20 5_3_4 4_3_4 2_19_20 2_11_12 4_7_8 4_13_14 ;
set Ts[1083]:=
2_19_20 1_17_18 5_11_12 ;
set Ts[1084]:=
1_1_2 3_3_4 3_7_8 4_7_8 4_1_2 1_3_4 1_11_12 1_15_16 ;
set Ts[1085]:=
4_5_6 5_15_16 3_15_16 2_9_10 ;
set Ts[1086]:=
1_15_16 1_5_6 1_7_8 ;
set Ts[1087]:=
1_19_20 5_3_4 4_19_20 ;
set Ts[1088]:=
5_11_12 5_19_20 2_5_6 2_17_18 1_11_12 3_13_14 1_3_4 2_15_16 ;
set Ts[1089]:=
4_15_16 4_3_4 3_3_4 2_11_12 2_15_16 4_11_12 1_13_14 1_9_10 ;
set Ts[1090]:=
3_1_2 2_17_18 1_19_20 5_5_6 2_5_6 3_11_12 ;
set Ts[1091]:=
1_5_6 4_9_10 3_3_4 4_15_16 2_7_8 1_19_20 5_3_4 1_9_10 3_5_6 5_9_10 ;
set Ts[1092]:=
1_3_4 2_19_20 5_3_4 4_7_8 3_17_18 5_19_20 ;
set Ts[1093]:=
3_3_4 3_15_16 1_3_4 1_11_12 ;
set Ts[1094]:=
1_5_6 5_5_6 3_1_2 ;
set Ts[1095]:=
1_5_6 1_13_14 2_3_4 3_5_6 3_1_2 2_13_14 2_17_18 ;
set Ts[1096]:=
4_5_6 3_7_8 4_13_14 2_19_20 2_5_6 3_17_18 5_13_14 1_5_6 2_11_12 ;
set Ts[1097]:=
2_19_20 1_1_2 2_1_2 1_17_18 3_7_8 ;
set Ts[1098]:=
3_9_10 5_7_8 2_1_2 5_13_14 1_3_4 5_11_12 ;
set Ts[1099]:=
1_11_12 5_13_14 5_17_18 2_7_8 3_11_12 5_7_8 1_1_2 1_3_4 1_15_16 ;
set Ts[1100]:=
1_3_4 3_1_2 5_5_6 4_19_20 3_7_8 5_17_18 2_17_18 ;
set Ts[1101]:=
1_5_6 2_13_14 3_19_20 4_9_10 ;
set Ts[1102]:=
3_11_12 3_9_10 3_13_14 1_1_2 5_17_18 2_3_4 3_15_16 5_5_6 ;
set Ts[1103]:=
2_3_4 1_3_4 3_11_12 5_17_18 2_9_10 2_13_14 ;
set Ts[1104]:=
3_7_8 2_17_18 ;
set Ts[1105]:=
1_7_8 2_15_16 1_3_4 ;
set Ts[1106]:=
1_1_2 5_9_10 5_13_14 1_3_4 5_7_8 2_7_8 ;
set Ts[1107]:=
4_3_4 2_19_20 1_9_10 3_13_14 2_3_4 ;
set Ts[1108]:=
2_7_8 4_7_8 1_11_12 5_7_8 4_3_4 5_1_2 1_3_4 3_19_20 5_13_14 ;
set Ts[1109]:=
3_13_14 4_15_16 3_15_16 3_17_18 1_3_4 ;
set Ts[1110]:=
1_19_20 2_7_8 1_17_18 4_13_14 ;
set Ts[1111]:=
2_9_10 1_15_16 1_3_4 2_13_14 4_15_16 1_11_12 2_7_8 3_13_14 3_15_16 2_5_6 5_3_4 5_7_8 2_15_16 ;
set Ts[1112]:=
2_3_4 5_7_8 ;
set Ts[1113]:=
4_19_20 1_3_4 3_11_12 4_9_10 4_17_18 2_1_2 2_13_14 5_9_10 3_5_6 2_15_16 5_17_18 ;
set Ts[1114]:=
4_15_16 1_9_10 5_15_16 2_1_2 4_5_6 2_11_12 4_9_10 1_19_20 5_19_20 2_13_14 ;
set Ts[1115]:=
3_9_10 3_19_20 2_9_10 ;
set Ts[1116]:=
2_15_16 2_17_18 5_9_10 3_5_6 2_3_4 2_5_6 2_7_8 4_17_18 3_13_14 ;
set Ts[1117]:=
3_11_12 4_7_8 4_11_12 3_5_6 2_15_16 ;
set Ts[1118]:=
2_15_16 1_17_18 2_5_6 1_11_12 1_9_10 1_15_16 4_15_16 ;
set Ts[1119]:=
1_11_12 4_11_12 2_1_2 2_17_18 5_9_10 5_7_8 3_17_18 2_5_6 ;
set Ts[1120]:=
1_17_18 5_9_10 5_13_14 2_3_4 4_1_2 4_17_18 1_15_16 ;
set Ts[1121]:=
4_3_4 1_7_8 3_19_20 1_5_6 1_11_12 1_17_18 4_11_12 5_15_16 ;
set Ts[1122]:=
1_1_2 1_17_18 1_13_14 4_7_8 3_13_14 5_7_8 1_3_4 4_19_20 2_19_20 4_17_18 4_11_12 ;
set Ts[1123]:=
5_15_16 5_19_20 ;
set Ts[1124]:=
2_15_16 1_19_20 2_9_10 2_7_8 1_9_10 3_5_6 1_17_18 5_9_10 5_15_16 4_7_8 ;
set Ts[1125]:=
3_17_18 2_15_16 1_5_6 2_7_8 4_7_8 3_9_10 3_7_8 5_13_14 3_19_20 ;
set Ts[1126]:=
4_9_10 2_5_6 5_17_18 4_13_14 ;
set Ts[1127]:=
4_3_4 3_9_10 3_1_2 4_7_8 ;
set Ts[1128]:=
3_1_2 3_13_14 1_5_6 ;
set Ts[1129]:=
5_5_6 5_7_8 2_15_16 1_3_4 2_11_12 3_7_8 3_3_4 ;
set Ts[1130]:=
5_9_10 3_15_16 4_11_12 ;
set Ts[1131]:=
3_1_2 1_11_12 1_7_8 ;
set Ts[1132]:=
4_19_20 4_1_2 5_9_10 5_11_12 4_15_16 2_15_16 ;
set Ts[1133]:=
1_19_20 5_19_20 2_19_20 2_3_4 2_5_6 ;
set Ts[1134]:=
2_17_18 1_13_14 3_17_18 2_13_14 4_5_6 2_11_12 1_11_12 4_3_4 ;
set Ts[1135]:=
2_1_2 2_15_16 1_3_4 ;
set Ts[1136]:=
1_13_14 3_1_2 4_13_14 4_19_20 5_11_12 5_3_4 ;
set Ts[1137]:=
2_3_4 5_15_16 2_1_2 5_11_12 2_17_18 2_15_16 2_9_10 2_13_14 ;
set Ts[1138]:=
5_9_10 2_19_20 ;
set Ts[1139]:=
2_19_20 5_7_8 1_1_2 3_5_6 2_9_10 5_9_10 3_11_12 2_5_6 2_13_14 3_19_20 ;
set Ts[1140]:=
2_11_12 5_5_6 4_9_10 5_3_4 4_15_16 3_15_16 4_17_18 2_1_2 4_11_12 4_5_6 3_17_18 ;
set Ts[1141]:=
4_15_16 4_9_10 1_7_8 2_19_20 2_3_4 2_5_6 2_17_18 4_17_18 4_7_8 3_15_16 1_19_20 ;
set Ts[1142]:=
1_1_2 4_19_20 4_5_6 2_9_10 5_1_2 ;
set Ts[1143]:=
4_7_8 5_11_12 5_7_8 ;
set Ts[1144]:=
1_9_10 4_11_12 3_17_18 5_1_2 2_13_14 4_9_10 2_3_4 ;
set Ts[1145]:=
4_19_20 2_9_10 ;
set Ts[1146]:=
1_1_2 5_5_6 5_15_16 2_5_6 1_7_8 ;
set Ts[1147]:=
1_5_6 5_13_14 3_15_16 1_7_8 4_15_16 ;
set Ts[1148]:=
2_9_10 3_5_6 ;
set Ts[1149]:=
2_13_14 5_19_20 4_13_14 4_5_6 1_15_16 4_11_12 2_3_4 3_15_16 3_13_14 3_3_4 3_7_8 ;
set Ts[1150]:=
3_5_6 1_7_8 ;
set Ts[1151]:=
3_5_6 5_19_20 4_15_16 2_3_4 2_7_8 2_19_20 3_7_8 3_9_10 ;
set Ts[1152]:=
3_19_20 1_7_8 1_11_12 2_13_14 4_9_10 ;
set Ts[1153]:=
3_1_2 2_7_8 4_7_8 1_15_16 1_13_14 ;
set Ts[1154]:=
3_5_6 5_13_14 ;
set Ts[1155]:=
5_5_6 5_3_4 4_15_16 3_13_14 4_19_20 5_15_16 1_5_6 3_5_6 ;
set Ts[1156]:=
4_7_8 5_13_14 3_15_16 1_5_6 1_13_14 4_3_4 3_3_4 ;
set Ts[1157]:=
2_5_6 4_19_20 ;
set Ts[1158]:=
5_11_12 1_9_10 4_7_8 2_19_20 5_19_20 ;
set Ts[1159]:=
2_19_20 5_9_10 2_7_8 2_17_18 3_3_4 3_19_20 5_19_20 1_9_10 4_11_12 ;
set Ts[1160]:=
1_19_20 2_5_6 4_7_8 4_17_18 5_17_18 3_17_18 2_17_18 2_7_8 5_7_8 5_15_16 4_11_12 2_11_12 5_13_14 ;
set Ts[1161]:=
4_13_14 4_15_16 2_19_20 1_15_16 3_15_16 3_11_12 1_11_12 3_1_2 1_17_18 ;
set Ts[1162]:=
5_5_6 1_15_16 5_17_18 5_9_10 2_7_8 ;
set Ts[1163]:=
4_19_20 2_3_4 2_7_8 3_1_2 5_7_8 1_5_6 5_1_2 1_17_18 2_9_10 3_13_14 5_9_10 3_9_10 3_15_16 ;
set Ts[1164]:=
4_9_10 2_13_14 5_13_14 ;
set Ts[1165]:=
5_19_20 4_7_8 5_7_8 4_19_20 ;
set Ts[1166]:=
5_19_20 5_17_18 3_19_20 3_3_4 1_15_16 2_17_18 1_3_4 ;
set Ts[1167]:=
1_19_20 3_17_18 2_3_4 1_15_16 3_1_2 4_15_16 2_5_6 2_13_14 5_3_4 3_15_16 4_19_20 5_1_2 5_19_20 ;
set Ts[1168]:=
4_1_2 2_11_12 1_17_18 3_1_2 ;
set Ts[1169]:=
2_13_14 5_17_18 3_9_10 3_5_6 5_15_16 2_7_8 4_3_4 5_9_10 ;
set Ts[1170]:=
1_19_20 3_7_8 3_3_4 3_13_14 4_11_12 2_1_2 4_13_14 1_1_2 5_13_14 ;
set Ts[1171]:=
1_17_18 1_7_8 3_1_2 4_15_16 4_7_8 ;
set Ts[1172]:=
2_5_6 2_17_18 3_5_6 4_3_4 1_3_4 4_7_8 4_19_20 3_9_10 5_17_18 3_11_12 2_3_4 ;
set Ts[1173]:=
2_3_4 3_19_20 2_15_16 1_5_6 5_11_12 1_15_16 1_9_10 5_3_4 3_1_2 4_19_20 4_17_18 2_19_20 1_7_8 ;
set Ts[1174]:=
2_3_4 5_15_16 1_19_20 1_1_2 3_11_12 2_11_12 4_9_10 ;
set Ts[1175]:=
3_17_18 4_11_12 ;
set Ts[1176]:=
4_15_16 4_17_18 2_19_20 ;
set Ts[1177]:=
1_11_12 4_3_4 4_1_2 3_13_14 1_1_2 ;
set Ts[1178]:=
1_11_12 1_5_6 5_9_10 3_13_14 5_13_14 1_13_14 4_13_14 ;
set Ts[1179]:=
4_13_14 3_11_12 5_17_18 5_5_6 3_19_20 4_1_2 4_17_18 2_13_14 ;
set Ts[1180]:=
5_19_20 1_19_20 ;
set Ts[1181]:=
4_15_16 2_9_10 ;
set Ts[1182]:=
2_5_6 4_1_2 ;
set Ts[1183]:=
2_1_2 5_3_4 3_19_20 1_7_8 3_1_2 4_13_14 4_9_10 ;
set Ts[1184]:=
3_3_4 5_17_18 1_19_20 1_11_12 ;
set Ts[1185]:=
1_9_10 1_13_14 ;
set Ts[1186]:=
4_15_16 4_9_10 3_13_14 2_9_10 2_5_6 3_19_20 1_9_10 3_7_8 ;
set Ts[1187]:=
2_3_4 5_19_20 3_3_4 4_17_18 1_5_6 4_15_16 4_3_4 2_11_12 2_17_18 5_15_16 4_5_6 1_9_10 ;
set Ts[1188]:=
4_15_16 5_1_2 5_19_20 5_3_4 4_13_14 4_1_2 1_13_14 ;
set Ts[1189]:=
5_17_18 5_7_8 ;
set Ts[1190]:=
5_19_20 4_1_2 1_9_10 ;
set Ts[1191]:=
1_13_14 1_19_20 2_11_12 ;
set Ts[1192]:=
4_13_14 4_17_18 5_11_12 1_17_18 5_19_20 2_17_18 2_19_20 ;
set Ts[1193]:=
1_15_16 3_3_4 3_9_10 1_3_4 5_13_14 2_13_14 5_9_10 3_7_8 ;
set Ts[1194]:=
2_19_20 3_9_10 4_5_6 ;
set Ts[1195]:=
5_1_2 2_17_18 1_3_4 2_1_2 2_9_10 ;
set Ts[1196]:=
4_19_20 1_3_4 3_7_8 3_5_6 ;
set Ts[1197]:=
4_17_18 4_9_10 3_9_10 2_1_2 5_3_4 5_11_12 3_3_4 ;
set Ts[1198]:=
2_5_6 3_3_4 4_1_2 4_9_10 2_17_18 4_7_8 3_19_20 ;
set Ts[1199]:=
3_11_12 2_19_20 2_17_18 3_5_6 3_15_16 1_17_18 1_13_14 2_1_2 4_15_16 3_1_2 4_7_8 1_9_10 ;
set Ts[1200]:=
5_3_4 1_3_4 4_11_12 5_11_12 ;
set Ts[1201]:=
3_15_16 1_1_2 1_3_4 2_3_4 3_3_4 1_9_10 3_9_10 3_17_18 4_15_16 5_15_16 4_1_2 3_13_14 ;
set Ts[1202]:=
4_17_18 1_5_6 1_17_18 5_19_20 5_1_2 3_7_8 3_11_12 2_5_6 1_9_10 ;
set Ts[1203]:=
4_7_8 3_15_16 1_13_14 3_7_8 2_3_4 1_3_4 2_17_18 4_19_20 5_19_20 3_3_4 ;
set Ts[1204]:=
4_11_12 3_7_8 1_1_2 1_7_8 4_15_16 5_19_20 2_3_4 1_15_16 2_9_10 ;
set Ts[1205]:=
2_1_2 1_17_18 4_15_16 4_3_4 1_13_14 ;
set Ts[1206]:=
5_5_6 2_3_4 1_7_8 5_11_12 3_5_6 4_15_16 2_5_6 2_19_20 1_17_18 3_7_8 5_13_14 3_11_12 ;
set Ts[1207]:=
4_15_16 5_15_16 4_13_14 ;
set Ts[1208]:=
3_5_6 5_13_14 2_9_10 5_17_18 5_9_10 4_7_8 ;
set Ts[1209]:=
1_7_8 2_11_12 3_9_10 2_1_2 4_13_14 5_11_12 2_15_16 4_17_18 2_13_14 2_5_6 ;
set Ts[1210]:=
4_13_14 2_7_8 3_5_6 2_5_6 1_11_12 4_1_2 5_11_12 4_17_18 1_13_14 ;
set Ts[1211]:=
5_13_14 4_13_14 3_19_20 2_19_20 3_11_12 4_19_20 5_11_12 2_7_8 5_19_20 1_1_2 ;
set Ts[1212]:=
3_11_12 3_9_10 1_7_8 4_19_20 2_15_16 2_17_18 3_5_6 5_17_18 2_7_8 ;
set Ts[1213]:=
1_1_2 5_19_20 5_13_14 4_7_8 4_3_4 1_3_4 3_19_20 5_1_2 5_3_4 2_19_20 4_1_2 4_17_18 ;
set Ts[1214]:=
5_3_4 5_5_6 5_11_12 5_1_2 ;
set Ts[1215]:=
3_9_10 1_3_4 5_1_2 1_17_18 5_3_4 5_19_20 5_15_16 2_17_18 3_15_16 2_5_6 3_1_2 1_13_14 4_1_2 ;
set Ts[1216]:=
3_15_16 4_3_4 3_3_4 2_13_14 4_15_16 5_9_10 4_7_8 3_7_8 ;
set Ts[1217]:=
5_3_4 1_13_14 3_1_2 4_15_16 3_5_6 3_17_18 2_13_14 2_3_4 1_11_12 4_9_10 ;
set Ts[1218]:=
4_19_20 5_7_8 4_15_16 1_1_2 5_15_16 ;
set Ts[1219]:=
3_9_10 2_17_18 3_1_2 2_7_8 1_5_6 3_15_16 1_3_4 1_19_20 1_1_2 1_17_18 2_11_12 ;
set Ts[1220]:=
4_3_4 2_9_10 ;
set Ts[1221]:=
1_13_14 5_17_18 3_11_12 4_3_4 1_5_6 3_19_20 5_9_10 ;
set Ts[1222]:=
3_11_12 2_13_14 4_7_8 3_1_2 1_19_20 1_9_10 2_3_4 3_13_14 4_1_2 ;
set Ts[1223]:=
5_11_12 4_9_10 1_7_8 3_13_14 ;
set Ts[1224]:=
1_11_12 3_1_2 2_17_18 3_13_14 5_1_2 3_5_6 ;
set Ts[1225]:=
2_11_12 3_13_14 4_5_6 ;
set Ts[1226]:=
4_15_16 5_11_12 1_1_2 2_11_12 5_13_14 4_11_12 3_13_14 4_5_6 2_15_16 2_9_10 5_19_20 ;
set Ts[1227]:=
3_9_10 3_3_4 5_5_6 1_1_2 4_19_20 ;
set Ts[1228]:=
3_7_8 2_11_12 4_3_4 3_11_12 4_13_14 1_3_4 2_1_2 1_5_6 5_3_4 ;
set Ts[1229]:=
1_19_20 1_5_6 3_15_16 4_15_16 1_3_4 3_19_20 ;
set Ts[1230]:=
2_19_20 3_19_20 2_17_18 2_9_10 3_3_4 1_11_12 2_11_12 ;
set Ts[1231]:=
5_5_6 3_19_20 4_1_2 2_3_4 ;
set Ts[1232]:=
4_19_20 1_15_16 2_3_4 ;
set Ts[1233]:=
2_3_4 1_19_20 1_5_6 5_13_14 3_5_6 1_7_8 4_5_6 4_1_2 4_13_14 3_1_2 4_11_12 ;
set Ts[1234]:=
2_5_6 5_7_8 5_19_20 1_7_8 4_5_6 4_15_16 3_7_8 3_13_14 1_19_20 ;
set Ts[1235]:=
1_13_14 1_19_20 ;
set Ts[1236]:=
3_11_12 3_17_18 3_9_10 3_13_14 2_9_10 ;
set Ts[1237]:=
4_11_12 4_15_16 3_3_4 3_11_12 5_15_16 ;
set Ts[1238]:=
1_7_8 1_1_2 4_7_8 1_13_14 4_19_20 5_19_20 4_15_16 5_11_12 2_1_2 2_15_16 5_9_10 ;
set Ts[1239]:=
1_7_8 4_15_16 4_3_4 3_9_10 1_5_6 5_13_14 5_19_20 1_19_20 ;
set Ts[1240]:=
4_9_10 1_5_6 2_11_12 5_13_14 5_19_20 2_7_8 5_15_16 4_19_20 1_1_2 5_17_18 3_9_10 ;
set Ts[1241]:=
3_15_16 3_1_2 1_13_14 5_15_16 4_19_20 4_5_6 3_5_6 ;
set Ts[1242]:=
1_17_18 2_9_10 4_15_16 5_19_20 1_19_20 1_3_4 1_13_14 4_5_6 2_5_6 3_5_6 4_19_20 ;
set Ts[1243]:=
5_5_6 1_9_10 3_1_2 1_15_16 5_19_20 1_19_20 2_15_16 4_1_2 5_3_4 5_15_16 ;
set Ts[1244]:=
5_19_20 4_9_10 4_7_8 2_11_12 3_1_2 1_7_8 3_9_10 3_11_12 2_19_20 4_19_20 ;
set Ts[1245]:=
5_11_12 1_17_18 1_3_4 4_9_10 3_1_2 2_9_10 1_1_2 3_19_20 ;
set Ts[1246]:=
4_1_2 2_11_12 4_17_18 4_11_12 5_7_8 3_9_10 5_3_4 ;
set Ts[1247]:=
2_5_6 4_3_4 4_13_14 3_5_6 2_15_16 3_9_10 4_7_8 ;
set Ts[1248]:=
4_11_12 2_5_6 ;
set Ts[1249]:=
5_15_16 4_19_20 1_11_12 2_13_14 5_13_14 4_3_4 4_1_2 1_13_14 1_15_16 3_15_16 ;
set Ts[1250]:=
1_17_18 4_7_8 3_5_6 3_17_18 5_1_2 3_13_14 3_3_4 1_1_2 1_19_20 4_11_12 5_19_20 4_17_18 2_19_20 ;
set Ts[1251]:=
2_3_4 4_15_16 1_1_2 1_11_12 2_17_18 4_5_6 1_3_4 3_19_20 3_7_8 5_15_16 1_9_10 ;
set Ts[1252]:=
1_17_18 2_11_12 2_3_4 3_15_16 2_17_18 4_5_6 5_9_10 3_5_6 1_9_10 2_1_2 ;
set Ts[1253]:=
1_19_20 1_11_12 ;
set Ts[1254]:=
2_7_8 5_13_14 5_17_18 4_9_10 3_5_6 5_9_10 3_9_10 5_5_6 4_1_2 ;
set Ts[1255]:=
4_11_12 5_7_8 3_5_6 4_5_6 2_7_8 ;
set Ts[1256]:=
3_3_4 5_1_2 3_13_14 3_1_2 ;
set Ts[1257]:=
3_19_20 1_7_8 3_15_16 3_7_8 5_3_4 3_11_12 5_5_6 2_7_8 ;
set Ts[1258]:=
3_7_8 2_19_20 3_11_12 1_5_6 5_19_20 3_9_10 ;
set Ts[1259]:=
2_3_4 2_1_2 1_11_12 ;
set Ts[1260]:=
4_17_18 4_7_8 3_7_8 3_11_12 3_15_16 3_17_18 ;
set Ts[1261]:=
5_19_20 1_1_2 4_1_2 1_9_10 2_3_4 ;
set Ts[1262]:=
3_11_12 4_17_18 2_15_16 5_3_4 1_1_2 1_19_20 4_3_4 5_19_20 ;
set Ts[1263]:=
1_1_2 2_5_6 5_11_12 ;
set Ts[1264]:=
1_15_16 4_15_16 5_19_20 ;
set Ts[1265]:=
5_1_2 5_19_20 3_15_16 4_7_8 2_17_18 ;
set Ts[1266]:=
4_11_12 3_17_18 3_3_4 4_3_4 5_7_8 ;
set Ts[1267]:=
2_17_18 2_11_12 1_1_2 ;
set Ts[1268]:=
5_7_8 3_15_16 ;
set Ts[1269]:=
5_17_18 5_11_12 2_17_18 ;
set Ts[1270]:=
1_11_12 5_13_14 3_3_4 4_9_10 1_19_20 2_11_12 1_3_4 2_15_16 5_1_2 2_7_8 3_15_16 4_17_18 1_17_18 ;
set Ts[1271]:=
3_19_20 5_1_2 1_13_14 3_17_18 1_3_4 ;
set Ts[1272]:=
4_1_2 5_3_4 2_9_10 5_7_8 3_3_4 ;
set Ts[1273]:=
2_5_6 4_19_20 5_5_6 3_13_14 5_7_8 5_13_14 1_3_4 ;
set Ts[1274]:=
1_11_12 3_19_20 5_7_8 2_13_14 1_3_4 ;
set Ts[1275]:=
4_17_18 2_17_18 2_19_20 1_15_16 5_1_2 1_7_8 1_17_18 4_1_2 5_13_14 5_5_6 4_3_4 2_1_2 5_3_4 ;
set Ts[1276]:=
1_13_14 2_15_16 4_11_12 3_7_8 ;
set Ts[1277]:=
2_11_12 3_5_6 3_7_8 5_9_10 2_9_10 2_19_20 5_1_2 3_9_10 ;
set Ts[1278]:=
2_17_18 2_13_14 5_15_16 5_11_12 5_17_18 4_1_2 1_15_16 ;
set Ts[1279]:=
4_3_4 2_7_8 2_9_10 4_19_20 3_7_8 1_1_2 2_1_2 3_11_12 3_15_16 5_17_18 5_9_10 4_1_2 ;
set Ts[1280]:=
3_3_4 1_17_18 5_15_16 5_7_8 5_13_14 1_7_8 3_9_10 3_1_2 4_5_6 3_7_8 1_1_2 ;
set Ts[1281]:=
5_17_18 5_1_2 1_9_10 3_13_14 3_19_20 2_11_12 2_17_18 2_7_8 1_3_4 3_11_12 5_7_8 ;
set Ts[1282]:=
2_13_14 4_11_12 ;
set Ts[1283]:=
4_13_14 5_17_18 4_9_10 4_17_18 ;
set Ts[1284]:=
3_1_2 2_3_4 4_17_18 1_11_12 1_19_20 ;
set Ts[1285]:=
3_13_14 2_11_12 2_7_8 3_9_10 ;
set Ts[1286]:=
2_17_18 3_7_8 4_9_10 4_1_2 3_11_12 2_11_12 3_3_4 4_17_18 2_19_20 5_5_6 ;
set Ts[1287]:=
4_7_8 3_15_16 ;
set Ts[1288]:=
3_9_10 5_13_14 4_9_10 3_17_18 1_1_2 3_13_14 5_7_8 3_3_4 3_19_20 2_1_2 3_7_8 4_3_4 ;
set Ts[1289]:=
3_11_12 2_1_2 4_19_20 1_11_12 2_11_12 1_9_10 ;
set Ts[1290]:=
2_5_6 5_3_4 4_1_2 5_15_16 5_17_18 5_19_20 5_5_6 ;
set Ts[1291]:=
4_13_14 1_13_14 2_7_8 1_17_18 ;
set Ts[1292]:=
3_7_8 4_17_18 4_5_6 3_11_12 4_13_14 4_15_16 5_7_8 4_11_12 4_9_10 1_7_8 4_1_2 ;
set Ts[1293]:=
3_1_2 5_9_10 2_15_16 ;
set Ts[1294]:=
1_9_10 2_1_2 5_7_8 ;
set Ts[1295]:=
5_1_2 2_5_6 5_7_8 2_17_18 1_5_6 5_11_12 4_1_2 4_11_12 3_3_4 5_15_16 3_19_20 ;
set Ts[1296]:=
5_1_2 5_3_4 5_15_16 3_1_2 1_3_4 5_11_12 2_11_12 1_7_8 5_9_10 ;
set Ts[1297]:=
3_1_2 4_9_10 ;
set Ts[1298]:=
1_17_18 3_17_18 5_11_12 4_7_8 1_11_12 3_9_10 5_5_6 3_1_2 ;
set Ts[1299]:=
5_1_2 5_15_16 2_1_2 1_7_8 5_3_4 2_13_14 3_3_4 3_17_18 ;
set Ts[1300]:=
3_7_8 3_1_2 2_9_10 2_1_2 3_5_6 1_7_8 5_5_6 1_15_16 4_13_14 ;
set Ts[1301]:=
1_11_12 1_19_20 5_19_20 1_3_4 2_11_12 ;
set Ts[1302]:=
1_13_14 5_7_8 5_11_12 4_1_2 2_5_6 ;
set Ts[1303]:=
1_19_20 5_13_14 4_11_12 4_19_20 2_13_14 1_15_16 ;
set Ts[1304]:=
4_7_8 1_1_2 1_3_4 5_19_20 1_5_6 ;
set Ts[1305]:=
4_19_20 2_11_12 5_1_2 3_9_10 ;
set Ts[1306]:=
4_5_6 4_13_14 2_17_18 1_3_4 2_9_10 4_15_16 2_3_4 4_17_18 1_13_14 5_15_16 ;
set Ts[1307]:=
4_7_8 1_11_12 3_15_16 2_9_10 3_5_6 ;
set Ts[1308]:=
5_7_8 1_17_18 1_15_16 1_11_12 4_5_6 4_1_2 2_5_6 3_11_12 1_7_8 ;
set Ts[1309]:=
3_9_10 5_1_2 1_1_2 5_13_14 ;
set Ts[1310]:=
5_5_6 4_13_14 3_15_16 2_17_18 1_13_14 4_3_4 2_19_20 ;
set Ts[1311]:=
5_7_8 2_17_18 3_1_2 4_13_14 4_3_4 ;
set Ts[1312]:=
2_3_4 4_9_10 2_11_12 3_11_12 4_15_16 ;
set Ts[1313]:=
3_7_8 5_1_2 3_15_16 1_3_4 ;
set Ts[1314]:=
2_5_6 5_5_6 2_3_4 4_17_18 3_11_12 4_1_2 4_7_8 5_11_12 ;
set Ts[1315]:=
5_1_2 2_17_18 2_15_16 1_17_18 5_13_14 2_5_6 ;
set Ts[1316]:=
1_3_4 3_17_18 5_3_4 5_1_2 5_15_16 2_5_6 ;
set Ts[1317]:=
5_15_16 1_15_16 1_9_10 3_3_4 4_15_16 4_9_10 4_7_8 5_11_12 1_3_4 ;
set Ts[1318]:=
4_13_14 4_15_16 1_5_6 2_7_8 3_11_12 5_3_4 2_3_4 5_9_10 1_3_4 4_11_12 ;
set Ts[1319]:=
2_19_20 5_15_16 5_9_10 3_13_14 4_9_10 1_7_8 1_3_4 1_17_18 4_3_4 2_9_10 5_1_2 2_7_8 5_3_4 ;
set Ts[1320]:=
1_5_6 3_3_4 5_15_16 ;
set Ts[1321]:=
4_15_16 4_9_10 4_11_12 5_9_10 1_19_20 3_17_18 1_3_4 1_1_2 2_3_4 ;
set Ts[1322]:=
4_1_2 5_3_4 3_7_8 3_17_18 4_7_8 5_11_12 1_17_18 ;
set Ts[1323]:=
3_11_12 4_13_14 1_1_2 1_15_16 3_1_2 ;
set Ts[1324]:=
2_13_14 4_15_16 3_19_20 3_7_8 4_11_12 5_19_20 2_17_18 ;
set Ts[1325]:=
2_17_18 4_11_12 4_5_6 1_1_2 2_11_12 5_9_10 3_13_14 3_1_2 3_7_8 1_5_6 ;
set Ts[1326]:=
5_13_14 2_9_10 2_5_6 ;
set Ts[1327]:=
1_15_16 2_3_4 ;
set Ts[1328]:=
5_7_8 4_19_20 5_3_4 2_13_14 3_5_6 2_7_8 3_15_16 3_13_14 4_9_10 ;
set Ts[1329]:=
3_1_2 1_9_10 ;
set Ts[1330]:=
2_17_18 5_15_16 4_7_8 ;
set Ts[1331]:=
3_9_10 5_17_18 4_7_8 ;
set Ts[1332]:=
1_5_6 4_3_4 5_3_4 ;
set Ts[1333]:=
1_15_16 5_5_6 5_13_14 2_3_4 2_11_12 5_3_4 2_17_18 5_17_18 4_13_14 1_7_8 1_11_12 ;
set Ts[1334]:=
5_5_6 4_11_12 1_3_4 ;
set Ts[1335]:=
4_7_8 1_17_18 2_3_4 3_19_20 5_1_2 5_15_16 5_3_4 5_19_20 ;
set Ts[1336]:=
2_19_20 3_19_20 3_5_6 5_13_14 4_17_18 3_7_8 4_11_12 4_13_14 ;
set Ts[1337]:=
5_5_6 3_7_8 4_19_20 5_1_2 4_3_4 3_17_18 2_5_6 1_13_14 4_11_12 ;
set Ts[1338]:=
2_9_10 1_1_2 2_17_18 5_11_12 3_1_2 3_5_6 4_7_8 5_7_8 ;
set Ts[1339]:=
2_15_16 1_19_20 2_11_12 ;
set Ts[1340]:=
5_1_2 2_7_8 1_19_20 3_11_12 2_5_6 2_9_10 3_7_8 1_9_10 4_15_16 5_17_18 ;
set Ts[1341]:=
3_17_18 4_13_14 1_3_4 ;
set Ts[1342]:=
4_11_12 5_17_18 5_3_4 5_5_6 2_13_14 3_15_16 1_15_16 4_1_2 1_17_18 1_11_12 2_19_20 2_9_10 3_19_20 ;
set Ts[1343]:=
1_13_14 3_7_8 4_1_2 2_15_16 2_13_14 4_19_20 ;
set Ts[1344]:=
5_19_20 3_1_2 4_19_20 3_19_20 1_5_6 4_17_18 4_1_2 3_15_16 4_7_8 ;
set Ts[1345]:=
3_17_18 3_5_6 2_17_18 1_9_10 ;
set Ts[1346]:=
5_7_8 4_7_8 4_5_6 4_1_2 5_3_4 2_11_12 1_17_18 1_5_6 ;
set Ts[1347]:=
2_15_16 4_5_6 ;
set Ts[1348]:=
2_3_4 5_13_14 3_11_12 4_19_20 5_19_20 ;
set Ts[1349]:=
2_13_14 2_17_18 5_7_8 5_9_10 5_3_4 1_7_8 4_5_6 2_9_10 3_7_8 3_3_4 2_11_12 5_13_14 ;
set Ts[1350]:=
4_7_8 4_13_14 2_9_10 ;
set Ts[1351]:=
4_7_8 1_9_10 5_5_6 ;
set Ts[1352]:=
1_5_6 2_3_4 ;
set Ts[1353]:=
5_17_18 4_7_8 2_3_4 5_11_12 ;
set Ts[1354]:=
3_15_16 4_13_14 1_17_18 ;
set Ts[1355]:=
4_5_6 3_9_10 3_11_12 1_7_8 ;
set Ts[1356]:=
3_3_4 1_7_8 2_3_4 3_1_2 2_17_18 4_7_8 ;
set Ts[1357]:=
1_15_16 5_11_12 5_13_14 1_19_20 5_1_2 1_7_8 5_5_6 1_5_6 2_13_14 ;
set Ts[1358]:=
3_1_2 1_5_6 4_7_8 1_17_18 1_15_16 3_3_4 5_15_16 2_17_18 2_15_16 3_7_8 3_17_18 5_7_8 ;
set Ts[1359]:=
4_5_6 2_9_10 3_15_16 1_5_6 4_9_10 5_7_8 3_3_4 2_15_16 5_9_10 3_11_12 1_1_2 ;
set Ts[1360]:=
1_5_6 1_15_16 4_15_16 3_9_10 5_11_12 ;
set Ts[1361]:=
2_1_2 3_9_10 1_13_14 3_15_16 4_5_6 1_5_6 5_7_8 3_5_6 3_1_2 ;
set Ts[1362]:=
5_3_4 2_1_2 1_1_2 1_13_14 ;
set Ts[1363]:=
2_7_8 1_19_20 3_7_8 ;
set Ts[1364]:=
2_11_12 2_9_10 4_7_8 1_5_6 2_3_4 5_13_14 1_17_18 3_15_16 4_3_4 ;
set Ts[1365]:=
3_7_8 1_1_2 2_13_14 5_17_18 4_3_4 5_11_12 2_17_18 3_13_14 3_15_16 1_17_18 2_3_4 ;
set Ts[1366]:=
4_1_2 3_15_16 ;
set Ts[1367]:=
5_15_16 4_3_4 ;
set Ts[1368]:=
5_9_10 3_1_2 5_15_16 2_3_4 3_5_6 1_7_8 5_1_2 1_5_6 2_13_14 ;
set Ts[1369]:=
2_5_6 4_19_20 ;
set Ts[1370]:=
1_19_20 3_11_12 ;
set Ts[1371]:=
5_13_14 3_1_2 2_13_14 ;
set Ts[1372]:=
4_19_20 5_19_20 2_3_4 2_11_12 5_13_14 1_17_18 1_9_10 2_1_2 4_1_2 ;
set Ts[1373]:=
1_11_12 5_9_10 4_5_6 1_17_18 5_17_18 1_3_4 3_13_14 2_15_16 ;
set Ts[1374]:=
4_9_10 4_13_14 ;
set Ts[1375]:=
2_3_4 5_17_18 3_13_14 5_15_16 1_1_2 3_15_16 5_19_20 2_17_18 2_19_20 ;
set Ts[1376]:=
2_11_12 3_17_18 2_15_16 4_5_6 2_13_14 3_1_2 1_13_14 ;
set Ts[1377]:=
4_1_2 2_11_12 2_17_18 ;
set Ts[1378]:=
1_5_6 2_17_18 3_19_20 3_17_18 1_13_14 3_1_2 2_9_10 1_15_16 5_15_16 ;
set Ts[1379]:=
3_17_18 1_15_16 ;
set Ts[1380]:=
3_17_18 3_3_4 4_17_18 ;
set Ts[1381]:=
2_19_20 1_7_8 ;
set Ts[1382]:=
5_5_6 2_11_12 1_17_18 3_9_10 2_19_20 3_5_6 5_15_16 3_13_14 ;
set Ts[1383]:=
1_15_16 3_19_20 2_11_12 5_13_14 5_5_6 2_1_2 1_9_10 1_17_18 2_19_20 4_13_14 ;
set Ts[1384]:=
4_3_4 4_13_14 5_1_2 2_19_20 2_15_16 5_19_20 2_11_12 1_13_14 ;
set Ts[1385]:=
5_9_10 1_1_2 2_19_20 3_9_10 1_9_10 4_5_6 2_15_16 4_3_4 ;
set Ts[1386]:=
1_7_8 3_19_20 3_5_6 1_3_4 2_5_6 ;
set Ts[1387]:=
1_11_12 3_13_14 4_15_16 5_1_2 1_13_14 2_17_18 ;
set Ts[1388]:=
4_13_14 4_1_2 1_3_4 3_15_16 5_13_14 3_17_18 1_11_12 ;
set Ts[1389]:=
2_13_14 2_17_18 3_7_8 4_1_2 3_17_18 2_9_10 3_5_6 ;
set Ts[1390]:=
2_17_18 4_3_4 2_1_2 3_7_8 1_19_20 5_17_18 4_13_14 1_11_12 ;
set Ts[1391]:=
3_9_10 1_15_16 ;
set Ts[1392]:=
3_17_18 3_1_2 ;
set Ts[1393]:=
3_15_16 1_5_6 5_1_2 4_13_14 2_15_16 3_7_8 4_11_12 2_19_20 3_19_20 2_7_8 2_1_2 ;
set Ts[1394]:=
3_13_14 1_17_18 2_19_20 5_7_8 4_11_12 5_3_4 ;
set Ts[1395]:=
1_3_4 5_5_6 4_17_18 4_3_4 4_5_6 3_3_4 5_1_2 ;
set Ts[1396]:=
4_7_8 3_9_10 4_11_12 2_9_10 3_17_18 2_5_6 1_11_12 5_9_10 ;
set Ts[1397]:=
3_15_16 1_19_20 2_17_18 5_15_16 2_19_20 1_13_14 3_9_10 1_15_16 2_13_14 4_17_18 ;
set Ts[1398]:=
5_19_20 4_11_12 1_19_20 5_13_14 5_3_4 ;
set Ts[1399]:=
1_15_16 1_19_20 2_1_2 2_3_4 1_1_2 1_11_12 3_11_12 3_5_6 3_7_8 2_13_14 4_7_8 ;
set Ts[1400]:=
2_3_4 2_9_10 5_11_12 4_11_12 2_19_20 ;
set Ts[1401]:=
5_3_4 1_15_16 ;
set Ts[1402]:=
2_19_20 5_17_18 ;
set Ts[1403]:=
2_1_2 1_13_14 5_17_18 1_11_12 4_17_18 ;
set Ts[1404]:=
4_7_8 2_17_18 2_5_6 5_11_12 5_1_2 2_15_16 4_11_12 1_11_12 3_1_2 2_11_12 3_15_16 ;
set Ts[1405]:=
2_1_2 5_17_18 4_5_6 1_17_18 3_5_6 1_1_2 5_3_4 3_1_2 5_5_6 2_17_18 2_5_6 5_1_2 ;
set Ts[1406]:=
5_1_2 3_7_8 3_17_18 3_3_4 1_13_14 4_13_14 4_15_16 5_13_14 3_5_6 ;
set Ts[1407]:=
2_19_20 3_3_4 4_3_4 ;
set Ts[1408]:=
2_13_14 5_5_6 3_5_6 ;
set Ts[1409]:=
5_1_2 2_5_6 5_17_18 3_19_20 1_9_10 4_7_8 3_11_12 1_17_18 5_5_6 ;
set Ts[1410]:=
5_11_12 2_19_20 4_19_20 3_15_16 2_9_10 1_3_4 ;
set Ts[1411]:=
1_5_6 2_15_16 3_11_12 5_15_16 4_13_14 3_3_4 ;
set Ts[1412]:=
1_5_6 5_11_12 2_15_16 3_13_14 ;
set Ts[1413]:=
2_19_20 2_17_18 2_7_8 3_11_12 3_17_18 4_15_16 4_1_2 4_17_18 3_1_2 2_1_2 ;
set Ts[1414]:=
3_11_12 4_1_2 ;
set Ts[1415]:=
1_19_20 3_3_4 5_13_14 5_9_10 2_13_14 ;
set Ts[1416]:=
5_7_8 5_5_6 1_19_20 2_11_12 1_3_4 ;
set Ts[1417]:=
1_11_12 3_15_16 1_7_8 1_3_4 ;
set Ts[1418]:=
1_9_10 1_13_14 4_15_16 5_7_8 4_5_6 2_3_4 2_11_12 ;
set Ts[1419]:=
3_15_16 2_7_8 2_9_10 3_17_18 2_19_20 1_15_16 5_11_12 ;
set Ts[1420]:=
3_15_16 1_3_4 2_9_10 1_7_8 2_19_20 1_17_18 3_3_4 3_1_2 2_1_2 4_13_14 ;
set Ts[1421]:=
4_9_10 3_11_12 5_3_4 5_11_12 ;
set Ts[1422]:=
1_15_16 4_13_14 5_3_4 5_11_12 1_17_18 3_15_16 1_3_4 ;
set Ts[1423]:=
1_15_16 1_19_20 5_19_20 2_9_10 2_19_20 1_3_4 4_19_20 5_3_4 4_15_16 2_13_14 2_3_4 ;
set Ts[1424]:=
1_3_4 5_15_16 2_5_6 5_11_12 4_15_16 4_17_18 ;
set Ts[1425]:=
5_9_10 5_17_18 2_1_2 ;
set Ts[1426]:=
5_1_2 5_9_10 2_13_14 4_15_16 3_1_2 4_5_6 ;
set Ts[1427]:=
1_1_2 2_9_10 ;
set Ts[1428]:=
1_3_4 5_7_8 1_9_10 2_3_4 ;
set Ts[1429]:=
5_17_18 5_5_6 3_19_20 5_1_2 3_15_16 1_5_6 3_7_8 3_5_6 1_1_2 5_9_10 4_13_14 3_17_18 ;
set Ts[1430]:=
5_19_20 4_1_2 ;
set Ts[1431]:=
3_9_10 3_5_6 1_5_6 1_11_12 2_5_6 2_3_4 3_1_2 4_1_2 5_7_8 2_17_18 ;
set Ts[1432]:=
2_3_4 1_3_4 2_9_10 5_17_18 3_7_8 ;
set Ts[1433]:=
5_3_4 2_13_14 2_3_4 4_1_2 4_17_18 3_13_14 ;
set Ts[1434]:=
5_3_4 2_15_16 1_19_20 3_9_10 4_11_12 2_5_6 3_1_2 5_9_10 1_9_10 ;
set Ts[1435]:=
4_11_12 2_13_14 ;
set Ts[1436]:=
3_9_10 2_9_10 1_17_18 2_1_2 4_3_4 1_5_6 ;
set Ts[1437]:=
2_17_18 4_5_6 2_11_12 2_19_20 3_13_14 2_15_16 2_13_14 4_15_16 5_3_4 5_13_14 5_7_8 5_19_20 ;
set Ts[1438]:=
5_5_6 2_17_18 ;
set Ts[1439]:=
5_3_4 3_13_14 5_13_14 3_5_6 1_11_12 4_7_8 3_17_18 1_9_10 2_1_2 2_11_12 ;
set Ts[1440]:=
4_9_10 4_5_6 1_1_2 1_3_4 3_15_16 3_11_12 1_15_16 4_13_14 5_9_10 2_13_14 4_19_20 ;
set Ts[1441]:=
4_19_20 5_1_2 1_19_20 5_9_10 2_1_2 2_15_16 ;
set Ts[1442]:=
5_3_4 1_13_14 5_1_2 2_9_10 1_11_12 ;
set Ts[1443]:=
4_9_10 3_9_10 5_13_14 3_5_6 3_13_14 ;
set Ts[1444]:=
5_5_6 5_11_12 2_19_20 2_3_4 2_1_2 1_7_8 5_7_8 ;
set Ts[1445]:=
1_17_18 1_9_10 4_5_6 5_3_4 1_19_20 1_7_8 ;
set Ts[1446]:=
1_13_14 1_3_4 2_19_20 5_3_4 2_5_6 2_7_8 4_5_6 1_7_8 ;
set Ts[1447]:=
4_11_12 3_15_16 ;
set Ts[1448]:=
4_1_2 4_15_16 3_19_20 5_19_20 3_5_6 4_5_6 5_1_2 2_5_6 ;
set Ts[1449]:=
1_17_18 5_3_4 4_15_16 4_3_4 1_3_4 1_1_2 ;
set Ts[1450]:=
4_5_6 3_9_10 4_1_2 4_7_8 4_15_16 4_17_18 2_15_16 4_3_4 1_9_10 3_7_8 4_9_10 ;
set Ts[1451]:=
3_17_18 2_3_4 ;
set Ts[1452]:=
1_5_6 5_9_10 2_17_18 3_19_20 5_3_4 1_9_10 3_1_2 4_5_6 5_19_20 ;
set Ts[1453]:=
1_13_14 4_1_2 5_19_20 4_5_6 2_15_16 3_17_18 ;
set Ts[1454]:=
1_15_16 2_9_10 1_9_10 ;
set Ts[1455]:=
1_1_2 1_17_18 2_3_4 3_19_20 3_7_8 4_13_14 1_11_12 5_13_14 5_15_16 2_17_18 5_11_12 ;
set Ts[1456]:=
5_15_16 3_19_20 2_17_18 3_3_4 1_19_20 3_9_10 2_1_2 1_11_12 5_13_14 ;
set Ts[1457]:=
3_19_20 2_15_16 4_15_16 4_7_8 ;
set Ts[1458]:=
5_1_2 5_9_10 2_19_20 ;
set Ts[1459]:=
3_1_2 5_13_14 3_9_10 5_19_20 3_3_4 3_17_18 2_1_2 3_19_20 ;
set Ts[1460]:=
4_11_12 5_11_12 5_17_18 3_1_2 3_15_16 4_3_4 4_1_2 ;
set Ts[1461]:=
1_19_20 3_1_2 4_3_4 2_15_16 5_5_6 4_17_18 1_5_6 2_11_12 5_9_10 4_5_6 ;
set Ts[1462]:=
3_9_10 3_15_16 4_1_2 2_13_14 3_7_8 2_17_18 5_19_20 4_17_18 4_13_14 ;
set Ts[1463]:=
2_3_4 1_17_18 4_9_10 3_11_12 1_9_10 1_3_4 ;
set Ts[1464]:=
5_13_14 2_19_20 2_13_14 4_5_6 1_17_18 1_13_14 1_5_6 ;
set Ts[1465]:=
1_7_8 1_15_16 4_19_20 3_1_2 1_19_20 5_13_14 3_7_8 3_19_20 ;
set Ts[1466]:=
2_15_16 3_11_12 5_19_20 4_5_6 3_17_18 3_9_10 5_9_10 2_1_2 3_7_8 5_17_18 ;
set Ts[1467]:=
5_17_18 4_1_2 3_15_16 4_17_18 4_9_10 2_3_4 4_11_12 5_7_8 3_1_2 4_13_14 5_3_4 3_3_4 ;
set Ts[1468]:=
4_17_18 1_1_2 ;
set Ts[1469]:=
1_15_16 3_5_6 4_3_4 3_17_18 4_7_8 5_19_20 2_1_2 1_1_2 3_3_4 1_13_14 2_5_6 4_15_16 ;
set Ts[1470]:=
2_17_18 1_15_16 4_11_12 5_17_18 5_7_8 5_1_2 5_13_14 3_9_10 3_17_18 5_5_6 ;
set Ts[1471]:=
2_7_8 4_1_2 2_11_12 4_7_8 3_3_4 1_17_18 3_7_8 1_13_14 1_3_4 2_5_6 4_5_6 1_1_2 4_15_16 ;
set Ts[1472]:=
1_5_6 1_9_10 5_19_20 2_15_16 1_17_18 4_11_12 1_15_16 2_9_10 ;
set Ts[1473]:=
1_17_18 2_17_18 5_17_18 1_3_4 5_7_8 1_15_16 1_9_10 4_17_18 3_7_8 3_11_12 1_1_2 3_17_18 4_7_8 ;
set Ts[1474]:=
5_19_20 2_17_18 1_7_8 ;
set Ts[1475]:=
5_9_10 1_3_4 1_9_10 4_1_2 5_11_12 1_11_12 ;
set Ts[1476]:=
4_9_10 2_17_18 5_9_10 1_7_8 1_13_14 3_17_18 ;
set Ts[1477]:=
2_9_10 4_13_14 ;
set Ts[1478]:=
5_17_18 3_11_12 1_7_8 5_13_14 4_13_14 5_5_6 2_5_6 4_17_18 3_3_4 ;
set Ts[1479]:=
1_17_18 3_15_16 ;
set Ts[1480]:=
4_13_14 4_15_16 2_7_8 2_17_18 3_3_4 5_15_16 1_13_14 1_3_4 4_1_2 3_1_2 4_19_20 ;
set Ts[1481]:=
3_3_4 3_1_2 3_15_16 5_13_14 5_15_16 4_13_14 3_9_10 2_15_16 1_7_8 4_7_8 2_11_12 4_9_10 ;
set Ts[1482]:=
1_5_6 4_19_20 4_15_16 5_3_4 1_3_4 2_19_20 1_7_8 1_11_12 2_1_2 1_19_20 3_5_6 4_9_10 ;
set Ts[1483]:=
5_17_18 2_17_18 4_9_10 2_15_16 4_11_12 1_17_18 4_19_20 2_7_8 5_13_14 ;
set Ts[1484]:=
5_17_18 4_5_6 4_7_8 4_11_12 1_15_16 3_19_20 ;
set Ts[1485]:=
5_15_16 3_15_16 3_9_10 1_7_8 5_7_8 2_15_16 3_1_2 2_9_10 ;
set Ts[1486]:=
5_7_8 1_17_18 3_11_12 1_15_16 4_15_16 3_15_16 1_7_8 2_9_10 1_13_14 ;
set Ts[1487]:=
2_5_6 2_19_20 4_15_16 ;
set Ts[1488]:=
1_5_6 5_15_16 3_5_6 ;
set Ts[1489]:=
5_15_16 4_19_20 3_3_4 4_9_10 2_11_12 1_9_10 5_5_6 3_13_14 1_17_18 4_11_12 ;
set Ts[1490]:=
5_1_2 3_17_18 4_17_18 2_7_8 2_19_20 1_5_6 3_1_2 ;
set Ts[1491]:=
2_17_18 5_7_8 1_15_16 3_3_4 3_9_10 3_15_16 3_1_2 4_3_4 ;
set Ts[1492]:=
3_1_2 1_15_16 ;
set Ts[1493]:=
5_9_10 5_19_20 5_13_14 3_11_12 ;
set Ts[1494]:=
2_5_6 5_9_10 2_9_10 4_7_8 3_11_12 5_5_6 1_5_6 2_13_14 3_9_10 2_7_8 4_9_10 1_7_8 ;
set Ts[1495]:=
4_13_14 3_3_4 1_3_4 3_1_2 2_19_20 2_17_18 4_17_18 4_3_4 5_7_8 ;
set Ts[1496]:=
3_11_12 5_17_18 4_17_18 ;
set Ts[1497]:=
4_9_10 3_17_18 4_11_12 4_13_14 5_9_10 ;
set Ts[1498]:=
4_17_18 5_13_14 5_15_16 3_7_8 4_15_16 4_11_12 ;
set Ts[1499]:=
4_11_12 1_7_8 5_9_10 1_1_2 2_19_20 5_11_12 1_17_18 ;
set Ts[1500]:=
3_11_12 1_13_14 2_11_12 2_17_18 4_9_10 1_15_16 ;

param rho:=
1 60
2 60
3 60
4 60
5 60
6 60
7 60
8 60
9 60
10 60
11 60
12 60
13 60
14 60
15 60
16 60
17 60
18 60
19 60
20 60
21 60
22 60
23 60
24 60
25 60
26 60
27 60
28 60
29 60
30 60
31 60
32 60
33 60
34 60
35 60
36 60
37 60
38 60
39 60
40 60
41 60
42 60
43 60
44 60
45 60
46 60
47 60
48 60
49 60
50 60
;

param sigma_class:=
1 13
2 13
3 11
4 16
5 17
6 12
7 18
8 11
9 16
10 15
11 12
12 11
13 14
14 16
15 10
16 12
17 17
18 14
19 17
20 5
21 8
22 15
23 19
24 16
25 13
26 13
27 16
28 13
29 9
30 12
31 12
32 15
33 8
34 16
35 21
36 21
37 12
38 14
39 8
40 19
41 16
42 11
43 16
44 13
45 20
46 14
47 14
48 14
49 14
50 18
51 17
52 15
53 11
54 11
55 14
56 15
57 12
58 11
59 14
60 16
61 17
62 12
63 9
64 10
65 23
66 8
67 17
68 14
69 9
70 14
71 8
72 13
73 17
74 12
75 12
76 11
77 14
78 13
79 13
80 11
81 26
82 8
83 18
84 11
85 15
86 7
87 16
88 14
89 15
90 16
91 14
92 22
93 19
94 13
95 12
96 17
97 12
98 13
99 14
100 8
101 14
102 17
103 10
104 17
105 21
106 14
107 19
108 9
109 11
110 15
111 17
112 17
113 16
114 19
115 13
116 17
117 16
118 14
119 8
120 17
121 15
122 12
123 13
124 21
125 22
126 15
127 14
128 15
129 14
130 27
131 8
132 12
133 6
134 11
135 13
136 20
137 14
138 17
139 28
140 16
141 10
142 20
143 12
144 11
145 12
146 13
147 10
148 9
149 7
150 14
151 16
152 14
153 18
154 11
155 18
156 8
157 19
158 13
159 21
160 21
161 13
162 13
163 11
164 15
165 17
166 13
167 14
168 9
169 13
170 22
171 7
172 18
173 11
174 11
175 10
176 18
177 20
178 17
179 19
180 12
181 10
182 16
183 17
184 17
185 12
186 17
187 11
188 12
189 9
190 16
191 17
192 18
193 16
194 13
195 19
196 16
197 14
198 13
199 16
200 9
201 16
202 14
203 15
204 7
205 17
206 13
207 16
208 7
209 12
210 22
211 15
212 21
213 13
214 11
215 18
216 13
217 11
218 16
219 13
220 14
221 13
222 14
223 16
224 11
225 11
226 6
227 15
228 11
229 18
230 16
231 16
232 12
233 19
234 14
235 17
236 11
237 16
238 12
239 22
240 16
241 17
242 18
243 12
244 13
245 19
246 15
247 16
248 12
249 12
250 22
251 11
252 18
253 13
254 16
255 14
256 14
257 13
258 22
259 12
260 9
261 13
262 16
263 10
264 9
265 23
266 19
267 8
268 13
269 12
270 10
271 16
272 15
273 19
274 19
275 10
276 16
277 15
278 12
279 16
280 22
281 7
282 14
283 20
284 12
285 11
286 15
287 13
288 14
289 20
290 12
291 16
292 14
293 27
294 10
295 12
296 11
297 18
298 19
299 18
300 13
301 17
302 9
303 11
304 17
305 13
306 8
307 16
308 6
309 18
310 12
311 13
312 18
313 17
314 11
315 10
316 17
317 12
318 14
319 12
320 18
321 12
322 17
323 18
324 12
325 9
326 15
327 18
328 12
329 13
330 20
331 18
332 14
333 15
334 11
335 20
336 15
337 19
338 10
339 13
340 18
341 23
342 14
343 9
344 8
345 16
346 20
347 19
348 24
349 11
350 17
351 7
352 14
353 10
354 16
355 14
356 16
357 17
358 12
359 14
360 15
361 8
362 12
363 11
364 9
365 15
366 11
367 10
368 12
369 14
370 15
371 14
372 11
373 13
374 10
375 13
376 9
377 13
378 12
379 19
380 10
381 20
382 15
383 16
384 14
385 12
386 10
387 17
388 27
389 14
390 15
391 10
392 12
393 19
394 14
395 8
396 13
397 14
398 16
399 14
400 11
401 19
402 7
403 15
404 9
405 20
406 13
407 10
408 17
409 20
410 17
411 11
412 16
413 12
414 12
415 12
416 10
417 17
418 12
419 14
420 10
421 18
422 12
423 10
424 10
425 10
426 13
427 14
428 21
429 13
430 18
431 17
432 7
433 13
434 15
435 19
436 16
437 12
438 14
439 11
440 11
441 13
442 14
443 13
444 13
445 13
446 18
447 16
448 17
449 15
450 15
451 17
452 18
453 8
454 15
455 15
456 13
457 11
458 15
459 7
460 19
461 13
462 17
463 20
464 10
465 19
466 13
467 15
468 16
469 16
470 9
471 10
472 23
473 12
474 17
475 21
476 16
477 10
478 13
479 16
480 15
481 12
482 12
483 16
484 20
485 12
486 5
487 10
488 15
489 20
490 19
491 15
492 17
493 18
494 14
495 14
496 20
497 17
498 11
499 20
500 11
501 15
502 15
503 11
504 17
505 16
506 14
507 10
508 15
509 15
510 19
511 13
512 15
513 16
514 12
515 9
516 12
517 13
518 16
519 23
520 19
521 14
522 15
523 24
524 15
525 16
526 18
527 15
528 13
529 15
530 13
531 13
532 17
533 11
534 13
535 16
536 15
537 18
538 17
539 17
540 11
541 21
542 17
543 11
544 16
545 18
546 13
547 20
548 18
549 11
550 9
551 13
552 16
553 16
554 11
555 23
556 13
557 17
558 21
559 12
560 19
561 17
562 14
563 21
564 15
565 11
566 15
567 10
568 17
569 12
570 17
571 12
572 10
573 21
574 23
575 13
576 13
577 11
578 14
579 17
580 20
581 15
582 19
583 14
584 20
585 15
586 14
587 12
588 16
589 12
590 21
591 16
592 12
593 15
594 12
595 11
596 16
597 19
598 11
599 16
600 14
601 15
602 20
603 11
604 14
605 19
606 14
607 20
608 11
609 14
610 14
611 11
612 14
613 15
614 11
615 16
616 13
617 10
618 14
619 12
620 9
621 14
622 13
623 10
624 14
625 11
;

param kmin:=
1 3
2 3
3 3
4 2
5 2
6 3
7 2
8 3
9 3
10 3
11 3
12 3
13 3
14 2
15 2
16 3
17 2
18 2
19 3
20 2
21 3
22 2
23 2
24 3
25 3
26 3
27 2
28 2
29 2
30 3
31 2
32 2
33 3
34 3
35 2
36 2
37 3
38 3
39 2
40 3
41 3
42 3
43 3
44 3
45 3
46 3
47 3
48 2
49 2
50 3
51 3
52 3
53 2
54 2
55 2
56 3
57 2
58 2
59 3
60 3
61 3
62 2
63 3
64 2
65 3
66 2
67 2
68 2
69 2
70 3
71 3
72 3
73 3
74 2
75 3
76 3
77 3
78 3
79 3
80 3
81 3
82 3
83 3
84 2
85 3
86 2
87 3
88 3
89 3
90 3
91 3
92 2
93 2
94 2
95 2
96 2
97 3
98 3
99 3
100 2
101 3
102 3
103 3
104 3
105 3
106 2
107 3
108 3
109 3
110 3
111 3
112 3
113 3
114 3
115 3
116 3
117 3
118 2
119 3
120 2
121 2
122 3
123 2
124 3
125 2
126 2
127 2
128 2
129 3
130 3
131 3
132 3
133 2
134 3
135 2
136 3
137 3
138 3
139 2
140 2
141 3
142 3
143 3
144 3
145 3
146 2
147 3
148 3
149 3
150 2
151 3
152 2
153 3
154 3
155 3
156 2
157 3
158 2
159 3
160 3
161 3
162 3
163 2
164 2
165 2
166 3
167 3
168 2
169 3
170 2
171 3
172 2
173 3
174 3
175 2
176 2
177 3
178 2
179 3
180 3
181 3
182 3
183 3
184 2
185 2
186 3
187 3
188 3
189 3
190 3
191 3
192 2
193 3
194 3
195 3
196 3
197 3
198 3
199 3
200 2
201 3
202 3
203 3
204 3
205 3
206 3
207 3
208 2
209 3
210 2
211 2
212 2
213 3
214 3
215 3
216 3
217 3
218 2
219 2
220 3
221 3
222 2
223 3
224 3
225 3
226 3
227 2
228 3
229 3
230 3
231 3
232 3
233 3
234 2
235 3
236 3
237 3
238 3
239 2
240 3
241 3
242 2
243 3
244 2
245 3
246 2
247 3
248 2
249 2
250 3
251 3
252 3
253 3
254 3
255 2
256 2
257 3
258 3
259 3
260 3
261 3
262 3
263 2
264 3
265 3
266 2
267 2
268 3
269 3
270 3
271 3
272 2
273 3
274 2
275 3
276 3
277 3
278 3
279 3
280 3
281 3
282 2
283 2
284 2
285 2
286 2
287 3
288 2
289 3
290 3
291 3
292 3
293 3
294 2
295 3
296 2
297 2
298 3
299 3
300 3
301 2
302 2
303 3
304 2
305 3
306 3
307 2
308 2
309 2
310 3
311 3
312 3
313 3
314 3
315 2
316 3
317 3
318 2
319 2
320 3
321 3
322 3
323 3
324 3
325 2
326 2
327 2
328 3
329 2
330 3
331 2
332 3
333 3
334 2
335 3
336 3
337 3
338 3
339 3
340 2
341 3
342 3
343 2
344 3
345 2
346 3
347 3
348 2
349 3
350 3
351 2
352 3
353 3
354 3
355 3
356 3
357 3
358 3
359 2
360 3
361 3
362 2
363 3
364 2
365 3
366 2
367 2
368 2
369 2
370 2
371 3
372 2
373 2
374 3
375 3
376 2
377 3
378 3
379 3
380 2
381 2
382 3
383 3
384 3
385 2
386 2
387 2
388 3
389 3
390 3
391 2
392 3
393 3
394 2
395 3
396 3
397 2
398 3
399 2
400 3
401 3
402 3
403 3
404 2
405 3
406 3
407 2
408 3
409 2
410 2
411 3
412 2
413 2
414 3
415 2
416 2
417 2
418 2
419 3
420 3
421 2
422 3
423 2
424 2
425 3
426 3
427 2
428 3
429 3
430 2
431 2
432 3
433 3
434 3
435 3
436 3
437 2
438 3
439 3
440 2
441 2
442 3
443 3
444 2
445 2
446 2
447 3
448 3
449 3
450 2
451 3
452 2
453 3
454 3
455 3
456 3
457 3
458 3
459 3
460 2
461 3
462 3
463 3
464 3
465 3
466 3
467 2
468 3
469 3
470 2
471 2
472 2
473 3
474 3
475 3
476 2
477 3
478 2
479 2
480 3
481 2
482 3
483 3
484 2
485 2
486 3
487 3
488 3
489 2
490 2
491 3
492 2
493 3
494 3
495 3
496 3
497 2
498 3
499 2
500 3
501 3
502 2
503 3
504 2
505 2
506 2
507 3
508 3
509 3
510 2
511 2
512 3
513 2
514 3
515 3
516 2
517 2
518 3
519 3
520 3
521 2
522 3
523 3
524 3
525 3
526 3
527 3
528 3
529 2
530 3
531 3
532 3
533 2
534 3
535 2
536 2
537 3
538 3
539 3
540 3
541 3
542 3
543 2
544 3
545 3
546 3
547 2
548 3
549 3
550 2
551 2
552 3
553 2
554 3
555 3
556 3
557 2
558 3
559 2
560 2
561 3
562 2
563 3
564 2
565 3
566 3
567 3
568 3
569 3
570 3
571 3
572 3
573 2
574 3
575 3
576 2
577 3
578 3
579 3
580 3
581 3
582 3
583 2
584 2
585 2
586 3
587 3
588 2
589 3
590 3
591 3
592 3
593 3
594 2
595 3
596 2
597 3
598 3
599 2
600 2
601 3
602 3
603 2
604 3
605 3
606 3
607 2
608 3
609 3
610 3
611 3
612 2
613 3
614 3
615 3
616 3
617 3
618 3
619 2
620 3
621 2
622 3
623 3
624 3
625 2
626 3
627 3
628 3
629 2
630 3
631 3
632 3
633 3
634 2
635 2
636 3
637 2
638 3
639 3
640 3
641 3
642 2
643 3
644 3
645 2
646 3
647 3
648 2
649 3
650 3
651 2
652 3
653 3
654 2
655 3
656 3
657 3
658 3
659 3
660 2
661 3
662 3
663 3
664 3
665 3
666 3
667 3
668 3
669 3
670 3
671 2
672 3
673 2
674 3
675 3
676 3
677 3
678 2
679 2
680 3
681 3
682 2
683 3
684 3
685 3
686 2
687 2
688 3
689 3
690 3
691 3
692 2
693 3
694 2
695 3
696 3
697 3
698 3
699 3
700 2
701 3
702 3
703 2
704 3
705 2
706 2
707 2
708 3
709 2
710 3
711 2
712 2
713 2
714 2
715 2
716 3
717 3
718 2
719 2
720 3
721 3
722 3
723 2
724 2
725 3
726 3
727 3
728 3
729 2
730 2
731 3
732 3
733 2
734 3
735 3
736 3
737 2
738 3
739 2
740 3
741 3
742 3
743 3
744 3
745 3
746 3
747 3
748 3
749 3
750 2
751 3
752 3
753 2
754 3
755 3
756 3
757 3
758 3
759 3
760 3
761 3
762 3
763 3
764 3
765 2
766 3
767 3
768 2
769 2
770 3
771 2
772 3
773 3
774 2
775 3
776 3
777 3
778 3
779 3
780 2
781 3
782 3
783 3
784 3
785 3
786 3
787 3
788 3
789 3
790 2
791 3
792 2
793 2
794 3
795 3
796 2
797 2
798 3
799 3
800 2
801 3
802 3
803 3
804 3
805 3
806 2
807 3
808 2
809 3
810 3
811 3
812 3
813 3
814 2
815 2
816 2
817 3
818 2
819 3
820 3
821 2
822 3
823 3
824 3
825 2
826 3
827 3
828 2
829 2
830 3
831 3
832 3
833 3
834 2
835 2
836 3
837 3
838 3
839 3
840 3
841 3
842 3
843 3
844 2
845 3
846 2
847 2
848 3
849 3
850 2
851 2
852 2
853 2
854 3
855 2
856 3
857 3
858 3
859 3
860 3
861 2
862 3
863 3
864 2
865 3
866 2
867 3
868 2
869 3
870 3
871 2
872 3
873 3
874 3
875 3
876 3
877 3
878 3
879 3
880 2
881 3
882 2
883 3
884 3
885 2
886 2
887 3
888 2
889 3
890 2
891 3
892 3
893 3
894 2
895 3
896 3
897 2
898 3
899 2
900 2
901 3
902 3
903 3
904 3
905 2
906 3
907 2
908 3
909 2
910 3
911 3
912 3
913 3
914 3
915 2
916 3
917 3
918 2
919 2
920 3
921 3
922 3
923 3
924 2
925 3
926 3
927 3
928 2
929 3
930 3
931 2
932 3
933 2
934 3
935 2
936 3
937 3
938 2
939 3
940 3
941 3
942 3
943 2
944 2
945 3
946 3
947 3
948 3
949 3
950 2
951 3
952 2
953 3
954 3
955 2
956 3
957 3
958 2
959 2
960 2
961 3
962 2
963 2
964 3
965 3
966 3
967 3
968 3
969 3
970 2
971 3
972 3
973 3
974 2
975 3
976 3
977 3
978 2
979 2
980 2
981 2
982 3
983 2
984 3
985 3
986 2
987 3
988 3
989 2
990 3
991 3
992 3
993 3
994 3
995 2
996 2
997 3
998 3
999 3
1000 3
1001 2
1002 3
1003 3
1004 3
1005 3
1006 3
1007 3
1008 2
1009 3
1010 2
1011 2
1012 3
1013 2
1014 2
1015 3
1016 3
1017 3
1018 3
1019 2
1020 3
1021 2
1022 3
1023 3
1024 2
1025 3
1026 3
1027 3
1028 2
1029 3
1030 3
1031 3
1032 3
1033 3
1034 3
1035 2
1036 3
1037 3
1038 2
1039 3
1040 2
1041 2
1042 2
1043 2
1044 3
1045 2
1046 2
1047 3
1048 3
1049 3
1050 3
1051 3
1052 3
1053 3
1054 3
1055 3
1056 3
1057 3
1058 2
1059 2
1060 3
1061 2
1062 2
1063 3
1064 2
1065 3
1066 3
1067 2
1068 3
1069 3
1070 3
1071 3
1072 3
1073 2
1074 2
1075 3
1076 2
1077 3
1078 3
1079 3
1080 2
1081 3
1082 3
1083 2
1084 3
1085 3
1086 3
1087 3
1088 3
1089 3
1090 3
1091 3
1092 2
1093 3
1094 3
1095 3
1096 2
1097 3
1098 2
1099 3
1100 3
1101 3
1102 2
1103 2
1104 3
1105 3
1106 2
1107 3
1108 2
1109 3
1110 3
1111 3
1112 2
1113 3
1114 3
1115 2
1116 2
1117 2
1118 3
1119 2
1120 2
1121 2
1122 3
1123 2
1124 3
1125 2
1126 2
1127 3
1128 2
1129 2
1130 3
1131 3
1132 3
1133 2
1134 2
1135 2
1136 3
1137 2
1138 3
1139 3
1140 3
1141 3
1142 3
1143 3
1144 3
1145 2
1146 3
1147 2
1148 3
1149 3
1150 3
1151 2
1152 3
1153 2
1154 3
1155 3
1156 3
1157 3
1158 3
1159 3
1160 3
1161 3
1162 3
1163 3
1164 2
1165 3
1166 2
1167 3
1168 3
1169 3
1170 3
1171 2
1172 3
1173 3
1174 2
1175 2
1176 3
1177 3
1178 3
1179 3
1180 2
1181 3
1182 3
1183 2
1184 3
1185 3
1186 2
1187 3
1188 3
1189 3
1190 2
1191 2
1192 2
1193 2
1194 3
1195 3
1196 2
1197 2
1198 3
1199 3
1200 3
1201 3
1202 3
1203 3
1204 3
1205 2
1206 3
1207 3
1208 2
1209 3
1210 2
1211 3
1212 2
1213 3
1214 3
1215 3
1216 3
1217 3
1218 2
1219 3
1220 3
1221 3
1222 3
1223 3
1224 3
1225 3
1226 3
1227 3
1228 3
1229 3
1230 2
1231 3
1232 2
1233 3
1234 3
1235 3
1236 2
1237 2
1238 3
1239 3
1240 3
1241 3
1242 3
1243 3
1244 3
1245 3
1246 3
1247 2
1248 3
1249 3
1250 3
1251 3
1252 3
1253 3
1254 2
1255 3
1256 2
1257 3
1258 2
1259 3
1260 2
1261 3
1262 3
1263 3
1264 2
1265 2
1266 3
1267 3
1268 2
1269 2
1270 3
1271 3
1272 3
1273 3
1274 3
1275 3
1276 3
1277 2
1278 3
1279 3
1280 3
1281 3
1282 2
1283 2
1284 3
1285 2
1286 3
1287 3
1288 3
1289 2
1290 3
1291 2
1292 3
1293 3
1294 2
1295 3
1296 3
1297 2
1298 3
1299 3
1300 2
1301 3
1302 3
1303 3
1304 3
1305 2
1306 3
1307 3
1308 2
1309 3
1310 3
1311 2
1312 2
1313 2
1314 3
1315 3
1316 2
1317 3
1318 3
1319 3
1320 3
1321 3
1322 3
1323 3
1324 3
1325 3
1326 2
1327 2
1328 3
1329 3
1330 3
1331 2
1332 2
1333 3
1334 3
1335 3
1336 3
1337 3
1338 3
1339 3
1340 3
1341 2
1342 3
1343 2
1344 3
1345 3
1346 2
1347 3
1348 3
1349 3
1350 3
1351 3
1352 3
1353 2
1354 3
1355 3
1356 2
1357 2
1358 3
1359 3
1360 3
1361 2
1362 3
1363 3
1364 3
1365 3
1366 2
1367 3
1368 3
1369 2
1370 2
1371 2
1372 3
1373 3
1374 3
1375 3
1376 3
1377 3
1378 3
1379 2
1380 2
1381 2
1382 2
1383 3
1384 2
1385 3
1386 3
1387 2
1388 2
1389 2
1390 3
1391 2
1392 2
1393 3
1394 2
1395 3
1396 3
1397 3
1398 3
1399 3
1400 2
1401 2
1402 3
1403 3
1404 3
1405 3
1406 3
1407 2
1408 2
1409 3
1410 3
1411 3
1412 2
1413 3
1414 3
1415 3
1416 2
1417 2
1418 2
1419 2
1420 3
1421 3
1422 3
1423 3
1424 2
1425 2
1426 3
1427 2
1428 2
1429 3
1430 2
1431 3
1432 2
1433 2
1434 2
1435 3
1436 2
1437 3
1438 2
1439 3
1440 3
1441 3
1442 2
1443 2
1444 3
1445 3
1446 2
1447 3
1448 3
1449 3
1450 3
1451 3
1452 2
1453 2
1454 3
1455 3
1456 3
1457 2
1458 3
1459 3
1460 3
1461 3
1462 3
1463 2
1464 3
1465 3
1466 3
1467 3
1468 3
1469 3
1470 3
1471 3
1472 3
1473 3
1474 2
1475 3
1476 3
1477 2
1478 3
1479 3
1480 3
1481 3
1482 3
1483 2
1484 3
1485 3
1486 2
1487 2
1488 3
1489 3
1490 3
1491 2
1492 3
1493 3
1494 3
1495 3
1496 2
1497 3
1498 3
1499 2
1500 3
;

param kmax:=
1 7
2 6
3 7
4 5
5 5
6 7
7 5
8 6
9 6
10 7
11 6
12 7
13 6
14 5
15 5
16 7
17 5
18 5
19 7
20 5
21 6
22 5
23 5
24 7
25 6
26 7
27 5
28 5
29 5
30 7
31 5
32 5
33 6
34 6
35 5
36 5
37 6
38 6
39 5
40 7
41 6
42 6
43 6
44 6
45 7
46 6
47 6
48 5
49 5
50 7
51 6
52 7
53 5
54 5
55 5
56 6
57 5
58 5
59 7
60 6
61 7
62 5
63 7
64 5
65 6
66 5
67 5
68 5
69 5
70 6
71 7
72 7
73 7
74 5
75 6
76 7
77 6
78 6
79 6
80 7
81 7
82 6
83 6
84 5
85 7
86 5
87 6
88 6
89 7
90 6
91 6
92 5
93 5
94 5
95 5
96 5
97 7
98 7
99 7
100 5
101 7
102 7
103 7
104 7
105 7
106 5
107 7
108 6
109 7
110 7
111 7
112 6
113 6
114 7
115 7
116 7
117 6
118 5
119 6
120 5
121 5
122 6
123 5
124 7
125 5
126 5
127 5
128 5
129 7
130 6
131 6
132 6
133 5
134 6
135 5
136 7
137 7
138 7
139 5
140 5
141 7
142 7
143 7
144 7
145 7
146 5
147 6
148 6
149 7
150 5
151 7
152 5
153 6
154 6
155 6
156 5
157 6
158 5
159 6
160 6
161 7
162 6
163 5
164 5
165 5
166 7
167 6
168 5
169 7
170 5
171 6
172 5
173 6
174 7
175 5
176 5
177 7
178 5
179 6
180 7
181 7
182 6
183 6
184 5
185 5
186 7
187 6
188 6
189 6
190 6
191 7
192 5
193 6
194 7
195 7
196 6
197 6
198 6
199 7
200 5
201 6
202 6
203 7
204 7
205 7
206 7
207 7
208 5
209 6
210 5
211 5
212 5
213 6
214 6
215 7
216 7
217 7
218 5
219 5
220 7
221 7
222 5
223 6
224 6
225 7
226 7
227 5
228 6
229 7
230 6
231 6
232 6
233 6
234 5
235 7
236 7
237 6
238 7
239 5
240 7
241 6
242 5
243 6
244 5
245 7
246 5
247 7
248 5
249 5
250 7
251 6
252 6
253 6
254 7
255 5
256 5
257 7
258 6
259 6
260 6
261 7
262 7
263 5
264 6
265 6
266 5
267 5
268 6
269 6
270 6
271 7
272 5
273 7
274 5
275 7
276 7
277 7
278 7
279 6
280 6
281 6
282 5
283 5
284 5
285 5
286 5
287 6
288 5
289 6
290 6
291 6
292 6
293 7
294 5
295 6
296 5
297 5
298 6
299 6
300 7
301 5
302 5
303 6
304 5
305 6
306 6
307 5
308 5
309 5
310 7
311 7
312 7
313 7
314 6
315 5
316 6
317 6
318 5
319 5
320 6
321 6
322 6
323 6
324 6
325 5
326 5
327 5
328 6
329 5
330 7
331 5
332 7
333 6
334 5
335 7
336 6
337 7
338 7
339 7
340 5
341 6
342 7
343 5
344 6
345 5
346 6
347 6
348 5
349 7
350 7
351 5
352 7
353 7
354 6
355 7
356 6
357 6
358 7
359 5
360 7
361 6
362 5
363 7
364 5
365 7
366 5
367 5
368 5
369 5
370 5
371 6
372 5
373 5
374 6
375 7
376 5
377 7
378 7
379 7
380 5
381 5
382 7
383 6
384 6
385 5
386 5
387 5
388 6
389 7
390 6
391 5
392 7
393 6
394 5
395 6
396 6
397 5
398 6
399 5
400 6
401 7
402 7
403 6
404 5
405 6
406 6
407 5
408 6
409 5
410 5
411 6
412 5
413 5
414 6
415 5
416 5
417 5
418 5
419 6
420 6
421 5
422 6
423 5
424 5
425 6
426 7
427 5
428 6
429 6
430 5
431 5
432 7
433 6
434 6
435 6
436 6
437 5
438 7
439 7
440 5
441 5
442 7
443 6
444 5
445 5
446 5
447 7
448 7
449 6
450 5
451 7
452 5
453 7
454 7
455 6
456 6
457 7
458 6
459 6
460 5
461 6
462 6
463 7
464 6
465 7
466 7
467 5
468 7
469 7
470 5
471 5
472 5
473 7
474 6
475 6
476 5
477 6
478 5
479 5
480 6
481 5
482 7
483 7
484 5
485 5
486 7
487 7
488 6
489 5
490 5
491 7
492 5
493 6
494 6
495 7
496 6
497 5
498 7
499 5
500 7
501 6
502 5
503 7
504 5
505 5
506 5
507 6
508 7
509 6
510 5
511 5
512 7
513 5
514 6
515 7
516 5
517 5
518 7
519 6
520 6
521 5
522 6
523 6
524 7
525 7
526 7
527 6
528 7
529 5
530 7
531 7
532 6
533 5
534 7
535 5
536 5
537 7
538 7
539 6
540 6
541 7
542 6
543 5
544 6
545 6
546 6
547 5
548 6
549 6
550 5
551 5
552 6
553 5
554 7
555 7
556 6
557 5
558 6
559 5
560 5
561 7
562 5
563 6
564 5
565 6
566 7
567 7
568 7
569 6
570 6
571 6
572 6
573 5
574 6
575 7
576 5
577 7
578 6
579 6
580 6
581 7
582 6
583 5
584 5
585 5
586 6
587 7
588 5
589 6
590 7
591 7
592 7
593 6
594 5
595 6
596 5
597 6
598 6
599 5
600 5
601 7
602 7
603 5
604 7
605 7
606 7
607 5
608 6
609 6
610 6
611 6
612 5
613 6
614 6
615 7
616 7
617 6
618 7
619 5
620 6
621 5
622 6
623 7
624 7
625 5
626 6
627 6
628 7
629 5
630 6
631 7
632 6
633 7
634 5
635 5
636 6
637 5
638 6
639 6
640 7
641 6
642 5
643 6
644 6
645 5
646 6
647 6
648 5
649 7
650 7
651 5
652 6
653 7
654 5
655 6
656 7
657 6
658 6
659 6
660 5
661 6
662 7
663 6
664 6
665 6
666 6
667 7
668 6
669 7
670 6
671 5
672 6
673 5
674 7
675 6
676 7
677 7
678 5
679 5
680 6
681 6
682 5
683 7
684 7
685 7
686 5
687 5
688 6
689 7
690 7
691 6
692 5
693 7
694 5
695 6
696 7
697 6
698 7
699 7
700 5
701 7
702 7
703 5
704 7
705 5
706 5
707 5
708 6
709 5
710 6
711 5
712 5
713 5
714 5
715 5
716 7
717 7
718 5
719 5
720 6
721 6
722 6
723 5
724 5
725 7
726 6
727 7
728 6
729 5
730 5
731 7
732 7
733 5
734 6
735 6
736 6
737 5
738 6
739 5
740 6
741 7
742 7
743 6
744 7
745 6
746 7
747 6
748 6
749 7
750 5
751 7
752 6
753 5
754 7
755 7
756 6
757 7
758 6
759 7
760 7
761 7
762 7
763 6
764 6
765 5
766 6
767 7
768 5
769 5
770 6
771 5
772 7
773 6
774 5
775 6
776 6
777 6
778 7
779 6
780 5
781 6
782 6
783 7
784 6
785 7
786 7
787 7
788 6
789 7
790 5
791 6
792 5
793 5
794 7
795 6
796 5
797 5
798 6
799 7
800 5
801 7
802 6
803 7
804 7
805 7
806 5
807 7
808 5
809 7
810 7
811 7
812 7
813 7
814 5
815 5
816 5
817 6
818 5
819 6
820 6
821 5
822 7
823 7
824 6
825 5
826 7
827 7
828 5
829 5
830 7
831 7
832 6
833 7
834 5
835 5
836 6
837 6
838 7
839 6
840 7
841 7
842 7
843 7
844 5
845 7
846 5
847 5
848 7
849 6
850 5
851 5
852 5
853 5
854 7
855 5
856 7
857 6
858 7
859 6
860 7
861 5
862 7
863 7
864 5
865 7
866 5
867 7
868 5
869 6
870 6
871 5
872 7
873 6
874 6
875 7
876 6
877 7
878 7
879 7
880 5
881 7
882 5
883 7
884 6
885 5
886 5
887 6
888 5
889 6
890 5
891 6
892 7
893 6
894 5
895 7
896 7
897 5
898 7
899 5
900 5
901 7
902 6
903 7
904 7
905 5
906 6
907 5
908 6
909 5
910 7
911 7
912 7
913 7
914 7
915 5
916 7
917 7
918 5
919 5
920 7
921 6
922 6
923 6
924 5
925 6
926 6
927 6
928 5
929 7
930 7
931 5
932 7
933 5
934 6
935 5
936 7
937 6
938 5
939 6
940 6
941 7
942 7
943 5
944 5
945 6
946 6
947 7
948 6
949 7
950 5
951 6
952 5
953 7
954 7
955 5
956 6
957 7
958 5
959 5
960 5
961 6
962 5
963 5
964 6
965 7
966 7
967 7
968 6
969 6
970 5
971 7
972 6
973 6
974 5
975 6
976 7
977 7
978 5
979 5
980 5
981 5
982 6
983 5
984 6
985 6
986 5
987 6
988 7
989 5
990 7
991 6
992 6
993 7
994 7
995 5
996 5
997 7
998 7
999 7
1000 7
1001 5
1002 6
1003 6
1004 7
1005 7
1006 6
1007 7
1008 5
1009 6
1010 5
1011 5
1012 6
1013 5
1014 5
1015 7
1016 6
1017 6
1018 7
1019 5
1020 6
1021 5
1022 7
1023 6
1024 5
1025 7
1026 6
1027 6
1028 5
1029 7
1030 7
1031 7
1032 6
1033 6
1034 7
1035 5
1036 7
1037 6
1038 5
1039 7
1040 5
1041 5
1042 5
1043 5
1044 6
1045 5
1046 5
1047 6
1048 7
1049 7
1050 7
1051 7
1052 7
1053 6
1054 6
1055 7
1056 6
1057 7
1058 5
1059 5
1060 6
1061 5
1062 5
1063 6
1064 5
1065 6
1066 6
1067 5
1068 7
1069 6
1070 6
1071 7
1072 6
1073 5
1074 5
1075 6
1076 5
1077 6
1078 7
1079 7
1080 5
1081 6
1082 6
1083 5
1084 6
1085 7
1086 7
1087 6
1088 7
1089 6
1090 6
1091 6
1092 5
1093 7
1094 6
1095 6
1096 5
1097 7
1098 5
1099 7
1100 6
1101 7
1102 5
1103 5
1104 6
1105 7
1106 5
1107 6
1108 5
1109 6
1110 6
1111 7
1112 5
1113 7
1114 7
1115 5
1116 5
1117 5
1118 6
1119 5
1120 5
1121 5
1122 6
1123 5
1124 6
1125 5
1126 5
1127 7
1128 5
1129 5
1130 7
1131 6
1132 6
1133 5
1134 5
1135 5
1136 7
1137 5
1138 7
1139 7
1140 7
1141 6
1142 7
1143 7
1144 7
1145 5
1146 7
1147 5
1148 7
1149 7
1150 6
1151 5
1152 7
1153 5
1154 6
1155 7
1156 7
1157 7
1158 6
1159 7
1160 7
1161 6
1162 7
1163 7
1164 5
1165 6
1166 5
1167 7
1168 7
1169 7
1170 6
1171 5
1172 7
1173 7
1174 5
1175 5
1176 7
1177 7
1178 6
1179 6
1180 5
1181 6
1182 6
1183 5
1184 6
1185 7
1186 5
1187 7
1188 6
1189 6
1190 5
1191 5
1192 5
1193 5
1194 6
1195 6
1196 5
1197 5
1198 6
1199 7
1200 6
1201 7
1202 7
1203 6
1204 6
1205 5
1206 7
1207 7
1208 5
1209 7
1210 5
1211 7
1212 5
1213 7
1214 6
1215 7
1216 6
1217 7
1218 5
1219 6
1220 7
1221 7
1222 7
1223 6
1224 6
1225 6
1226 6
1227 6
1228 6
1229 6
1230 5
1231 6
1232 5
1233 6
1234 6
1235 6
1236 5
1237 5
1238 6
1239 6
1240 7
1241 6
1242 7
1243 7
1244 7
1245 7
1246 7
1247 5
1248 6
1249 6
1250 7
1251 7
1252 6
1253 6
1254 5
1255 7
1256 5
1257 7
1258 5
1259 6
1260 5
1261 6
1262 6
1263 6
1264 5
1265 5
1266 7
1267 6
1268 5
1269 5
1270 7
1271 7
1272 7
1273 7
1274 6
1275 7
1276 7
1277 5
1278 6
1279 7
1280 7
1281 7
1282 5
1283 5
1284 6
1285 5
1286 7
1287 7
1288 7
1289 5
1290 6
1291 5
1292 7
1293 6
1294 5
1295 6
1296 7
1297 5
1298 6
1299 6
1300 5
1301 7
1302 7
1303 7
1304 7
1305 5
1306 6
1307 6
1308 5
1309 7
1310 7
1311 5
1312 5
1313 5
1314 7
1315 6
1316 5
1317 7
1318 6
1319 7
1320 6
1321 6
1322 6
1323 6
1324 6
1325 7
1326 5
1327 5
1328 6
1329 6
1330 6
1331 5
1332 5
1333 6
1334 6
1335 7
1336 6
1337 6
1338 6
1339 6
1340 6
1341 5
1342 7
1343 5
1344 6
1345 7
1346 5
1347 6
1348 6
1349 7
1350 6
1351 6
1352 7
1353 5
1354 7
1355 7
1356 5
1357 5
1358 7
1359 6
1360 7
1361 5
1362 7
1363 7
1364 6
1365 6
1366 5
1367 7
1368 6
1369 5
1370 5
1371 5
1372 7
1373 7
1374 6
1375 6
1376 6
1377 7
1378 7
1379 5
1380 5
1381 5
1382 5
1383 6
1384 5
1385 7
1386 6
1387 5
1388 5
1389 5
1390 7
1391 5
1392 5
1393 6
1394 5
1395 7
1396 6
1397 6
1398 6
1399 7
1400 5
1401 5
1402 7
1403 7
1404 7
1405 7
1406 6
1407 5
1408 5
1409 6
1410 7
1411 6
1412 5
1413 7
1414 7
1415 7
1416 5
1417 5
1418 5
1419 5
1420 7
1421 6
1422 7
1423 7
1424 5
1425 5
1426 6
1427 5
1428 5
1429 7
1430 5
1431 7
1432 5
1433 5
1434 5
1435 7
1436 5
1437 7
1438 5
1439 6
1440 7
1441 7
1442 5
1443 5
1444 7
1445 6
1446 5
1447 7
1448 6
1449 6
1450 6
1451 6
1452 5
1453 5
1454 7
1455 7
1456 7
1457 5
1458 6
1459 6
1460 6
1461 6
1462 7
1463 5
1464 6
1465 6
1466 6
1467 7
1468 7
1469 7
1470 6
1471 7
1472 7
1473 7
1474 5
1475 7
1476 6
1477 5
1478 7
1479 6
1480 6
1481 7
1482 7
1483 5
1484 6
1485 7
1486 5
1487 5
1488 6
1489 6
1490 7
1491 5
1492 7
1493 6
1494 7
1495 6
1496 5
1497 7
1498 6
1499 5
1500 7
;

