param sigma
: 1   2 :=
1 0.00001 0.99999
2 0.10000 0.90000
3 0.20000 0.80000
4 0.30000 0.70000
5 0.40000 0.60000
6 0.50000 0.50000
7 0.90000 0.10000
8 0.80000 0.20000
9 0.70000 0.30000
10 0.60000 0.40000
11 0.99999 0.00001
;

set S:=
1 2 3 4 5 6 7 8 9 10 11 12 13 14 15 16 17 18 19 20 21 22 23 24 25 26 27 28 29 30 31 32 33 34 35 36 37 38 39 40 41 42 43 44 45 46 47 48 49 50 51 52 53 54 55 56 57 58 59 60 61 62 63 64 65 66 67 68 69 70 71 72 73 74 75 76 77 78 79 80 81 82 83 84 85 86 87 88 89 90 91 92 93 94 95 96 97 98 99 100 101 102 103 104 105 106 107 108 109 110 111 112 113 114 115 116 117 118 119 120 121 122 123 124 125 126 127 128 129 130 131 132 133 134 135 136 137 138 139 140 141 142 143 144 145 146 147 148 149 150 151 152 153 154 155 156 157 158 159 160 161 162 163 164 165 166 167 168 169 170 171 172 173 174 175 176 177 178 179 180 181 182 183 184 185 186 187 188 189 190 191 192 193 194 195 196 197 198 199 200 201 202 203 204 205 206 207 208 209 210 211 212 213 214 215 216 217 218 219 220 221 222 223 224 225 226 227 228 229 230 231 232 233 234 235 236 237 238 239 240 241 242 243 244 245 246 247 248 249 250 251 252 253 254 255 256 257 258 259 260 261 262 263 264 265 266 267 268 269 270 271 272 273 274 275 276 277 278 279 280 281 282 283 284 285 286 287 288 289 290 291 292 293 294 295 296 297 298 299 300 301 302 303 304 305 306 307 308 309 310 311 312 313 314 315 316 317 318 319 320 321 322 323 324 325 326 327 328 329 330 331 332 333 334 335 336 337 338 339 340 341 342 343 344 345 346 347 348 349 350 351 352 353 354 355 356 357 358 359 360 361 362 363 364 365 366 367 368 369 370 371 372 373 374 375 376 377 378 379 380 381 382 383 384 385 386 387 388 389 390 391 392 393 394 395 396 397 398 399 400 401 402 403 404 405 406 407 408 409 410 411 412 413 414 415 416 417 418 419 420 421 422 423 424 425 426 427 428 429 430 431 432 433 434 435 436 437 438 439 440 441 442 443 444 445 446 447 448 449 450 451 452 453 454 455 456 457 458 459 460 461 462 463 464 465 466 467 468 469 470 471 472 473 474 475 476 477 478 479 480 481 482 483 484 485 486 487 488 489 490 491 492 493 494 495 496 497 498 499 500 501 502 503 504 505 506 507 508 509 510 511 512 513 514 515 516 517 518 519 520 521 522 523 524 525 526 527 528 529 530 531 532 533 534 535 536 537 538 539 540 541 542 543 544 545 546 547 548 549 550 551 552 553 554 555 556 557 558 559 560 561 562 563 564 565 566 567 568 569 570 571 572 573 574 575 576 577 578 579 580 581 582 583 584 585 586 587 588 589 590 591 592 593 594 595 596 597 598 599 600 601 602 603 604 605 606 607 608 609 610 611 612 613 614 615 616 617 618 619 620 621 622 623 624 625 626 627 628 629 630 631 632 633 634 635 636 637 638 639 640 641 642 643 644 645 646 647 648 649 650 651 652 653 654 655 656 657 658 659 660 661 662 663 664 665 666 667 668 669 670 671 672 673 674 675 676 677 678 679 680 681 682 683 684 685 686 687 688 689 690 691 692 693 694 695 696 697 698 699 700 701 702 703 704 705 706 707 708 709 710 711 712 713 714 715 716 717 718 719 720 721 722 723 724 725 726 727 728 729 730 731 732 733 734 735 736 737 738 739 740 741 742 743 744 745 746 747 748 749 750 751 752 753 754 755 756 757 758 759 760 761 762 763 764 765 766 767 768 769 770 771 772 773 774 775 776 777 778 779 780 781 782 783 784 785 786 787 788 789 790 791 792 793 794 795 796 797 798 799 800 801 802 803 804 805 806 807 808 809 810 811 812 813 814 815 816 817 818 819 820 821 822 823 824 825 826 827 828 829 830 831 832 833 834 835 836 837 838 839 840 841 842 843 844 845 846 847 848 849 850 851 852 853 854 855 856 857 858 859 860 861 862 863 864 865 866 867 868 869 870 871 872 873 874 875 876 877 878 879 880 881 882 883 884 885 886 887 888 889 890 891 892 893 894 895 896 897 898 899 900 901 902 903 904 905 906 907 908 909 910 911 912 913 914 915 916 917 918 919 920 921 922 923 924 925 926 927 928 929 930 931 932 933 934 935 936 937 938 939 940 941 942 943 944 945 946 947 948 949 950 951 952 953 954 955 956 957 958 959 960 961 962 963 964 965 966 967 968 969 970 971 972 973 974 975 976 977 978 979 980 981 982 983 984 985 986 987 988 989 990 991 992 993 994 995 996 997 998 999 1000 1001 1002 1003 1004 1005 1006 1007 1008 1009 1010 1011 1012 1013 1014 1015 1016 1017 1018 1019 1020 1021 1022 1023 1024 1025 1026 1027 1028 1029 1030 1031 1032 1033 1034 1035 1036 1037 1038 1039 1040 1041 1042 1043 1044 1045 1046 1047 1048 1049 1050 1051 1052 1053 1054 1055 1056 1057 1058 1059 1060 1061 1062 1063 1064 1065 1066 1067 1068 1069 1070 1071 1072 1073 1074 1075 1076 1077 1078 1079 1080 1081 1082 1083 1084 1085 1086 1087 1088 1089 1090 1091 1092 1093 1094 1095 1096 1097 1098 1099 1100 1101 1102 1103 1104 1105 1106 1107 1108 1109 1110 1111 1112 1113 1114 1115 1116 1117 1118 1119 1120 1121 1122 1123 1124 1125 1126 1127 1128 1129 1130 1131 1132 1133 1134 1135 1136 1137 1138 1139 1140 1141 1142 1143 1144 1145 1146 1147 1148 1149 1150 1151 1152 1153 1154 1155 1156 1157 1158 1159 1160 1161 1162 1163 1164 1165 1166 1167 1168 1169 1170 1171 1172 1173 1174 1175 1176 1177 1178 1179 1180 1181 1182 1183 1184 1185 1186 1187 1188 1189 1190 1191 1192 1193 1194 1195 1196 1197 1198 1199 1200 1201 1202 1203 1204 1205 1206 1207 1208 1209 1210 1211 1212 1213 1214 1215 1216 1217 1218 1219 1220 1221 1222 1223 1224 1225 1226 1227 1228 1229 1230 1231 1232 1233 1234 1235 1236 1237 1238 1239 1240 1241 1242 1243 1244 1245 1246 1247 1248 1249 1250 1251 1252 1253 1254 1255 1256 1257 1258 1259 1260 1261 1262 1263 1264 1265 1266 1267 1268 1269 1270 1271 1272 1273 1274 1275 1276 1277 1278 1279 1280 1281 1282 1283 1284 1285 1286 1287 1288 1289 1290 1291 1292 1293 1294 1295 1296 1297 1298 1299 1300 1301 1302 1303 1304 1305 1306 1307 1308 1309 1310 1311 1312 1313 1314 1315 1316 1317 1318 1319 1320 1321 1322 1323 1324 1325 1326 1327 1328 1329 1330 1331 1332 1333 1334 1335 1336 1337 1338 1339 1340 1341 1342 1343 1344 1345 1346 1347 1348 1349 1350 1351 1352 1353 1354 1355 1356 1357 1358 1359 1360 1361 1362 1363 1364 1365 1366 1367 1368 1369 1370 1371 1372 1373 1374 1375 1376 1377 1378 1379 1380 1381 1382 1383 1384 1385 1386 1387 1388 1389 1390 1391 1392 1393 1394 1395 1396 1397 1398 1399 1400 1401 1402 1403 1404 1405 1406 1407 1408 1409 1410 1411 1412 1413 1414 1415 1416 1417 1418 1419 1420 1421 1422 1423 1424 1425 1426 1427 1428 1429 1430 1431 1432 1433 1434 1435 1436 1437 1438 1439 1440 1441 1442 1443 1444 1445 1446 1447 1448 1449 1450 1451 1452 1453 1454 1455 1456 1457 1458 1459 1460 1461 1462 1463 1464 1465 1466 1467 1468 1469 1470 1471 1472 1473 1474 1475 1476 1477 1478 1479 1480 1481 1482 1483 1484 1485 1486 1487 1488 1489 1490 1491 1492 1493 1494 1495 1496 1497 1498 1499 1500 ;

set C:=
1 2 3 4 5 6 7 8 9 10 11 12 14 15 16 17 18 19 20 21 22 23 24 25 26 27 28 30 31 32 33 34 35 36 37 38 40 41 43 44 45 46 47 48 49 50 51 52 53 54 55 56 57 58 59 61 62 63 65 66 67 68 69 70 71 72 73 74 75 76 77 78 79 80 81 82 83 84 86 88 89 90 91 92 93 94 95 96 97 98 99 100 101 102 103 104 105 106 107 108 109 110 111 112 113 114 115 116 117 118 119 120 121 122 123 124 125 126 127 128 129 130 131 132 133 134 135 137 138 139 140 141 142 143 144 145 146 147 148 149 150 152 153 154 155 156 157 158 159 160 161 162 163 164 165 166 168 169 170 171 172 173 174 176 177 178 179 180 181 182 184 185 186 187 188 189 190 191 192 193 194 195 196 197 198 199 200 202 203 204 205 206 207 208 209 210 211 212 213 215 216 217 218 219 220 222 223 224 225 226 227 228 229 230 231 232 233 234 235 236 238 240 241 244 245 246 247 248 249 250 251 252 253 254 255 256 257 258 259 260 261 262 264 265 266 267 268 269 270 271 272 274 275 276 277 278 279 280 281 282 283 284 285 286 288 289 290 291 292 293 294 295 296 297 298 299 300 301 302 303 304 305 306 307 308 310 311 312 314 315 316 317 319 320 321 322 323 324 325 327 328 329 330 331 332 333 334 335 336 337 338 339 340 341 342 343 344 346 347 348 349 350 351 352 354 356 357 358 359 361 362 363 365 366 367 368 369 370 371 372 373 374 375 376 377 378 380 381 383 384 385 386 387 388 389 390 391 392 393 394 395 397 400 401 402 403 404 405 406 407 408 409 410 411 412 413 414 415 416 417 418 419 420 421 422 423 424 425 426 427 428 429 431 433 434 436 437 438 440 441 442 443 444 445 446 447 448 449 450 451 452 453 454 456 457 458 459 460 461 462 463 464 465 466 467 468 469 470 471 472 473 474 475 476 477 478 479 480 481 482 483 484 485 486 487 488 490 492 493 494 495 496 497 498 499 500 501 502 503 504 505 506 507 508 509 510 511 512 513 514 515 517 518 520 522 523 525 526 527 528 529 531 532 533 534 535 536 537 538 539 540 541 542 543 544 545 546 547 548 550 551 552 553 554 555 556 557 558 559 560 561 562 563 564 565 566 567 568 569 570 571 573 574 575 576 577 578 579 580 581 582 583 584 585 586 587 588 589 590 591 592 593 594 595 596 597 598 599 600 601 602 603 604 605 606 607 608 609 610 611 612 613 614 615 616 617 618 619 620 621 622 623 624 625 ;

set A:=
1 2 3 4 5 6 7 8 9 10 11 12 13 14 15 16 17 18 19 20 21 22 23 24 25 26 27 28 29 30 31 32 33 34 35 36 37 38 39 40 41 42 43 44 45 46 47 48 49 50 51 52 53 54 55 56 57 58 59 60 61 62 63 64 65 66 67 68 69 70 71 72 73 74 75 76 77 78 79 80 81 82 83 84 85 86 87 88 89 90 91 92 93 94 95 96 97 98 99 100 101 102 103 104 105 106 107 108 109 110 111 112 113 114 115 116 117 118 119 120 121 122 123 124 125 126 127 128 129 130 131 132 133 134 135 136 137 138 139 140 141 142 143 144 145 146 147 148 149 150 151 152 153 154 155 156 157 158 159 160 161 162 163 164 165 166 167 168 169 170 171 172 173 174 175 176 177 178 179 180 181 182 183 184 185 186 187 188 189 190 191 192 193 194 195 196 197 198 199 200 201 202 203 204 205 206 207 208 209 210 211 212 213 214 215 216 217 218 219 220 221 222 223 224 225 226 227 228 229 230 231 232 233 234 235 236 237 238 239 240 241 242 243 244 245 246 247 248 249 250 251 252 253 254 255 256 257 258 259 260 261 262 263 264 265 266 267 268 269 270 271 272 273 274 275 276 277 278 279 280 281 282 283 284 285 286 287 288 289 290 291 292 293 294 295 296 297 298 299 300 301 302 303 304 305 306 307 308 309 310 311 312 313 314 315 316 317 318 319 320 321 322 323 324 325 326 327 328 329 330 331 332 333 334 335 336 337 338 339 340 341 342 343 344 345 346 347 348 349 350 351 352 353 354 355 356 357 358 359 360 361 362 363 364 365 366 367 368 369 370 371 372 373 374 375 376 377 378 379 380 381 382 383 384 385 386 387 388 389 390 391 392 393 394 395 396 397 398 399 400 401 402 403 404 405 406 407 408 409 410 411 412 413 414 415 416 417 418 419 420 421 422 423 424 425 426 427 428 429 430 431 432 433 434 435 436 437 438 439 440 441 442 443 444 445 446 447 448 449 450 451 452 453 454 455 456 457 458 459 460 461 462 463 464 465 466 467 468 469 470 471 472 473 474 475 476 477 478 479 480 481 482 483 484 485 486 487 488 489 490 491 492 493 494 495 496 497 498 499 500 501 502 503 504 505 506 507 508 509 510 511 512 513 514 515 516 517 518 519 520 521 522 523 524 525 526 527 528 529 530 531 532 533 534 535 536 537 538 539 540 541 542 543 544 545 546 547 548 549 550 551 552 553 554 555 556 557 558 559 560 561 562 563 564 565 566 567 568 569 570 571 572 573 574 575 576 577 578 579 580 581 582 583 584 585 586 587 588 589 590 591 592 593 594 595 596 597 598 599 600 601 602 603 604 605 606 607 608 609 610 611 612 613 614 615 616 617 618 619 620 621 622 623 624 625 626 627 628 629 630 631 632 633 634 635 636 637 638 639 640 641 642 643 644 645 646 647 648 649 650 651 652 653 654 655 656 657 658 659 660 661 662 663 664 665 666 667 668 669 670 671 672 673 674 675 676 677 678 679 680 681 682 683 684 685 686 687 688 689 690 691 692 693 694 695 696 697 698 699 700 701 702 703 704 705 706 707 708 709 710 711 712 713 714 715 716 717 718 719 720 721 722 723 724 725 726 727 728 729 730 731 732 733 734 735 736 737 738 739 740 741 742 743 744 745 746 747 748 749 750 751 752 753 754 755 756 757 758 759 760 761 762 763 764 765 766 767 768 769 770 771 772 773 774 775 776 777 778 779 780 781 782 783 784 785 786 787 788 789 790 791 792 793 794 795 796 797 798 799 800 801 802 803 804 805 806 807 808 809 810 811 812 813 814 815 816 817 818 819 820 821 822 823 824 825 826 827 828 829 830 831 832 833 834 835 836 837 838 839 840 841 842 843 844 845 846 847 848 849 850 851 852 853 854 855 856 857 858 859 860 861 862 863 864 865 866 867 868 869 870 871 872 873 874 875 876 877 878 879 880 881 882 883 884 885 886 887 888 889 890 891 892 893 894 895 896 897 898 899 900 901 902 903 904 905 906 907 908 909 910 911 912 913 914 915 916 917 918 919 920 921 922 923 924 925 926 927 928 929 930 931 932 933 934 935 936 937 938 939 940 941 942 943 944 945 946 947 948 949 950 951 952 953 954 955 956 957 958 959 960 961 962 963 964 965 966 967 968 969 970 971 972 973 974 975 976 977 978 979 980 981 982 983 984 985 986 987 988 989 990 991 992 993 994 995 996 997 998 999 1000 1001 1002 1003 1004 1005 1006 1007 1008 1009 1010 1011 1012 1013 1014 1015 1016 1017 1018 1019 1020 1021 1022 1023 1024 1025 1026 1027 1028 1029 1030 1031 1032 1033 1034 1035 1036 1037 1038 1039 1040 1041 1042 1043 1044 1045 1046 1047 1048 1049 1050 1051 1052 1053 1054 1055 1056 1057 1058 1059 1060 1061 1062 1063 1064 1065 1066 1067 1068 1069 1070 1071 1072 1073 1074 1075 1076 1077 1078 1079 1080 1081 1082 1083 1084 1085 1086 1087 1088 1089 1090 1091 1092 1093 1094 1095 1096 1097 1098 1099 1100 1101 1102 1103 1104 1105 1106 1107 1108 1109 1110 1111 1112 1113 1114 1115 1116 1117 1118 1119 1120 1121 1122 1123 1124 1125 1126 1127 1128 1129 1130 1131 1132 1133 1134 1135 1136 1137 1138 1139 1140 1141 1142 1143 1144 1145 1146 1147 1148 ;

set T:=
1_1_2 1_3_4 1_5_6 1_7_8 1_9_10 1_11_12 1_13_14 1_15_16 1_17_18 1_19_20 2_1_2 2_3_4 2_5_6 2_7_8 2_9_10 2_11_12 2_13_14 2_15_16 2_17_18 2_19_20 3_1_2 3_3_4 3_5_6 3_7_8 3_9_10 3_11_12 3_13_14 3_15_16 3_17_18 3_19_20 4_1_2 4_3_4 4_5_6 4_7_8 4_9_10 4_11_12 4_13_14 4_15_16 4_17_18 4_19_20 5_1_2 5_3_4 5_5_6 5_7_8 5_9_10 5_11_12 5_13_14 5_15_16 5_17_18 5_19_20 ;

set R:=
1 2 3 4 5 6 7 8 9 10 11 12 13 14 15 16 17 18 19 20 21 22 23 24 25 26 27 28 29 30 31 32 33 34 35 36 37 38 39 40 41 42 43 44 45 46 47 48 49 50 ;

set Ac[1]:=
1 2 ;
set Ac[2]:=
3 4 ;
set Ac[3]:=
5 6 ;
set Ac[4]:=
7 8 ;
set Ac[5]:=
9 10 ;
set Ac[6]:=
11 12 ;
set Ac[7]:=
13 14 ;
set Ac[8]:=
15 16 ;
set Ac[9]:=
17 18 ;
set Ac[10]:=
19 20 ;
set Ac[11]:=
21 22 ;
set Ac[12]:=
23 24 ;
set Ac[14]:=
27 28 ;
set Ac[15]:=
29 30 ;
set Ac[16]:=
31 32 ;
set Ac[17]:=
33 34 ;
set Ac[18]:=
35 36 ;
set Ac[19]:=
37 38 ;
set Ac[20]:=
39 40 ;
set Ac[21]:=
41 42 ;
set Ac[22]:=
43 44 ;
set Ac[23]:=
45 46 ;
set Ac[24]:=
47 48 ;
set Ac[25]:=
49 50 ;
set Ac[26]:=
51 52 ;
set Ac[27]:=
53 54 ;
set Ac[28]:=
55 56 ;
set Ac[30]:=
59 60 ;
set Ac[31]:=
61 62 ;
set Ac[32]:=
63 64 ;
set Ac[33]:=
65 66 ;
set Ac[34]:=
67 68 ;
set Ac[35]:=
69 70 ;
set Ac[36]:=
71 72 ;
set Ac[37]:=
73 74 ;
set Ac[38]:=
75 76 ;
set Ac[40]:=
79 80 ;
set Ac[41]:=
81 82 ;
set Ac[43]:=
85 86 ;
set Ac[44]:=
87 88 ;
set Ac[45]:=
89 90 ;
set Ac[46]:=
91 92 ;
set Ac[47]:=
93 94 ;
set Ac[48]:=
95 96 ;
set Ac[49]:=
97 98 ;
set Ac[50]:=
99 100 ;
set Ac[51]:=
101 102 ;
set Ac[52]:=
103 104 ;
set Ac[53]:=
105 106 ;
set Ac[54]:=
107 108 ;
set Ac[55]:=
109 110 ;
set Ac[56]:=
111 112 ;
set Ac[57]:=
113 114 ;
set Ac[58]:=
115 116 ;
set Ac[59]:=
117 118 ;
set Ac[61]:=
121 122 ;
set Ac[62]:=
123 124 ;
set Ac[63]:=
125 126 ;
set Ac[65]:=
129 130 ;
set Ac[66]:=
131 132 ;
set Ac[67]:=
133 134 ;
set Ac[68]:=
135 136 ;
set Ac[69]:=
137 138 ;
set Ac[70]:=
139 140 ;
set Ac[71]:=
141 142 ;
set Ac[72]:=
143 144 ;
set Ac[73]:=
145 146 ;
set Ac[74]:=
147 148 ;
set Ac[75]:=
149 150 ;
set Ac[76]:=
151 152 ;
set Ac[77]:=
153 154 ;
set Ac[78]:=
155 156 ;
set Ac[79]:=
157 158 ;
set Ac[80]:=
159 160 ;
set Ac[81]:=
161 162 ;
set Ac[82]:=
163 164 ;
set Ac[83]:=
165 166 ;
set Ac[84]:=
167 168 ;
set Ac[86]:=
171 172 ;
set Ac[88]:=
175 176 ;
set Ac[89]:=
177 178 ;
set Ac[90]:=
179 180 ;
set Ac[91]:=
181 182 ;
set Ac[92]:=
183 184 ;
set Ac[93]:=
185 186 ;
set Ac[94]:=
187 188 ;
set Ac[95]:=
189 190 ;
set Ac[96]:=
191 192 ;
set Ac[97]:=
193 194 ;
set Ac[98]:=
195 196 ;
set Ac[99]:=
197 198 ;
set Ac[100]:=
199 200 ;
set Ac[101]:=
201 202 ;
set Ac[102]:=
203 204 ;
set Ac[103]:=
205 206 ;
set Ac[104]:=
207 208 ;
set Ac[105]:=
209 210 ;
set Ac[106]:=
211 212 ;
set Ac[107]:=
213 214 ;
set Ac[108]:=
215 216 ;
set Ac[109]:=
217 218 ;
set Ac[110]:=
219 220 ;
set Ac[111]:=
221 222 ;
set Ac[112]:=
223 224 ;
set Ac[113]:=
225 226 ;
set Ac[114]:=
227 228 ;
set Ac[115]:=
229 230 ;
set Ac[116]:=
231 232 ;
set Ac[117]:=
233 234 ;
set Ac[118]:=
235 236 ;
set Ac[119]:=
237 238 ;
set Ac[120]:=
239 240 ;
set Ac[121]:=
241 242 ;
set Ac[122]:=
243 244 ;
set Ac[123]:=
245 246 ;
set Ac[124]:=
247 248 ;
set Ac[125]:=
249 250 ;
set Ac[126]:=
251 252 ;
set Ac[127]:=
253 254 ;
set Ac[128]:=
255 256 ;
set Ac[129]:=
257 258 ;
set Ac[130]:=
259 260 ;
set Ac[131]:=
261 262 ;
set Ac[132]:=
263 264 ;
set Ac[133]:=
265 266 ;
set Ac[134]:=
267 268 ;
set Ac[135]:=
269 270 ;
set Ac[137]:=
273 274 ;
set Ac[138]:=
275 276 ;
set Ac[139]:=
277 278 ;
set Ac[140]:=
279 280 ;
set Ac[141]:=
281 282 ;
set Ac[142]:=
283 284 ;
set Ac[143]:=
285 286 ;
set Ac[144]:=
287 288 ;
set Ac[145]:=
289 290 ;
set Ac[146]:=
291 292 ;
set Ac[147]:=
293 294 ;
set Ac[148]:=
295 296 ;
set Ac[149]:=
297 298 ;
set Ac[150]:=
299 300 ;
set Ac[152]:=
303 304 ;
set Ac[153]:=
305 306 ;
set Ac[154]:=
307 308 ;
set Ac[155]:=
309 310 ;
set Ac[156]:=
311 312 ;
set Ac[157]:=
313 314 ;
set Ac[158]:=
315 316 ;
set Ac[159]:=
317 318 ;
set Ac[160]:=
319 320 ;
set Ac[161]:=
321 322 ;
set Ac[162]:=
323 324 ;
set Ac[163]:=
325 326 ;
set Ac[164]:=
327 328 ;
set Ac[165]:=
329 330 ;
set Ac[166]:=
331 332 ;
set Ac[168]:=
335 336 ;
set Ac[169]:=
337 338 ;
set Ac[170]:=
339 340 ;
set Ac[171]:=
341 342 ;
set Ac[172]:=
343 344 ;
set Ac[173]:=
345 346 ;
set Ac[174]:=
347 348 ;
set Ac[176]:=
351 352 ;
set Ac[177]:=
353 354 ;
set Ac[178]:=
355 356 ;
set Ac[179]:=
357 358 ;
set Ac[180]:=
359 360 ;
set Ac[181]:=
361 362 ;
set Ac[182]:=
363 364 ;
set Ac[184]:=
367 368 ;
set Ac[185]:=
369 370 ;
set Ac[186]:=
371 372 ;
set Ac[187]:=
373 374 ;
set Ac[188]:=
375 376 ;
set Ac[189]:=
377 378 ;
set Ac[190]:=
379 380 ;
set Ac[191]:=
381 382 ;
set Ac[192]:=
383 384 ;
set Ac[193]:=
385 386 ;
set Ac[194]:=
387 388 ;
set Ac[195]:=
389 390 ;
set Ac[196]:=
391 392 ;
set Ac[197]:=
393 394 ;
set Ac[198]:=
395 396 ;
set Ac[199]:=
397 398 ;
set Ac[200]:=
399 400 ;
set Ac[202]:=
403 404 ;
set Ac[203]:=
405 406 ;
set Ac[204]:=
407 408 ;
set Ac[205]:=
409 410 ;
set Ac[206]:=
411 412 ;
set Ac[207]:=
413 414 ;
set Ac[208]:=
415 416 ;
set Ac[209]:=
417 418 ;
set Ac[210]:=
419 420 ;
set Ac[211]:=
421 422 ;
set Ac[212]:=
423 424 ;
set Ac[213]:=
425 426 ;
set Ac[215]:=
429 430 ;
set Ac[216]:=
431 432 ;
set Ac[217]:=
433 434 ;
set Ac[218]:=
435 436 ;
set Ac[219]:=
437 438 ;
set Ac[220]:=
439 440 ;
set Ac[222]:=
443 444 ;
set Ac[223]:=
445 446 ;
set Ac[224]:=
447 448 ;
set Ac[225]:=
449 450 ;
set Ac[226]:=
451 452 ;
set Ac[227]:=
453 454 ;
set Ac[228]:=
455 456 ;
set Ac[229]:=
457 458 ;
set Ac[230]:=
459 460 ;
set Ac[231]:=
461 462 ;
set Ac[232]:=
463 464 ;
set Ac[233]:=
465 466 ;
set Ac[234]:=
467 468 ;
set Ac[235]:=
469 470 ;
set Ac[236]:=
471 472 ;
set Ac[238]:=
475 476 ;
set Ac[240]:=
479 480 ;
set Ac[241]:=
481 482 ;
set Ac[244]:=
487 488 ;
set Ac[245]:=
489 490 ;
set Ac[246]:=
491 492 ;
set Ac[247]:=
493 494 ;
set Ac[248]:=
495 496 ;
set Ac[249]:=
497 498 ;
set Ac[250]:=
499 500 ;
set Ac[251]:=
501 502 ;
set Ac[252]:=
503 504 ;
set Ac[253]:=
505 506 ;
set Ac[254]:=
507 508 ;
set Ac[255]:=
509 510 ;
set Ac[256]:=
511 512 ;
set Ac[257]:=
513 514 ;
set Ac[258]:=
515 516 ;
set Ac[259]:=
517 518 ;
set Ac[260]:=
519 520 ;
set Ac[261]:=
521 522 ;
set Ac[262]:=
523 524 ;
set Ac[264]:=
527 528 ;
set Ac[265]:=
529 530 ;
set Ac[266]:=
531 532 ;
set Ac[267]:=
533 534 ;
set Ac[268]:=
535 536 ;
set Ac[269]:=
537 538 ;
set Ac[270]:=
539 540 ;
set Ac[271]:=
541 542 ;
set Ac[272]:=
543 544 ;
set Ac[274]:=
547 548 ;
set Ac[275]:=
549 550 ;
set Ac[276]:=
551 552 ;
set Ac[277]:=
553 554 ;
set Ac[278]:=
555 556 ;
set Ac[279]:=
557 558 ;
set Ac[280]:=
559 560 ;
set Ac[281]:=
561 562 ;
set Ac[282]:=
563 564 ;
set Ac[283]:=
565 566 ;
set Ac[284]:=
567 568 ;
set Ac[285]:=
569 570 ;
set Ac[286]:=
571 572 ;
set Ac[288]:=
575 576 ;
set Ac[289]:=
577 578 ;
set Ac[290]:=
579 580 ;
set Ac[291]:=
581 582 ;
set Ac[292]:=
583 584 ;
set Ac[293]:=
585 586 ;
set Ac[294]:=
587 588 ;
set Ac[295]:=
589 590 ;
set Ac[296]:=
591 592 ;
set Ac[297]:=
593 594 ;
set Ac[298]:=
595 596 ;
set Ac[299]:=
597 598 ;
set Ac[300]:=
599 600 ;
set Ac[301]:=
601 602 ;
set Ac[302]:=
603 604 ;
set Ac[303]:=
605 606 ;
set Ac[304]:=
607 608 ;
set Ac[305]:=
609 610 ;
set Ac[306]:=
611 612 ;
set Ac[307]:=
613 614 ;
set Ac[308]:=
615 616 ;
set Ac[310]:=
619 620 ;
set Ac[311]:=
621 622 ;
set Ac[312]:=
623 624 ;
set Ac[314]:=
627 628 ;
set Ac[315]:=
629 630 ;
set Ac[316]:=
631 632 ;
set Ac[317]:=
633 634 ;
set Ac[319]:=
637 638 ;
set Ac[320]:=
639 640 ;
set Ac[321]:=
641 642 ;
set Ac[322]:=
643 644 ;
set Ac[323]:=
645 646 ;
set Ac[324]:=
647 648 ;
set Ac[325]:=
649 650 ;
set Ac[327]:=
653 654 ;
set Ac[328]:=
655 656 ;
set Ac[329]:=
657 658 ;
set Ac[330]:=
659 660 ;
set Ac[331]:=
661 662 ;
set Ac[332]:=
663 664 ;
set Ac[333]:=
665 666 ;
set Ac[334]:=
667 668 ;
set Ac[335]:=
669 670 ;
set Ac[336]:=
671 672 ;
set Ac[337]:=
673 674 ;
set Ac[338]:=
675 676 ;
set Ac[339]:=
677 678 ;
set Ac[340]:=
679 680 ;
set Ac[341]:=
681 682 ;
set Ac[342]:=
683 684 ;
set Ac[343]:=
685 686 ;
set Ac[344]:=
687 688 ;
set Ac[346]:=
691 692 ;
set Ac[347]:=
693 694 ;
set Ac[348]:=
695 696 ;
set Ac[349]:=
697 698 ;
set Ac[350]:=
699 700 ;
set Ac[351]:=
701 702 ;
set Ac[352]:=
703 704 ;
set Ac[354]:=
707 708 ;
set Ac[356]:=
711 712 ;
set Ac[357]:=
713 714 ;
set Ac[358]:=
715 716 ;
set Ac[359]:=
717 718 ;
set Ac[361]:=
721 722 ;
set Ac[362]:=
723 724 ;
set Ac[363]:=
725 726 ;
set Ac[365]:=
729 730 ;
set Ac[366]:=
731 732 ;
set Ac[367]:=
733 734 ;
set Ac[368]:=
735 736 ;
set Ac[369]:=
737 738 ;
set Ac[370]:=
739 740 ;
set Ac[371]:=
741 742 ;
set Ac[372]:=
743 744 ;
set Ac[373]:=
745 746 ;
set Ac[374]:=
747 748 ;
set Ac[375]:=
749 750 ;
set Ac[376]:=
751 752 ;
set Ac[377]:=
753 754 ;
set Ac[378]:=
755 756 ;
set Ac[380]:=
759 760 ;
set Ac[381]:=
761 762 ;
set Ac[383]:=
765 766 ;
set Ac[384]:=
767 768 ;
set Ac[385]:=
769 770 ;
set Ac[386]:=
771 772 ;
set Ac[387]:=
773 774 ;
set Ac[388]:=
775 776 ;
set Ac[389]:=
777 778 ;
set Ac[390]:=
779 780 ;
set Ac[391]:=
781 782 ;
set Ac[392]:=
783 784 ;
set Ac[393]:=
785 786 ;
set Ac[394]:=
787 788 ;
set Ac[395]:=
789 790 ;
set Ac[397]:=
793 794 ;
set Ac[400]:=
799 800 ;
set Ac[401]:=
801 802 ;
set Ac[402]:=
803 804 ;
set Ac[403]:=
805 806 ;
set Ac[404]:=
807 808 ;
set Ac[405]:=
809 810 ;
set Ac[406]:=
811 812 ;
set Ac[407]:=
813 814 ;
set Ac[408]:=
815 816 ;
set Ac[409]:=
817 818 ;
set Ac[410]:=
819 820 ;
set Ac[411]:=
821 822 ;
set Ac[412]:=
823 824 ;
set Ac[413]:=
825 826 ;
set Ac[414]:=
827 828 ;
set Ac[415]:=
829 830 ;
set Ac[416]:=
831 832 ;
set Ac[417]:=
833 834 ;
set Ac[418]:=
835 836 ;
set Ac[419]:=
837 838 ;
set Ac[420]:=
839 840 ;
set Ac[421]:=
841 842 ;
set Ac[422]:=
843 844 ;
set Ac[423]:=
845 846 ;
set Ac[424]:=
847 848 ;
set Ac[425]:=
849 850 ;
set Ac[426]:=
851 852 ;
set Ac[427]:=
853 854 ;
set Ac[428]:=
855 856 ;
set Ac[429]:=
857 858 ;
set Ac[431]:=
861 862 ;
set Ac[433]:=
865 866 ;
set Ac[434]:=
867 868 ;
set Ac[436]:=
871 872 ;
set Ac[437]:=
873 874 ;
set Ac[438]:=
875 876 ;
set Ac[440]:=
879 880 ;
set Ac[441]:=
881 882 ;
set Ac[442]:=
883 884 ;
set Ac[443]:=
885 886 ;
set Ac[444]:=
887 888 ;
set Ac[445]:=
889 890 ;
set Ac[446]:=
891 892 ;
set Ac[447]:=
893 894 ;
set Ac[448]:=
895 896 ;
set Ac[449]:=
897 898 ;
set Ac[450]:=
899 900 ;
set Ac[451]:=
901 902 ;
set Ac[452]:=
903 904 ;
set Ac[453]:=
905 906 ;
set Ac[454]:=
907 908 ;
set Ac[456]:=
911 912 ;
set Ac[457]:=
913 914 ;
set Ac[458]:=
915 916 ;
set Ac[459]:=
917 918 ;
set Ac[460]:=
919 920 ;
set Ac[461]:=
921 922 ;
set Ac[462]:=
923 924 ;
set Ac[463]:=
925 926 ;
set Ac[464]:=
927 928 ;
set Ac[465]:=
929 930 ;
set Ac[466]:=
931 932 ;
set Ac[467]:=
933 934 ;
set Ac[468]:=
935 936 ;
set Ac[469]:=
937 938 ;
set Ac[470]:=
939 940 ;
set Ac[471]:=
941 942 ;
set Ac[472]:=
943 944 ;
set Ac[473]:=
945 946 ;
set Ac[474]:=
947 948 ;
set Ac[475]:=
949 950 ;
set Ac[476]:=
951 952 ;
set Ac[477]:=
953 954 ;
set Ac[478]:=
955 956 ;
set Ac[479]:=
957 958 ;
set Ac[480]:=
959 960 ;
set Ac[481]:=
961 962 ;
set Ac[482]:=
963 964 ;
set Ac[483]:=
965 966 ;
set Ac[484]:=
967 968 ;
set Ac[485]:=
969 970 ;
set Ac[486]:=
971 972 ;
set Ac[487]:=
973 974 ;
set Ac[488]:=
975 976 ;
set Ac[490]:=
979 980 ;
set Ac[492]:=
983 984 ;
set Ac[493]:=
985 986 ;
set Ac[494]:=
987 988 ;
set Ac[495]:=
989 990 ;
set Ac[496]:=
991 992 ;
set Ac[497]:=
993 994 ;
set Ac[498]:=
995 996 ;
set Ac[499]:=
997 998 ;
set Ac[500]:=
999 1000 ;
set Ac[501]:=
1001 1002 ;
set Ac[502]:=
1003 1004 ;
set Ac[503]:=
1005 1006 ;
set Ac[504]:=
1007 1008 ;
set Ac[505]:=
1009 1010 ;
set Ac[506]:=
1011 1012 ;
set Ac[507]:=
1013 1014 ;
set Ac[508]:=
1015 1016 ;
set Ac[509]:=
1017 1018 ;
set Ac[510]:=
1019 1020 ;
set Ac[511]:=
1021 1022 ;
set Ac[512]:=
1023 1024 ;
set Ac[513]:=
1025 1026 ;
set Ac[514]:=
1027 1028 ;
set Ac[515]:=
1029 1030 ;
set Ac[517]:=
1033 1034 ;
set Ac[518]:=
1035 1036 ;
set Ac[520]:=
1039 1040 ;
set Ac[522]:=
1043 1044 ;
set Ac[523]:=
1045 1046 ;
set Ac[525]:=
1049 1050 ;
set Ac[526]:=
1051 1052 ;
set Ac[527]:=
1053 1054 ;
set Ac[528]:=
1055 1056 ;
set Ac[529]:=
1057 1058 ;
set Ac[531]:=
1061 1062 ;
set Ac[532]:=
1063 1064 ;
set Ac[533]:=
1065 1066 ;
set Ac[534]:=
1067 1068 ;
set Ac[535]:=
1069 1070 ;
set Ac[536]:=
1071 1072 ;
set Ac[537]:=
1073 1074 ;
set Ac[538]:=
1075 1076 ;
set Ac[539]:=
1077 1078 ;
set Ac[540]:=
1079 1080 ;
set Ac[541]:=
1081 1082 ;
set Ac[542]:=
1083 1084 ;
set Ac[543]:=
1085 1086 ;
set Ac[544]:=
1087 1088 ;
set Ac[545]:=
1089 1090 ;
set Ac[546]:=
1091 1092 ;
set Ac[547]:=
1093 1094 ;
set Ac[548]:=
1095 1096 ;
set Ac[550]:=
1099 1100 ;
set Ac[551]:=
1101 1102 ;
set Ac[552]:=
1103 1104 ;
set Ac[553]:=
1105 1106 ;
set Ac[554]:=
1107 1108 ;
set Ac[555]:=
1109 1110 ;
set Ac[556]:=
1111 1112 ;
set Ac[557]:=
1113 1114 ;
set Ac[558]:=
1115 1116 ;
set Ac[559]:=
1117 1118 ;
set Ac[560]:=
1119 1120 ;
set Ac[561]:=
1121 1122 ;
set Ac[562]:=
1123 1124 ;
set Ac[563]:=
1125 1126 ;
set Ac[564]:=
1127 1128 ;
set Ac[565]:=
1129 1130 ;
set Ac[566]:=
1131 1132 ;
set Ac[567]:=
1133 1134 ;
set Ac[568]:=
1135 1136 ;
set Ac[569]:=
1137 1138 ;
set Ac[570]:=
1139 1140 ;
set Ac[571]:=
1141 1142 ;
set Ac[573]:=
1145 1146 ;
set Ac[574]:=
1147 1148 ;
set Ac[575]:=
1149 1150 ;
set Ac[576]:=
1151 1152 ;
set Ac[577]:=
1153 1154 ;
set Ac[578]:=
1155 1156 ;
set Ac[579]:=
1157 1158 ;
set Ac[580]:=
1159 1160 ;
set Ac[581]:=
1161 1162 ;
set Ac[582]:=
1163 1164 ;
set Ac[583]:=
1165 1166 ;
set Ac[584]:=
1167 1168 ;
set Ac[585]:=
1169 1170 ;
set Ac[586]:=
1171 1172 ;
set Ac[587]:=
1173 1174 ;
set Ac[588]:=
1175 1176 ;
set Ac[589]:=
1177 1178 ;
set Ac[590]:=
1179 1180 ;
set Ac[591]:=
1181 1182 ;
set Ac[592]:=
1183 1184 ;
set Ac[593]:=
1185 1186 ;
set Ac[594]:=
1187 1188 ;
set Ac[595]:=
1189 1190 ;
set Ac[596]:=
1191 1192 ;
set Ac[597]:=
1193 1194 ;
set Ac[598]:=
1195 1196 ;
set Ac[599]:=
1197 1198 ;
set Ac[600]:=
1199 1200 ;
set Ac[601]:=
1201 1202 ;
set Ac[602]:=
1203 1204 ;
set Ac[603]:=
1205 1206 ;
set Ac[604]:=
1207 1208 ;
set Ac[605]:=
1209 1210 ;
set Ac[606]:=
1211 1212 ;
set Ac[607]:=
1213 1214 ;
set Ac[608]:=
1215 1216 ;
set Ac[609]:=
1217 1218 ;
set Ac[610]:=
1219 1220 ;
set Ac[611]:=
1221 1222 ;
set Ac[612]:=
1223 1224 ;
set Ac[613]:=
1225 1226 ;
set Ac[614]:=
1227 1228 ;
set Ac[615]:=
1229 1230 ;
set Ac[616]:=
1231 1232 ;
set Ac[617]:=
1233 1234 ;
set Ac[618]:=
1235 1236 ;
set Ac[619]:=
1237 1238 ;
set Ac[620]:=
1239 1240 ;
set Ac[621]:=
1241 1242 ;
set Ac[622]:=
1243 1244 ;
set Ac[623]:=
1245 1246 ;
set Ac[624]:=
1247 1248 ;
set Ac[625]:=
1249 1250 ;

set Cs[1]:=
174 152 95 474 2 365 576 ;
set Cs[2]:=
417 83 543 106 55 ;
set Cs[3]:=
110 329 264 303 510 482 ;
set Cs[4]:=
474 338 259 595 350 14 ;
set Cs[5]:=
563 463 253 196 225 ;
set Cs[6]:=
504 255 168 195 517 506 92 ;
set Cs[7]:=
415 245 612 405 409 436 ;
set Cs[8]:=
62 200 250 299 445 ;
set Cs[9]:=
597 606 108 279 47 50 ;
set Cs[10]:=
160 533 99 437 22 36 543 ;
set Cs[11]:=
372 581 536 143 405 ;
set Cs[12]:=
351 67 240 86 552 62 ;
set Cs[13]:=
80 495 565 143 498 606 ;
set Cs[14]:=
99 28 31 50 23 ;
set Cs[15]:=
597 602 99 525 40 212 23 ;
set Cs[16]:=
265 495 474 193 130 ;
set Cs[17]:=
217 320 59 149 100 ;
set Cs[18]:=
162 102 374 81 285 72 ;
set Cs[19]:=
165 517 555 481 216 480 ;
set Cs[20]:=
168 97 558 50 171 27 ;
set Cs[21]:=
586 573 529 267 256 543 25 ;
set Cs[22]:=
386 111 269 596 500 ;
set Cs[23]:=
558 45 293 371 254 410 ;
set Cs[24]:=
259 52 252 548 511 130 ;
set Cs[25]:=
336 303 467 547 35 285 402 ;
set Cs[26]:=
451 584 293 393 150 ;
set Cs[27]:=
350 325 335 410 437 614 501 ;
set Cs[28]:=
523 276 302 280 180 589 459 ;
set Cs[29]:=
478 458 580 50 118 324 24 ;
set Cs[30]:=
225 67 213 43 279 66 595 ;
set Cs[31]:=
127 275 260 274 583 149 ;
set Cs[32]:=
586 322 120 422 116 262 ;
set Cs[33]:=
180 615 559 137 324 346 ;
set Cs[34]:=
32 585 261 53 517 526 ;
set Cs[35]:=
619 88 67 620 436 ;
set Cs[36]:=
553 50 233 351 195 298 274 ;
set Cs[37]:=
417 458 164 357 559 362 467 ;
set Cs[38]:=
125 545 478 446 290 157 41 ;
set Cs[39]:=
66 78 384 395 119 247 138 ;
set Cs[40]:=
571 506 227 174 202 308 ;
set Cs[41]:=
445 41 81 482 48 138 601 ;
set Cs[42]:=
50 277 195 138 212 485 ;
set Cs[43]:=
7 194 622 346 248 133 552 ;
set Cs[44]:=
219 381 8 532 82 ;
set Cs[45]:=
357 122 557 35 508 31 ;
set Cs[46]:=
347 504 110 613 54 ;
set Cs[47]:=
513 224 260 160 338 ;
set Cs[48]:=
143 511 149 312 548 186 ;
set Cs[49]:=
90 35 344 109 95 ;
set Cs[50]:=
202 62 460 566 321 ;
set Cs[51]:=
534 110 17 568 198 8 322 ;
set Cs[52]:=
123 66 275 125 341 285 ;
set Cs[53]:=
474 419 377 265 569 150 124 ;
set Cs[54]:=
595 434 82 127 26 413 ;
set Cs[55]:=
265 394 202 233 121 ;
set Cs[56]:=
218 15 163 257 57 563 264 ;
set Cs[57]:=
475 349 331 532 139 185 ;
set Cs[58]:=
327 270 437 290 538 ;
set Cs[59]:=
191 334 50 338 291 306 159 ;
set Cs[60]:=
238 559 477 386 47 164 ;
set Cs[61]:=
607 117 460 537 566 ;
set Cs[62]:=
371 508 441 297 179 ;
set Cs[63]:=
292 454 349 518 623 ;
set Cs[64]:=
295 592 337 302 91 ;
set Cs[65]:=
422 164 349 596 229 ;
set Cs[66]:=
511 106 525 277 450 ;
set Cs[67]:=
275 316 425 133 52 592 35 ;
set Cs[68]:=
18 474 252 251 426 ;
set Cs[69]:=
528 317 296 196 416 302 ;
set Cs[70]:=
194 55 257 589 25 ;
set Cs[71]:=
597 529 552 41 338 ;
set Cs[72]:=
622 466 32 296 102 ;
set Cs[73]:=
560 58 502 100 504 ;
set Cs[74]:=
470 45 216 209 308 329 ;
set Cs[75]:=
257 11 625 81 113 405 ;
set Cs[76]:=
97 55 277 144 6 ;
set Cs[77]:=
310 202 324 419 541 545 22 ;
set Cs[78]:=
466 459 619 257 73 50 18 ;
set Cs[79]:=
544 474 125 371 94 ;
set Cs[80]:=
576 454 296 571 290 493 ;
set Cs[81]:=
460 334 202 551 286 ;
set Cs[82]:=
140 152 420 440 564 41 107 ;
set Cs[83]:=
111 467 395 171 565 452 ;
set Cs[84]:=
140 6 53 303 5 ;
set Cs[85]:=
501 394 117 248 47 54 ;
set Cs[86]:=
274 589 52 405 562 ;
set Cs[87]:=
40 542 258 168 558 1 ;
set Cs[88]:=
41 211 387 475 323 454 ;
set Cs[89]:=
33 196 390 130 622 373 464 ;
set Cs[90]:=
28 70 265 230 553 475 565 ;
set Cs[91]:=
474 563 446 182 456 147 483 ;
set Cs[92]:=
582 518 140 143 43 ;
set Cs[93]:=
511 219 357 182 56 23 581 ;
set Cs[94]:=
215 510 293 553 544 ;
set Cs[95]:=
614 138 81 299 241 581 ;
set Cs[96]:=
537 14 261 311 124 277 62 ;
set Cs[97]:=
320 117 304 554 145 ;
set Cs[98]:=
206 570 571 202 596 ;
set Cs[99]:=
215 310 247 304 371 ;
set Cs[100]:=
109 424 173 566 272 335 402 ;
set Cs[101]:=
608 157 422 206 486 280 168 ;
set Cs[102]:=
51 82 97 159 412 66 ;
set Cs[103]:=
281 54 296 10 500 ;
set Cs[104]:=
553 282 298 386 458 229 190 ;
set Cs[105]:=
247 594 282 189 407 ;
set Cs[106]:=
553 374 104 286 168 ;
set Cs[107]:=
615 266 622 321 608 341 ;
set Cs[108]:=
460 606 473 257 559 153 ;
set Cs[109]:=
198 386 25 426 317 ;
set Cs[110]:=
392 543 559 488 295 526 611 ;
set Cs[111]:=
392 331 328 21 386 193 553 ;
set Cs[112]:=
413 336 548 270 180 269 440 ;
set Cs[113]:=
264 234 145 31 28 75 558 ;
set Cs[114]:=
226 615 31 553 584 437 14 ;
set Cs[115]:=
316 8 82 463 319 324 ;
set Cs[116]:=
186 478 571 290 389 293 544 ;
set Cs[117]:=
515 581 526 609 320 ;
set Cs[118]:=
598 599 503 493 589 82 141 ;
set Cs[119]:=
127 598 512 457 415 ;
set Cs[120]:=
158 365 47 349 483 ;
set Cs[121]:=
510 90 164 286 459 258 ;
set Cs[122]:=
113 558 582 28 622 ;
set Cs[123]:=
41 107 618 83 138 359 28 ;
set Cs[124]:=
261 53 358 56 200 ;
set Cs[125]:=
149 490 63 286 265 507 ;
set Cs[126]:=
606 266 182 99 24 ;
set Cs[127]:=
617 53 178 386 486 580 102 ;
set Cs[128]:=
149 76 617 369 18 ;
set Cs[129]:=
4 553 564 615 492 257 ;
set Cs[130]:=
281 458 338 31 128 431 ;
set Cs[131]:=
223 137 347 381 404 ;
set Cs[132]:=
485 269 74 307 286 538 ;
set Cs[133]:=
512 429 393 612 245 374 ;
set Cs[134]:=
586 198 310 93 61 44 437 ;
set Cs[135]:=
150 341 599 538 511 ;
set Cs[136]:=
570 168 413 260 15 ;
set Cs[137]:=
132 108 413 407 301 441 47 ;
set Cs[138]:=
31 322 506 256 41 470 ;
set Cs[139]:=
91 571 244 12 566 ;
set Cs[140]:=
537 264 36 23 346 ;
set Cs[141]:=
18 397 440 81 402 400 373 ;
set Cs[142]:=
79 102 206 475 583 ;
set Cs[143]:=
461 191 53 297 369 490 ;
set Cs[144]:=
276 357 500 442 235 28 102 ;
set Cs[145]:=
523 117 81 478 164 296 ;
set Cs[146]:=
147 576 86 613 299 186 324 ;
set Cs[147]:=
108 554 58 456 254 ;
set Cs[148]:=
109 36 390 595 110 295 ;
set Cs[149]:=
566 149 139 359 543 54 542 ;
set Cs[150]:=
144 603 389 91 50 ;
set Cs[151]:=
338 596 414 315 49 100 ;
set Cs[152]:=
69 99 467 193 492 529 ;
set Cs[153]:=
415 419 571 164 413 103 620 ;
set Cs[154]:=
422 337 454 542 168 339 231 ;
set Cs[155]:=
297 53 510 51 528 311 577 ;
set Cs[156]:=
216 3 366 444 402 ;
set Cs[157]:=
211 537 321 158 144 620 351 ;
set Cs[158]:=
45 520 32 110 615 ;
set Cs[159]:=
333 120 72 408 615 315 485 ;
set Cs[160]:=
152 174 352 361 306 ;
set Cs[161]:=
297 280 112 261 208 292 81 ;
set Cs[162]:=
202 391 390 395 272 ;
set Cs[163]:=
1 404 303 372 213 18 ;
set Cs[164]:=
225 586 231 535 112 559 450 ;
set Cs[165]:=
247 617 359 457 298 577 228 ;
set Cs[166]:=
95 62 130 267 409 ;
set Cs[167]:=
320 95 515 591 207 ;
set Cs[168]:=
253 381 451 341 534 ;
set Cs[169]:=
224 293 169 312 290 ;
set Cs[170]:=
26 334 78 293 98 ;
set Cs[171]:=
2 565 304 465 251 ;
set Cs[172]:=
174 148 454 351 419 406 22 ;
set Cs[173]:=
185 515 148 391 367 410 581 ;
set Cs[174]:=
515 591 405 604 337 613 422 ;
set Cs[175]:=
138 371 232 483 469 478 493 ;
set Cs[176]:=
272 250 114 45 419 ;
set Cs[177]:=
200 532 231 531 141 458 ;
set Cs[178]:=
365 566 474 72 560 511 277 ;
set Cs[179]:=
215 194 421 233 202 ;
set Cs[180]:=
412 148 497 507 265 557 ;
set Cs[181]:=
610 605 589 506 443 ;
set Cs[182]:=
545 539 454 346 573 359 211 ;
set Cs[183]:=
110 220 495 359 108 383 111 ;
set Cs[184]:=
594 384 283 250 192 566 ;
set Cs[185]:=
121 86 164 486 541 303 ;
set Cs[186]:=
294 553 53 159 225 299 ;
set Cs[187]:=
482 476 373 105 186 ;
set Cs[188]:=
383 531 336 25 100 570 583 ;
set Cs[189]:=
490 142 495 229 425 525 ;
set Cs[190]:=
245 490 168 43 583 ;
set Cs[191]:=
23 226 436 611 448 48 534 ;
set Cs[192]:=
203 503 393 321 312 ;
set Cs[193]:=
163 147 307 296 385 424 ;
set Cs[194]:=
459 35 358 171 416 ;
set Cs[195]:=
514 563 456 381 601 276 324 ;
set Cs[196]:=
517 593 44 153 76 541 247 ;
set Cs[197]:=
72 66 154 253 596 299 229 ;
set Cs[198]:=
513 1 591 261 514 308 ;
set Cs[199]:=
171 68 333 376 605 40 108 ;
set Cs[200]:=
211 505 415 74 410 429 476 ;
set Cs[201]:=
546 588 256 335 352 405 591 ;
set Cs[202]:=
147 169 59 137 508 34 108 ;
set Cs[203]:=
504 264 436 327 298 535 ;
set Cs[204]:=
258 350 317 129 460 ;
set Cs[205]:=
208 511 53 108 437 520 405 ;
set Cs[206]:=
202 598 493 478 285 ;
set Cs[207]:=
38 470 545 135 8 478 114 ;
set Cs[208]:=
476 148 107 354 100 30 300 ;
set Cs[209]:=
298 226 604 116 436 149 162 ;
set Cs[210]:=
292 155 487 606 460 539 101 ;
set Cs[211]:=
104 387 548 216 385 ;
set Cs[212]:=
529 106 487 412 112 178 ;
set Cs[213]:=
74 203 328 233 124 ;
set Cs[214]:=
436 394 47 391 544 619 573 ;
set Cs[215]:=
315 412 507 520 456 337 ;
set Cs[216]:=
595 220 356 371 511 603 ;
set Cs[217]:=
189 397 195 494 611 80 429 ;
set Cs[218]:=
335 541 103 386 290 586 256 ;
set Cs[219]:=
48 354 508 543 511 ;
set Cs[220]:=
104 171 378 50 587 248 ;
set Cs[221]:=
78 462 375 238 419 52 44 ;
set Cs[222]:=
335 411 178 157 226 537 ;
set Cs[223]:=
584 597 573 490 166 311 ;
set Cs[224]:=
213 254 298 474 148 114 81 ;
set Cs[225]:=
558 461 457 418 276 95 ;
set Cs[226]:=
220 50 404 475 171 ;
set Cs[227]:=
193 517 65 606 174 28 574 ;
set Cs[228]:=
230 510 76 386 371 35 597 ;
set Cs[229]:=
537 620 1 131 589 154 ;
set Cs[230]:=
469 195 302 458 623 95 ;
set Cs[231]:=
342 366 135 583 541 414 ;
set Cs[232]:=
413 586 9 544 228 ;
set Cs[233]:=
505 461 17 608 247 211 ;
set Cs[234]:=
81 267 514 121 261 ;
set Cs[235]:=
413 208 480 606 234 584 ;
set Cs[236]:=
412 265 573 137 102 ;
set Cs[237]:=
102 229 374 622 440 ;
set Cs[238]:=
356 347 226 470 552 563 297 ;
set Cs[239]:=
512 504 315 559 95 268 109 ;
set Cs[240]:=
6 158 507 333 8 420 ;
set Cs[241]:=
267 426 234 118 429 548 484 ;
set Cs[242]:=
226 302 215 99 254 ;
set Cs[243]:=
494 324 124 225 613 22 279 ;
set Cs[244]:=
570 583 285 68 228 173 ;
set Cs[245]:=
133 158 8 462 573 596 ;
set Cs[246]:=
584 615 77 620 563 556 ;
set Cs[247]:=
366 236 274 74 52 560 346 ;
set Cs[248]:=
305 144 174 469 286 131 ;
set Cs[249]:=
18 351 110 265 81 ;
set Cs[250]:=
566 506 290 93 114 363 ;
set Cs[251]:=
35 24 142 612 52 121 ;
set Cs[252]:=
51 386 586 497 509 ;
set Cs[253]:=
470 174 286 311 234 529 260 ;
set Cs[254]:=
281 316 606 117 590 584 ;
set Cs[255]:=
220 185 53 261 62 ;
set Cs[256]:=
176 178 196 497 260 553 341 ;
set Cs[257]:=
173 558 421 621 231 598 ;
set Cs[258]:=
386 613 384 335 559 189 ;
set Cs[259]:=
148 275 434 330 262 49 174 ;
set Cs[260]:=
384 275 566 62 338 270 149 ;
set Cs[261]:=
50 501 149 506 565 605 ;
set Cs[262]:=
479 401 181 169 270 381 233 ;
set Cs[263]:=
411 132 275 479 298 285 320 ;
set Cs[264]:=
56 511 320 295 529 ;
set Cs[265]:=
292 349 615 53 374 487 ;
set Cs[266]:=
150 359 537 622 286 ;
set Cs[267]:=
34 532 320 249 117 495 ;
set Cs[268]:=
536 417 146 359 601 74 258 ;
set Cs[269]:=
388 570 446 300 18 ;
set Cs[270]:=
262 162 494 341 495 110 ;
set Cs[271]:=
443 413 54 568 169 601 ;
set Cs[272]:=
133 8 359 240 137 597 409 ;
set Cs[273]:=
319 582 594 88 520 153 324 ;
set Cs[274]:=
41 583 589 36 477 390 257 ;
set Cs[275]:=
98 233 610 181 168 82 ;
set Cs[276]:=
35 299 385 192 555 250 50 ;
set Cs[277]:=
177 551 45 483 196 478 ;
set Cs[278]:=
564 181 115 597 46 131 36 ;
set Cs[279]:=
49 392 347 238 5 31 ;
set Cs[280]:=
375 459 598 36 617 108 ;
set Cs[281]:=
413 559 142 14 171 245 311 ;
set Cs[282]:=
149 189 571 292 245 ;
set Cs[283]:=
433 27 566 278 609 ;
set Cs[284]:=
54 525 194 97 438 ;
set Cs[285]:=
428 616 607 562 72 244 604 ;
set Cs[286]:=
99 168 534 416 109 ;
set Cs[287]:=
286 156 262 63 181 504 ;
set Cs[288]:=
170 440 70 376 133 532 473 ;
set Cs[289]:=
89 537 82 110 80 ;
set Cs[290]:=
37 419 558 26 108 423 290 ;
set Cs[291]:=
420 341 150 615 233 582 495 ;
set Cs[292]:=
8 216 276 265 595 586 ;
set Cs[293]:=
532 553 241 227 17 150 ;
set Cs[294]:=
415 53 436 359 123 ;
set Cs[295]:=
238 334 248 28 602 249 416 ;
set Cs[296]:=
580 564 56 17 416 ;
set Cs[297]:=
501 159 331 582 349 ;
set Cs[298]:=
49 36 248 232 7 402 6 ;
set Cs[299]:=
416 159 603 421 44 77 ;
set Cs[300]:=
591 210 460 262 420 ;
set Cs[301]:=
236 272 508 172 17 397 12 ;
set Cs[302]:=
317 297 192 487 76 534 532 ;
set Cs[303]:=
164 43 586 228 280 102 367 ;
set Cs[304]:=
270 341 205 581 490 ;
set Cs[305]:=
57 157 387 523 281 103 ;
set Cs[306]:=
4 14 159 65 607 539 ;
set Cs[307]:=
138 619 25 325 419 440 ;
set Cs[308]:=
302 534 415 503 295 412 ;
set Cs[309]:=
31 436 38 427 222 95 125 ;
set Cs[310]:=
18 470 247 506 421 ;
set Cs[311]:=
615 206 194 384 375 47 ;
set Cs[312]:=
232 178 537 74 381 161 392 ;
set Cs[313]:=
336 529 258 157 370 394 ;
set Cs[314]:=
249 148 486 498 433 18 ;
set Cs[315]:=
81 150 232 142 268 499 ;
set Cs[316]:=
589 6 513 50 264 111 ;
set Cs[317]:=
67 476 102 511 56 28 ;
set Cs[318]:=
35 490 99 366 110 334 ;
set Cs[319]:=
354 293 544 127 454 ;
set Cs[320]:=
583 480 78 315 41 308 ;
set Cs[321]:=
535 497 369 558 102 247 ;
set Cs[322]:=
50 409 82 256 99 527 17 ;
set Cs[323]:=
480 566 391 257 282 293 ;
set Cs[324]:=
423 481 143 52 76 ;
set Cs[325]:=
582 115 453 429 558 ;
set Cs[326]:=
50 25 312 40 595 ;
set Cs[327]:=
359 247 602 110 18 270 ;
set Cs[328]:=
152 334 53 315 589 170 ;
set Cs[329]:=
138 240 10 500 35 556 ;
set Cs[330]:=
4 490 204 229 386 18 619 ;
set Cs[331]:=
194 53 4 213 163 238 407 ;
set Cs[332]:=
437 595 566 66 133 603 199 ;
set Cs[333]:=
391 504 571 93 595 ;
set Cs[334]:=
4 371 110 222 271 209 335 ;
set Cs[335]:=
208 267 248 319 586 279 8 ;
set Cs[336]:=
419 280 168 564 387 433 206 ;
set Cs[337]:=
174 228 400 342 168 41 234 ;
set Cs[338]:=
610 315 149 44 45 582 ;
set Cs[339]:=
469 192 181 606 102 ;
set Cs[340]:=
545 544 558 474 116 254 ;
set Cs[341]:=
385 191 365 321 512 ;
set Cs[342]:=
110 28 518 450 481 138 507 ;
set Cs[343]:=
47 454 450 137 417 101 ;
set Cs[344]:=
41 433 591 102 74 457 341 ;
set Cs[345]:=
247 386 385 559 362 ;
set Cs[346]:=
299 438 341 31 209 ;
set Cs[347]:=
249 465 559 507 46 238 459 ;
set Cs[348]:=
133 223 182 586 349 281 112 ;
set Cs[349]:=
138 220 36 5 496 ;
set Cs[350]:=
606 478 300 40 285 145 ;
set Cs[351]:=
233 12 484 238 110 57 195 ;
set Cs[352]:=
523 46 279 303 494 38 44 ;
set Cs[353]:=
131 366 226 348 259 562 ;
set Cs[354]:=
65 451 282 179 416 275 356 ;
set Cs[355]:=
190 44 411 594 410 606 ;
set Cs[356]:=
86 202 529 412 17 37 111 ;
set Cs[357]:=
609 459 510 14 48 ;
set Cs[358]:=
220 450 543 544 78 579 ;
set Cs[359]:=
18 493 429 231 607 ;
set Cs[360]:=
331 78 194 163 130 606 ;
set Cs[361]:=
369 410 284 253 40 503 46 ;
set Cs[362]:=
233 18 244 381 447 9 586 ;
set Cs[363]:=
274 517 415 381 311 62 ;
set Cs[364]:=
35 317 233 488 386 ;
set Cs[365]:=
375 505 174 126 185 124 443 ;
set Cs[366]:=
44 274 413 173 483 564 ;
set Cs[367]:=
52 333 293 247 23 276 323 ;
set Cs[368]:=
77 78 285 405 401 232 114 ;
set Cs[369]:=
106 492 429 488 490 49 ;
set Cs[370]:=
559 31 437 528 556 19 ;
set Cs[371]:=
293 464 143 150 53 54 36 ;
set Cs[372]:=
112 110 69 297 331 ;
set Cs[373]:=
262 54 505 329 99 469 ;
set Cs[374]:=
182 38 35 276 589 452 ;
set Cs[375]:=
531 570 53 567 118 265 512 ;
set Cs[376]:=
255 202 233 102 520 41 ;
set Cs[377]:=
73 34 565 349 450 ;
set Cs[378]:=
444 302 405 584 163 259 202 ;
set Cs[379]:=
609 47 271 9 198 ;
set Cs[380]:=
117 274 203 248 224 386 164 ;
set Cs[381]:=
543 389 149 363 346 171 ;
set Cs[382]:=
283 182 478 108 36 518 ;
set Cs[383]:=
543 148 390 598 562 7 ;
set Cs[384]:=
331 598 332 49 450 ;
set Cs[385]:=
505 14 50 44 606 ;
set Cs[386]:=
375 198 149 467 466 93 ;
set Cs[387]:=
498 174 541 178 581 ;
set Cs[388]:=
460 292 362 41 108 474 ;
set Cs[389]:=
609 589 576 122 59 553 ;
set Cs[390]:=
285 517 559 481 246 ;
set Cs[391]:=
431 604 169 79 200 232 ;
set Cs[392]:=
35 15 135 149 602 348 338 ;
set Cs[393]:=
257 69 623 204 479 388 534 ;
set Cs[394]:=
47 479 249 52 206 ;
set Cs[395]:=
80 118 233 194 404 ;
set Cs[396]:=
477 390 260 482 225 ;
set Cs[397]:=
319 112 582 474 444 ;
set Cs[398]:=
392 402 596 424 222 ;
set Cs[399]:=
589 478 185 299 269 381 ;
set Cs[400]:=
442 358 302 577 46 560 ;
set Cs[401]:=
359 299 620 286 580 92 412 ;
set Cs[402]:=
381 614 391 68 514 426 319 ;
set Cs[403]:=
233 329 500 426 604 ;
set Cs[404]:=
575 170 211 133 571 153 265 ;
set Cs[405]:=
220 38 467 108 8 ;
set Cs[406]:=
395 285 260 351 583 ;
set Cs[407]:=
107 442 280 265 508 506 ;
set Cs[408]:=
196 250 220 547 228 618 ;
set Cs[409]:=
40 495 254 423 571 367 482 ;
set Cs[410]:=
117 285 532 544 365 109 ;
set Cs[411]:=
67 454 125 324 110 594 535 ;
set Cs[412]:=
505 495 50 571 262 436 ;
set Cs[413]:=
479 110 446 285 236 488 ;
set Cs[414]:=
257 476 190 152 164 130 ;
set Cs[415]:=
267 558 429 331 477 ;
set Cs[416]:=
505 138 381 403 140 ;
set Cs[417]:=
442 338 569 415 269 578 47 ;
set Cs[418]:=
383 463 238 390 520 ;
set Cs[419]:=
493 559 76 111 446 405 510 ;
set Cs[420]:=
557 412 517 321 615 ;
set Cs[421]:=
579 41 509 474 247 34 ;
set Cs[422]:=
492 198 251 262 212 436 ;
set Cs[423]:=
69 595 507 609 234 238 ;
set Cs[424]:=
460 72 76 74 451 298 ;
set Cs[425]:=
381 141 459 361 244 ;
set Cs[426]:=
1 384 558 428 114 54 416 ;
set Cs[427]:=
526 325 182 215 482 ;
set Cs[428]:=
44 419 121 219 142 ;
set Cs[429]:=
593 150 280 564 506 367 278 ;
set Cs[430]:=
260 137 248 501 476 108 ;
set Cs[431]:=
533 107 56 528 334 120 ;
set Cs[432]:=
141 442 44 165 492 298 202 ;
set Cs[433]:=
298 53 424 68 251 149 612 ;
set Cs[434]:=
152 233 460 186 170 121 363 ;
set Cs[435]:=
589 132 413 504 478 367 507 ;
set Cs[436]:=
510 146 515 317 388 410 ;
set Cs[437]:=
402 583 440 560 107 ;
set Cs[438]:=
208 150 570 548 359 90 ;
set Cs[439]:=
327 274 270 22 475 ;
set Cs[440]:=
443 258 529 17 564 18 ;
set Cs[441]:=
114 194 346 498 515 471 133 ;
set Cs[442]:=
480 190 206 593 80 322 ;
set Cs[443]:=
279 53 119 517 124 341 ;
set Cs[444]:=
91 420 493 391 502 529 557 ;
set Cs[445]:=
606 147 116 615 347 ;
set Cs[446]:=
576 223 159 23 41 144 414 ;
set Cs[447]:=
165 380 266 621 589 558 148 ;
set Cs[448]:=
226 104 246 474 256 ;
set Cs[449]:=
479 376 387 290 142 ;
set Cs[450]:=
604 266 148 517 366 238 ;
set Cs[451]:=
528 140 53 220 580 ;
set Cs[452]:=
487 179 552 47 409 90 ;
set Cs[453]:=
203 38 337 415 461 137 260 ;
set Cs[454]:=
397 80 251 400 589 36 171 ;
set Cs[455]:=
587 260 419 93 346 ;
set Cs[456]:=
419 259 18 586 28 26 498 ;
set Cs[457]:=
525 198 50 249 529 612 ;
set Cs[458]:=
299 307 4 121 334 114 381 ;
set Cs[459]:=
365 264 133 67 518 527 275 ;
set Cs[460]:=
262 386 171 35 119 23 459 ;
set Cs[461]:=
511 405 419 477 475 ;
set Cs[462]:=
575 62 202 27 319 186 ;
set Cs[463]:=
372 300 233 152 148 ;
set Cs[464]:=
8 376 108 18 63 393 343 ;
set Cs[465]:=
385 51 240 479 262 429 ;
set Cs[466]:=
233 478 461 139 68 95 ;
set Cs[467]:=
349 573 409 127 111 308 441 ;
set Cs[468]:=
203 609 111 133 543 ;
set Cs[469]:=
316 511 254 292 161 359 191 ;
set Cs[470]:=
419 2 121 225 608 446 ;
set Cs[471]:=
498 44 391 490 1 569 246 ;
set Cs[472]:=
38 285 111 322 454 261 ;
set Cs[473]:=
266 89 540 286 397 497 ;
set Cs[474]:=
158 321 402 54 586 124 ;
set Cs[475]:=
620 541 66 475 617 507 468 ;
set Cs[476]:=
456 260 50 44 548 82 12 ;
set Cs[477]:=
463 477 441 459 149 227 437 ;
set Cs[478]:=
172 478 108 533 550 ;
set Cs[479]:=
111 546 46 347 209 ;
set Cs[480]:=
131 478 5 402 350 186 8 ;
set Cs[481]:=
402 616 69 553 174 508 ;
set Cs[482]:=
393 84 606 190 1 546 547 ;
set Cs[483]:=
341 620 65 613 507 44 ;
set Cs[484]:=
334 86 140 135 261 133 463 ;
set Cs[485]:=
568 565 216 433 434 478 495 ;
set Cs[486]:=
428 46 585 189 103 28 322 ;
set Cs[487]:=
143 598 565 504 114 ;
set Cs[488]:=
347 102 541 121 279 ;
set Cs[489]:=
114 407 108 86 390 559 371 ;
set Cs[490]:=
300 356 535 566 22 21 ;
set Cs[491]:=
546 113 149 362 453 44 31 ;
set Cs[492]:=
129 81 25 508 137 ;
set Cs[493]:=
120 402 362 410 422 ;
set Cs[494]:=
159 442 385 111 34 ;
set Cs[495]:=
226 99 386 51 566 565 473 ;
set Cs[496]:=
241 480 507 497 150 583 18 ;
set Cs[497]:=
15 352 184 513 229 ;
set Cs[498]:=
413 585 124 182 106 468 ;
set Cs[499]:=
541 159 285 526 402 565 137 ;
set Cs[500]:=
229 619 212 416 7 ;
set Cs[501]:=
620 158 100 169 119 544 36 ;
set Cs[502]:=
275 125 585 462 225 ;
set Cs[503]:=
507 259 256 356 190 ;
set Cs[504]:=
500 471 467 192 99 51 ;
set Cs[505]:=
383 454 47 290 417 322 390 ;
set Cs[506]:=
272 578 622 189 251 422 ;
set Cs[507]:=
274 109 35 346 152 107 ;
set Cs[508]:=
81 133 141 460 285 559 293 ;
set Cs[509]:=
478 280 49 104 125 551 ;
set Cs[510]:=
102 583 45 390 311 ;
set Cs[511]:=
224 31 384 82 47 225 209 ;
set Cs[512]:=
569 397 578 43 218 483 ;
set Cs[513]:=
118 511 595 315 40 582 622 ;
set Cs[514]:=
184 180 104 298 265 174 288 ;
set Cs[515]:=
27 102 109 193 615 545 ;
set Cs[516]:=
135 477 244 106 193 ;
set Cs[517]:=
338 553 358 270 5 ;
set Cs[518]:=
496 515 378 384 376 ;
set Cs[519]:=
407 266 312 441 472 520 ;
set Cs[520]:=
568 17 591 371 312 53 25 ;
set Cs[521]:=
103 515 293 527 397 532 ;
set Cs[522]:=
144 162 250 483 18 477 133 ;
set Cs[523]:=
598 202 409 507 531 ;
set Cs[524]:=
544 600 90 513 248 ;
set Cs[525]:=
586 247 137 110 428 222 545 ;
set Cs[526]:=
224 473 33 169 4 570 114 ;
set Cs[527]:=
55 92 409 585 8 ;
set Cs[528]:=
507 486 610 515 386 192 128 ;
set Cs[529]:=
482 14 281 312 54 501 381 ;
set Cs[530]:=
501 375 415 249 248 236 ;
set Cs[531]:=
462 354 575 559 371 149 ;
set Cs[532]:=
233 317 131 619 33 511 482 ;
set Cs[533]:=
234 535 108 543 76 ;
set Cs[534]:=
238 426 198 540 621 ;
set Cs[535]:=
100 54 147 495 450 117 ;
set Cs[536]:=
316 408 558 35 619 391 607 ;
set Cs[537]:=
328 169 195 454 511 562 272 ;
set Cs[538]:=
67 76 367 168 441 374 260 ;
set Cs[539]:=
108 17 413 111 384 76 46 ;
set Cs[540]:=
566 25 66 482 469 83 ;
set Cs[541]:=
22 381 292 247 518 327 ;
set Cs[542]:=
142 238 247 504 389 341 ;
set Cs[543]:=
217 115 253 145 295 233 8 ;
set Cs[544]:=
534 120 99 397 129 ;
set Cs[545]:=
258 608 107 149 606 196 111 ;
set Cs[546]:=
196 133 213 336 454 ;
set Cs[547]:=
604 483 50 514 112 279 ;
set Cs[548]:=
285 576 148 322 295 517 507 ;
set Cs[549]:=
619 97 186 610 170 299 ;
set Cs[550]:=
511 1 206 298 594 ;
set Cs[551]:=
450 452 31 78 262 66 473 ;
set Cs[552]:=
152 286 500 254 434 ;
set Cs[553]:=
249 227 437 101 174 56 ;
set Cs[554]:=
381 409 344 570 102 ;
set Cs[555]:=
624 28 406 32 564 226 ;
set Cs[556]:=
321 18 40 159 202 616 ;
set Cs[557]:=
74 108 468 509 498 ;
set Cs[558]:=
385 469 102 348 286 ;
set Cs[559]:=
359 367 322 581 333 ;
set Cs[560]:=
459 169 257 207 554 ;
set Cs[561]:=
5 604 285 609 98 518 410 ;
set Cs[562]:=
507 149 81 474 224 558 262 ;
set Cs[563]:=
342 477 147 507 487 331 2 ;
set Cs[564]:=
542 241 436 469 50 386 ;
set Cs[565]:=
513 495 390 210 349 137 424 ;
set Cs[566]:=
500 73 130 65 604 226 144 ;
set Cs[567]:=
406 518 495 53 227 294 44 ;
set Cs[568]:=
118 14 190 93 28 23 45 ;
set Cs[569]:=
483 437 459 469 185 ;
set Cs[570]:=
381 366 94 299 553 ;
set Cs[571]:=
477 560 615 67 388 270 ;
set Cs[572]:=
321 179 613 507 413 76 211 ;
set Cs[573]:=
257 495 54 571 149 ;
set Cs[574]:=
208 59 105 8 587 130 ;
set Cs[575]:=
356 240 174 35 604 ;
set Cs[576]:=
240 295 594 354 57 264 15 ;
set Cs[577]:=
449 246 349 325 469 597 369 ;
set Cs[578]:=
148 25 537 488 568 ;
set Cs[579]:=
148 542 258 50 474 486 ;
set Cs[580]:=
608 127 413 76 176 596 ;
set Cs[581]:=
12 460 245 420 169 28 174 ;
set Cs[582]:=
422 1 143 381 51 386 179 ;
set Cs[583]:=
37 385 451 291 397 ;
set Cs[584]:=
35 257 420 22 339 495 545 ;
set Cs[585]:=
231 570 144 209 302 ;
set Cs[586]:=
44 542 552 140 415 ;
set Cs[587]:=
264 601 389 139 583 ;
set Cs[588]:=
137 346 279 461 192 262 ;
set Cs[589]:=
26 314 414 196 551 458 ;
set Cs[590]:=
99 386 248 37 508 625 ;
set Cs[591]:=
621 539 373 603 81 367 ;
set Cs[592]:=
266 359 546 115 362 ;
set Cs[593]:=
103 545 566 215 588 168 148 ;
set Cs[594]:=
68 140 113 442 495 349 ;
set Cs[595]:=
82 408 347 591 467 50 482 ;
set Cs[596]:=
492 229 178 471 218 357 ;
set Cs[597]:=
475 293 6 582 231 ;
set Cs[598]:=
560 390 605 8 116 304 ;
set Cs[599]:=
387 65 275 138 267 ;
set Cs[600]:=
413 7 454 302 231 ;
set Cs[601]:=
28 238 229 234 105 618 ;
set Cs[602]:=
68 467 342 337 40 347 526 ;
set Cs[603]:=
138 413 121 271 8 ;
set Cs[604]:=
164 33 348 45 141 109 ;
set Cs[605]:=
523 604 121 433 341 578 ;
set Cs[606]:=
97 576 386 247 108 ;
set Cs[607]:=
367 335 595 149 40 359 258 ;
set Cs[608]:=
445 190 22 257 333 100 140 ;
set Cs[609]:=
159 17 66 7 417 48 142 ;
set Cs[610]:=
8 365 30 216 511 ;
set Cs[611]:=
610 590 165 132 34 299 ;
set Cs[612]:=
323 525 291 374 189 536 ;
set Cs[613]:=
257 490 608 234 253 363 ;
set Cs[614]:=
557 67 290 357 144 299 477 ;
set Cs[615]:=
38 229 590 232 293 ;
set Cs[616]:=
6 442 190 149 36 ;
set Cs[617]:=
106 245 196 281 427 ;
set Cs[618]:=
562 28 55 78 390 30 ;
set Cs[619]:=
416 53 154 234 366 ;
set Cs[620]:=
92 571 371 598 231 ;
set Cs[621]:=
244 548 527 86 591 219 ;
set Cs[622]:=
53 281 434 206 614 121 321 ;
set Cs[623]:=
384 603 162 552 515 405 ;
set Cs[624]:=
443 536 249 304 166 6 300 ;
set Cs[625]:=
400 540 115 358 453 417 ;
set Cs[626]:=
589 305 232 177 157 ;
set Cs[627]:=
424 459 240 612 106 550 ;
set Cs[628]:=
564 283 56 213 493 293 ;
set Cs[629]:=
109 495 482 186 606 ;
set Cs[630]:=
285 397 275 339 587 ;
set Cs[631]:=
122 559 206 133 558 124 254 ;
set Cs[632]:=
590 390 310 256 612 174 ;
set Cs[633]:=
305 22 2 357 488 525 ;
set Cs[634]:=
385 233 67 486 338 416 192 ;
set Cs[635]:=
258 99 468 140 169 ;
set Cs[636]:=
38 324 53 473 228 168 ;
set Cs[637]:=
92 86 460 450 279 211 ;
set Cs[638]:=
321 368 16 422 599 ;
set Cs[639]:=
32 548 517 490 608 482 131 ;
set Cs[640]:=
460 253 193 395 82 ;
set Cs[641]:=
216 266 445 405 581 260 486 ;
set Cs[642]:=
111 143 50 47 333 219 ;
set Cs[643]:=
44 505 45 256 603 ;
set Cs[644]:=
348 17 41 141 498 180 ;
set Cs[645]:=
581 258 459 144 391 520 ;
set Cs[646]:=
202 97 57 451 310 3 1 ;
set Cs[647]:=
106 35 534 110 329 ;
set Cs[648]:=
248 202 386 163 356 617 9 ;
set Cs[649]:=
179 464 297 612 159 510 ;
set Cs[650]:=
391 114 356 429 262 ;
set Cs[651]:=
454 93 321 504 367 106 ;
set Cs[652]:=
601 333 288 37 152 606 ;
set Cs[653]:=
584 31 191 418 553 ;
set Cs[654]:=
68 590 213 312 72 322 ;
set Cs[655]:=
98 501 387 44 148 552 ;
set Cs[656]:=
490 436 414 180 68 140 ;
set Cs[657]:=
374 31 490 484 429 196 94 ;
set Cs[658]:=
330 236 150 387 169 482 ;
set Cs[659]:=
594 308 149 190 268 ;
set Cs[660]:=
459 510 40 240 397 609 253 ;
set Cs[661]:=
178 560 406 437 348 503 257 ;
set Cs[662]:=
488 457 257 496 100 347 597 ;
set Cs[663]:=
233 482 426 393 293 601 36 ;
set Cs[664]:=
523 186 81 281 543 590 602 ;
set Cs[665]:=
145 498 560 304 460 ;
set Cs[666]:=
546 510 411 451 90 591 497 ;
set Cs[667]:=
188 35 515 260 335 46 610 ;
set Cs[668]:=
454 450 270 581 261 196 148 ;
set Cs[669]:=
312 55 158 348 368 ;
set Cs[670]:=
248 477 144 271 2 ;
set Cs[671]:=
319 95 314 249 595 107 ;
set Cs[672]:=
148 154 529 270 271 298 164 ;
set Cs[673]:=
466 380 507 612 18 140 ;
set Cs[674]:=
288 343 10 577 359 616 ;
set Cs[675]:=
282 561 547 525 216 83 ;
set Cs[676]:=
619 3 532 553 50 370 158 ;
set Cs[677]:=
454 565 67 485 59 56 329 ;
set Cs[678]:=
315 457 468 412 105 ;
set Cs[679]:=
71 527 509 261 152 ;
set Cs[680]:=
522 254 257 484 520 ;
set Cs[681]:=
311 323 514 517 282 369 190 ;
set Cs[682]:=
410 99 1 348 359 130 424 ;
set Cs[683]:=
381 130 298 325 589 119 ;
set Cs[684]:=
50 196 483 99 72 590 ;
set Cs[685]:=
410 332 144 152 304 ;
set Cs[686]:=
454 18 434 33 202 69 378 ;
set Cs[687]:=
342 468 299 431 269 451 386 ;
set Cs[688]:=
461 606 403 220 185 620 ;
set Cs[689]:=
206 582 174 566 235 ;
set Cs[690]:=
298 174 225 395 570 264 ;
set Cs[691]:=
374 271 255 409 330 334 347 ;
set Cs[692]:=
461 381 266 335 573 596 515 ;
set Cs[693]:=
426 18 494 395 366 142 174 ;
set Cs[694]:=
286 545 262 421 292 23 ;
set Cs[695]:=
617 168 604 384 41 ;
set Cs[696]:=
570 405 525 157 564 577 36 ;
set Cs[697]:=
121 1 595 247 111 337 ;
set Cs[698]:=
596 256 477 92 474 436 393 ;
set Cs[699]:=
138 464 573 121 622 161 ;
set Cs[700]:=
307 159 388 335 286 589 194 ;
set Cs[701]:=
137 16 434 44 559 483 347 ;
set Cs[702]:=
481 434 594 119 377 234 458 ;
set Cs[703]:=
510 523 200 41 28 390 ;
set Cs[704]:=
241 226 603 462 609 282 ;
set Cs[705]:=
464 174 612 257 487 391 ;
set Cs[706]:=
453 261 391 541 18 ;
set Cs[707]:=
28 576 356 517 581 620 544 ;
set Cs[708]:=
257 553 620 272 405 205 ;
set Cs[709]:=
47 490 270 62 580 ;
set Cs[710]:=
140 552 226 349 135 452 484 ;
set Cs[711]:=
511 465 504 325 66 27 ;
set Cs[712]:=
50 236 267 304 393 503 ;
set Cs[713]:=
527 339 487 107 604 ;
set Cs[714]:=
137 567 3 67 483 206 374 ;
set Cs[715]:=
53 38 534 583 121 445 110 ;
set Cs[716]:=
581 590 31 197 103 4 152 ;
set Cs[717]:=
216 542 259 494 445 96 ;
set Cs[718]:=
254 584 397 349 152 ;
set Cs[719]:=
334 442 414 152 106 126 411 ;
set Cs[720]:=
174 410 278 443 403 359 21 ;
set Cs[721]:=
367 248 451 127 393 35 ;
set Cs[722]:=
65 555 571 193 444 247 ;
set Cs[723]:=
293 59 421 229 282 69 259 ;
set Cs[724]:=
338 286 410 216 300 291 ;
set Cs[725]:=
238 565 612 50 199 292 54 ;
set Cs[726]:=
149 179 394 104 106 ;
set Cs[727]:=
332 108 148 311 582 196 285 ;
set Cs[728]:=
200 322 618 386 495 155 ;
set Cs[729]:=
310 534 612 312 533 325 416 ;
set Cs[730]:=
397 235 281 593 106 275 250 ;
set Cs[731]:=
211 372 589 138 53 ;
set Cs[732]:=
586 192 180 351 571 381 ;
set Cs[733]:=
495 48 28 376 109 468 ;
set Cs[734]:=
606 589 312 474 296 601 ;
set Cs[735]:=
12 478 483 511 216 102 ;
set Cs[736]:=
599 410 474 573 458 104 ;
set Cs[737]:=
529 171 475 565 474 ;
set Cs[738]:=
142 16 474 224 324 389 134 ;
set Cs[739]:=
251 557 176 479 593 ;
set Cs[740]:=
110 90 424 413 144 91 ;
set Cs[741]:=
557 144 88 15 153 ;
set Cs[742]:=
230 17 479 56 262 544 81 ;
set Cs[743]:=
4 8 28 463 44 333 ;
set Cs[744]:=
386 388 134 4 262 258 589 ;
set Cs[745]:=
462 469 158 544 83 ;
set Cs[746]:=
282 586 23 612 544 ;
set Cs[747]:=
274 474 573 590 110 295 376 ;
set Cs[748]:=
233 261 217 69 485 27 121 ;
set Cs[749]:=
28 138 275 406 74 229 ;
set Cs[750]:=
327 419 511 523 41 532 133 ;
set Cs[751]:=
65 72 415 154 181 ;
set Cs[752]:=
389 576 150 162 381 ;
set Cs[753]:=
442 376 18 209 452 ;
set Cs[754]:=
236 461 445 534 579 ;
set Cs[755]:=
192 47 385 349 374 ;
set Cs[756]:=
215 54 26 493 286 445 483 ;
set Cs[757]:=
6 35 427 182 293 305 ;
set Cs[758]:=
53 257 146 299 92 251 ;
set Cs[759]:=
280 54 83 395 297 610 ;
set Cs[760]:=
515 456 163 415 479 219 ;
set Cs[761]:=
55 258 475 403 338 576 275 ;
set Cs[762]:=
107 41 325 469 564 108 ;
set Cs[763]:=
531 456 66 141 82 584 ;
set Cs[764]:=
8 320 302 618 22 341 ;
set Cs[765]:=
480 437 583 334 208 104 486 ;
set Cs[766]:=
52 216 389 283 261 ;
set Cs[767]:=
38 591 529 109 41 ;
set Cs[768]:=
168 348 74 378 90 483 ;
set Cs[769]:=
515 35 195 417 47 331 ;
set Cs[770]:=
422 390 90 566 224 ;
set Cs[771]:=
440 292 559 459 105 49 ;
set Cs[772]:=
241 302 52 390 498 121 26 ;
set Cs[773]:=
186 565 320 203 393 31 250 ;
set Cs[774]:=
101 361 603 155 461 558 ;
set Cs[775]:=
517 334 393 622 494 501 590 ;
set Cs[776]:=
388 43 357 459 149 ;
set Cs[777]:=
111 576 515 474 163 ;
set Cs[778]:=
493 272 589 612 66 262 ;
set Cs[779]:=
617 503 333 99 260 624 ;
set Cs[780]:=
410 321 168 320 43 ;
set Cs[781]:=
397 601 589 35 357 315 602 ;
set Cs[782]:=
135 405 544 323 69 ;
set Cs[783]:=
410 56 361 328 51 ;
set Cs[784]:=
52 402 6 81 334 475 ;
set Cs[785]:=
533 213 218 26 155 76 95 ;
set Cs[786]:=
3 479 474 211 390 ;
set Cs[787]:=
330 285 82 54 106 513 ;
set Cs[788]:=
478 284 606 190 507 ;
set Cs[789]:=
190 117 202 365 206 ;
set Cs[790]:=
335 267 266 503 205 4 ;
set Cs[791]:=
19 261 116 591 127 458 493 ;
set Cs[792]:=
105 553 193 465 515 54 372 ;
set Cs[793]:=
131 344 369 236 114 467 254 ;
set Cs[794]:=
537 367 172 3 342 69 461 ;
set Cs[795]:=
393 454 124 475 525 458 554 ;
set Cs[796]:=
359 110 22 56 548 240 344 ;
set Cs[797]:=
111 163 334 157 63 ;
set Cs[798]:=
442 333 192 468 179 397 272 ;
set Cs[799]:=
260 511 89 74 48 410 619 ;
set Cs[800]:=
69 543 570 590 166 229 ;
set Cs[801]:=
8 103 494 556 174 ;
set Cs[802]:=
344 460 457 296 391 ;
set Cs[803]:=
157 8 459 553 230 369 ;
set Cs[804]:=
324 78 565 111 223 54 358 ;
set Cs[805]:=
264 333 10 217 300 ;
set Cs[806]:=
261 371 37 462 148 ;
set Cs[807]:=
397 133 474 495 234 526 ;
set Cs[808]:=
108 152 251 504 434 110 608 ;
set Cs[809]:=
286 158 170 144 362 331 539 ;
set Cs[810]:=
225 426 510 553 458 437 610 ;
set Cs[811]:=
511 259 108 321 24 ;
set Cs[812]:=
500 233 200 168 198 479 606 ;
set Cs[813]:=
173 63 618 286 36 270 ;
set Cs[814]:=
591 566 209 369 493 421 134 ;
set Cs[815]:=
95 508 234 578 82 584 ;
set Cs[816]:=
132 612 590 390 338 102 234 ;
set Cs[817]:=
123 36 103 459 517 44 ;
set Cs[818]:=
380 619 41 341 590 ;
set Cs[819]:=
329 336 606 204 357 40 ;
set Cs[820]:=
282 232 386 102 374 552 ;
set Cs[821]:=
562 31 53 257 579 ;
set Cs[822]:=
95 531 259 397 150 467 297 ;
set Cs[823]:=
389 463 56 578 100 ;
set Cs[824]:=
71 475 586 133 450 545 401 ;
set Cs[825]:=
49 505 126 270 381 460 258 ;
set Cs[826]:=
16 260 41 369 25 405 ;
set Cs[827]:=
91 392 612 8 400 ;
set Cs[828]:=
384 480 293 53 279 234 509 ;
set Cs[829]:=
477 205 203 495 359 ;
set Cs[830]:=
207 411 416 1 446 333 ;
set Cs[831]:=
28 539 311 276 36 260 474 ;
set Cs[832]:=
68 406 133 8 495 563 606 ;
set Cs[833]:=
384 604 325 537 18 440 607 ;
set Cs[834]:=
541 324 514 230 234 414 ;
set Cs[835]:=
467 315 581 211 458 284 434 ;
set Cs[836]:=
483 511 34 487 199 310 397 ;
set Cs[837]:=
415 434 573 276 198 149 ;
set Cs[838]:=
571 107 623 216 128 546 ;
set Cs[839]:=
603 610 159 419 230 ;
set Cs[840]:=
608 284 194 244 159 169 55 ;
set Cs[841]:=
529 76 562 595 391 557 ;
set Cs[842]:=
412 576 585 25 285 30 ;
set Cs[843]:=
69 361 3 32 576 344 ;
set Cs[844]:=
596 226 515 570 413 589 ;
set Cs[845]:=
507 520 44 609 548 492 ;
set Cs[846]:=
279 527 591 496 598 371 454 ;
set Cs[847]:=
389 132 57 27 595 276 ;
set Cs[848]:=
568 108 257 279 31 583 431 ;
set Cs[849]:=
146 333 474 251 504 35 363 ;
set Cs[850]:=
590 314 390 225 500 ;
set Cs[851]:=
407 106 276 246 352 158 293 ;
set Cs[852]:=
8 65 223 512 331 596 232 ;
set Cs[853]:=
5 98 464 99 21 ;
set Cs[854]:=
47 334 419 367 333 103 ;
set Cs[855]:=
551 351 18 91 520 ;
set Cs[856]:=
486 269 99 385 493 ;
set Cs[857]:=
28 429 558 611 223 283 ;
set Cs[858]:=
362 550 260 246 121 319 ;
set Cs[859]:=
54 372 285 31 495 ;
set Cs[860]:=
247 1 359 194 366 18 ;
set Cs[861]:=
321 531 98 107 565 ;
set Cs[862]:=
606 506 149 429 403 ;
set Cs[863]:=
570 341 411 320 270 108 624 ;
set Cs[864]:=
192 149 109 508 422 ;
set Cs[865]:=
409 541 583 36 18 397 429 ;
set Cs[866]:=
28 609 142 520 504 ;
set Cs[867]:=
290 494 507 35 537 217 386 ;
set Cs[868]:=
236 402 22 293 95 507 334 ;
set Cs[869]:=
514 50 363 286 18 284 ;
set Cs[870]:=
250 443 118 474 178 271 ;
set Cs[871]:=
330 388 197 106 101 58 ;
set Cs[872]:=
413 269 482 128 419 528 ;
set Cs[873]:=
285 189 296 578 256 ;
set Cs[874]:=
195 262 149 96 283 596 450 ;
set Cs[875]:=
292 311 371 26 459 163 272 ;
set Cs[876]:=
440 194 602 127 537 275 63 ;
set Cs[877]:=
445 173 366 606 349 ;
set Cs[878]:=
405 190 413 115 216 421 ;
set Cs[879]:=
229 218 384 35 354 438 ;
set Cs[880]:=
577 620 331 69 483 486 ;
set Cs[881]:=
410 492 5 190 140 77 ;
set Cs[882]:=
600 580 126 25 324 135 ;
set Cs[883]:=
121 72 48 576 483 438 277 ;
set Cs[884]:=
198 113 14 381 238 514 ;
set Cs[885]:=
582 351 381 188 554 250 120 ;
set Cs[886]:=
198 231 50 564 589 286 288 ;
set Cs[887]:=
84 515 558 40 422 298 581 ;
set Cs[888]:=
477 298 264 174 6 41 14 ;
set Cs[889]:=
354 391 446 50 577 571 206 ;
set Cs[890]:=
285 194 397 26 241 ;
set Cs[891]:=
25 579 371 184 244 478 ;
set Cs[892]:=
241 282 153 99 4 ;
set Cs[893]:=
22 476 563 520 378 ;
set Cs[894]:=
442 82 53 77 233 ;
set Cs[895]:=
448 416 417 247 376 ;
set Cs[896]:=
227 100 599 205 107 595 ;
set Cs[897]:=
582 28 333 475 1 ;
set Cs[898]:=
587 541 66 31 70 499 418 ;
set Cs[899]:=
456 45 292 275 34 ;
set Cs[900]:=
280 356 233 162 23 562 ;
set Cs[901]:=
269 293 217 349 474 ;
set Cs[902]:=
258 512 241 559 93 410 ;
set Cs[903]:=
357 11 233 464 320 ;
set Cs[904]:=
265 8 374 577 317 27 ;
set Cs[905]:=
186 419 330 259 311 402 481 ;
set Cs[906]:=
484 27 335 402 99 8 ;
set Cs[907]:=
93 270 224 523 264 198 ;
set Cs[908]:=
408 98 41 471 223 ;
set Cs[909]:=
371 35 158 289 374 4 565 ;
set Cs[910]:=
437 182 1 154 89 470 ;
set Cs[911]:=
458 241 160 103 22 ;
set Cs[912]:=
246 518 407 414 529 51 ;
set Cs[913]:=
127 410 461 416 573 261 ;
set Cs[914]:=
406 381 119 315 236 63 ;
set Cs[915]:=
544 589 483 513 600 ;
set Cs[916]:=
206 265 425 393 107 381 ;
set Cs[917]:=
359 198 43 36 267 23 92 ;
set Cs[918]:=
41 544 406 493 393 117 140 ;
set Cs[919]:=
44 14 53 495 595 ;
set Cs[920]:=
616 366 573 99 130 367 ;
set Cs[921]:=
256 612 198 267 105 466 272 ;
set Cs[922]:=
582 43 583 349 618 206 493 ;
set Cs[923]:=
212 249 493 341 339 157 321 ;
set Cs[924]:=
622 123 469 452 185 359 ;
set Cs[925]:=
31 563 332 351 454 342 416 ;
set Cs[926]:=
168 23 88 116 614 ;
set Cs[927]:=
51 403 494 471 534 76 228 ;
set Cs[928]:=
563 111 441 589 209 31 67 ;
set Cs[929]:=
213 333 229 137 413 140 ;
set Cs[930]:=
495 124 507 454 61 352 52 ;
set Cs[931]:=
62 436 107 581 271 233 303 ;
set Cs[932]:=
547 525 212 194 322 302 ;
set Cs[933]:=
337 611 461 384 451 407 ;
set Cs[934]:=
590 295 330 157 23 22 ;
set Cs[935]:=
526 82 164 567 517 149 575 ;
set Cs[936]:=
223 186 45 269 31 599 ;
set Cs[937]:=
261 35 21 365 195 477 437 ;
set Cs[938]:=
390 568 140 229 133 612 ;
set Cs[939]:=
121 174 410 339 186 90 ;
set Cs[940]:=
138 28 426 401 557 478 251 ;
set Cs[941]:=
497 275 454 141 197 581 317 ;
set Cs[942]:=
302 168 62 320 230 503 454 ;
set Cs[943]:=
50 213 240 133 525 374 ;
set Cs[944]:=
302 440 216 331 27 ;
set Cs[945]:=
286 190 454 565 271 497 ;
set Cs[946]:=
564 4 422 367 389 ;
set Cs[947]:=
79 293 532 145 558 354 12 ;
set Cs[948]:=
81 306 594 121 174 97 385 ;
set Cs[949]:=
95 286 81 48 397 ;
set Cs[950]:=
527 414 269 213 285 ;
set Cs[951]:=
596 142 22 395 159 53 270 ;
set Cs[952]:=
349 295 194 34 244 4 414 ;
set Cs[953]:=
160 268 366 79 95 111 517 ;
set Cs[954]:=
109 336 158 564 133 594 266 ;
set Cs[955]:=
511 66 295 359 456 ;
set Cs[956]:=
441 149 12 474 411 225 ;
set Cs[957]:=
209 567 28 168 18 ;
set Cs[958]:=
16 354 81 109 332 561 ;
set Cs[959]:=
505 503 166 170 576 ;
set Cs[960]:=
262 474 245 314 186 351 69 ;
set Cs[961]:=
367 513 8 150 280 ;
set Cs[962]:=
99 527 458 227 274 ;
set Cs[963]:=
103 571 95 241 600 ;
set Cs[964]:=
6 236 103 145 367 ;
set Cs[965]:=
231 233 454 53 109 ;
set Cs[966]:=
44 366 610 480 359 ;
set Cs[967]:=
390 47 514 68 409 453 548 ;
set Cs[968]:=
23 291 351 149 508 296 ;
set Cs[969]:=
224 580 295 595 125 186 397 ;
set Cs[970]:=
277 293 264 286 272 537 393 ;
set Cs[971]:=
270 544 81 159 246 51 ;
set Cs[972]:=
76 593 81 346 334 ;
set Cs[973]:=
251 25 418 235 137 565 ;
set Cs[974]:=
244 347 620 99 386 457 ;
set Cs[975]:=
38 20 227 302 565 ;
set Cs[976]:=
110 564 593 450 532 ;
set Cs[977]:=
298 567 43 422 110 ;
set Cs[978]:=
200 274 371 622 114 47 ;
set Cs[979]:=
407 163 95 47 557 ;
set Cs[980]:=
202 409 604 12 142 259 ;
set Cs[981]:=
490 358 164 99 350 ;
set Cs[982]:=
412 286 383 537 150 ;
set Cs[983]:=
511 48 157 176 542 359 196 ;
set Cs[984]:=
234 599 503 406 138 487 434 ;
set Cs[985]:=
133 38 52 330 610 488 ;
set Cs[986]:=
22 265 367 211 286 196 275 ;
set Cs[987]:=
127 4 294 428 245 77 ;
set Cs[988]:=
480 99 341 163 256 477 505 ;
set Cs[989]:=
325 394 282 179 91 410 553 ;
set Cs[990]:=
174 130 349 386 163 461 279 ;
set Cs[991]:=
168 565 531 469 385 ;
set Cs[992]:=
35 111 526 31 602 622 ;
set Cs[993]:=
178 459 597 49 405 ;
set Cs[994]:=
79 406 99 459 525 ;
set Cs[995]:=
149 570 391 606 37 146 178 ;
set Cs[996]:=
559 66 583 380 320 ;
set Cs[997]:=
267 203 386 621 23 371 144 ;
set Cs[998]:=
170 507 490 245 43 205 329 ;
set Cs[999]:=
537 38 541 315 612 525 193 ;
set Cs[1000]:=
145 392 552 419 100 588 ;
set Cs[1001]:=
182 324 329 200 264 323 272 ;
set Cs[1002]:=
595 503 512 541 164 ;
set Cs[1003]:=
306 72 279 194 498 4 ;
set Cs[1004]:=
79 170 374 563 506 510 200 ;
set Cs[1005]:=
560 81 410 429 570 ;
set Cs[1006]:=
548 407 612 505 53 ;
set Cs[1007]:=
511 254 92 338 97 122 296 ;
set Cs[1008]:=
229 436 113 107 236 50 ;
set Cs[1009]:=
508 317 179 341 587 ;
set Cs[1010]:=
614 275 190 352 436 416 ;
set Cs[1011]:=
152 507 457 474 103 ;
set Cs[1012]:=
405 48 228 447 367 163 469 ;
set Cs[1013]:=
268 335 588 291 225 320 ;
set Cs[1014]:=
285 478 213 159 580 485 538 ;
set Cs[1015]:=
543 162 210 555 2 234 ;
set Cs[1016]:=
292 615 79 470 486 ;
set Cs[1017]:=
381 518 323 347 618 510 ;
set Cs[1018]:=
467 148 495 506 66 583 ;
set Cs[1019]:=
366 198 595 209 434 2 576 ;
set Cs[1020]:=
319 414 335 384 589 393 383 ;
set Cs[1021]:=
261 88 332 228 123 311 ;
set Cs[1022]:=
506 493 613 605 164 ;
set Cs[1023]:=
294 272 269 254 267 130 258 ;
set Cs[1024]:=
211 53 320 88 405 596 ;
set Cs[1025]:=
613 486 566 65 158 254 ;
set Cs[1026]:=
487 488 279 47 451 134 198 ;
set Cs[1027]:=
422 445 296 474 590 612 ;
set Cs[1028]:=
406 110 31 257 525 44 589 ;
set Cs[1029]:=
293 529 481 302 274 ;
set Cs[1030]:=
467 366 602 256 474 384 481 ;
set Cs[1031]:=
116 301 143 359 303 259 ;
set Cs[1032]:=
113 410 8 562 461 ;
set Cs[1033]:=
147 302 72 260 446 ;
set Cs[1034]:=
612 325 331 409 493 346 483 ;
set Cs[1035]:=
47 247 240 199 110 490 6 ;
set Cs[1036]:=
323 5 247 148 248 ;
set Cs[1037]:=
403 298 515 26 246 555 ;
set Cs[1038]:=
57 365 515 604 159 ;
set Cs[1039]:=
316 354 51 368 594 195 385 ;
set Cs[1040]:=
422 250 371 296 514 ;
set Cs[1041]:=
297 285 334 195 494 308 604 ;
set Cs[1042]:=
429 467 366 334 23 571 ;
set Cs[1043]:=
310 613 401 481 5 622 ;
set Cs[1044]:=
401 522 493 415 622 149 193 ;
set Cs[1045]:=
47 576 75 300 53 248 482 ;
set Cs[1046]:=
22 460 526 174 493 ;
set Cs[1047]:=
583 349 256 452 508 490 247 ;
set Cs[1048]:=
110 515 601 376 483 285 300 ;
set Cs[1049]:=
65 147 75 422 292 52 159 ;
set Cs[1050]:=
34 311 461 202 182 45 80 ;
set Cs[1051]:=
388 341 81 38 118 228 498 ;
set Cs[1052]:=
351 255 36 285 156 568 ;
set Cs[1053]:=
285 266 92 612 22 229 ;
set Cs[1054]:=
374 260 598 534 19 436 ;
set Cs[1055]:=
274 359 551 117 391 ;
set Cs[1056]:=
527 528 47 534 260 49 149 ;
set Cs[1057]:=
325 215 109 111 267 ;
set Cs[1058]:=
233 537 158 523 28 ;
set Cs[1059]:=
15 405 366 220 554 613 149 ;
set Cs[1060]:=
6 264 133 331 28 35 315 ;
set Cs[1061]:=
598 274 617 371 255 553 ;
set Cs[1062]:=
258 510 261 358 599 414 31 ;
set Cs[1063]:=
566 414 210 241 558 ;
set Cs[1064]:=
618 475 365 442 299 174 ;
set Cs[1065]:=
442 548 573 469 52 285 ;
set Cs[1066]:=
258 583 335 392 178 51 ;
set Cs[1067]:=
576 270 31 341 171 334 49 ;
set Cs[1068]:=
234 315 106 233 419 390 ;
set Cs[1069]:=
82 395 451 62 66 115 ;
set Cs[1070]:=
25 3 261 253 583 280 86 ;
set Cs[1071]:=
16 1 400 290 473 115 293 ;
set Cs[1072]:=
65 100 586 190 483 216 315 ;
set Cs[1073]:=
280 372 65 295 573 18 321 ;
set Cs[1074]:=
532 99 601 108 298 566 211 ;
set Cs[1075]:=
177 474 617 390 605 ;
set Cs[1076]:=
84 152 162 35 338 131 ;
set Cs[1077]:=
278 389 232 371 107 245 ;
set Cs[1078]:=
567 582 293 216 374 317 ;
set Cs[1079]:=
238 402 510 185 425 604 ;
set Cs[1080]:=
160 148 576 311 372 ;
set Cs[1081]:=
106 414 442 471 419 57 ;
set Cs[1082]:=
438 477 28 363 193 452 544 ;
set Cs[1083]:=
274 427 595 317 421 295 ;
set Cs[1084]:=
505 573 367 500 403 ;
set Cs[1085]:=
81 625 506 108 234 544 ;
set Cs[1086]:=
317 401 202 146 614 ;
set Cs[1087]:=
434 88 67 119 223 81 248 ;
set Cs[1088]:=
610 137 419 520 409 181 511 ;
set Cs[1089]:=
361 199 461 152 581 ;
set Cs[1090]:=
234 62 311 54 334 10 ;
set Cs[1091]:=
164 434 529 47 301 541 120 ;
set Cs[1092]:=
588 357 410 584 47 49 ;
set Cs[1093]:=
490 320 417 612 466 498 ;
set Cs[1094]:=
281 560 553 405 371 601 ;
set Cs[1095]:=
393 63 82 77 514 522 ;
set Cs[1096]:=
156 582 31 163 145 ;
set Cs[1097]:=
381 478 603 597 415 591 254 ;
set Cs[1098]:=
174 408 543 26 213 371 ;
set Cs[1099]:=
495 566 474 66 419 ;
set Cs[1100]:=
259 254 475 114 434 467 ;
set Cs[1101]:=
40 573 528 299 510 ;
set Cs[1102]:=
265 106 286 18 433 ;
set Cs[1103]:=
515 233 557 577 532 57 ;
set Cs[1104]:=
231 324 37 162 164 460 290 ;
set Cs[1105]:=
216 281 619 319 595 62 256 ;
set Cs[1106]:=
536 157 498 566 595 582 589 ;
set Cs[1107]:=
488 238 251 226 391 ;
set Cs[1108]:=
459 265 450 4 620 3 555 ;
set Cs[1109]:=
302 105 164 452 608 ;
set Cs[1110]:=
229 560 506 613 40 53 102 ;
set Cs[1111]:=
456 614 334 532 480 298 535 ;
set Cs[1112]:=
359 159 428 59 174 610 ;
set Cs[1113]:=
240 146 533 368 231 369 ;
set Cs[1114]:=
346 503 298 225 389 ;
set Cs[1115]:=
311 587 613 620 130 584 ;
set Cs[1116]:=
528 145 259 115 445 482 367 ;
set Cs[1117]:=
496 485 451 341 515 14 ;
set Cs[1118]:=
81 618 268 351 498 ;
set Cs[1119]:=
508 298 595 162 484 270 208 ;
set Cs[1120]:=
25 283 520 622 336 ;
set Cs[1121]:=
111 504 369 16 410 434 ;
set Cs[1122]:=
415 510 110 598 305 ;
set Cs[1123]:=
517 405 334 346 111 66 ;
set Cs[1124]:=
374 111 179 12 327 ;
set Cs[1125]:=
559 374 484 41 596 510 450 ;
set Cs[1126]:=
544 275 92 505 41 83 ;
set Cs[1127]:=
145 255 595 481 406 ;
set Cs[1128]:=
293 513 365 2 38 367 110 ;
set Cs[1129]:=
105 40 250 202 83 65 ;
set Cs[1130]:=
67 533 564 334 34 510 467 ;
set Cs[1131]:=
525 611 108 390 389 ;
set Cs[1132]:=
50 413 456 269 381 ;
set Cs[1133]:=
359 28 546 192 615 131 384 ;
set Cs[1134]:=
102 282 372 613 460 133 ;
set Cs[1135]:=
584 339 86 28 100 ;
set Cs[1136]:=
496 47 548 274 233 ;
set Cs[1137]:=
511 138 300 339 51 ;
set Cs[1138]:=
260 593 442 270 81 ;
set Cs[1139]:=
254 567 473 53 172 ;
set Cs[1140]:=
196 576 305 369 130 408 565 ;
set Cs[1141]:=
176 390 558 4 168 ;
set Cs[1142]:=
419 544 485 523 514 254 190 ;
set Cs[1143]:=
615 174 447 367 69 ;
set Cs[1144]:=
38 598 512 149 298 147 459 ;
set Cs[1145]:=
105 574 529 465 141 394 ;
set Cs[1146]:=
8 152 390 428 321 346 ;
set Cs[1147]:=
81 255 320 28 142 ;
set Cs[1148]:=
297 321 381 128 559 ;
set Cs[1149]:=
589 573 510 23 172 258 49 ;
set Cs[1150]:=
437 495 361 142 100 381 ;
set Cs[1151]:=
231 482 333 409 559 21 252 ;
set Cs[1152]:=
419 45 621 408 82 393 ;
set Cs[1153]:=
500 442 169 409 450 490 ;
set Cs[1154]:=
394 331 286 99 475 ;
set Cs[1155]:=
514 179 341 474 220 419 26 ;
set Cs[1156]:=
149 298 40 545 517 ;
set Cs[1157]:=
101 367 576 529 65 170 ;
set Cs[1158]:=
460 624 341 26 548 276 625 ;
set Cs[1159]:=
386 193 359 6 28 ;
set Cs[1160]:=
454 331 522 449 370 ;
set Cs[1161]:=
223 225 54 132 256 386 142 ;
set Cs[1162]:=
450 538 257 202 225 57 249 ;
set Cs[1163]:=
238 18 608 216 148 487 ;
set Cs[1164]:=
593 541 230 412 51 622 442 ;
set Cs[1165]:=
28 264 603 146 543 ;
set Cs[1166]:=
596 268 199 301 110 ;
set Cs[1167]:=
124 53 198 138 32 14 44 ;
set Cs[1168]:=
292 619 416 227 2 194 ;
set Cs[1169]:=
371 559 312 429 121 50 262 ;
set Cs[1170]:=
189 299 256 188 575 18 283 ;
set Cs[1171]:=
363 541 588 112 224 ;
set Cs[1172]:=
469 157 358 78 38 ;
set Cs[1173]:=
253 509 583 397 170 ;
set Cs[1174]:=
342 43 52 338 413 483 606 ;
set Cs[1175]:=
607 501 95 272 486 ;
set Cs[1176]:=
105 127 178 206 1 50 254 ;
set Cs[1177]:=
305 145 619 441 99 437 592 ;
set Cs[1178]:=
544 451 415 495 26 ;
set Cs[1179]:=
279 56 35 193 468 283 544 ;
set Cs[1180]:=
339 504 28 590 324 293 149 ;
set Cs[1181]:=
1 378 522 102 158 315 ;
set Cs[1182]:=
618 316 546 320 334 ;
set Cs[1183]:=
420 526 196 213 283 ;
set Cs[1184]:=
565 568 320 104 590 73 ;
set Cs[1185]:=
189 41 202 244 406 187 147 ;
set Cs[1186]:=
337 381 59 220 411 ;
set Cs[1187]:=
262 529 383 508 593 ;
set Cs[1188]:=
450 36 4 493 571 ;
set Cs[1189]:=
324 270 320 159 276 41 462 ;
set Cs[1190]:=
226 341 501 65 415 607 ;
set Cs[1191]:=
480 168 416 155 94 6 ;
set Cs[1192]:=
179 376 390 594 320 ;
set Cs[1193]:=
241 102 267 49 517 369 ;
set Cs[1194]:=
143 573 259 622 458 479 ;
set Cs[1195]:=
234 500 333 388 44 ;
set Cs[1196]:=
127 81 202 410 118 ;
set Cs[1197]:=
70 246 294 451 22 ;
set Cs[1198]:=
573 224 270 102 79 53 619 ;
set Cs[1199]:=
8 422 498 110 118 612 371 ;
set Cs[1200]:=
47 429 270 544 533 359 511 ;
set Cs[1201]:=
570 170 258 544 576 608 ;
set Cs[1202]:=
61 88 581 583 385 ;
set Cs[1203]:=
337 35 182 542 324 138 104 ;
set Cs[1204]:=
531 233 389 581 413 ;
set Cs[1205]:=
35 588 590 236 298 454 441 ;
set Cs[1206]:=
130 184 281 137 297 543 483 ;
set Cs[1207]:=
452 408 285 483 437 41 ;
set Cs[1208]:=
598 166 264 512 72 202 ;
set Cs[1209]:=
508 429 240 456 359 575 475 ;
set Cs[1210]:=
257 107 566 150 229 518 312 ;
set Cs[1211]:=
270 507 159 483 525 149 578 ;
set Cs[1212]:=
416 59 27 2 612 ;
set Cs[1213]:=
366 515 565 100 477 224 ;
set Cs[1214]:=
580 195 247 321 506 ;
set Cs[1215]:=
149 106 127 65 339 174 ;
set Cs[1216]:=
499 169 223 457 209 306 ;
set Cs[1217]:=
226 368 558 49 351 619 ;
set Cs[1218]:=
517 333 288 587 591 52 198 ;
set Cs[1219]:=
468 109 370 267 53 436 ;
set Cs[1220]:=
32 213 258 619 253 ;
set Cs[1221]:=
477 133 564 596 507 ;
set Cs[1222]:=
436 423 453 475 168 52 ;
set Cs[1223]:=
44 361 18 286 459 257 ;
set Cs[1224]:=
517 501 182 49 365 ;
set Cs[1225]:=
164 55 257 7 434 405 275 ;
set Cs[1226]:=
250 389 473 448 451 ;
set Cs[1227]:=
159 253 232 83 143 26 14 ;
set Cs[1228]:=
213 176 127 27 332 ;
set Cs[1229]:=
102 144 315 448 416 35 ;
set Cs[1230]:=
497 56 612 122 558 ;
set Cs[1231]:=
615 392 238 413 506 ;
set Cs[1232]:=
251 148 479 31 459 ;
set Cs[1233]:=
168 135 240 47 507 ;
set Cs[1234]:=
317 381 483 118 459 280 27 ;
set Cs[1235]:=
349 208 108 51 589 476 ;
set Cs[1236]:=
71 397 244 194 36 162 ;
set Cs[1237]:=
12 386 562 196 170 409 500 ;
set Cs[1238]:=
514 577 468 576 324 515 510 ;
set Cs[1239]:=
78 341 73 118 146 525 566 ;
set Cs[1240]:=
553 148 366 525 120 236 ;
set Cs[1241]:=
542 320 280 513 262 543 416 ;
set Cs[1242]:=
438 72 394 216 594 229 ;
set Cs[1243]:=
143 307 534 500 293 ;
set Cs[1244]:=
587 446 178 349 408 ;
set Cs[1245]:=
133 41 204 118 492 357 570 ;
set Cs[1246]:=
285 480 450 202 418 ;
set Cs[1247]:=
148 514 560 423 145 565 ;
set Cs[1248]:=
615 341 257 52 445 467 560 ;
set Cs[1249]:=
202 425 573 54 562 465 289 ;
set Cs[1250]:=
413 336 525 444 369 601 ;
set Cs[1251]:=
333 129 301 595 232 223 ;
set Cs[1252]:=
149 613 95 193 174 ;
set Cs[1253]:=
348 359 472 295 10 413 111 ;
set Cs[1254]:=
295 437 104 304 124 ;
set Cs[1255]:=
117 23 531 582 50 441 ;
set Cs[1256]:=
290 224 614 473 180 1 321 ;
set Cs[1257]:=
347 585 551 478 319 ;
set Cs[1258]:=
414 427 547 484 225 311 ;
set Cs[1259]:=
488 192 449 74 144 ;
set Cs[1260]:=
619 380 267 525 471 223 443 ;
set Cs[1261]:=
527 359 26 7 543 250 281 ;
set Cs[1262]:=
35 226 460 114 493 269 349 ;
set Cs[1263]:=
328 174 591 589 267 608 540 ;
set Cs[1264]:=
258 605 170 546 357 363 ;
set Cs[1265]:=
320 95 16 251 468 589 371 ;
set Cs[1266]:=
531 125 7 224 349 259 ;
set Cs[1267]:=
445 264 324 414 21 397 ;
set Cs[1268]:=
45 559 182 100 293 597 ;
set Cs[1269]:=
44 475 599 437 561 322 ;
set Cs[1270]:=
322 411 438 580 525 599 292 ;
set Cs[1271]:=
121 334 402 369 233 290 501 ;
set Cs[1272]:=
248 456 495 35 40 256 619 ;
set Cs[1273]:=
311 475 493 362 152 103 ;
set Cs[1274]:=
36 548 290 437 117 ;
set Cs[1275]:=
18 101 324 38 405 510 ;
set Cs[1276]:=
354 371 619 2 567 422 ;
set Cs[1277]:=
261 149 137 551 218 ;
set Cs[1278]:=
190 81 333 321 394 417 ;
set Cs[1279]:=
376 311 356 47 295 ;
set Cs[1280]:=
483 525 200 539 450 542 527 ;
set Cs[1281]:=
28 454 402 604 362 ;
set Cs[1282]:=
531 359 274 296 460 ;
set Cs[1283]:=
131 533 547 575 367 144 386 ;
set Cs[1284]:=
58 28 19 418 559 251 163 ;
set Cs[1285]:=
296 332 376 215 380 ;
set Cs[1286]:=
609 495 381 189 431 28 366 ;
set Cs[1287]:=
351 426 251 76 205 ;
set Cs[1288]:=
220 84 38 35 124 269 525 ;
set Cs[1289]:=
420 44 468 437 147 ;
set Cs[1290]:=
277 81 515 454 411 ;
set Cs[1291]:=
591 456 612 438 410 219 ;
set Cs[1292]:=
488 587 413 581 582 ;
set Cs[1293]:=
559 311 157 135 576 ;
set Cs[1294]:=
622 589 192 69 389 159 ;
set Cs[1295]:=
112 28 472 152 268 49 ;
set Cs[1296]:=
528 597 50 412 17 576 ;
set Cs[1297]:=
63 617 260 624 528 193 31 ;
set Cs[1298]:=
321 454 499 338 417 276 ;
set Cs[1299]:=
119 58 168 233 597 ;
set Cs[1300]:=
81 410 596 436 485 569 257 ;
set Cs[1301]:=
562 416 475 545 292 ;
set Cs[1302]:=
182 104 163 173 508 372 322 ;
set Cs[1303]:=
135 612 179 251 198 ;
set Cs[1304]:=
371 161 187 404 50 537 ;
set Cs[1305]:=
349 275 582 145 68 266 44 ;
set Cs[1306]:=
35 340 333 595 337 ;
set Cs[1307]:=
571 500 386 323 410 3 152 ;
set Cs[1308]:=
284 320 247 198 238 474 190 ;
set Cs[1309]:=
261 518 325 275 332 ;
set Cs[1310]:=
475 534 477 162 131 595 ;
set Cs[1311]:=
23 610 127 349 22 ;
set Cs[1312]:=
320 170 406 36 446 202 394 ;
set Cs[1313]:=
564 100 117 291 110 142 257 ;
set Cs[1314]:=
14 178 523 344 254 ;
set Cs[1315]:=
339 130 440 286 246 ;
set Cs[1316]:=
272 436 330 586 337 ;
set Cs[1317]:=
573 211 72 517 208 367 ;
set Cs[1318]:=
363 231 386 116 321 571 458 ;
set Cs[1319]:=
395 300 336 442 234 ;
set Cs[1320]:=
11 37 120 322 53 142 ;
set Cs[1321]:=
40 236 359 490 565 ;
set Cs[1322]:=
437 72 147 162 133 148 445 ;
set Cs[1323]:=
238 581 122 40 248 380 257 ;
set Cs[1324]:=
451 95 594 612 258 293 614 ;
set Cs[1325]:=
590 474 451 202 212 ;
set Cs[1326]:=
506 579 390 196 321 317 454 ;
set Cs[1327]:=
437 537 304 436 348 48 ;
set Cs[1328]:=
277 402 426 286 108 41 ;
set Cs[1329]:=
434 149 461 562 143 ;
set Cs[1330]:=
590 152 28 528 5 57 114 ;
set Cs[1331]:=
495 111 163 143 153 520 ;
set Cs[1332]:=
93 476 429 134 229 315 ;
set Cs[1333]:=
9 339 376 568 450 ;
set Cs[1334]:=
610 16 174 270 40 265 ;
set Cs[1335]:=
149 117 18 129 8 413 103 ;
set Cs[1336]:=
595 523 333 423 499 ;
set Cs[1337]:=
269 490 192 333 147 ;
set Cs[1338]:=
523 57 324 475 149 ;
set Cs[1339]:=
16 334 49 559 488 617 433 ;
set Cs[1340]:=
495 481 341 28 95 414 ;
set Cs[1341]:=
525 253 244 195 277 ;
set Cs[1342]:=
480 295 79 276 142 ;
set Cs[1343]:=
262 600 500 461 209 89 367 ;
set Cs[1344]:=
293 47 511 601 381 ;
set Cs[1345]:=
270 35 131 288 299 82 459 ;
set Cs[1346]:=
535 421 583 119 17 249 509 ;
set Cs[1347]:=
213 334 356 477 128 431 ;
set Cs[1348]:=
19 622 589 510 448 ;
set Cs[1349]:=
534 274 509 150 110 ;
set Cs[1350]:=
374 434 238 267 144 315 254 ;
set Cs[1351]:=
381 544 14 338 520 76 256 ;
set Cs[1352]:=
257 280 367 372 45 594 416 ;
set Cs[1353]:=
351 576 510 28 541 609 ;
set Cs[1354]:=
81 179 385 486 274 ;
set Cs[1355]:=
371 292 275 206 99 216 212 ;
set Cs[1356]:=
25 41 5 77 137 488 ;
set Cs[1357]:=
498 341 338 293 133 ;
set Cs[1358]:=
182 490 429 592 102 169 ;
set Cs[1359]:=
510 18 321 168 182 ;
set Cs[1360]:=
314 504 490 215 493 164 451 ;
set Cs[1361]:=
245 573 189 199 256 ;
set Cs[1362]:=
367 97 504 469 247 227 256 ;
set Cs[1363]:=
474 367 142 276 257 274 619 ;
set Cs[1364]:=
410 46 81 459 130 256 44 ;
set Cs[1365]:=
250 296 288 48 422 259 ;
set Cs[1366]:=
131 506 429 195 325 468 233 ;
set Cs[1367]:=
532 260 537 558 149 126 463 ;
set Cs[1368]:=
582 194 442 386 547 ;
set Cs[1369]:=
598 223 478 434 438 ;
set Cs[1370]:=
507 206 416 276 586 ;
set Cs[1371]:=
338 545 78 498 403 ;
set Cs[1372]:=
298 178 92 488 52 140 ;
set Cs[1373]:=
483 90 41 349 297 40 ;
set Cs[1374]:=
526 245 278 229 608 620 450 ;
set Cs[1375]:=
66 75 53 423 117 251 78 ;
set Cs[1376]:=
182 583 190 5 507 467 ;
set Cs[1377]:=
383 244 541 559 34 ;
set Cs[1378]:=
495 14 577 250 567 299 619 ;
set Cs[1379]:=
329 338 164 189 50 390 531 ;
set Cs[1380]:=
10 620 51 392 495 265 381 ;
set Cs[1381]:=
391 608 32 133 481 386 ;
set Cs[1382]:=
553 365 477 601 411 ;
set Cs[1383]:=
384 348 258 18 271 ;
set Cs[1384]:=
416 111 123 483 108 125 ;
set Cs[1385]:=
46 149 109 292 241 196 95 ;
set Cs[1386]:=
73 23 165 104 406 ;
set Cs[1387]:=
276 258 414 440 410 442 ;
set Cs[1388]:=
208 484 152 552 143 349 ;
set Cs[1389]:=
486 299 169 368 477 ;
set Cs[1390]:=
420 374 407 257 18 551 290 ;
set Cs[1391]:=
67 593 598 624 270 335 ;
set Cs[1392]:=
203 160 577 397 605 ;
set Cs[1393]:=
366 445 389 381 385 25 442 ;
set Cs[1394]:=
344 504 482 603 366 2 204 ;
set Cs[1395]:=
346 212 171 299 565 9 596 ;
set Cs[1396]:=
445 431 365 334 133 ;
set Cs[1397]:=
349 391 361 50 418 ;
set Cs[1398]:=
84 416 589 88 105 495 ;
set Cs[1399]:=
110 31 68 173 174 452 ;
set Cs[1400]:=
479 315 81 406 217 154 422 ;
set Cs[1401]:=
346 475 50 202 394 162 ;
set Cs[1402]:=
574 359 245 454 148 442 180 ;
set Cs[1403]:=
8 493 359 490 77 529 ;
set Cs[1404]:=
148 474 80 120 168 ;
set Cs[1405]:=
548 225 506 536 493 256 464 ;
set Cs[1406]:=
411 62 363 562 251 ;
set Cs[1407]:=
507 190 80 92 90 385 ;
set Cs[1408]:=
584 485 596 394 334 560 558 ;
set Cs[1409]:=
186 35 203 233 451 310 ;
set Cs[1410]:=
216 31 83 400 193 546 220 ;
set Cs[1411]:=
241 254 270 359 375 542 376 ;
set Cs[1412]:=
344 459 557 452 586 ;
set Cs[1413]:=
372 44 367 100 391 ;
set Cs[1414]:=
293 149 90 518 28 ;
set Cs[1415]:=
481 560 332 231 194 101 ;
set Cs[1416]:=
150 340 92 299 37 497 498 ;
set Cs[1417]:=
438 50 28 66 118 213 ;
set Cs[1418]:=
372 149 525 33 292 422 545 ;
set Cs[1419]:=
545 200 49 410 476 ;
set Cs[1420]:=
578 335 126 305 294 277 372 ;
set Cs[1421]:=
146 608 451 389 144 ;
set Cs[1422]:=
529 426 597 62 40 79 ;
set Cs[1423]:=
595 490 150 296 575 ;
set Cs[1424]:=
437 162 371 448 240 527 512 ;
set Cs[1425]:=
261 55 409 59 103 193 441 ;
set Cs[1426]:=
419 211 347 316 33 ;
set Cs[1427]:=
168 36 192 514 301 ;
set Cs[1428]:=
69 147 3 609 97 528 ;
set Cs[1429]:=
100 286 281 99 26 520 51 ;
set Cs[1430]:=
557 500 324 359 438 371 ;
set Cs[1431]:=
434 452 577 232 457 400 255 ;
set Cs[1432]:=
436 278 28 206 49 ;
set Cs[1433]:=
124 256 249 260 285 169 198 ;
set Cs[1434]:=
260 288 434 105 66 ;
set Cs[1435]:=
328 213 141 25 566 ;
set Cs[1436]:=
77 554 225 525 131 ;
set Cs[1437]:=
498 490 469 582 272 ;
set Cs[1438]:=
487 25 478 297 474 ;
set Cs[1439]:=
91 475 115 149 367 5 ;
set Cs[1440]:=
338 584 514 558 173 228 577 ;
set Cs[1441]:=
410 339 477 450 196 83 ;
set Cs[1442]:=
454 419 389 333 266 612 ;
set Cs[1443]:=
125 152 302 33 246 171 ;
set Cs[1444]:=
454 359 390 525 475 138 ;
set Cs[1445]:=
560 587 449 171 158 ;
set Cs[1446]:=
544 459 443 206 453 249 ;
set Cs[1447]:=
460 558 103 442 567 ;
set Cs[1448]:=
228 544 480 25 54 285 195 ;
set Cs[1449]:=
362 226 180 259 596 367 ;
set Cs[1450]:=
108 232 576 390 149 450 522 ;
set Cs[1451]:=
18 288 412 59 442 ;
set Cs[1452]:=
506 120 217 37 597 ;
set Cs[1453]:=
106 251 283 281 495 146 ;
set Cs[1454]:=
5 130 152 81 53 ;
set Cs[1455]:=
212 66 410 74 431 ;
set Cs[1456]:=
236 511 127 558 461 202 525 ;
set Cs[1457]:=
415 95 133 386 46 ;
set Cs[1458]:=
371 505 419 76 340 ;
set Cs[1459]:=
552 595 607 53 501 44 ;
set Cs[1460]:=
213 169 69 209 72 ;
set Cs[1461]:=
604 83 31 498 553 542 442 ;
set Cs[1462]:=
174 198 551 157 329 202 477 ;
set Cs[1463]:=
285 367 163 393 260 407 422 ;
set Cs[1464]:=
91 260 591 177 37 321 450 ;
set Cs[1465]:=
72 573 148 251 224 450 514 ;
set Cs[1466]:=
584 454 320 606 505 ;
set Cs[1467]:=
274 41 288 517 437 73 ;
set Cs[1468]:=
97 429 40 45 230 ;
set Cs[1469]:=
546 65 199 548 123 590 ;
set Cs[1470]:=
203 258 168 412 365 ;
set Cs[1471]:=
584 579 144 454 155 ;
set Cs[1472]:=
527 279 595 248 50 254 ;
set Cs[1473]:=
229 251 532 8 226 473 ;
set Cs[1474]:=
206 293 341 584 177 229 ;
set Cs[1475]:=
274 468 581 495 471 283 ;
set Cs[1476]:=
285 370 280 416 573 ;
set Cs[1477]:=
508 482 76 295 249 247 174 ;
set Cs[1478]:=
490 397 317 113 206 ;
set Cs[1479]:=
608 253 565 206 102 95 101 ;
set Cs[1480]:=
337 63 272 262 297 531 ;
set Cs[1481]:=
558 275 448 331 95 110 301 ;
set Cs[1482]:=
425 324 358 467 18 25 552 ;
set Cs[1483]:=
93 324 577 12 452 90 ;
set Cs[1484]:=
594 322 468 368 52 ;
set Cs[1485]:=
315 374 367 116 148 ;
set Cs[1486]:=
357 599 564 47 369 ;
set Cs[1487]:=
365 94 57 38 488 ;
set Cs[1488]:=
573 241 107 483 614 ;
set Cs[1489]:=
617 622 213 447 485 620 ;
set Cs[1490]:=
324 349 164 231 262 127 66 ;
set Cs[1491]:=
501 319 53 541 234 ;
set Cs[1492]:=
184 101 480 463 41 ;
set Cs[1493]:=
496 406 391 143 594 286 45 ;
set Cs[1494]:=
381 90 518 391 147 ;
set Cs[1495]:=
114 598 54 170 602 508 ;
set Cs[1496]:=
442 26 44 483 532 ;
set Cs[1497]:=
517 50 374 140 400 ;
set Cs[1498]:=
271 419 18 95 592 479 515 ;
set Cs[1499]:=
405 597 233 244 497 ;
set Cs[1500]:=
12 97 442 460 478 ;

set Ra[1]:=
49 43 47 1 20 17 ;
set Ra[2]:=
30 36 42 21 46 19 ;
set Ra[3]:=
3 19 10 49 ;
set Ra[4]:=
2 19 5 31 45 ;
set Ra[5]:=
38 6 19 11 5 25 ;
set Ra[6]:=
36 41 43 34 23 45 ;
set Ra[7]:=
48 33 37 13 5 14 ;
set Ra[8]:=
4 50 26 32 11 15 ;
set Ra[9]:=
38 18 37 25 7 44 ;
set Ra[10]:=
43 25 21 33 35 2 ;
set Ra[11]:=
23 43 40 2 12 ;
set Ra[12]:=
43 45 26 21 35 8 ;
set Ra[13]:=
21 14 10 42 24 48 ;
set Ra[14]:=
7 33 20 41 ;
set Ra[15]:=
37 2 ;
set Ra[16]:=
13 32 24 7 14 19 ;
set Ra[17]:=
28 48 29 5 8 42 ;
set Ra[18]:=
25 22 1 ;
set Ra[19]:=
22 17 32 25 40 35 ;
set Ra[20]:=
46 15 ;
set Ra[21]:=
46 13 49 24 20 ;
set Ra[22]:=
23 43 15 26 13 22 ;
set Ra[23]:=
45 33 21 ;
set Ra[24]:=
50 31 49 ;
set Ra[25]:=
22 39 43 46 13 ;
set Ra[26]:=
28 34 1 7 44 ;
set Ra[27]:=
6 42 25 26 ;
set Ra[28]:=
47 17 14 26 ;
set Ra[29]:=
50 49 7 39 42 ;
set Ra[30]:=
24 ;
set Ra[31]:=
33 8 48 15 ;
set Ra[32]:=
2 18 12 47 ;
set Ra[33]:=
18 8 15 5 ;
set Ra[34]:=
3 19 17 ;
set Ra[35]:=
42 20 ;
set Ra[36]:=
34 48 ;
set Ra[37]:=
30 47 ;
set Ra[38]:=
50 41 48 17 27 ;
set Ra[39]:=
38 49 31 ;
set Ra[40]:=
42 47 17 41 15 39 ;
set Ra[41]:=
4 25 49 13 ;
set Ra[42]:=
34 23 37 36 27 32 ;
set Ra[43]:=
40 13 15 32 ;
set Ra[44]:=
47 42 44 39 40 45 ;
set Ra[45]:=
32 ;
set Ra[46]:=
14 33 39 35 11 ;
set Ra[47]:=
38 47 ;
set Ra[48]:=
22 ;
set Ra[49]:=
48 34 41 14 50 17 ;
set Ra[50]:=
17 31 32 26 28 12 ;
set Ra[51]:=
21 44 46 9 42 7 ;
set Ra[52]:=
50 20 19 32 30 24 ;
set Ra[53]:=
35 ;
set Ra[54]:=
32 19 23 18 50 ;
set Ra[55]:=
41 45 14 33 ;
set Ra[56]:=
50 18 4 42 17 16 ;
set Ra[57]:=
5 ;
set Ra[58]:=
7 8 ;
set Ra[59]:=
27 7 ;
set Ra[60]:=
30 14 19 38 6 16 ;
set Ra[61]:=
48 36 40 45 10 ;
set Ra[62]:=
46 25 2 6 37 ;
set Ra[63]:=
18 16 ;
set Ra[64]:=
40 9 18 ;
set Ra[65]:=
34 1 32 37 ;
set Ra[66]:=
43 12 16 40 ;
set Ra[67]:=
9 ;
set Ra[68]:=
43 9 12 29 35 ;
set Ra[69]:=
48 ;
set Ra[70]:=
50 33 12 47 18 31 ;
set Ra[71]:=
13 25 ;
set Ra[72]:=
17 ;
set Ra[73]:=
18 20 21 ;
set Ra[74]:=
26 48 49 14 19 ;
set Ra[75]:=
20 25 5 ;
set Ra[76]:=
15 18 48 45 12 ;
set Ra[77]:=
50 17 ;
set Ra[78]:=
30 ;
set Ra[79]:=
37 ;
set Ra[80]:=
2 38 6 49 11 22 ;
set Ra[81]:=
10 ;
set Ra[82]:=
14 17 ;
set Ra[83]:=
24 22 12 5 ;
set Ra[84]:=
21 5 9 28 50 ;
set Ra[85]:=
7 21 30 11 ;
set Ra[86]:=
39 49 5 ;
set Ra[87]:=
15 23 5 50 41 ;
set Ra[88]:=
31 4 40 8 5 12 ;
set Ra[89]:=
33 1 13 4 18 ;
set Ra[90]:=
3 18 5 39 10 ;
set Ra[91]:=
34 13 16 ;
set Ra[92]:=
35 45 33 ;
set Ra[93]:=
49 47 ;
set Ra[94]:=
35 3 ;
set Ra[95]:=
2 38 5 20 17 ;
set Ra[96]:=
14 33 50 ;
set Ra[97]:=
29 12 1 2 4 46 ;
set Ra[98]:=
20 27 ;
set Ra[99]:=
50 20 46 26 ;
set Ra[100]:=
25 33 ;
set Ra[101]:=
35 8 3 36 26 ;
set Ra[102]:=
44 30 13 11 ;
set Ra[103]:=
27 ;
set Ra[104]:=
7 24 5 33 1 27 ;
set Ra[105]:=
14 43 37 ;
set Ra[106]:=
27 19 9 32 ;
set Ra[107]:=
23 18 ;
set Ra[108]:=
26 33 ;
set Ra[109]:=
50 29 46 48 ;
set Ra[110]:=
35 ;
set Ra[111]:=
38 21 46 6 19 1 ;
set Ra[112]:=
44 17 21 15 8 43 ;
set Ra[113]:=
29 32 ;
set Ra[114]:=
7 21 ;
set Ra[115]:=
28 47 27 44 12 ;
set Ra[116]:=
33 24 27 17 20 32 ;
set Ra[117]:=
22 36 35 16 ;
set Ra[118]:=
30 48 ;
set Ra[119]:=
3 27 45 21 31 ;
set Ra[120]:=
26 44 2 ;
set Ra[121]:=
22 33 ;
set Ra[122]:=
39 23 9 24 ;
set Ra[123]:=
46 13 38 49 11 ;
set Ra[124]:=
9 42 43 47 48 5 ;
set Ra[125]:=
15 12 11 ;
set Ra[126]:=
15 35 31 11 48 1 ;
set Ra[127]:=
21 7 2 ;
set Ra[128]:=
26 48 4 ;
set Ra[129]:=
15 ;
set Ra[130]:=
22 10 32 33 ;
set Ra[131]:=
13 37 25 21 12 ;
set Ra[132]:=
3 48 27 ;
set Ra[133]:=
15 19 33 22 38 23 ;
set Ra[134]:=
38 14 43 ;
set Ra[135]:=
33 42 28 24 48 ;
set Ra[136]:=
12 40 3 8 13 39 ;
set Ra[137]:=
4 48 ;
set Ra[138]:=
46 23 18 12 25 ;
set Ra[139]:=
14 32 ;
set Ra[140]:=
2 ;
set Ra[141]:=
16 20 37 ;
set Ra[142]:=
41 ;
set Ra[143]:=
31 21 42 48 30 ;
set Ra[144]:=
46 ;
set Ra[145]:=
9 44 12 2 16 13 ;
set Ra[146]:=
25 46 ;
set Ra[147]:=
37 43 8 11 ;
set Ra[148]:=
35 4 22 ;
set Ra[149]:=
44 47 19 21 41 ;
set Ra[150]:=
38 48 14 37 ;
set Ra[151]:=
31 15 30 20 3 ;
set Ra[152]:=
47 43 25 37 23 ;
set Ra[153]:=
1 32 ;
set Ra[154]:=
14 20 45 ;
set Ra[155]:=
28 4 22 48 7 ;
set Ra[156]:=
23 31 ;
set Ra[157]:=
26 37 32 23 31 ;
set Ra[158]:=
15 23 ;
set Ra[159]:=
40 26 50 ;
set Ra[160]:=
41 14 26 30 ;
set Ra[161]:=
35 18 6 23 31 ;
set Ra[162]:=
34 7 37 ;
set Ra[163]:=
2 9 4 19 ;
set Ra[164]:=
29 ;
set Ra[165]:=
6 39 48 47 ;
set Ra[166]:=
42 10 34 ;
set Ra[167]:=
1 ;
set Ra[168]:=
22 ;
set Ra[169]:=
37 8 ;
set Ra[170]:=
35 19 32 27 34 ;
set Ra[171]:=
9 12 44 27 ;
set Ra[172]:=
15 20 48 6 19 ;
set Ra[173]:=
25 19 18 22 39 ;
set Ra[174]:=
5 47 ;
set Ra[175]:=
30 ;
set Ra[176]:=
26 20 35 ;
set Ra[177]:=
7 23 36 17 48 50 ;
set Ra[178]:=
28 21 7 23 12 ;
set Ra[179]:=
39 ;
set Ra[180]:=
50 25 1 22 28 ;
set Ra[181]:=
6 13 8 31 9 18 ;
set Ra[182]:=
30 9 24 21 26 ;
set Ra[183]:=
23 37 47 43 ;
set Ra[184]:=
6 17 1 ;
set Ra[185]:=
42 ;
set Ra[186]:=
36 ;
set Ra[187]:=
12 37 46 23 ;
set Ra[188]:=
35 33 45 48 3 ;
set Ra[189]:=
24 4 16 30 ;
set Ra[190]:=
28 49 19 50 ;
set Ra[191]:=
22 24 17 31 27 13 ;
set Ra[192]:=
15 ;
set Ra[193]:=
33 ;
set Ra[194]:=
21 5 14 ;
set Ra[195]:=
16 18 36 ;
set Ra[196]:=
37 30 ;
set Ra[197]:=
24 15 9 29 23 ;
set Ra[198]:=
5 24 26 ;
set Ra[199]:=
35 29 8 ;
set Ra[200]:=
5 36 34 7 37 38 ;
set Ra[201]:=
28 43 45 50 34 ;
set Ra[202]:=
4 25 32 5 19 16 ;
set Ra[203]:=
28 38 35 21 ;
set Ra[204]:=
30 36 50 22 32 20 ;
set Ra[205]:=
48 40 46 2 31 15 ;
set Ra[206]:=
31 46 20 43 32 ;
set Ra[207]:=
30 49 44 17 11 18 ;
set Ra[208]:=
48 9 13 28 47 5 ;
set Ra[209]:=
1 28 48 ;
set Ra[210]:=
45 14 38 9 37 40 ;
set Ra[211]:=
27 37 10 25 ;
set Ra[212]:=
37 12 ;
set Ra[213]:=
6 23 ;
set Ra[214]:=
40 30 ;
set Ra[215]:=
42 46 6 16 ;
set Ra[216]:=
43 ;
set Ra[217]:=
18 34 35 31 ;
set Ra[218]:=
16 44 42 ;
set Ra[219]:=
16 ;
set Ra[220]:=
11 30 8 ;
set Ra[221]:=
38 10 47 23 7 ;
set Ra[222]:=
49 50 41 36 29 ;
set Ra[223]:=
31 ;
set Ra[224]:=
7 5 30 25 ;
set Ra[225]:=
20 30 2 10 21 8 ;
set Ra[226]:=
22 11 41 14 4 18 ;
set Ra[227]:=
34 9 30 47 18 ;
set Ra[228]:=
16 32 31 ;
set Ra[229]:=
34 22 49 27 19 ;
set Ra[230]:=
14 ;
set Ra[231]:=
36 40 3 29 ;
set Ra[232]:=
1 50 32 ;
set Ra[233]:=
29 49 45 39 30 12 ;
set Ra[234]:=
9 2 ;
set Ra[235]:=
30 23 8 2 21 ;
set Ra[236]:=
5 47 ;
set Ra[237]:=
1 22 13 ;
set Ra[238]:=
8 36 24 16 2 22 ;
set Ra[239]:=
8 34 5 48 7 49 ;
set Ra[240]:=
20 ;
set Ra[241]:=
45 12 3 36 5 ;
set Ra[242]:=
22 ;
set Ra[243]:=
15 40 16 45 ;
set Ra[244]:=
47 ;
set Ra[245]:=
14 ;
set Ra[246]:=
36 29 41 2 40 ;
set Ra[247]:=
31 39 2 25 ;
set Ra[248]:=
43 ;
set Ra[249]:=
33 50 19 ;
set Ra[250]:=
17 13 47 ;
set Ra[251]:=
34 12 23 39 20 ;
set Ra[252]:=
18 49 48 23 20 ;
set Ra[253]:=
6 17 26 47 ;
set Ra[254]:=
47 ;
set Ra[255]:=
30 ;
set Ra[256]:=
47 8 7 22 ;
set Ra[257]:=
5 ;
set Ra[258]:=
22 45 8 10 17 ;
set Ra[259]:=
18 42 32 4 ;
set Ra[260]:=
22 ;
set Ra[261]:=
47 ;
set Ra[262]:=
25 23 47 34 35 19 ;
set Ra[263]:=
20 ;
set Ra[264]:=
27 ;
set Ra[265]:=
41 22 3 8 10 ;
set Ra[266]:=
30 14 27 43 44 25 ;
set Ra[267]:=
24 14 46 34 30 11 ;
set Ra[268]:=
22 4 ;
set Ra[269]:=
34 24 50 35 ;
set Ra[270]:=
26 44 47 ;
set Ra[271]:=
1 43 ;
set Ra[272]:=
17 38 ;
set Ra[273]:=
29 45 14 25 2 47 ;
set Ra[274]:=
50 27 31 10 ;
set Ra[275]:=
36 22 46 49 ;
set Ra[276]:=
40 36 31 33 ;
set Ra[277]:=
43 44 18 14 40 ;
set Ra[278]:=
1 10 ;
set Ra[279]:=
34 ;
set Ra[280]:=
18 ;
set Ra[281]:=
16 22 26 27 14 40 ;
set Ra[282]:=
33 ;
set Ra[283]:=
19 ;
set Ra[284]:=
36 49 ;
set Ra[285]:=
23 35 48 8 37 ;
set Ra[286]:=
3 41 ;
set Ra[287]:=
5 4 29 ;
set Ra[288]:=
43 42 ;
set Ra[289]:=
43 18 34 26 48 37 ;
set Ra[290]:=
26 ;
set Ra[291]:=
6 25 32 20 42 ;
set Ra[292]:=
36 5 35 ;
set Ra[293]:=
27 29 17 45 13 ;
set Ra[294]:=
18 49 12 16 14 30 ;
set Ra[295]:=
15 ;
set Ra[296]:=
46 4 27 9 ;
set Ra[297]:=
37 44 2 50 38 20 ;
set Ra[298]:=
44 16 23 28 29 ;
set Ra[299]:=
32 13 ;
set Ra[300]:=
40 ;
set Ra[301]:=
2 16 27 ;
set Ra[302]:=
20 32 ;
set Ra[303]:=
29 27 12 31 23 ;
set Ra[304]:=
14 44 11 27 40 24 ;
set Ra[305]:=
24 13 ;
set Ra[306]:=
21 50 3 ;
set Ra[307]:=
32 20 27 8 48 3 ;
set Ra[308]:=
15 ;
set Ra[309]:=
48 50 2 43 42 ;
set Ra[310]:=
1 40 36 ;
set Ra[311]:=
20 31 28 23 25 24 ;
set Ra[312]:=
50 23 2 8 ;
set Ra[313]:=
42 24 30 45 34 2 ;
set Ra[314]:=
16 15 42 48 34 26 ;
set Ra[315]:=
4 36 ;
set Ra[316]:=
3 19 48 26 ;
set Ra[317]:=
34 2 10 26 19 ;
set Ra[318]:=
36 10 45 ;
set Ra[319]:=
25 40 ;
set Ra[320]:=
46 10 14 ;
set Ra[321]:=
13 41 21 8 42 39 ;
set Ra[322]:=
9 5 6 28 12 ;
set Ra[323]:=
4 50 43 33 24 37 ;
set Ra[324]:=
27 32 26 29 1 21 ;
set Ra[325]:=
9 2 ;
set Ra[326]:=
45 10 ;
set Ra[327]:=
39 49 6 18 40 21 ;
set Ra[328]:=
2 ;
set Ra[329]:=
11 49 32 ;
set Ra[330]:=
18 1 48 22 14 ;
set Ra[331]:=
12 38 ;
set Ra[332]:=
5 11 25 23 37 ;
set Ra[333]:=
17 44 ;
set Ra[334]:=
47 10 39 34 36 40 ;
set Ra[335]:=
17 20 23 ;
set Ra[336]:=
18 44 2 ;
set Ra[337]:=
13 27 ;
set Ra[338]:=
34 45 33 10 ;
set Ra[339]:=
37 34 23 42 39 40 ;
set Ra[340]:=
34 43 9 4 33 26 ;
set Ra[341]:=
13 9 41 ;
set Ra[342]:=
42 25 ;
set Ra[343]:=
44 ;
set Ra[344]:=
33 13 38 16 44 43 ;
set Ra[345]:=
24 46 33 36 7 ;
set Ra[346]:=
45 37 19 32 14 34 ;
set Ra[347]:=
33 ;
set Ra[348]:=
33 2 36 ;
set Ra[349]:=
35 27 ;
set Ra[350]:=
3 ;
set Ra[351]:=
41 24 29 45 31 ;
set Ra[352]:=
48 38 7 34 ;
set Ra[353]:=
28 ;
set Ra[354]:=
35 39 ;
set Ra[355]:=
32 ;
set Ra[356]:=
1 27 4 32 ;
set Ra[357]:=
10 ;
set Ra[358]:=
7 ;
set Ra[359]:=
47 13 6 23 25 35 ;
set Ra[360]:=
15 2 27 16 ;
set Ra[361]:=
42 46 41 37 21 ;
set Ra[362]:=
48 9 ;
set Ra[363]:=
45 25 ;
set Ra[364]:=
29 45 44 ;
set Ra[365]:=
13 48 ;
set Ra[366]:=
25 21 11 46 8 36 ;
set Ra[367]:=
1 32 11 44 24 ;
set Ra[368]:=
40 ;
set Ra[369]:=
10 39 ;
set Ra[370]:=
14 ;
set Ra[371]:=
23 26 22 46 42 ;
set Ra[372]:=
31 13 41 ;
set Ra[373]:=
40 26 38 9 ;
set Ra[374]:=
17 20 ;
set Ra[375]:=
47 26 17 6 36 24 ;
set Ra[376]:=
33 6 5 13 37 ;
set Ra[377]:=
21 37 ;
set Ra[378]:=
41 5 46 13 ;
set Ra[379]:=
8 ;
set Ra[380]:=
42 ;
set Ra[381]:=
40 28 4 32 6 ;
set Ra[382]:=
27 8 2 15 5 ;
set Ra[383]:=
26 ;
set Ra[384]:=
30 17 49 ;
set Ra[385]:=
50 14 16 43 37 ;
set Ra[386]:=
35 17 ;
set Ra[387]:=
38 37 ;
set Ra[388]:=
39 8 40 44 50 ;
set Ra[389]:=
9 ;
set Ra[390]:=
43 20 25 33 41 3 ;
set Ra[391]:=
12 30 50 ;
set Ra[392]:=
3 4 43 46 ;
set Ra[393]:=
22 ;
set Ra[394]:=
30 7 5 14 35 ;
set Ra[395]:=
39 ;
set Ra[396]:=
31 11 32 1 ;
set Ra[397]:=
13 46 37 ;
set Ra[398]:=
18 15 ;
set Ra[399]:=
50 11 5 41 23 ;
set Ra[400]:=
20 36 16 ;
set Ra[401]:=
9 10 36 ;
set Ra[402]:=
17 9 40 37 34 14 ;
set Ra[403]:=
36 37 41 17 34 ;
set Ra[404]:=
28 32 46 27 3 ;
set Ra[405]:=
11 23 28 ;
set Ra[406]:=
1 38 17 3 18 27 ;
set Ra[407]:=
23 5 20 46 11 8 ;
set Ra[408]:=
34 30 27 ;
set Ra[409]:=
16 48 49 12 43 ;
set Ra[410]:=
18 29 9 50 17 41 ;
set Ra[411]:=
26 8 ;
set Ra[412]:=
29 3 40 ;
set Ra[413]:=
40 29 42 ;
set Ra[414]:=
28 48 39 36 ;
set Ra[415]:=
13 37 23 35 43 2 ;
set Ra[416]:=
10 30 29 38 24 ;
set Ra[417]:=
40 36 17 42 ;
set Ra[418]:=
20 5 ;
set Ra[419]:=
18 28 14 ;
set Ra[420]:=
41 12 22 ;
set Ra[421]:=
10 18 ;
set Ra[422]:=
22 13 11 26 10 ;
set Ra[423]:=
41 39 30 ;
set Ra[424]:=
19 20 4 9 38 18 ;
set Ra[425]:=
35 19 ;
set Ra[426]:=
21 34 5 9 ;
set Ra[427]:=
30 20 44 ;
set Ra[428]:=
45 22 ;
set Ra[429]:=
2 43 ;
set Ra[430]:=
8 39 49 21 ;
set Ra[431]:=
4 40 ;
set Ra[432]:=
16 37 40 10 38 ;
set Ra[433]:=
31 23 50 21 34 48 ;
set Ra[434]:=
28 ;
set Ra[435]:=
25 12 47 36 35 ;
set Ra[436]:=
14 19 ;
set Ra[437]:=
21 35 22 23 ;
set Ra[438]:=
16 49 31 ;
set Ra[439]:=
45 31 37 27 ;
set Ra[440]:=
32 7 10 25 11 ;
set Ra[441]:=
45 21 41 49 ;
set Ra[442]:=
20 50 43 36 27 ;
set Ra[443]:=
7 4 17 13 42 ;
set Ra[444]:=
28 21 34 3 5 41 ;
set Ra[445]:=
31 45 ;
set Ra[446]:=
41 38 16 21 27 ;
set Ra[447]:=
2 10 39 ;
set Ra[448]:=
32 9 12 14 23 ;
set Ra[449]:=
6 48 3 9 ;
set Ra[450]:=
49 21 3 42 16 ;
set Ra[451]:=
45 38 8 34 37 13 ;
set Ra[452]:=
46 ;
set Ra[453]:=
36 ;
set Ra[454]:=
10 12 25 46 ;
set Ra[455]:=
5 21 30 38 29 ;
set Ra[456]:=
37 23 9 19 3 10 ;
set Ra[457]:=
4 48 25 3 1 11 ;
set Ra[458]:=
20 3 8 50 22 ;
set Ra[459]:=
34 41 35 ;
set Ra[460]:=
8 44 6 ;
set Ra[461]:=
47 ;
set Ra[462]:=
33 9 15 43 47 ;
set Ra[463]:=
35 38 36 ;
set Ra[464]:=
42 1 28 20 43 34 ;
set Ra[465]:=
28 24 49 46 22 ;
set Ra[466]:=
18 46 33 ;
set Ra[467]:=
13 49 18 16 41 ;
set Ra[468]:=
22 ;
set Ra[469]:=
8 20 ;
set Ra[470]:=
29 ;
set Ra[471]:=
3 48 32 ;
set Ra[472]:=
23 35 3 ;
set Ra[473]:=
46 ;
set Ra[474]:=
18 42 ;
set Ra[475]:=
27 18 26 13 ;
set Ra[476]:=
41 36 ;
set Ra[477]:=
40 ;
set Ra[478]:=
36 28 11 26 ;
set Ra[479]:=
22 23 47 32 50 42 ;
set Ra[480]:=
30 32 46 14 ;
set Ra[481]:=
9 10 ;
set Ra[482]:=
38 26 34 33 ;
set Ra[483]:=
22 44 ;
set Ra[484]:=
47 3 6 34 ;
set Ra[485]:=
45 29 2 ;
set Ra[486]:=
4 48 25 ;
set Ra[487]:=
4 44 10 13 39 15 ;
set Ra[488]:=
46 35 24 18 ;
set Ra[489]:=
35 ;
set Ra[490]:=
30 38 ;
set Ra[491]:=
13 ;
set Ra[492]:=
45 14 7 ;
set Ra[493]:=
11 ;
set Ra[494]:=
14 16 ;
set Ra[495]:=
16 46 ;
set Ra[496]:=
40 39 6 37 3 43 ;
set Ra[497]:=
17 39 3 42 ;
set Ra[498]:=
27 34 33 ;
set Ra[499]:=
10 13 31 ;
set Ra[500]:=
1 3 20 31 ;
set Ra[501]:=
8 ;
set Ra[502]:=
50 27 39 42 ;
set Ra[503]:=
6 ;
set Ra[504]:=
12 35 ;
set Ra[505]:=
44 28 17 29 10 ;
set Ra[506]:=
46 48 24 ;
set Ra[507]:=
49 31 19 35 ;
set Ra[508]:=
10 50 6 8 ;
set Ra[509]:=
11 37 21 9 49 ;
set Ra[510]:=
28 34 46 33 48 ;
set Ra[511]:=
10 49 46 ;
set Ra[512]:=
14 26 9 36 ;
set Ra[513]:=
47 24 40 41 18 1 ;
set Ra[514]:=
1 41 43 ;
set Ra[515]:=
47 36 2 ;
set Ra[516]:=
14 30 9 8 48 ;
set Ra[517]:=
33 46 3 27 ;
set Ra[518]:=
29 28 9 ;
set Ra[519]:=
33 36 3 ;
set Ra[520]:=
40 15 19 5 46 7 ;
set Ra[521]:=
41 46 15 23 19 ;
set Ra[522]:=
49 ;
set Ra[523]:=
45 43 27 30 ;
set Ra[524]:=
7 45 ;
set Ra[525]:=
21 33 4 3 11 ;
set Ra[526]:=
19 ;
set Ra[527]:=
33 34 22 48 44 ;
set Ra[528]:=
3 2 13 30 16 8 ;
set Ra[529]:=
44 47 13 27 2 ;
set Ra[530]:=
48 40 50 43 30 17 ;
set Ra[531]:=
20 27 28 9 ;
set Ra[532]:=
7 31 ;
set Ra[533]:=
4 42 1 ;
set Ra[534]:=
29 5 ;
set Ra[535]:=
15 18 20 27 26 7 ;
set Ra[536]:=
40 20 28 ;
set Ra[537]:=
8 34 ;
set Ra[538]:=
31 23 ;
set Ra[539]:=
30 ;
set Ra[540]:=
14 ;
set Ra[541]:=
41 8 30 5 40 23 ;
set Ra[542]:=
35 8 18 3 ;
set Ra[543]:=
40 47 20 37 36 15 ;
set Ra[544]:=
1 44 4 31 29 13 ;
set Ra[545]:=
9 46 ;
set Ra[546]:=
23 ;
set Ra[547]:=
4 14 32 49 11 10 ;
set Ra[548]:=
18 24 ;
set Ra[549]:=
26 20 3 6 41 4 ;
set Ra[550]:=
38 12 9 24 14 ;
set Ra[551]:=
2 21 ;
set Ra[552]:=
25 40 ;
set Ra[553]:=
21 27 30 28 16 ;
set Ra[554]:=
6 ;
set Ra[555]:=
5 3 ;
set Ra[556]:=
27 22 1 ;
set Ra[557]:=
4 31 45 26 ;
set Ra[558]:=
5 34 29 ;
set Ra[559]:=
46 48 ;
set Ra[560]:=
23 6 32 ;
set Ra[561]:=
37 40 9 6 5 48 ;
set Ra[562]:=
48 46 47 40 3 6 ;
set Ra[563]:=
2 ;
set Ra[564]:=
18 27 11 8 26 ;
set Ra[565]:=
26 49 31 3 10 ;
set Ra[566]:=
15 1 3 ;
set Ra[567]:=
15 ;
set Ra[568]:=
13 16 35 ;
set Ra[569]:=
19 46 47 ;
set Ra[570]:=
24 31 ;
set Ra[571]:=
45 ;
set Ra[572]:=
39 31 34 1 ;
set Ra[573]:=
39 7 47 34 ;
set Ra[574]:=
43 2 5 41 33 26 ;
set Ra[575]:=
7 2 ;
set Ra[576]:=
4 2 47 ;
set Ra[577]:=
33 40 41 12 29 ;
set Ra[578]:=
9 14 46 2 34 24 ;
set Ra[579]:=
10 ;
set Ra[580]:=
10 ;
set Ra[581]:=
44 15 31 2 4 7 ;
set Ra[582]:=
11 47 33 44 13 14 ;
set Ra[583]:=
32 11 ;
set Ra[584]:=
4 6 11 ;
set Ra[585]:=
8 40 50 44 45 ;
set Ra[586]:=
28 39 6 11 34 29 ;
set Ra[587]:=
50 45 46 21 33 41 ;
set Ra[588]:=
6 38 43 35 10 49 ;
set Ra[589]:=
13 ;
set Ra[590]:=
12 48 1 49 7 ;
set Ra[591]:=
44 29 36 32 42 ;
set Ra[592]:=
44 16 45 47 8 29 ;
set Ra[593]:=
9 5 24 ;
set Ra[594]:=
37 ;
set Ra[595]:=
34 15 35 29 ;
set Ra[596]:=
40 6 ;
set Ra[597]:=
45 11 32 19 22 ;
set Ra[598]:=
18 47 44 ;
set Ra[599]:=
38 45 5 ;
set Ra[600]:=
43 31 ;
set Ra[601]:=
7 22 38 1 44 31 ;
set Ra[602]:=
14 44 39 9 ;
set Ra[603]:=
40 35 28 46 ;
set Ra[604]:=
50 26 9 49 ;
set Ra[605]:=
29 ;
set Ra[606]:=
2 46 34 32 11 27 ;
set Ra[607]:=
28 46 ;
set Ra[608]:=
40 29 10 ;
set Ra[609]:=
26 23 18 41 17 ;
set Ra[610]:=
42 13 18 47 23 ;
set Ra[611]:=
28 33 ;
set Ra[612]:=
4 47 ;
set Ra[613]:=
39 29 41 43 50 ;
set Ra[614]:=
7 37 38 27 30 9 ;
set Ra[615]:=
39 4 12 11 30 ;
set Ra[616]:=
5 ;
set Ra[617]:=
29 ;
set Ra[618]:=
24 7 3 44 ;
set Ra[619]:=
22 32 45 29 ;
set Ra[620]:=
24 18 41 25 ;
set Ra[621]:=
5 ;
set Ra[622]:=
22 7 12 43 ;
set Ra[623]:=
18 26 ;
set Ra[624]:=
4 36 33 40 44 25 ;
set Ra[625]:=
13 ;
set Ra[626]:=
12 ;
set Ra[627]:=
15 33 2 48 11 ;
set Ra[628]:=
43 11 21 ;
set Ra[629]:=
10 33 32 17 ;
set Ra[630]:=
47 11 46 ;
set Ra[631]:=
34 27 ;
set Ra[632]:=
48 18 42 ;
set Ra[633]:=
21 38 39 45 ;
set Ra[634]:=
47 50 ;
set Ra[635]:=
38 4 22 ;
set Ra[636]:=
2 40 10 46 1 22 ;
set Ra[637]:=
26 4 11 13 34 ;
set Ra[638]:=
15 40 36 44 ;
set Ra[639]:=
21 42 ;
set Ra[640]:=
35 43 18 21 27 17 ;
set Ra[641]:=
38 48 15 28 19 18 ;
set Ra[642]:=
36 ;
set Ra[643]:=
32 ;
set Ra[644]:=
17 8 18 ;
set Ra[645]:=
9 2 6 24 ;
set Ra[646]:=
27 24 23 ;
set Ra[647]:=
14 ;
set Ra[648]:=
39 47 ;
set Ra[649]:=
33 20 ;
set Ra[650]:=
22 40 50 32 29 37 ;
set Ra[651]:=
46 31 3 27 41 25 ;
set Ra[652]:=
4 6 37 8 43 ;
set Ra[653]:=
11 23 22 8 ;
set Ra[654]:=
12 24 30 33 26 ;
set Ra[655]:=
26 1 ;
set Ra[656]:=
41 44 4 ;
set Ra[657]:=
22 30 ;
set Ra[658]:=
3 14 42 35 19 ;
set Ra[659]:=
35 24 36 ;
set Ra[660]:=
24 15 20 ;
set Ra[661]:=
50 ;
set Ra[662]:=
4 17 ;
set Ra[663]:=
49 46 8 27 45 10 ;
set Ra[664]:=
38 20 36 ;
set Ra[665]:=
12 8 9 3 ;
set Ra[666]:=
3 8 25 40 49 ;
set Ra[667]:=
44 ;
set Ra[668]:=
47 14 44 35 49 50 ;
set Ra[669]:=
40 47 3 1 ;
set Ra[670]:=
30 49 28 34 ;
set Ra[671]:=
49 10 14 27 26 ;
set Ra[672]:=
26 22 37 ;
set Ra[673]:=
32 16 42 ;
set Ra[674]:=
5 ;
set Ra[675]:=
49 22 ;
set Ra[676]:=
15 4 6 16 ;
set Ra[677]:=
47 10 ;
set Ra[678]:=
8 21 17 1 10 28 ;
set Ra[679]:=
22 28 ;
set Ra[680]:=
39 ;
set Ra[681]:=
10 47 34 2 37 ;
set Ra[682]:=
31 39 25 24 ;
set Ra[683]:=
23 ;
set Ra[684]:=
47 49 36 ;
set Ra[685]:=
27 ;
set Ra[686]:=
49 15 14 12 21 ;
set Ra[687]:=
39 22 17 45 31 48 ;
set Ra[688]:=
20 ;
set Ra[689]:=
15 13 ;
set Ra[690]:=
10 17 30 ;
set Ra[691]:=
20 18 42 46 21 35 ;
set Ra[692]:=
22 13 15 ;
set Ra[693]:=
44 6 15 42 ;
set Ra[694]:=
2 ;
set Ra[695]:=
49 37 7 ;
set Ra[696]:=
30 ;
set Ra[697]:=
11 14 ;
set Ra[698]:=
22 49 40 ;
set Ra[699]:=
20 ;
set Ra[700]:=
6 17 ;
set Ra[701]:=
40 ;
set Ra[702]:=
17 5 35 18 25 ;
set Ra[703]:=
48 ;
set Ra[704]:=
42 36 34 50 ;
set Ra[705]:=
32 42 34 31 ;
set Ra[706]:=
50 47 21 26 44 ;
set Ra[707]:=
1 32 34 ;
set Ra[708]:=
48 4 37 33 ;
set Ra[709]:=
27 32 4 ;
set Ra[710]:=
25 ;
set Ra[711]:=
1 ;
set Ra[712]:=
3 ;
set Ra[713]:=
37 32 5 ;
set Ra[714]:=
32 49 50 29 1 ;
set Ra[715]:=
48 2 15 46 8 ;
set Ra[716]:=
1 17 43 41 ;
set Ra[717]:=
33 22 39 ;
set Ra[718]:=
14 ;
set Ra[719]:=
35 17 32 ;
set Ra[720]:=
22 10 46 ;
set Ra[721]:=
10 49 18 ;
set Ra[722]:=
50 2 24 19 ;
set Ra[723]:=
39 8 37 31 42 ;
set Ra[724]:=
11 27 8 49 ;
set Ra[725]:=
15 5 46 ;
set Ra[726]:=
28 ;
set Ra[727]:=
30 ;
set Ra[728]:=
37 27 23 ;
set Ra[729]:=
35 ;
set Ra[730]:=
38 39 3 18 28 ;
set Ra[731]:=
13 32 40 7 6 ;
set Ra[732]:=
3 25 20 13 45 ;
set Ra[733]:=
4 7 22 ;
set Ra[734]:=
13 25 ;
set Ra[735]:=
26 50 40 ;
set Ra[736]:=
9 5 11 48 24 29 ;
set Ra[737]:=
24 19 30 ;
set Ra[738]:=
5 23 19 ;
set Ra[739]:=
41 47 ;
set Ra[740]:=
40 ;
set Ra[741]:=
15 38 7 6 31 13 ;
set Ra[742]:=
1 29 48 ;
set Ra[743]:=
42 21 1 43 5 ;
set Ra[744]:=
19 8 14 20 40 ;
set Ra[745]:=
49 41 ;
set Ra[746]:=
28 48 39 2 ;
set Ra[747]:=
28 35 2 9 32 ;
set Ra[748]:=
4 46 34 44 37 ;
set Ra[749]:=
31 22 ;
set Ra[750]:=
36 ;
set Ra[751]:=
7 44 2 43 1 ;
set Ra[752]:=
42 47 22 ;
set Ra[753]:=
15 38 22 11 21 10 ;
set Ra[754]:=
45 38 33 18 25 20 ;
set Ra[755]:=
26 47 ;
set Ra[756]:=
26 30 35 47 ;
set Ra[757]:=
31 46 39 34 12 ;
set Ra[758]:=
2 3 45 21 ;
set Ra[759]:=
31 7 ;
set Ra[760]:=
19 42 25 ;
set Ra[761]:=
6 ;
set Ra[762]:=
24 2 8 10 29 30 ;
set Ra[763]:=
36 31 27 48 ;
set Ra[764]:=
46 30 22 ;
set Ra[765]:=
16 32 11 15 ;
set Ra[766]:=
3 43 ;
set Ra[767]:=
48 46 36 ;
set Ra[768]:=
45 37 30 50 ;
set Ra[769]:=
50 43 27 3 ;
set Ra[770]:=
11 46 29 ;
set Ra[771]:=
16 36 6 25 30 34 ;
set Ra[772]:=
37 25 44 47 38 ;
set Ra[773]:=
12 33 10 37 ;
set Ra[774]:=
14 49 ;
set Ra[775]:=
17 30 7 39 ;
set Ra[776]:=
25 13 27 11 15 ;
set Ra[777]:=
12 27 9 30 10 48 ;
set Ra[778]:=
25 24 27 26 ;
set Ra[779]:=
7 5 8 27 28 ;
set Ra[780]:=
32 34 10 43 18 6 ;
set Ra[781]:=
31 12 45 20 ;
set Ra[782]:=
10 39 15 ;
set Ra[783]:=
38 46 27 5 42 15 ;
set Ra[784]:=
23 11 ;
set Ra[785]:=
43 9 34 20 40 33 ;
set Ra[786]:=
4 7 35 28 ;
set Ra[787]:=
38 26 ;
set Ra[788]:=
18 ;
set Ra[789]:=
24 10 ;
set Ra[790]:=
24 6 31 47 ;
set Ra[791]:=
35 47 23 ;
set Ra[792]:=
18 30 32 13 9 ;
set Ra[793]:=
16 ;
set Ra[794]:=
20 16 12 9 14 ;
set Ra[795]:=
45 44 31 ;
set Ra[796]:=
24 15 2 17 ;
set Ra[797]:=
5 23 42 49 29 ;
set Ra[798]:=
38 10 ;
set Ra[799]:=
13 23 29 28 ;
set Ra[800]:=
33 21 19 34 45 ;
set Ra[801]:=
49 25 31 33 17 ;
set Ra[802]:=
21 15 4 6 10 16 ;
set Ra[803]:=
33 26 16 5 46 ;
set Ra[804]:=
6 27 9 39 49 ;
set Ra[805]:=
2 ;
set Ra[806]:=
27 39 35 21 25 16 ;
set Ra[807]:=
34 ;
set Ra[808]:=
39 ;
set Ra[809]:=
35 41 ;
set Ra[810]:=
11 36 44 41 ;
set Ra[811]:=
9 6 32 ;
set Ra[812]:=
36 22 ;
set Ra[813]:=
41 15 29 13 ;
set Ra[814]:=
10 17 34 ;
set Ra[815]:=
8 ;
set Ra[816]:=
13 28 23 44 3 50 ;
set Ra[817]:=
17 ;
set Ra[818]:=
2 48 11 ;
set Ra[819]:=
30 44 ;
set Ra[820]:=
18 10 5 37 23 39 ;
set Ra[821]:=
42 21 31 12 23 41 ;
set Ra[822]:=
25 41 28 ;
set Ra[823]:=
28 7 23 6 17 47 ;
set Ra[824]:=
26 ;
set Ra[825]:=
18 45 48 35 46 49 ;
set Ra[826]:=
45 42 38 12 37 ;
set Ra[827]:=
11 44 24 20 9 ;
set Ra[828]:=
40 29 4 20 31 9 ;
set Ra[829]:=
27 ;
set Ra[830]:=
22 13 34 49 ;
set Ra[831]:=
1 ;
set Ra[832]:=
43 39 32 7 30 ;
set Ra[833]:=
29 ;
set Ra[834]:=
4 ;
set Ra[835]:=
11 ;
set Ra[836]:=
23 8 36 6 17 ;
set Ra[837]:=
29 38 35 43 5 7 ;
set Ra[838]:=
24 ;
set Ra[839]:=
4 5 2 31 ;
set Ra[840]:=
42 ;
set Ra[841]:=
27 3 34 25 ;
set Ra[842]:=
19 ;
set Ra[843]:=
15 1 ;
set Ra[844]:=
42 1 4 24 3 28 ;
set Ra[845]:=
46 50 47 43 37 ;
set Ra[846]:=
49 ;
set Ra[847]:=
13 31 10 ;
set Ra[848]:=
36 28 37 ;
set Ra[849]:=
15 17 ;
set Ra[850]:=
43 ;
set Ra[851]:=
24 41 22 19 15 ;
set Ra[852]:=
48 20 ;
set Ra[853]:=
46 19 15 39 ;
set Ra[854]:=
22 5 25 26 ;
set Ra[855]:=
31 ;
set Ra[856]:=
36 49 18 47 5 27 ;
set Ra[857]:=
27 43 41 ;
set Ra[858]:=
24 4 6 43 37 8 ;
set Ra[859]:=
1 ;
set Ra[860]:=
29 ;
set Ra[861]:=
37 50 17 46 ;
set Ra[862]:=
47 ;
set Ra[863]:=
23 37 27 ;
set Ra[864]:=
18 ;
set Ra[865]:=
45 ;
set Ra[866]:=
22 34 23 ;
set Ra[867]:=
5 45 25 3 14 13 ;
set Ra[868]:=
22 3 8 ;
set Ra[869]:=
42 ;
set Ra[870]:=
14 6 ;
set Ra[871]:=
36 30 40 34 2 8 ;
set Ra[872]:=
22 ;
set Ra[873]:=
42 34 2 ;
set Ra[874]:=
48 21 33 9 35 ;
set Ra[875]:=
35 1 16 45 4 19 ;
set Ra[876]:=
25 9 40 37 19 ;
set Ra[877]:=
27 39 ;
set Ra[878]:=
24 42 ;
set Ra[879]:=
29 48 10 20 ;
set Ra[880]:=
50 17 44 8 ;
set Ra[881]:=
18 42 23 17 33 1 ;
set Ra[882]:=
42 4 32 23 19 14 ;
set Ra[883]:=
36 5 39 ;
set Ra[884]:=
32 45 7 35 15 6 ;
set Ra[885]:=
34 21 15 17 13 45 ;
set Ra[886]:=
22 8 16 2 14 ;
set Ra[887]:=
18 9 39 ;
set Ra[888]:=
2 5 37 12 ;
set Ra[889]:=
10 18 12 17 19 ;
set Ra[890]:=
36 38 15 ;
set Ra[891]:=
44 48 ;
set Ra[892]:=
22 38 49 ;
set Ra[893]:=
42 3 26 ;
set Ra[894]:=
40 24 22 ;
set Ra[895]:=
17 37 42 18 10 9 ;
set Ra[896]:=
16 11 19 7 35 ;
set Ra[897]:=
25 35 39 38 ;
set Ra[898]:=
12 30 47 20 ;
set Ra[899]:=
32 27 18 ;
set Ra[900]:=
17 14 50 ;
set Ra[901]:=
38 5 26 17 ;
set Ra[902]:=
24 ;
set Ra[903]:=
22 ;
set Ra[904]:=
50 6 45 33 38 36 ;
set Ra[905]:=
27 49 15 ;
set Ra[906]:=
17 ;
set Ra[907]:=
27 ;
set Ra[908]:=
32 2 47 18 42 ;
set Ra[909]:=
33 28 11 12 ;
set Ra[910]:=
31 25 20 3 ;
set Ra[911]:=
19 6 ;
set Ra[912]:=
32 42 12 2 1 14 ;
set Ra[913]:=
28 3 15 ;
set Ra[914]:=
12 34 46 17 40 42 ;
set Ra[915]:=
22 26 11 43 49 ;
set Ra[916]:=
3 ;
set Ra[917]:=
33 34 13 41 30 40 ;
set Ra[918]:=
44 40 14 ;
set Ra[919]:=
42 38 39 ;
set Ra[920]:=
4 34 14 ;
set Ra[921]:=
25 4 7 21 35 ;
set Ra[922]:=
8 5 ;
set Ra[923]:=
13 20 36 ;
set Ra[924]:=
30 29 25 32 ;
set Ra[925]:=
13 10 29 11 ;
set Ra[926]:=
4 35 13 8 ;
set Ra[927]:=
24 23 18 ;
set Ra[928]:=
1 40 39 ;
set Ra[929]:=
26 27 5 29 24 ;
set Ra[930]:=
34 35 30 ;
set Ra[931]:=
42 15 21 36 5 48 ;
set Ra[932]:=
29 11 42 19 46 18 ;
set Ra[933]:=
28 ;
set Ra[934]:=
40 38 26 ;
set Ra[935]:=
18 ;
set Ra[936]:=
42 14 ;
set Ra[937]:=
34 26 31 17 ;
set Ra[938]:=
36 46 ;
set Ra[939]:=
33 49 13 16 ;
set Ra[940]:=
26 40 34 ;
set Ra[941]:=
26 42 10 ;
set Ra[942]:=
29 12 1 18 37 27 ;
set Ra[943]:=
50 15 45 41 ;
set Ra[944]:=
9 7 ;
set Ra[945]:=
35 48 7 5 ;
set Ra[946]:=
36 7 ;
set Ra[947]:=
33 1 26 45 19 22 ;
set Ra[948]:=
20 3 18 16 26 ;
set Ra[949]:=
29 2 17 23 22 26 ;
set Ra[950]:=
44 18 48 ;
set Ra[951]:=
3 40 2 23 38 ;
set Ra[952]:=
3 15 37 ;
set Ra[953]:=
23 38 37 27 49 31 ;
set Ra[954]:=
45 19 5 ;
set Ra[955]:=
1 18 4 ;
set Ra[956]:=
10 ;
set Ra[957]:=
35 12 47 37 15 31 ;
set Ra[958]:=
41 13 ;
set Ra[959]:=
48 4 36 50 ;
set Ra[960]:=
22 36 33 ;
set Ra[961]:=
9 28 31 23 15 ;
set Ra[962]:=
35 34 25 37 21 ;
set Ra[963]:=
49 38 41 ;
set Ra[964]:=
1 26 36 14 8 ;
set Ra[965]:=
40 20 16 12 49 ;
set Ra[966]:=
48 8 41 33 ;
set Ra[967]:=
9 ;
set Ra[968]:=
10 48 27 3 ;
set Ra[969]:=
39 30 44 ;
set Ra[970]:=
1 28 42 3 17 41 ;
set Ra[971]:=
25 9 36 30 47 22 ;
set Ra[972]:=
40 48 19 29 ;
set Ra[973]:=
21 42 5 13 9 ;
set Ra[974]:=
14 47 ;
set Ra[975]:=
44 20 24 42 ;
set Ra[976]:=
26 ;
set Ra[977]:=
39 17 7 41 24 ;
set Ra[978]:=
7 28 50 30 15 21 ;
set Ra[979]:=
6 27 49 29 32 11 ;
set Ra[980]:=
48 17 ;
set Ra[981]:=
37 29 ;
set Ra[982]:=
19 26 38 23 15 ;
set Ra[983]:=
43 ;
set Ra[984]:=
3 1 9 35 20 27 ;
set Ra[985]:=
12 33 35 4 ;
set Ra[986]:=
49 34 40 31 2 ;
set Ra[987]:=
48 8 6 31 24 ;
set Ra[988]:=
34 5 21 46 ;
set Ra[989]:=
18 4 39 6 28 ;
set Ra[990]:=
30 42 16 ;
set Ra[991]:=
15 12 22 34 ;
set Ra[992]:=
46 13 20 50 ;
set Ra[993]:=
17 ;
set Ra[994]:=
25 8 50 ;
set Ra[995]:=
50 ;
set Ra[996]:=
12 39 23 37 ;
set Ra[997]:=
10 45 41 ;
set Ra[998]:=
4 32 36 ;
set Ra[999]:=
37 ;
set Ra[1000]:=
13 ;
set Ra[1001]:=
2 33 11 27 29 4 ;
set Ra[1002]:=
28 50 25 34 43 23 ;
set Ra[1003]:=
12 26 28 48 31 ;
set Ra[1004]:=
11 48 ;
set Ra[1005]:=
32 37 46 14 11 34 ;
set Ra[1006]:=
14 3 39 34 ;
set Ra[1007]:=
22 37 29 ;
set Ra[1008]:=
15 42 40 30 19 38 ;
set Ra[1009]:=
11 50 24 38 39 ;
set Ra[1010]:=
6 17 8 38 5 ;
set Ra[1011]:=
43 25 29 22 42 ;
set Ra[1012]:=
26 34 ;
set Ra[1013]:=
30 11 9 44 27 28 ;
set Ra[1014]:=
21 ;
set Ra[1015]:=
5 28 ;
set Ra[1016]:=
16 ;
set Ra[1017]:=
21 30 14 43 48 ;
set Ra[1018]:=
2 26 ;
set Ra[1019]:=
44 ;
set Ra[1020]:=
46 19 37 ;
set Ra[1021]:=
8 5 21 ;
set Ra[1022]:=
26 30 11 2 ;
set Ra[1023]:=
1 16 25 ;
set Ra[1024]:=
22 24 28 30 3 33 ;
set Ra[1025]:=
36 43 23 4 ;
set Ra[1026]:=
11 ;
set Ra[1027]:=
5 3 ;
set Ra[1028]:=
26 37 23 ;
set Ra[1029]:=
1 ;
set Ra[1030]:=
15 22 12 35 41 2 ;
set Ra[1031]:=
48 47 30 50 ;
set Ra[1032]:=
36 29 ;
set Ra[1033]:=
9 39 19 47 ;
set Ra[1034]:=
36 18 27 6 28 ;
set Ra[1035]:=
43 44 ;
set Ra[1036]:=
24 21 3 7 ;
set Ra[1037]:=
35 28 29 38 ;
set Ra[1038]:=
43 49 32 34 ;
set Ra[1039]:=
7 ;
set Ra[1040]:=
42 ;
set Ra[1041]:=
2 14 39 48 32 15 ;
set Ra[1042]:=
33 1 47 31 ;
set Ra[1043]:=
40 7 2 ;
set Ra[1044]:=
4 39 31 ;
set Ra[1045]:=
28 23 38 ;
set Ra[1046]:=
13 10 ;
set Ra[1047]:=
9 16 41 25 ;
set Ra[1048]:=
14 48 11 9 ;
set Ra[1049]:=
9 45 26 42 ;
set Ra[1050]:=
40 34 ;
set Ra[1051]:=
31 20 ;
set Ra[1052]:=
10 21 37 39 50 ;
set Ra[1053]:=
9 29 38 18 20 ;
set Ra[1054]:=
50 39 28 23 5 1 ;
set Ra[1055]:=
38 20 1 ;
set Ra[1056]:=
48 37 19 49 ;
set Ra[1057]:=
22 47 36 37 ;
set Ra[1058]:=
27 42 15 4 ;
set Ra[1059]:=
45 9 46 ;
set Ra[1060]:=
3 1 ;
set Ra[1061]:=
50 43 ;
set Ra[1062]:=
13 ;
set Ra[1063]:=
44 37 47 25 ;
set Ra[1064]:=
7 44 34 ;
set Ra[1065]:=
6 45 13 46 27 23 ;
set Ra[1066]:=
1 11 40 48 3 ;
set Ra[1067]:=
26 21 17 15 41 ;
set Ra[1068]:=
3 19 ;
set Ra[1069]:=
1 3 38 46 ;
set Ra[1070]:=
7 ;
set Ra[1071]:=
5 36 47 26 23 18 ;
set Ra[1072]:=
30 11 49 34 ;
set Ra[1073]:=
37 20 9 29 ;
set Ra[1074]:=
44 12 ;
set Ra[1075]:=
32 2 18 31 30 34 ;
set Ra[1076]:=
28 45 41 ;
set Ra[1077]:=
36 ;
set Ra[1078]:=
22 2 50 42 ;
set Ra[1079]:=
47 37 11 ;
set Ra[1080]:=
43 25 44 22 1 15 ;
set Ra[1081]:=
29 32 38 4 ;
set Ra[1082]:=
14 1 ;
set Ra[1083]:=
7 32 ;
set Ra[1084]:=
48 35 25 17 ;
set Ra[1085]:=
20 13 ;
set Ra[1086]:=
47 40 26 19 27 14 ;
set Ra[1087]:=
6 1 21 41 3 36 ;
set Ra[1088]:=
26 10 41 42 5 34 ;
set Ra[1089]:=
47 5 44 12 ;
set Ra[1090]:=
46 45 27 ;
set Ra[1091]:=
42 9 20 15 16 10 ;
set Ra[1092]:=
2 47 38 1 ;
set Ra[1093]:=
23 33 ;
set Ra[1094]:=
5 2 26 ;
set Ra[1095]:=
9 17 36 10 46 38 ;
set Ra[1096]:=
40 6 ;
set Ra[1097]:=
25 33 ;
set Ra[1098]:=
11 13 48 5 ;
set Ra[1099]:=
3 28 ;
set Ra[1100]:=
19 48 25 28 31 ;
set Ra[1101]:=
7 32 13 15 19 ;
set Ra[1102]:=
18 ;
set Ra[1103]:=
2 14 21 30 7 3 ;
set Ra[1104]:=
35 18 7 19 29 ;
set Ra[1105]:=
6 32 24 13 14 ;
set Ra[1106]:=
7 13 46 3 17 30 ;
set Ra[1107]:=
8 25 5 ;
set Ra[1108]:=
16 27 ;
set Ra[1109]:=
22 25 39 14 ;
set Ra[1110]:=
42 26 35 6 3 30 ;
set Ra[1111]:=
38 22 2 ;
set Ra[1112]:=
29 30 28 1 3 42 ;
set Ra[1113]:=
28 18 14 42 ;
set Ra[1114]:=
6 34 13 ;
set Ra[1115]:=
34 38 2 3 39 21 ;
set Ra[1116]:=
32 14 3 ;
set Ra[1117]:=
28 ;
set Ra[1118]:=
38 11 ;
set Ra[1119]:=
23 42 46 24 26 28 ;
set Ra[1120]:=
32 10 21 ;
set Ra[1121]:=
22 11 23 32 26 ;
set Ra[1122]:=
39 9 ;
set Ra[1123]:=
6 16 1 19 49 ;
set Ra[1124]:=
22 7 24 9 12 44 ;
set Ra[1125]:=
3 27 23 19 5 21 ;
set Ra[1126]:=
23 35 5 24 45 ;
set Ra[1127]:=
44 10 13 40 4 5 ;
set Ra[1128]:=
42 ;
set Ra[1129]:=
50 ;
set Ra[1130]:=
46 2 21 13 ;
set Ra[1131]:=
17 47 19 31 26 ;
set Ra[1132]:=
12 16 15 11 ;
set Ra[1133]:=
44 37 4 50 19 48 ;
set Ra[1134]:=
4 19 24 ;
set Ra[1135]:=
6 ;
set Ra[1136]:=
40 25 ;
set Ra[1137]:=
48 28 ;
set Ra[1138]:=
7 29 32 ;
set Ra[1139]:=
23 2 6 4 ;
set Ra[1140]:=
2 33 ;
set Ra[1141]:=
28 41 ;
set Ra[1142]:=
1 13 48 45 ;
set Ra[1143]:=
47 ;
set Ra[1144]:=
15 1 14 20 ;
set Ra[1145]:=
5 42 17 46 33 ;
set Ra[1146]:=
32 4 ;
set Ra[1147]:=
44 24 28 14 37 ;
set Ra[1148]:=
14 ;

set Ts[1]:=
2_19_20 4_11_12 1_17_18 3_11_12 4_1_2 3_7_8 2_7_8 ;
set Ts[2]:=
4_17_18 5_5_6 ;
set Ts[3]:=
1_13_14 3_1_2 2_13_14 3_19_20 2_17_18 3_5_6 1_19_20 ;
set Ts[4]:=
4_5_6 2_15_16 1_11_12 4_15_16 5_19_20 ;
set Ts[5]:=
5_11_12 5_9_10 1_11_12 5_17_18 2_7_8 2_11_12 4_1_2 1_13_14 4_5_6 ;
set Ts[6]:=
2_9_10 1_17_18 4_1_2 4_7_8 2_15_16 2_13_14 2_7_8 3_5_6 ;
set Ts[7]:=
3_1_2 2_9_10 5_19_20 2_17_18 4_5_6 1_9_10 2_3_4 1_1_2 ;
set Ts[8]:=
4_13_14 4_11_12 2_19_20 2_1_2 4_17_18 3_5_6 1_1_2 4_7_8 ;
set Ts[9]:=
3_1_2 2_11_12 2_13_14 4_19_20 3_17_18 2_17_18 4_7_8 2_7_8 1_17_18 ;
set Ts[10]:=
2_15_16 2_9_10 5_15_16 ;
set Ts[11]:=
4_15_16 5_19_20 2_13_14 4_1_2 4_13_14 ;
set Ts[12]:=
4_1_2 5_5_6 5_3_4 ;
set Ts[13]:=
1_5_6 2_15_16 2_9_10 1_17_18 ;
set Ts[14]:=
2_1_2 5_3_4 ;
set Ts[15]:=
4_9_10 3_13_14 2_7_8 3_11_12 1_5_6 2_19_20 5_15_16 1_11_12 5_7_8 5_1_2 5_9_10 ;
set Ts[16]:=
4_15_16 1_15_16 5_3_4 2_5_6 1_17_18 4_9_10 ;
set Ts[17]:=
1_9_10 3_13_14 5_3_4 3_5_6 5_9_10 5_13_14 2_15_16 2_7_8 4_3_4 ;
set Ts[18]:=
1_3_4 4_13_14 5_5_6 1_9_10 ;
set Ts[19]:=
3_11_12 3_7_8 2_11_12 1_19_20 3_13_14 3_3_4 3_19_20 4_5_6 1_9_10 ;
set Ts[20]:=
3_13_14 3_5_6 4_1_2 4_7_8 ;
set Ts[21]:=
1_11_12 3_1_2 5_11_12 1_5_6 4_19_20 5_17_18 5_13_14 ;
set Ts[22]:=
4_15_16 5_9_10 ;
set Ts[23]:=
4_7_8 5_11_12 1_13_14 4_15_16 4_5_6 4_9_10 2_11_12 1_11_12 3_5_6 5_13_14 3_17_18 ;
set Ts[24]:=
1_15_16 1_17_18 2_11_12 5_13_14 1_13_14 1_11_12 3_11_12 2_5_6 ;
set Ts[25]:=
1_3_4 1_11_12 ;
set Ts[26]:=
5_13_14 1_1_2 1_9_10 1_13_14 4_3_4 1_19_20 ;
set Ts[27]:=
4_15_16 5_3_4 2_17_18 1_1_2 4_19_20 ;
set Ts[28]:=
2_19_20 4_11_12 4_19_20 5_5_6 3_5_6 1_17_18 4_17_18 1_13_14 ;
set Ts[29]:=
1_17_18 2_9_10 ;
set Ts[30]:=
1_19_20 2_7_8 1_3_4 5_7_8 4_3_4 1_15_16 ;
set Ts[31]:=
2_7_8 1_1_2 4_9_10 5_1_2 3_3_4 2_15_16 1_7_8 ;
set Ts[32]:=
4_7_8 5_13_14 ;
set Ts[33]:=
2_3_4 1_9_10 3_7_8 1_11_12 2_15_16 2_5_6 3_9_10 2_9_10 3_19_20 2_7_8 ;
set Ts[34]:=
3_11_12 3_5_6 2_9_10 3_15_16 4_7_8 5_13_14 ;
set Ts[35]:=
5_3_4 1_1_2 2_3_4 4_15_16 2_5_6 4_11_12 4_7_8 1_15_16 3_7_8 ;
set Ts[36]:=
4_19_20 1_7_8 5_1_2 4_3_4 5_9_10 1_11_12 1_15_16 1_13_14 2_7_8 1_9_10 ;
set Ts[37]:=
2_1_2 1_13_14 1_19_20 2_17_18 1_3_4 2_7_8 5_19_20 1_1_2 2_19_20 1_17_18 3_1_2 3_7_8 4_17_18 ;
set Ts[38]:=
2_15_16 1_9_10 4_5_6 3_1_2 2_13_14 4_1_2 1_13_14 4_3_4 2_7_8 4_7_8 3_3_4 ;
set Ts[39]:=
4_13_14 2_13_14 3_7_8 5_19_20 3_19_20 ;
set Ts[40]:=
1_19_20 3_3_4 3_19_20 4_13_14 1_13_14 ;
set Ts[41]:=
1_11_12 4_13_14 2_19_20 5_11_12 2_5_6 5_9_10 1_13_14 4_19_20 2_15_16 ;
set Ts[42]:=
1_11_12 1_5_6 5_9_10 ;
set Ts[43]:=
4_3_4 3_13_14 2_1_2 4_11_12 2_19_20 3_7_8 ;
set Ts[44]:=
2_7_8 1_9_10 4_17_18 1_3_4 2_17_18 1_5_6 ;
set Ts[45]:=
1_9_10 2_13_14 4_11_12 1_5_6 4_9_10 1_1_2 2_9_10 4_7_8 1_17_18 4_13_14 ;
set Ts[46]:=
2_17_18 2_15_16 2_13_14 1_1_2 1_3_4 2_5_6 ;
set Ts[47]:=
5_9_10 5_3_4 3_19_20 2_9_10 ;
set Ts[48]:=
5_11_12 5_13_14 4_9_10 3_5_6 1_19_20 5_5_6 2_13_14 ;
set Ts[49]:=
5_11_12 5_9_10 3_17_18 2_17_18 3_5_6 4_9_10 ;
set Ts[50]:=
3_5_6 5_13_14 2_15_16 ;
set Ts[51]:=
1_15_16 2_1_2 2_15_16 2_5_6 5_13_14 3_5_6 1_11_12 5_11_12 ;
set Ts[52]:=
2_3_4 5_5_6 ;
set Ts[53]:=
3_17_18 5_15_16 2_19_20 3_13_14 4_1_2 1_11_12 5_13_14 4_19_20 5_19_20 ;
set Ts[54]:=
3_1_2 2_13_14 3_13_14 1_5_6 3_7_8 4_19_20 2_17_18 3_15_16 ;
set Ts[55]:=
5_11_12 3_11_12 1_19_20 2_17_18 3_17_18 5_17_18 ;
set Ts[56]:=
5_5_6 2_9_10 3_7_8 1_1_2 5_15_16 4_7_8 2_1_2 2_19_20 3_15_16 4_17_18 1_5_6 3_19_20 5_9_10 ;
set Ts[57]:=
4_7_8 5_17_18 5_7_8 2_13_14 3_11_12 1_17_18 2_11_12 5_3_4 1_1_2 1_3_4 ;
set Ts[58]:=
3_3_4 5_19_20 ;
set Ts[59]:=
1_17_18 5_1_2 ;
set Ts[60]:=
4_19_20 5_5_6 4_5_6 3_17_18 ;
set Ts[61]:=
1_11_12 1_19_20 4_7_8 2_13_14 4_1_2 2_15_16 3_3_4 ;
set Ts[62]:=
1_13_14 2_11_12 ;
set Ts[63]:=
4_3_4 4_15_16 2_5_6 2_15_16 ;
set Ts[64]:=
3_7_8 5_19_20 5_3_4 4_1_2 1_3_4 1_9_10 2_19_20 2_13_14 4_5_6 ;
set Ts[65]:=
4_19_20 1_7_8 ;
set Ts[66]:=
3_11_12 5_13_14 5_11_12 2_19_20 5_1_2 ;
set Ts[67]:=
5_19_20 1_5_6 2_1_2 4_7_8 5_5_6 5_17_18 4_15_16 1_11_12 2_9_10 1_9_10 5_11_12 3_7_8 4_11_12 ;
set Ts[68]:=
5_15_16 2_13_14 5_11_12 5_13_14 1_15_16 2_5_6 2_1_2 4_5_6 1_5_6 ;
set Ts[69]:=
1_5_6 1_15_16 1_3_4 2_19_20 3_7_8 5_13_14 4_15_16 ;
set Ts[70]:=
3_19_20 4_17_18 5_19_20 ;
set Ts[71]:=
3_11_12 3_3_4 5_3_4 ;
set Ts[72]:=
4_7_8 5_11_12 2_1_2 1_7_8 3_7_8 5_15_16 1_17_18 2_3_4 2_15_16 ;
set Ts[73]:=
4_1_2 4_15_16 3_7_8 1_15_16 2_3_4 ;
set Ts[74]:=
5_3_4 2_19_20 3_5_6 5_17_18 ;
set Ts[75]:=
2_17_18 3_15_16 1_15_16 ;
set Ts[76]:=
1_19_20 5_17_18 3_5_6 2_15_16 5_9_10 ;
set Ts[77]:=
3_17_18 3_3_4 3_5_6 ;
set Ts[78]:=
5_5_6 2_19_20 ;
set Ts[79]:=
4_9_10 4_5_6 2_13_14 2_15_16 ;
set Ts[80]:=
5_5_6 3_15_16 2_19_20 5_7_8 4_9_10 ;
set Ts[81]:=
1_7_8 2_3_4 3_17_18 ;
set Ts[82]:=
2_11_12 3_5_6 4_7_8 1_1_2 4_19_20 4_1_2 2_15_16 ;
set Ts[83]:=
3_7_8 4_7_8 5_1_2 1_7_8 5_3_4 2_15_16 2_11_12 4_13_14 2_3_4 1_19_20 5_13_14 ;
set Ts[84]:=
2_3_4 4_13_14 1_15_16 3_9_10 4_5_6 1_11_12 1_5_6 3_11_12 4_3_4 ;
set Ts[85]:=
1_7_8 5_1_2 3_9_10 1_3_4 ;
set Ts[86]:=
4_19_20 1_3_4 3_17_18 5_15_16 4_11_12 5_11_12 1_1_2 4_9_10 3_11_12 ;
set Ts[87]:=
2_5_6 2_3_4 5_9_10 1_13_14 ;
set Ts[88]:=
3_3_4 4_13_14 1_19_20 1_17_18 1_13_14 1_3_4 5_5_6 5_19_20 3_9_10 4_17_18 ;
set Ts[89]:=
4_13_14 2_5_6 ;
set Ts[90]:=
4_13_14 4_15_16 2_11_12 1_17_18 1_19_20 5_15_16 5_9_10 5_13_14 4_17_18 3_1_2 5_3_4 5_19_20 3_9_10 ;
set Ts[91]:=
4_17_18 2_13_14 3_11_12 4_15_16 5_15_16 3_3_4 2_15_16 4_3_4 5_11_12 2_17_18 ;
set Ts[92]:=
2_5_6 1_5_6 4_13_14 5_1_2 3_15_16 ;
set Ts[93]:=
5_13_14 3_19_20 1_1_2 3_7_8 5_15_16 5_19_20 ;
set Ts[94]:=
1_5_6 4_15_16 2_17_18 1_1_2 1_15_16 5_17_18 3_3_4 2_9_10 4_17_18 ;
set Ts[95]:=
4_1_2 3_5_6 4_5_6 5_11_12 4_3_4 5_13_14 5_5_6 5_3_4 2_13_14 2_9_10 1_1_2 ;
set Ts[96]:=
4_13_14 4_1_2 4_17_18 ;
set Ts[97]:=
5_17_18 5_5_6 2_7_8 ;
set Ts[98]:=
5_9_10 1_7_8 1_5_6 1_13_14 2_17_18 ;
set Ts[99]:=
2_19_20 4_3_4 5_13_14 ;
set Ts[100]:=
5_3_4 5_9_10 1_13_14 4_3_4 5_15_16 2_13_14 5_13_14 1_9_10 5_7_8 ;
set Ts[101]:=
4_5_6 3_3_4 2_13_14 2_7_8 1_17_18 1_3_4 3_7_8 4_9_10 2_3_4 ;
set Ts[102]:=
3_9_10 3_19_20 5_7_8 5_11_12 1_13_14 4_5_6 4_11_12 2_11_12 3_5_6 1_11_12 2_15_16 ;
set Ts[103]:=
3_19_20 4_1_2 2_3_4 ;
set Ts[104]:=
5_5_6 4_5_6 4_17_18 1_7_8 4_9_10 1_11_12 ;
set Ts[105]:=
4_3_4 3_7_8 4_1_2 5_19_20 4_11_12 1_15_16 2_7_8 4_19_20 ;
set Ts[106]:=
2_13_14 3_19_20 5_11_12 4_3_4 1_13_14 5_19_20 2_17_18 2_1_2 ;
set Ts[107]:=
1_19_20 3_15_16 ;
set Ts[108]:=
2_7_8 2_1_2 2_19_20 4_11_12 5_11_12 5_17_18 1_15_16 3_19_20 ;
set Ts[109]:=
5_19_20 2_19_20 1_5_6 1_3_4 3_19_20 2_5_6 1_9_10 5_1_2 5_15_16 ;
set Ts[110]:=
2_19_20 3_3_4 4_9_10 1_11_12 1_13_14 3_11_12 1_17_18 5_13_14 1_15_16 2_9_10 5_11_12 ;
set Ts[111]:=
5_11_12 2_3_4 3_15_16 2_13_14 5_17_18 1_5_6 1_17_18 5_7_8 1_13_14 2_1_2 3_3_4 ;
set Ts[112]:=
3_3_4 5_9_10 2_7_8 5_7_8 4_17_18 5_1_2 5_3_4 2_1_2 ;
set Ts[113]:=
1_1_2 5_11_12 4_11_12 3_3_4 3_19_20 1_15_16 5_7_8 1_11_12 4_5_6 1_5_6 4_7_8 ;
set Ts[114]:=
5_13_14 2_5_6 4_7_8 5_15_16 5_11_12 1_1_2 5_3_4 3_3_4 3_13_14 4_5_6 3_11_12 ;
set Ts[115]:=
4_15_16 3_13_14 4_11_12 3_17_18 3_15_16 5_9_10 3_9_10 4_17_18 ;
set Ts[116]:=
1_1_2 4_7_8 3_3_4 5_3_4 3_17_18 5_9_10 1_17_18 ;
set Ts[117]:=
2_5_6 4_15_16 4_9_10 3_1_2 3_7_8 3_13_14 ;
set Ts[118]:=
5_13_14 1_5_6 2_1_2 3_7_8 4_19_20 5_11_12 4_15_16 4_5_6 3_3_4 2_19_20 2_13_14 4_1_2 2_17_18 ;
set Ts[119]:=
5_7_8 5_11_12 2_13_14 ;
set Ts[120]:=
1_15_16 3_3_4 5_3_4 4_5_6 2_5_6 3_17_18 2_3_4 2_7_8 4_11_12 ;
set Ts[121]:=
2_3_4 5_17_18 ;
set Ts[122]:=
3_13_14 1_13_14 2_9_10 ;
set Ts[123]:=
2_1_2 5_7_8 1_7_8 5_5_6 2_5_6 4_13_14 4_15_16 2_7_8 3_11_12 2_19_20 4_19_20 4_5_6 5_3_4 ;
set Ts[124]:=
3_5_6 2_15_16 1_5_6 3_1_2 ;
set Ts[125]:=
1_11_12 3_11_12 4_19_20 2_15_16 ;
set Ts[126]:=
5_3_4 2_5_6 5_5_6 4_13_14 5_11_12 5_13_14 5_1_2 1_13_14 ;
set Ts[127]:=
1_15_16 1_19_20 2_15_16 2_19_20 5_1_2 5_9_10 5_15_16 3_3_4 5_3_4 4_5_6 ;
set Ts[128]:=
2_15_16 2_17_18 5_13_14 4_9_10 4_3_4 3_9_10 ;
set Ts[129]:=
2_9_10 5_1_2 ;
set Ts[130]:=
5_9_10 1_11_12 2_17_18 1_9_10 4_15_16 1_13_14 5_11_12 4_17_18 2_15_16 ;
set Ts[131]:=
5_7_8 5_17_18 3_1_2 3_13_14 2_3_4 4_11_12 ;
set Ts[132]:=
4_17_18 4_3_4 5_3_4 5_19_20 1_3_4 4_9_10 3_7_8 2_1_2 ;
set Ts[133]:=
5_15_16 5_3_4 4_15_16 3_5_6 3_7_8 2_3_4 4_1_2 4_11_12 5_13_14 4_9_10 3_1_2 ;
set Ts[134]:=
5_19_20 3_19_20 4_13_14 5_11_12 3_1_2 2_5_6 ;
set Ts[135]:=
3_3_4 3_11_12 1_11_12 2_11_12 1_9_10 ;
set Ts[136]:=
5_19_20 5_1_2 4_17_18 1_7_8 5_3_4 1_13_14 3_11_12 1_19_20 ;
set Ts[137]:=
3_11_12 2_9_10 4_13_14 1_11_12 5_7_8 1_1_2 5_1_2 5_11_12 4_19_20 1_9_10 3_17_18 ;
set Ts[138]:=
3_15_16 2_3_4 4_15_16 3_3_4 ;
set Ts[139]:=
5_15_16 2_9_10 3_1_2 ;
set Ts[140]:=
2_17_18 3_7_8 3_19_20 2_5_6 4_1_2 2_1_2 4_7_8 1_19_20 5_13_14 ;
set Ts[141]:=
5_7_8 5_1_2 5_3_4 3_11_12 2_19_20 ;
set Ts[142]:=
3_17_18 1_3_4 1_13_14 2_19_20 5_9_10 2_9_10 ;
set Ts[143]:=
2_9_10 4_7_8 1_9_10 1_3_4 4_5_6 1_5_6 3_13_14 1_13_14 ;
set Ts[144]:=
1_17_18 4_5_6 2_1_2 3_17_18 4_3_4 4_13_14 3_9_10 1_15_16 5_13_14 ;
set Ts[145]:=
5_9_10 5_5_6 4_19_20 2_1_2 1_11_12 5_7_8 3_11_12 ;
set Ts[146]:=
2_9_10 3_17_18 5_1_2 3_7_8 5_19_20 ;
set Ts[147]:=
2_9_10 4_7_8 2_1_2 2_13_14 4_19_20 4_3_4 3_3_4 ;
set Ts[148]:=
2_3_4 4_5_6 ;
set Ts[149]:=
3_3_4 2_3_4 1_19_20 2_17_18 1_9_10 4_5_6 1_15_16 3_15_16 5_15_16 ;
set Ts[150]:=
4_9_10 1_19_20 5_1_2 ;
set Ts[151]:=
5_1_2 1_19_20 4_11_12 4_13_14 4_19_20 3_1_2 ;
set Ts[152]:=
5_5_6 4_15_16 4_5_6 3_17_18 3_1_2 5_11_12 2_11_12 2_13_14 5_7_8 4_19_20 ;
set Ts[153]:=
4_9_10 3_3_4 4_7_8 1_13_14 ;
set Ts[154]:=
5_17_18 2_11_12 1_1_2 3_11_12 3_1_2 5_11_12 3_17_18 2_3_4 2_13_14 2_19_20 3_7_8 5_15_16 1_15_16 ;
set Ts[155]:=
2_11_12 4_1_2 3_13_14 4_3_4 4_19_20 5_11_12 1_3_4 2_3_4 ;
set Ts[156]:=
1_11_12 2_19_20 5_5_6 4_11_12 2_1_2 3_11_12 ;
set Ts[157]:=
3_13_14 1_15_16 1_3_4 5_1_2 2_7_8 1_7_8 2_3_4 4_1_2 3_11_12 1_13_14 4_13_14 4_15_16 4_7_8 ;
set Ts[158]:=
2_9_10 3_7_8 4_11_12 3_15_16 5_13_14 4_19_20 ;
set Ts[159]:=
3_1_2 5_9_10 ;
set Ts[160]:=
2_1_2 1_19_20 3_5_6 5_5_6 1_9_10 5_1_2 4_11_12 3_19_20 ;
set Ts[161]:=
5_3_4 3_5_6 3_7_8 4_7_8 1_15_16 4_3_4 2_17_18 1_5_6 ;
set Ts[162]:=
4_1_2 4_9_10 4_3_4 4_11_12 2_19_20 2_13_14 ;
set Ts[163]:=
2_19_20 2_7_8 5_1_2 1_19_20 1_9_10 5_15_16 2_17_18 4_1_2 4_5_6 5_13_14 2_3_4 ;
set Ts[164]:=
2_9_10 4_5_6 2_17_18 5_19_20 ;
set Ts[165]:=
1_15_16 3_9_10 ;
set Ts[166]:=
2_5_6 5_3_4 5_9_10 1_19_20 ;
set Ts[167]:=
2_7_8 1_5_6 2_13_14 4_17_18 3_13_14 3_7_8 4_1_2 1_7_8 ;
set Ts[168]:=
5_1_2 5_9_10 3_11_12 2_19_20 3_19_20 ;
set Ts[169]:=
3_19_20 4_9_10 ;
set Ts[170]:=
3_3_4 3_1_2 4_1_2 4_15_16 4_19_20 1_3_4 2_3_4 1_5_6 ;
set Ts[171]:=
5_3_4 5_9_10 1_17_18 4_15_16 1_3_4 5_1_2 4_11_12 1_1_2 ;
set Ts[172]:=
3_5_6 1_5_6 5_7_8 1_9_10 1_7_8 5_3_4 ;
set Ts[173]:=
2_13_14 3_17_18 5_11_12 3_15_16 3_3_4 5_9_10 5_17_18 1_19_20 5_15_16 ;
set Ts[174]:=
3_17_18 1_1_2 4_17_18 3_3_4 4_19_20 2_17_18 2_13_14 4_1_2 3_15_16 5_5_6 4_15_16 5_11_12 ;
set Ts[175]:=
4_13_14 2_1_2 4_11_12 4_3_4 3_13_14 ;
set Ts[176]:=
4_1_2 1_11_12 5_3_4 1_15_16 ;
set Ts[177]:=
5_7_8 5_5_6 ;
set Ts[178]:=
3_15_16 1_3_4 1_9_10 4_13_14 3_7_8 1_13_14 5_13_14 5_1_2 2_17_18 ;
set Ts[179]:=
2_19_20 3_5_6 4_17_18 3_3_4 5_9_10 ;
set Ts[180]:=
3_15_16 2_19_20 5_1_2 4_9_10 3_19_20 4_13_14 1_9_10 2_11_12 5_3_4 5_15_16 ;
set Ts[181]:=
5_17_18 2_17_18 4_1_2 4_7_8 2_19_20 3_9_10 4_19_20 5_1_2 ;
set Ts[182]:=
2_9_10 1_7_8 2_1_2 3_5_6 ;
set Ts[183]:=
2_19_20 5_11_12 3_3_4 3_17_18 ;
set Ts[184]:=
3_9_10 5_13_14 2_19_20 2_13_14 2_7_8 5_19_20 2_1_2 3_15_16 2_5_6 4_17_18 4_9_10 ;
set Ts[185]:=
5_19_20 2_11_12 3_9_10 5_1_2 5_15_16 ;
set Ts[186]:=
4_11_12 4_3_4 4_19_20 5_9_10 2_5_6 ;
set Ts[187]:=
3_9_10 1_15_16 2_9_10 2_7_8 4_17_18 1_11_12 1_3_4 5_5_6 4_1_2 ;
set Ts[188]:=
2_13_14 2_7_8 4_5_6 4_17_18 2_5_6 5_15_16 3_13_14 5_13_14 5_1_2 1_13_14 ;
set Ts[189]:=
2_17_18 3_1_2 5_15_16 5_11_12 3_5_6 2_19_20 2_13_14 1_7_8 4_11_12 ;
set Ts[190]:=
1_1_2 3_19_20 1_13_14 1_15_16 2_7_8 3_15_16 2_17_18 1_5_6 ;
set Ts[191]:=
1_1_2 2_19_20 4_11_12 3_13_14 4_9_10 5_7_8 3_9_10 3_15_16 5_3_4 1_15_16 3_7_8 3_3_4 ;
set Ts[192]:=
5_1_2 4_15_16 3_15_16 5_7_8 ;
set Ts[193]:=
3_1_2 5_7_8 3_15_16 4_13_14 4_1_2 5_19_20 4_5_6 4_15_16 ;
set Ts[194]:=
2_9_10 4_11_12 2_15_16 3_9_10 ;
set Ts[195]:=
4_15_16 3_11_12 3_17_18 1_3_4 1_13_14 4_7_8 5_11_12 4_11_12 1_1_2 ;
set Ts[196]:=
3_19_20 2_15_16 4_19_20 1_3_4 ;
set Ts[197]:=
2_15_16 2_17_18 ;
set Ts[198]:=
4_9_10 5_17_18 5_3_4 1_9_10 3_5_6 2_11_12 ;
set Ts[199]:=
4_7_8 2_9_10 3_11_12 4_17_18 3_3_4 ;
set Ts[200]:=
5_11_12 2_11_12 4_1_2 5_3_4 4_13_14 1_7_8 4_5_6 5_15_16 ;
set Ts[201]:=
5_5_6 3_15_16 3_5_6 1_19_20 5_11_12 1_17_18 ;
set Ts[202]:=
1_19_20 4_7_8 1_3_4 ;
set Ts[203]:=
2_1_2 5_17_18 4_3_4 4_11_12 5_13_14 ;
set Ts[204]:=
1_19_20 5_13_14 3_5_6 3_13_14 4_19_20 4_3_4 3_17_18 ;
set Ts[205]:=
2_17_18 4_13_14 3_15_16 4_7_8 5_5_6 1_11_12 5_3_4 4_17_18 1_5_6 3_5_6 3_7_8 ;
set Ts[206]:=
5_11_12 3_11_12 ;
set Ts[207]:=
1_11_12 3_3_4 2_9_10 ;
set Ts[208]:=
3_17_18 5_17_18 1_3_4 2_1_2 ;
set Ts[209]:=
3_15_16 2_11_12 3_13_14 2_3_4 4_15_16 4_11_12 5_3_4 4_9_10 5_9_10 4_17_18 1_11_12 2_7_8 ;
set Ts[210]:=
1_5_6 5_19_20 4_3_4 3_17_18 1_7_8 2_13_14 5_13_14 5_5_6 ;
set Ts[211]:=
4_19_20 3_15_16 3_17_18 4_9_10 3_1_2 ;
set Ts[212]:=
2_17_18 4_3_4 3_5_6 3_9_10 2_15_16 1_5_6 ;
set Ts[213]:=
2_11_12 3_11_12 ;
set Ts[214]:=
5_3_4 4_1_2 ;
set Ts[215]:=
4_11_12 4_7_8 1_11_12 2_19_20 4_17_18 3_15_16 4_3_4 ;
set Ts[216]:=
5_13_14 4_3_4 2_9_10 4_19_20 ;
set Ts[217]:=
5_9_10 2_9_10 ;
set Ts[218]:=
4_15_16 2_5_6 4_3_4 2_13_14 1_3_4 4_7_8 ;
set Ts[219]:=
2_1_2 3_7_8 4_15_16 2_15_16 3_11_12 ;
set Ts[220]:=
1_1_2 4_11_12 2_13_14 2_19_20 4_19_20 3_7_8 4_5_6 4_1_2 ;
set Ts[221]:=
2_5_6 4_5_6 5_3_4 1_13_14 5_5_6 5_17_18 2_11_12 3_5_6 2_19_20 1_7_8 4_15_16 5_1_2 4_3_4 ;
set Ts[222]:=
5_9_10 5_7_8 3_7_8 2_17_18 2_5_6 3_3_4 1_5_6 ;
set Ts[223]:=
5_9_10 3_5_6 5_3_4 5_19_20 5_5_6 ;
set Ts[224]:=
5_13_14 4_3_4 1_13_14 2_19_20 ;
set Ts[225]:=
1_15_16 1_9_10 4_3_4 4_19_20 2_11_12 ;
set Ts[226]:=
2_15_16 1_15_16 5_13_14 ;
set Ts[227]:=
2_15_16 1_1_2 1_11_12 3_1_2 2_13_14 4_13_14 2_3_4 5_9_10 ;
set Ts[228]:=
5_3_4 1_5_6 1_1_2 3_3_4 4_7_8 5_5_6 3_5_6 ;
set Ts[229]:=
2_17_18 1_11_12 3_7_8 ;
set Ts[230]:=
4_7_8 1_19_20 4_5_6 ;
set Ts[231]:=
4_7_8 3_15_16 2_11_12 5_15_16 4_1_2 3_1_2 5_5_6 ;
set Ts[232]:=
4_9_10 4_1_2 1_5_6 2_5_6 ;
set Ts[233]:=
2_3_4 4_7_8 1_17_18 3_13_14 3_5_6 2_1_2 2_19_20 3_17_18 1_5_6 1_11_12 4_19_20 ;
set Ts[234]:=
4_11_12 2_19_20 1_11_12 2_9_10 3_17_18 4_7_8 5_9_10 1_9_10 4_1_2 ;
set Ts[235]:=
4_11_12 4_17_18 4_15_16 3_13_14 ;
set Ts[236]:=
5_15_16 5_7_8 5_9_10 2_15_16 1_5_6 ;
set Ts[237]:=
2_15_16 3_7_8 5_9_10 5_13_14 3_13_14 4_3_4 4_9_10 ;
set Ts[238]:=
1_5_6 4_19_20 ;
set Ts[239]:=
4_5_6 4_9_10 ;
set Ts[240]:=
3_3_4 3_9_10 1_1_2 1_15_16 4_15_16 4_17_18 2_5_6 1_3_4 ;
set Ts[241]:=
2_3_4 3_17_18 1_3_4 2_9_10 3_9_10 2_11_12 1_9_10 5_3_4 4_11_12 3_1_2 4_9_10 ;
set Ts[242]:=
5_1_2 5_7_8 ;
set Ts[243]:=
3_11_12 5_7_8 1_17_18 2_3_4 2_7_8 2_11_12 1_5_6 4_1_2 1_11_12 5_19_20 ;
set Ts[244]:=
5_1_2 3_5_6 5_9_10 1_9_10 1_13_14 2_7_8 2_5_6 4_1_2 2_1_2 ;
set Ts[245]:=
2_5_6 1_17_18 2_1_2 3_13_14 5_1_2 4_3_4 ;
set Ts[246]:=
3_1_2 1_5_6 1_9_10 1_13_14 3_13_14 2_3_4 2_5_6 1_15_16 ;
set Ts[247]:=
2_1_2 3_11_12 1_13_14 ;
set Ts[248]:=
1_1_2 3_17_18 5_13_14 2_9_10 1_11_12 2_1_2 4_11_12 5_5_6 1_3_4 1_9_10 ;
set Ts[249]:=
3_5_6 4_1_2 4_17_18 2_11_12 1_5_6 4_9_10 ;
set Ts[250]:=
4_19_20 1_19_20 1_15_16 ;
set Ts[251]:=
2_13_14 5_5_6 3_5_6 2_1_2 1_13_14 3_13_14 ;
set Ts[252]:=
2_17_18 5_11_12 1_7_8 ;
set Ts[253]:=
4_11_12 3_5_6 4_9_10 5_17_18 4_17_18 1_1_2 ;
set Ts[254]:=
4_7_8 4_19_20 5_9_10 5_17_18 4_13_14 1_15_16 5_1_2 2_7_8 5_19_20 3_3_4 5_3_4 ;
set Ts[255]:=
1_5_6 2_3_4 2_9_10 4_15_16 4_3_4 4_9_10 5_13_14 ;
set Ts[256]:=
2_9_10 2_17_18 1_11_12 3_5_6 3_13_14 3_3_4 1_17_18 ;
set Ts[257]:=
2_7_8 4_9_10 5_11_12 4_19_20 2_3_4 1_17_18 ;
set Ts[258]:=
5_13_14 3_3_4 2_19_20 ;
set Ts[259]:=
5_3_4 3_1_2 3_3_4 5_13_14 3_5_6 2_11_12 5_19_20 1_19_20 3_15_16 2_19_20 ;
set Ts[260]:=
5_3_4 2_19_20 1_19_20 1_15_16 ;
set Ts[261]:=
5_9_10 1_1_2 1_15_16 2_7_8 2_11_12 2_13_14 1_13_14 3_11_12 1_17_18 3_15_16 ;
set Ts[262]:=
3_15_16 1_5_6 3_1_2 5_3_4 4_15_16 4_1_2 1_17_18 1_15_16 5_9_10 2_13_14 1_3_4 ;
set Ts[263]:=
3_17_18 1_9_10 4_11_12 5_3_4 2_19_20 ;
set Ts[264]:=
4_7_8 5_17_18 3_17_18 5_19_20 ;
set Ts[265]:=
5_5_6 3_5_6 1_9_10 2_5_6 4_15_16 2_9_10 ;
set Ts[266]:=
4_19_20 3_5_6 5_9_10 4_1_2 ;
set Ts[267]:=
2_5_6 3_15_16 5_11_12 5_17_18 2_19_20 ;
set Ts[268]:=
3_7_8 4_1_2 1_9_10 2_15_16 4_9_10 3_15_16 3_17_18 4_15_16 4_19_20 1_3_4 4_13_14 3_5_6 ;
set Ts[269]:=
4_17_18 4_7_8 3_19_20 3_3_4 2_7_8 ;
set Ts[270]:=
2_11_12 1_15_16 5_9_10 4_13_14 5_5_6 3_9_10 1_3_4 2_3_4 5_19_20 2_1_2 2_7_8 ;
set Ts[271]:=
2_13_14 3_19_20 1_1_2 1_19_20 4_7_8 4_15_16 2_7_8 5_5_6 ;
set Ts[272]:=
2_15_16 2_11_12 4_13_14 4_15_16 4_5_6 4_3_4 5_13_14 2_5_6 ;
set Ts[273]:=
2_11_12 1_7_8 2_15_16 2_7_8 1_17_18 5_17_18 4_19_20 3_3_4 5_1_2 ;
set Ts[274]:=
1_1_2 4_15_16 5_11_12 5_5_6 5_1_2 2_19_20 ;
set Ts[275]:=
1_13_14 1_1_2 1_19_20 2_17_18 5_9_10 4_11_12 3_19_20 3_11_12 3_5_6 ;
set Ts[276]:=
5_19_20 2_15_16 3_7_8 5_17_18 5_5_6 4_17_18 ;
set Ts[277]:=
1_13_14 3_13_14 1_7_8 4_13_14 5_11_12 2_15_16 4_3_4 ;
set Ts[278]:=
2_7_8 4_13_14 1_19_20 5_13_14 1_5_6 2_9_10 4_19_20 1_13_14 4_15_16 3_3_4 1_9_10 4_11_12 2_17_18 ;
set Ts[279]:=
1_11_12 5_3_4 3_17_18 4_19_20 ;
set Ts[280]:=
4_19_20 2_19_20 ;
set Ts[281]:=
5_7_8 2_13_14 3_3_4 4_5_6 2_17_18 3_19_20 1_19_20 2_1_2 4_1_2 ;
set Ts[282]:=
2_11_12 1_11_12 1_1_2 5_13_14 5_1_2 ;
set Ts[283]:=
4_17_18 3_9_10 2_5_6 1_9_10 1_5_6 ;
set Ts[284]:=
3_7_8 4_17_18 2_1_2 3_11_12 4_13_14 3_1_2 ;
set Ts[285]:=
5_17_18 5_19_20 2_13_14 4_13_14 4_1_2 5_7_8 4_3_4 2_7_8 1_17_18 ;
set Ts[286]:=
2_17_18 4_15_16 3_5_6 4_19_20 1_15_16 3_3_4 1_11_12 ;
set Ts[287]:=
5_17_18 5_5_6 4_3_4 3_5_6 1_3_4 4_5_6 1_13_14 3_15_16 1_19_20 1_17_18 3_3_4 ;
set Ts[288]:=
4_11_12 4_3_4 5_15_16 5_17_18 5_11_12 4_17_18 3_19_20 2_1_2 ;
set Ts[289]:=
2_15_16 4_5_6 1_13_14 2_11_12 3_17_18 1_19_20 4_7_8 2_17_18 ;
set Ts[290]:=
2_11_12 5_5_6 1_15_16 2_15_16 2_9_10 2_7_8 5_3_4 4_19_20 2_3_4 3_3_4 1_1_2 4_17_18 5_19_20 ;
set Ts[291]:=
2_7_8 1_11_12 5_3_4 2_15_16 2_5_6 3_13_14 1_13_14 4_9_10 2_13_14 1_9_10 ;
set Ts[292]:=
1_7_8 3_7_8 5_11_12 4_9_10 1_19_20 ;
set Ts[293]:=
5_17_18 3_7_8 4_17_18 4_13_14 1_15_16 2_1_2 3_5_6 2_9_10 4_3_4 4_9_10 ;
set Ts[294]:=
3_1_2 4_1_2 4_3_4 3_9_10 5_9_10 ;
set Ts[295]:=
1_3_4 4_13_14 2_3_4 5_3_4 2_1_2 4_3_4 3_17_18 1_7_8 ;
set Ts[296]:=
4_9_10 1_3_4 1_15_16 3_15_16 3_7_8 4_11_12 3_1_2 1_13_14 ;
set Ts[297]:=
4_1_2 2_5_6 3_1_2 ;
set Ts[298]:=
1_19_20 4_5_6 2_3_4 1_17_18 5_15_16 1_15_16 2_15_16 5_9_10 5_11_12 3_3_4 1_7_8 5_1_2 4_13_14 ;
set Ts[299]:=
1_11_12 5_1_2 3_19_20 3_11_12 5_9_10 1_7_8 4_1_2 2_5_6 5_3_4 ;
set Ts[300]:=
5_11_12 3_11_12 ;
set Ts[301]:=
4_5_6 2_5_6 3_3_4 1_7_8 5_1_2 1_15_16 ;
set Ts[302]:=
4_3_4 1_15_16 2_9_10 2_19_20 5_11_12 ;
set Ts[303]:=
2_9_10 4_1_2 3_7_8 2_17_18 5_19_20 5_9_10 2_13_14 ;
set Ts[304]:=
1_7_8 4_15_16 2_13_14 5_7_8 4_17_18 4_19_20 ;
set Ts[305]:=
4_5_6 5_13_14 2_5_6 3_11_12 4_9_10 1_3_4 2_9_10 ;
set Ts[306]:=
3_1_2 4_3_4 3_7_8 4_7_8 2_9_10 1_17_18 ;
set Ts[307]:=
3_19_20 5_15_16 3_11_12 4_19_20 4_1_2 3_5_6 4_15_16 ;
set Ts[308]:=
3_7_8 5_5_6 2_17_18 4_7_8 3_5_6 5_9_10 ;
set Ts[309]:=
3_5_6 4_15_16 5_5_6 3_13_14 5_9_10 1_19_20 4_7_8 2_1_2 ;
set Ts[310]:=
4_17_18 4_9_10 ;
set Ts[311]:=
4_5_6 1_15_16 4_13_14 1_17_18 3_1_2 3_17_18 ;
set Ts[312]:=
3_11_12 3_7_8 1_17_18 4_9_10 4_17_18 1_5_6 ;
set Ts[313]:=
4_9_10 5_5_6 3_15_16 4_3_4 4_1_2 3_17_18 3_7_8 1_1_2 2_15_16 1_13_14 1_17_18 ;
set Ts[314]:=
2_15_16 5_15_16 5_7_8 2_5_6 2_11_12 4_1_2 4_15_16 4_7_8 ;
set Ts[315]:=
4_7_8 1_9_10 4_17_18 ;
set Ts[316]:=
3_9_10 2_1_2 3_13_14 4_11_12 5_1_2 5_17_18 1_3_4 ;
set Ts[317]:=
4_19_20 2_5_6 5_9_10 5_3_4 1_1_2 4_15_16 1_19_20 1_17_18 3_3_4 4_17_18 3_19_20 ;
set Ts[318]:=
5_17_18 4_3_4 4_13_14 1_19_20 2_17_18 3_7_8 2_19_20 ;
set Ts[319]:=
3_7_8 2_17_18 5_19_20 3_1_2 ;
set Ts[320]:=
4_19_20 4_17_18 1_19_20 4_9_10 4_15_16 1_13_14 4_1_2 1_9_10 ;
set Ts[321]:=
4_3_4 1_5_6 1_19_20 3_13_14 3_11_12 4_9_10 3_17_18 1_1_2 4_13_14 ;
set Ts[322]:=
4_13_14 3_1_2 5_9_10 4_3_4 1_11_12 5_1_2 5_3_4 2_17_18 4_15_16 3_19_20 2_7_8 2_3_4 2_19_20 ;
set Ts[323]:=
5_9_10 3_5_6 3_1_2 2_1_2 4_5_6 2_9_10 3_19_20 4_17_18 3_9_10 5_15_16 2_19_20 ;
set Ts[324]:=
4_3_4 3_5_6 4_13_14 ;
set Ts[325]:=
4_11_12 4_9_10 5_17_18 5_19_20 5_15_16 ;
set Ts[326]:=
3_13_14 1_11_12 5_19_20 ;
set Ts[327]:=
2_15_16 1_1_2 5_13_14 1_5_6 ;
set Ts[328]:=
3_1_2 2_15_16 2_17_18 1_3_4 2_9_10 ;
set Ts[329]:=
5_19_20 4_19_20 1_1_2 5_5_6 ;
set Ts[330]:=
2_11_12 1_13_14 3_5_6 ;
set Ts[331]:=
5_1_2 4_9_10 5_5_6 1_15_16 4_7_8 5_15_16 4_17_18 ;
set Ts[332]:=
2_5_6 3_3_4 4_9_10 ;
set Ts[333]:=
1_17_18 2_15_16 5_3_4 1_15_16 2_11_12 2_7_8 2_1_2 3_5_6 ;
set Ts[334]:=
2_17_18 4_9_10 1_19_20 4_5_6 4_11_12 1_15_16 3_11_12 4_1_2 1_17_18 4_3_4 2_19_20 ;
set Ts[335]:=
3_5_6 4_3_4 3_13_14 ;
set Ts[336]:=
3_17_18 3_1_2 5_1_2 2_15_16 1_9_10 2_5_6 2_11_12 3_9_10 5_15_16 2_13_14 ;
set Ts[337]:=
5_5_6 2_5_6 4_9_10 3_19_20 5_19_20 3_13_14 2_15_16 3_5_6 1_7_8 5_3_4 ;
set Ts[338]:=
1_19_20 3_1_2 ;
set Ts[339]:=
5_11_12 3_15_16 5_7_8 4_11_12 3_5_6 3_17_18 ;
set Ts[340]:=
1_1_2 4_1_2 5_19_20 3_9_10 2_17_18 3_17_18 2_11_12 4_7_8 5_7_8 3_5_6 ;
set Ts[341]:=
4_5_6 1_7_8 2_7_8 5_13_14 2_15_16 4_3_4 4_11_12 2_9_10 3_15_16 ;
set Ts[342]:=
1_7_8 1_11_12 2_13_14 5_3_4 2_19_20 3_9_10 ;
set Ts[343]:=
1_9_10 5_11_12 2_7_8 5_9_10 ;
set Ts[344]:=
5_11_12 1_17_18 4_19_20 1_19_20 ;
set Ts[345]:=
2_13_14 1_3_4 3_9_10 4_1_2 ;
set Ts[346]:=
5_3_4 3_5_6 2_7_8 4_11_12 1_5_6 3_3_4 5_11_12 5_9_10 5_7_8 ;
set Ts[347]:=
4_7_8 4_11_12 5_5_6 5_9_10 4_5_6 3_11_12 5_13_14 5_19_20 2_17_18 5_7_8 2_9_10 ;
set Ts[348]:=
2_11_12 3_7_8 3_11_12 ;
set Ts[349]:=
2_15_16 3_11_12 3_5_6 5_7_8 4_1_2 4_11_12 ;
set Ts[350]:=
3_5_6 3_13_14 4_1_2 5_5_6 2_15_16 ;
set Ts[351]:=
5_3_4 5_19_20 3_5_6 5_13_14 2_15_16 4_3_4 2_9_10 4_11_12 ;
set Ts[352]:=
2_5_6 1_1_2 3_9_10 4_5_6 3_3_4 2_1_2 1_15_16 1_17_18 2_17_18 5_7_8 1_11_12 4_15_16 4_13_14 ;
set Ts[353]:=
1_11_12 2_19_20 3_17_18 4_3_4 1_5_6 3_3_4 1_17_18 5_1_2 4_1_2 3_1_2 ;
set Ts[354]:=
4_11_12 2_11_12 1_19_20 2_13_14 4_17_18 2_15_16 5_3_4 3_3_4 3_11_12 5_9_10 2_1_2 1_13_14 5_17_18 ;
set Ts[355]:=
3_7_8 1_5_6 2_1_2 1_17_18 1_19_20 ;
set Ts[356]:=
5_7_8 5_11_12 5_17_18 3_13_14 1_3_4 2_1_2 2_13_14 ;
set Ts[357]:=
1_5_6 5_15_16 4_5_6 2_1_2 1_11_12 2_3_4 ;
set Ts[358]:=
1_17_18 1_13_14 3_1_2 2_1_2 ;
set Ts[359]:=
1_15_16 5_15_16 4_7_8 1_11_12 2_13_14 1_7_8 1_1_2 1_9_10 ;
set Ts[360]:=
1_7_8 3_19_20 4_9_10 1_17_18 3_5_6 4_1_2 5_17_18 4_11_12 4_3_4 5_15_16 ;
set Ts[361]:=
5_3_4 4_13_14 5_13_14 ;
set Ts[362]:=
4_9_10 3_13_14 1_11_12 5_1_2 1_5_6 3_15_16 5_5_6 2_19_20 4_11_12 2_11_12 4_17_18 5_3_4 ;
set Ts[363]:=
2_1_2 1_19_20 4_11_12 5_13_14 3_1_2 4_1_2 4_15_16 ;
set Ts[364]:=
1_13_14 3_13_14 5_1_2 4_1_2 2_17_18 4_15_16 4_3_4 ;
set Ts[365]:=
1_3_4 2_7_8 ;
set Ts[366]:=
5_3_4 1_9_10 3_19_20 1_13_14 5_5_6 3_5_6 4_19_20 ;
set Ts[367]:=
1_3_4 1_13_14 3_9_10 4_7_8 4_9_10 2_13_14 3_3_4 1_11_12 5_11_12 ;
set Ts[368]:=
2_19_20 3_19_20 3_1_2 5_9_10 2_5_6 4_7_8 ;
set Ts[369]:=
1_15_16 4_17_18 1_9_10 2_9_10 5_11_12 4_19_20 4_1_2 3_9_10 ;
set Ts[370]:=
3_17_18 5_11_12 ;
set Ts[371]:=
3_3_4 2_7_8 4_1_2 ;
set Ts[372]:=
4_19_20 1_9_10 2_19_20 ;
set Ts[373]:=
4_13_14 5_11_12 5_5_6 4_1_2 5_13_14 ;
set Ts[374]:=
2_9_10 5_15_16 ;
set Ts[375]:=
2_9_10 3_17_18 3_13_14 1_9_10 2_17_18 3_7_8 ;
set Ts[376]:=
4_5_6 1_5_6 2_17_18 1_3_4 5_9_10 ;
set Ts[377]:=
4_3_4 3_15_16 1_17_18 5_17_18 1_5_6 5_19_20 4_9_10 ;
set Ts[378]:=
5_9_10 2_13_14 5_3_4 4_13_14 ;
set Ts[379]:=
1_11_12 5_13_14 ;
set Ts[380]:=
1_19_20 3_15_16 2_7_8 5_7_8 4_11_12 4_15_16 2_11_12 5_9_10 4_17_18 1_17_18 5_15_16 2_1_2 4_1_2 ;
set Ts[381]:=
2_9_10 5_1_2 3_5_6 2_11_12 ;
set Ts[382]:=
5_1_2 5_9_10 1_7_8 3_13_14 4_17_18 1_9_10 ;
set Ts[383]:=
5_5_6 4_15_16 ;
set Ts[384]:=
4_1_2 1_1_2 4_3_4 2_13_14 3_17_18 3_13_14 2_1_2 2_15_16 ;
set Ts[385]:=
2_11_12 4_9_10 2_17_18 3_3_4 5_13_14 2_13_14 4_3_4 4_17_18 2_15_16 ;
set Ts[386]:=
3_17_18 2_5_6 ;
set Ts[387]:=
4_3_4 1_3_4 4_11_12 3_19_20 2_17_18 3_5_6 1_13_14 ;
set Ts[388]:=
5_5_6 5_19_20 ;
set Ts[389]:=
5_3_4 4_3_4 3_5_6 3_7_8 2_7_8 ;
set Ts[390]:=
1_9_10 5_15_16 4_15_16 3_11_12 4_9_10 1_1_2 2_1_2 1_19_20 ;
set Ts[391]:=
1_1_2 5_5_6 ;
set Ts[392]:=
4_11_12 1_9_10 2_7_8 4_9_10 ;
set Ts[393]:=
5_7_8 3_5_6 4_3_4 4_1_2 1_11_12 2_7_8 3_13_14 5_11_12 5_13_14 4_13_14 5_9_10 5_5_6 1_7_8 ;
set Ts[394]:=
4_11_12 2_17_18 ;
set Ts[395]:=
1_17_18 1_13_14 2_11_12 4_17_18 1_19_20 ;
set Ts[396]:=
5_11_12 3_9_10 1_3_4 3_11_12 1_17_18 5_19_20 2_1_2 1_19_20 ;
set Ts[397]:=
1_9_10 1_13_14 ;
set Ts[398]:=
4_1_2 1_7_8 ;
set Ts[399]:=
3_13_14 1_19_20 2_9_10 4_17_18 4_5_6 5_13_14 2_3_4 ;
set Ts[400]:=
2_15_16 4_19_20 1_15_16 4_7_8 ;
set Ts[401]:=
3_3_4 5_19_20 5_9_10 ;
set Ts[402]:=
4_3_4 3_9_10 2_11_12 ;
set Ts[403]:=
5_1_2 4_11_12 5_13_14 5_17_18 1_17_18 4_3_4 ;
set Ts[404]:=
5_5_6 4_19_20 4_9_10 5_7_8 4_17_18 2_15_16 5_17_18 2_3_4 4_13_14 2_19_20 ;
set Ts[405]:=
3_13_14 2_9_10 4_11_12 5_9_10 5_13_14 ;
set Ts[406]:=
4_3_4 1_13_14 3_15_16 1_3_4 1_7_8 2_11_12 ;
set Ts[407]:=
2_5_6 3_17_18 1_7_8 5_7_8 1_15_16 2_3_4 ;
set Ts[408]:=
2_9_10 4_15_16 1_11_12 5_15_16 4_1_2 2_7_8 4_19_20 5_5_6 2_5_6 5_3_4 ;
set Ts[409]:=
4_19_20 2_11_12 4_15_16 2_3_4 1_7_8 5_13_14 ;
set Ts[410]:=
1_5_6 5_7_8 1_9_10 2_11_12 5_13_14 3_11_12 4_9_10 4_7_8 1_11_12 5_15_16 ;
set Ts[411]:=
1_5_6 1_7_8 3_5_6 5_13_14 4_5_6 2_9_10 2_3_4 4_3_4 5_7_8 2_5_6 5_19_20 3_7_8 ;
set Ts[412]:=
1_11_12 5_13_14 4_15_16 4_9_10 2_7_8 1_7_8 3_7_8 3_19_20 4_19_20 1_9_10 ;
set Ts[413]:=
2_9_10 4_15_16 1_15_16 4_7_8 3_1_2 ;
set Ts[414]:=
2_5_6 3_19_20 4_9_10 4_13_14 4_19_20 ;
set Ts[415]:=
4_7_8 5_13_14 5_5_6 4_13_14 4_5_6 1_13_14 1_19_20 2_15_16 3_9_10 ;
set Ts[416]:=
2_15_16 3_15_16 4_13_14 5_3_4 4_1_2 1_17_18 3_11_12 2_3_4 4_5_6 ;
set Ts[417]:=
2_7_8 5_3_4 5_17_18 5_13_14 5_5_6 3_3_4 1_3_4 1_9_10 3_7_8 4_9_10 3_1_2 ;
set Ts[418]:=
1_17_18 1_7_8 4_1_2 2_9_10 4_17_18 3_3_4 5_9_10 ;
set Ts[419]:=
5_1_2 1_11_12 ;
set Ts[420]:=
2_1_2 1_5_6 5_1_2 4_5_6 5_11_12 2_11_12 1_15_16 4_13_14 1_17_18 ;
set Ts[421]:=
3_1_2 2_19_20 1_7_8 ;
set Ts[422]:=
3_11_12 5_19_20 5_13_14 2_7_8 5_15_16 1_1_2 2_17_18 2_15_16 4_9_10 ;
set Ts[423]:=
1_17_18 1_3_4 2_11_12 5_3_4 3_13_14 2_5_6 1_1_2 3_17_18 2_3_4 2_19_20 ;
set Ts[424]:=
5_7_8 3_13_14 ;
set Ts[425]:=
5_3_4 4_9_10 2_15_16 ;
set Ts[426]:=
2_7_8 2_11_12 3_15_16 1_17_18 5_11_12 2_13_14 1_19_20 5_13_14 ;
set Ts[427]:=
2_3_4 2_17_18 1_15_16 2_1_2 3_7_8 ;
set Ts[428]:=
5_17_18 2_3_4 2_11_12 4_3_4 3_5_6 5_9_10 ;
set Ts[429]:=
5_9_10 3_17_18 2_15_16 2_5_6 3_15_16 5_19_20 2_11_12 4_5_6 5_7_8 1_15_16 4_17_18 3_3_4 1_9_10 ;
set Ts[430]:=
5_11_12 4_17_18 2_19_20 2_5_6 5_19_20 1_5_6 1_1_2 2_13_14 1_3_4 3_19_20 5_9_10 ;
set Ts[431]:=
1_19_20 2_15_16 2_13_14 ;
set Ts[432]:=
3_3_4 3_9_10 4_15_16 1_5_6 4_3_4 5_17_18 5_15_16 1_1_2 1_11_12 3_19_20 2_9_10 2_3_4 1_9_10 ;
set Ts[433]:=
5_11_12 2_1_2 3_9_10 3_19_20 2_15_16 4_9_10 4_11_12 3_7_8 1_15_16 1_17_18 1_19_20 ;
set Ts[434]:=
3_5_6 2_1_2 2_9_10 3_9_10 4_11_12 4_7_8 5_9_10 2_7_8 ;
set Ts[435]:=
3_19_20 3_13_14 2_1_2 1_15_16 2_11_12 4_7_8 1_17_18 2_5_6 2_7_8 2_3_4 5_19_20 ;
set Ts[436]:=
3_19_20 2_5_6 3_11_12 4_15_16 4_13_14 5_17_18 4_19_20 2_3_4 4_1_2 ;
set Ts[437]:=
3_13_14 5_17_18 1_3_4 5_11_12 4_17_18 5_19_20 ;
set Ts[438]:=
5_11_12 1_19_20 2_11_12 5_1_2 5_7_8 4_9_10 2_7_8 5_13_14 ;
set Ts[439]:=
4_17_18 1_7_8 ;
set Ts[440]:=
4_7_8 4_19_20 5_1_2 ;
set Ts[441]:=
3_5_6 5_5_6 4_11_12 3_17_18 4_1_2 ;
set Ts[442]:=
3_3_4 3_19_20 1_15_16 2_17_18 1_13_14 1_3_4 1_5_6 2_5_6 3_5_6 3_9_10 ;
set Ts[443]:=
4_9_10 4_7_8 3_5_6 5_11_12 4_15_16 3_1_2 5_3_4 2_17_18 ;
set Ts[444]:=
2_15_16 3_5_6 ;
set Ts[445]:=
1_9_10 3_5_6 4_11_12 4_7_8 2_13_14 5_11_12 3_13_14 1_3_4 4_3_4 ;
set Ts[446]:=
5_17_18 1_15_16 5_19_20 2_3_4 5_5_6 4_9_10 4_3_4 2_17_18 2_11_12 4_15_16 ;
set Ts[447]:=
4_13_14 4_3_4 1_5_6 4_1_2 2_9_10 1_9_10 2_13_14 4_11_12 5_3_4 2_5_6 2_3_4 ;
set Ts[448]:=
1_5_6 4_1_2 2_7_8 2_9_10 4_15_16 ;
set Ts[449]:=
2_19_20 2_3_4 ;
set Ts[450]:=
1_3_4 4_1_2 3_3_4 5_5_6 5_11_12 2_15_16 ;
set Ts[451]:=
5_5_6 1_7_8 1_3_4 1_15_16 5_1_2 5_15_16 4_3_4 4_17_18 ;
set Ts[452]:=
4_15_16 4_5_6 1_9_10 1_1_2 5_17_18 4_17_18 2_17_18 5_15_16 1_17_18 3_15_16 ;
set Ts[453]:=
5_15_16 4_15_16 5_13_14 1_3_4 2_1_2 1_11_12 5_3_4 3_11_12 1_9_10 3_15_16 2_3_4 3_5_6 2_9_10 ;
set Ts[454]:=
3_13_14 3_7_8 3_3_4 4_17_18 4_1_2 2_5_6 4_13_14 1_17_18 ;
set Ts[455]:=
2_3_4 1_13_14 1_17_18 4_11_12 4_15_16 3_3_4 2_15_16 5_13_14 5_3_4 ;
set Ts[456]:=
1_3_4 3_11_12 1_1_2 2_5_6 ;
set Ts[457]:=
1_5_6 5_3_4 2_19_20 4_9_10 3_11_12 4_15_16 5_13_14 4_3_4 2_15_16 ;
set Ts[458]:=
1_19_20 5_7_8 5_9_10 2_11_12 3_9_10 4_3_4 ;
set Ts[459]:=
4_9_10 4_11_12 2_17_18 1_9_10 4_7_8 3_3_4 3_13_14 1_1_2 4_19_20 ;
set Ts[460]:=
4_3_4 2_17_18 2_5_6 2_11_12 3_15_16 ;
set Ts[461]:=
4_17_18 1_15_16 3_7_8 4_11_12 ;
set Ts[462]:=
5_11_12 5_13_14 4_15_16 5_19_20 1_13_14 4_13_14 3_7_8 2_3_4 1_11_12 4_19_20 5_15_16 ;
set Ts[463]:=
4_11_12 5_17_18 3_19_20 3_3_4 2_15_16 3_9_10 5_19_20 5_3_4 ;
set Ts[464]:=
2_7_8 3_19_20 1_15_16 2_9_10 1_17_18 1_5_6 3_15_16 4_9_10 ;
set Ts[465]:=
5_11_12 1_9_10 1_19_20 2_5_6 1_1_2 5_3_4 3_3_4 3_13_14 5_15_16 2_7_8 ;
set Ts[466]:=
1_15_16 2_15_16 4_19_20 5_11_12 3_3_4 5_1_2 ;
set Ts[467]:=
1_15_16 5_19_20 2_7_8 1_17_18 ;
set Ts[468]:=
5_7_8 1_7_8 4_3_4 3_19_20 5_11_12 4_5_6 4_15_16 2_1_2 ;
set Ts[469]:=
3_9_10 4_9_10 2_11_12 2_7_8 1_13_14 3_3_4 3_5_6 5_13_14 4_13_14 ;
set Ts[470]:=
3_11_12 4_11_12 2_11_12 4_7_8 4_17_18 4_13_14 5_7_8 2_9_10 ;
set Ts[471]:=
1_7_8 3_5_6 1_19_20 4_3_4 ;
set Ts[472]:=
2_13_14 5_3_4 ;
set Ts[473]:=
4_1_2 1_19_20 5_3_4 ;
set Ts[474]:=
2_5_6 5_9_10 4_7_8 4_11_12 ;
set Ts[475]:=
1_5_6 4_5_6 4_3_4 2_15_16 5_1_2 2_13_14 4_9_10 ;
set Ts[476]:=
3_17_18 4_9_10 5_17_18 5_3_4 1_3_4 3_15_16 ;
set Ts[477]:=
2_17_18 3_9_10 4_15_16 5_9_10 5_5_6 1_13_14 ;
set Ts[478]:=
1_17_18 1_7_8 1_15_16 3_17_18 1_13_14 ;
set Ts[479]:=
2_19_20 2_17_18 2_1_2 1_1_2 2_13_14 1_5_6 ;
set Ts[480]:=
1_11_12 5_1_2 4_17_18 1_19_20 3_3_4 1_17_18 3_1_2 1_3_4 2_9_10 4_7_8 4_13_14 5_5_6 ;
set Ts[481]:=
4_19_20 2_9_10 1_3_4 5_11_12 5_7_8 5_17_18 5_3_4 2_7_8 5_9_10 5_1_2 2_17_18 ;
set Ts[482]:=
5_7_8 3_15_16 5_5_6 3_3_4 4_19_20 5_19_20 ;
set Ts[483]:=
2_5_6 1_19_20 2_11_12 2_17_18 5_13_14 1_7_8 5_5_6 3_17_18 ;
set Ts[484]:=
1_1_2 2_1_2 4_13_14 3_5_6 3_15_16 3_11_12 4_15_16 3_17_18 4_17_18 4_3_4 ;
set Ts[485]:=
3_1_2 3_3_4 5_7_8 1_13_14 1_15_16 5_5_6 2_17_18 4_7_8 4_1_2 ;
set Ts[486]:=
4_15_16 3_13_14 2_15_16 3_19_20 1_17_18 ;
set Ts[487]:=
3_19_20 3_7_8 3_3_4 2_7_8 4_15_16 2_5_6 1_9_10 ;
set Ts[488]:=
5_11_12 3_5_6 1_7_8 3_1_2 4_15_16 2_13_14 5_19_20 3_9_10 5_17_18 ;
set Ts[489]:=
1_17_18 5_19_20 3_5_6 3_7_8 ;
set Ts[490]:=
4_17_18 5_15_16 3_7_8 2_19_20 5_3_4 ;
set Ts[491]:=
5_1_2 3_1_2 1_19_20 ;
set Ts[492]:=
2_17_18 2_1_2 2_3_4 ;
set Ts[493]:=
4_19_20 2_9_10 5_13_14 ;
set Ts[494]:=
1_13_14 5_5_6 4_13_14 4_1_2 5_13_14 2_17_18 4_11_12 3_13_14 ;
set Ts[495]:=
2_13_14 3_9_10 2_1_2 5_11_12 ;
set Ts[496]:=
3_3_4 4_3_4 4_11_12 ;
set Ts[497]:=
4_7_8 2_3_4 4_1_2 3_7_8 ;
set Ts[498]:=
4_5_6 3_13_14 4_13_14 ;
set Ts[499]:=
4_11_12 4_3_4 4_13_14 2_13_14 2_17_18 4_19_20 1_3_4 1_15_16 1_11_12 5_9_10 ;
set Ts[500]:=
3_13_14 5_13_14 5_1_2 5_15_16 2_5_6 2_11_12 1_19_20 5_3_4 ;
set Ts[501]:=
3_17_18 3_19_20 1_3_4 5_7_8 5_11_12 ;
set Ts[502]:=
1_17_18 1_1_2 2_7_8 1_15_16 3_9_10 1_19_20 1_5_6 3_17_18 ;
set Ts[503]:=
3_15_16 5_15_16 3_13_14 3_9_10 ;
set Ts[504]:=
1_9_10 5_15_16 5_11_12 5_1_2 ;
set Ts[505]:=
1_7_8 5_5_6 4_7_8 1_11_12 4_17_18 4_15_16 4_5_6 2_7_8 3_15_16 ;
set Ts[506]:=
4_9_10 3_11_12 2_13_14 4_19_20 3_1_2 3_19_20 2_3_4 3_15_16 4_15_16 ;
set Ts[507]:=
5_3_4 2_5_6 4_7_8 3_5_6 4_17_18 3_7_8 4_1_2 ;
set Ts[508]:=
1_15_16 3_13_14 2_19_20 5_15_16 ;
set Ts[509]:=
4_19_20 1_3_4 3_19_20 5_19_20 4_9_10 1_15_16 2_5_6 ;
set Ts[510]:=
2_17_18 5_9_10 5_3_4 3_11_12 2_13_14 4_15_16 ;
set Ts[511]:=
1_1_2 2_13_14 ;
set Ts[512]:=
1_15_16 5_15_16 3_9_10 3_13_14 1_3_4 2_7_8 4_7_8 4_3_4 ;
set Ts[513]:=
1_19_20 4_5_6 2_1_2 1_9_10 1_3_4 1_11_12 ;
set Ts[514]:=
5_7_8 3_15_16 2_7_8 1_1_2 1_15_16 2_13_14 3_5_6 2_11_12 1_7_8 5_3_4 ;
set Ts[515]:=
3_13_14 4_17_18 ;
set Ts[516]:=
1_15_16 2_3_4 2_9_10 1_13_14 1_3_4 ;
set Ts[517]:=
5_9_10 3_7_8 2_9_10 ;
set Ts[518]:=
1_5_6 4_13_14 5_17_18 2_13_14 4_5_6 2_17_18 1_19_20 3_15_16 ;
set Ts[519]:=
3_1_2 5_3_4 4_5_6 4_13_14 4_15_16 2_17_18 ;
set Ts[520]:=
1_11_12 1_7_8 4_3_4 5_3_4 5_7_8 ;
set Ts[521]:=
5_15_16 1_3_4 1_13_14 3_15_16 3_9_10 2_13_14 1_5_6 2_3_4 4_17_18 1_1_2 ;
set Ts[522]:=
5_3_4 5_17_18 1_15_16 5_13_14 5_15_16 4_17_18 2_9_10 4_7_8 2_13_14 2_3_4 3_13_14 4_19_20 ;
set Ts[523]:=
5_19_20 4_15_16 2_17_18 1_11_12 4_3_4 4_9_10 3_5_6 2_1_2 5_3_4 ;
set Ts[524]:=
2_7_8 2_19_20 4_19_20 5_19_20 3_13_14 4_15_16 2_11_12 1_13_14 2_13_14 ;
set Ts[525]:=
4_3_4 5_1_2 4_15_16 3_19_20 1_13_14 2_3_4 4_7_8 1_7_8 5_15_16 4_9_10 3_3_4 4_1_2 3_9_10 ;
set Ts[526]:=
4_9_10 3_5_6 4_19_20 1_7_8 ;
set Ts[527]:=
1_13_14 2_1_2 4_1_2 2_11_12 1_1_2 3_5_6 ;
set Ts[528]:=
4_15_16 4_9_10 4_13_14 5_13_14 1_19_20 2_17_18 1_5_6 1_3_4 2_5_6 3_17_18 3_7_8 3_15_16 ;
set Ts[529]:=
5_19_20 5_11_12 1_7_8 ;
set Ts[530]:=
4_7_8 5_7_8 4_19_20 5_13_14 2_5_6 2_19_20 4_11_12 5_15_16 4_3_4 ;
set Ts[531]:=
4_19_20 3_17_18 ;
set Ts[532]:=
2_17_18 2_9_10 5_9_10 5_15_16 5_3_4 4_5_6 3_9_10 4_11_12 5_1_2 3_19_20 5_5_6 2_1_2 ;
set Ts[533]:=
2_9_10 1_7_8 ;
set Ts[534]:=
1_1_2 4_17_18 5_17_18 2_1_2 ;
set Ts[535]:=
4_3_4 3_17_18 2_15_16 5_1_2 3_1_2 1_9_10 3_9_10 4_19_20 5_3_4 4_17_18 1_1_2 ;
set Ts[536]:=
4_9_10 5_15_16 5_5_6 2_17_18 4_5_6 2_7_8 5_11_12 1_5_6 ;
set Ts[537]:=
1_5_6 3_1_2 3_15_16 4_9_10 1_9_10 2_19_20 5_3_4 2_7_8 4_11_12 3_19_20 4_15_16 5_15_16 ;
set Ts[538]:=
1_3_4 4_3_4 ;
set Ts[539]:=
2_13_14 3_19_20 4_1_2 2_15_16 2_11_12 5_5_6 2_7_8 1_9_10 3_3_4 4_17_18 5_9_10 4_9_10 5_1_2 ;
set Ts[540]:=
5_5_6 3_15_16 5_15_16 1_15_16 2_5_6 4_11_12 5_11_12 4_13_14 3_3_4 1_5_6 3_5_6 ;
set Ts[541]:=
5_11_12 2_1_2 5_1_2 1_17_18 2_13_14 5_13_14 2_19_20 4_11_12 1_7_8 2_11_12 3_19_20 ;
set Ts[542]:=
2_15_16 2_17_18 ;
set Ts[543]:=
2_13_14 5_19_20 1_3_4 ;
set Ts[544]:=
5_9_10 3_15_16 1_9_10 1_19_20 3_17_18 3_13_14 5_17_18 1_17_18 4_7_8 ;
set Ts[545]:=
4_11_12 1_7_8 3_13_14 5_15_16 5_19_20 ;
set Ts[546]:=
3_3_4 2_5_6 3_9_10 ;
set Ts[547]:=
5_9_10 1_15_16 2_1_2 ;
set Ts[548]:=
4_17_18 2_3_4 5_7_8 1_1_2 1_17_18 2_17_18 ;
set Ts[549]:=
2_1_2 3_3_4 4_11_12 3_17_18 3_11_12 3_13_14 5_11_12 3_15_16 3_5_6 ;
set Ts[550]:=
2_11_12 2_7_8 2_19_20 4_1_2 2_1_2 4_19_20 3_3_4 ;
set Ts[551]:=
3_1_2 5_3_4 2_1_2 5_5_6 1_1_2 3_17_18 4_13_14 ;
set Ts[552]:=
2_1_2 5_19_20 5_13_14 2_13_14 2_11_12 5_11_12 4_1_2 4_13_14 ;
set Ts[553]:=
2_17_18 4_9_10 1_1_2 1_13_14 4_15_16 4_7_8 5_13_14 3_1_2 ;
set Ts[554]:=
3_9_10 3_1_2 ;
set Ts[555]:=
2_9_10 2_13_14 5_3_4 3_13_14 1_13_14 5_5_6 ;
set Ts[556]:=
5_11_12 4_3_4 5_7_8 ;
set Ts[557]:=
5_3_4 1_17_18 5_9_10 5_5_6 2_7_8 4_15_16 5_19_20 ;
set Ts[558]:=
1_15_16 4_3_4 5_7_8 2_19_20 1_9_10 3_5_6 1_5_6 5_11_12 4_19_20 ;
set Ts[559]:=
5_15_16 5_7_8 1_17_18 4_17_18 2_9_10 2_5_6 4_5_6 4_13_14 ;
set Ts[560]:=
1_11_12 5_9_10 2_13_14 3_5_6 ;
set Ts[561]:=
4_9_10 4_3_4 5_15_16 4_5_6 1_9_10 2_5_6 5_13_14 1_13_14 2_13_14 ;
set Ts[562]:=
3_3_4 5_17_18 1_19_20 4_7_8 1_13_14 ;
set Ts[563]:=
4_7_8 1_7_8 4_9_10 4_1_2 3_15_16 3_17_18 4_5_6 1_17_18 ;
set Ts[564]:=
3_3_4 4_19_20 1_19_20 ;
set Ts[565]:=
1_13_14 5_15_16 2_9_10 1_15_16 2_15_16 4_13_14 3_17_18 5_5_6 ;
set Ts[566]:=
2_13_14 5_11_12 ;
set Ts[567]:=
1_1_2 2_17_18 1_3_4 1_13_14 3_19_20 1_5_6 1_9_10 2_13_14 5_7_8 5_13_14 2_19_20 ;
set Ts[568]:=
2_17_18 3_1_2 4_3_4 3_19_20 4_1_2 3_7_8 5_7_8 3_11_12 1_9_10 ;
set Ts[569]:=
3_11_12 2_13_14 2_19_20 1_11_12 1_9_10 1_7_8 4_3_4 3_9_10 ;
set Ts[570]:=
4_17_18 2_3_4 2_5_6 3_13_14 4_13_14 2_17_18 3_17_18 5_9_10 3_19_20 ;
set Ts[571]:=
1_13_14 2_3_4 5_19_20 4_11_12 4_1_2 4_5_6 2_5_6 3_5_6 ;
set Ts[572]:=
3_3_4 4_13_14 1_13_14 1_15_16 2_17_18 2_3_4 4_11_12 ;
set Ts[573]:=
4_15_16 3_9_10 1_17_18 3_3_4 3_13_14 4_5_6 2_11_12 3_19_20 ;
set Ts[574]:=
3_1_2 5_1_2 ;
set Ts[575]:=
3_19_20 2_17_18 3_17_18 ;
set Ts[576]:=
2_13_14 3_17_18 5_1_2 2_7_8 5_9_10 2_9_10 5_13_14 3_7_8 5_17_18 1_9_10 2_5_6 5_15_16 2_19_20 ;
set Ts[577]:=
2_19_20 4_13_14 2_9_10 1_19_20 2_7_8 5_19_20 ;
set Ts[578]:=
5_17_18 5_9_10 5_5_6 5_11_12 ;
set Ts[579]:=
3_17_18 5_11_12 4_13_14 3_13_14 4_5_6 4_19_20 2_7_8 1_1_2 3_9_10 3_1_2 ;
set Ts[580]:=
3_9_10 1_9_10 5_1_2 ;
set Ts[581]:=
5_7_8 5_1_2 5_19_20 2_17_18 5_15_16 2_19_20 3_7_8 ;
set Ts[582]:=
1_17_18 3_5_6 3_19_20 2_7_8 1_9_10 2_3_4 5_3_4 3_11_12 5_9_10 2_13_14 2_17_18 ;
set Ts[583]:=
5_5_6 4_7_8 5_9_10 3_5_6 2_7_8 1_19_20 5_15_16 ;
set Ts[584]:=
4_19_20 2_15_16 2_13_14 1_19_20 ;
set Ts[585]:=
2_11_12 2_19_20 4_11_12 3_13_14 2_7_8 1_19_20 1_1_2 3_7_8 4_5_6 ;
set Ts[586]:=
5_11_12 4_9_10 1_15_16 5_7_8 5_1_2 2_5_6 5_13_14 4_5_6 5_5_6 ;
set Ts[587]:=
2_15_16 4_11_12 2_11_12 4_3_4 ;
set Ts[588]:=
4_7_8 4_13_14 ;
set Ts[589]:=
3_13_14 3_3_4 2_7_8 2_17_18 1_5_6 3_19_20 4_13_14 4_5_6 ;
set Ts[590]:=
2_5_6 2_19_20 4_7_8 1_11_12 1_19_20 3_17_18 4_9_10 4_13_14 5_15_16 3_9_10 3_5_6 ;
set Ts[591]:=
3_9_10 3_17_18 ;
set Ts[592]:=
1_13_14 1_3_4 5_7_8 2_15_16 1_19_20 5_9_10 ;
set Ts[593]:=
3_5_6 3_15_16 2_11_12 3_13_14 2_5_6 1_7_8 5_7_8 3_7_8 5_17_18 3_11_12 ;
set Ts[594]:=
5_9_10 4_1_2 4_15_16 2_7_8 ;
set Ts[595]:=
3_11_12 4_1_2 2_19_20 ;
set Ts[596]:=
3_1_2 4_17_18 1_5_6 3_5_6 3_3_4 5_15_16 1_7_8 2_9_10 3_15_16 ;
set Ts[597]:=
4_7_8 4_3_4 2_5_6 5_13_14 5_17_18 1_19_20 ;
set Ts[598]:=
1_1_2 4_15_16 3_5_6 ;
set Ts[599]:=
2_3_4 3_3_4 3_13_14 4_9_10 1_9_10 5_15_16 1_3_4 4_3_4 1_11_12 ;
set Ts[600]:=
3_9_10 1_3_4 2_13_14 5_15_16 3_11_12 2_15_16 1_7_8 4_19_20 4_9_10 ;
set Ts[601]:=
2_17_18 3_5_6 3_3_4 3_7_8 5_17_18 3_11_12 4_3_4 2_13_14 ;
set Ts[602]:=
3_5_6 5_11_12 1_19_20 3_11_12 ;
set Ts[603]:=
4_9_10 3_13_14 5_9_10 4_7_8 3_17_18 2_9_10 2_1_2 ;
set Ts[604]:=
2_7_8 5_11_12 1_11_12 2_9_10 4_9_10 ;
set Ts[605]:=
3_11_12 1_7_8 1_5_6 ;
set Ts[606]:=
4_15_16 5_1_2 4_1_2 4_11_12 3_13_14 2_1_2 1_3_4 4_7_8 2_3_4 ;
set Ts[607]:=
5_15_16 2_7_8 4_7_8 3_19_20 3_11_12 1_11_12 1_15_16 5_1_2 1_3_4 3_5_6 ;
set Ts[608]:=
1_15_16 2_17_18 ;
set Ts[609]:=
4_19_20 5_15_16 4_11_12 4_17_18 2_11_12 3_17_18 ;
set Ts[610]:=
3_11_12 5_15_16 2_5_6 4_17_18 1_5_6 1_3_4 3_5_6 1_17_18 2_3_4 ;
set Ts[611]:=
1_19_20 3_17_18 5_7_8 2_3_4 2_7_8 2_9_10 4_19_20 3_5_6 4_11_12 ;
set Ts[612]:=
1_3_4 4_15_16 4_19_20 2_13_14 3_5_6 4_7_8 2_9_10 5_7_8 5_19_20 1_13_14 ;
set Ts[613]:=
3_9_10 5_3_4 5_1_2 4_11_12 1_9_10 ;
set Ts[614]:=
1_13_14 2_11_12 1_11_12 4_15_16 4_5_6 4_19_20 1_1_2 4_17_18 2_5_6 3_17_18 5_17_18 ;
set Ts[615]:=
3_13_14 1_9_10 1_11_12 3_3_4 4_15_16 2_11_12 3_19_20 2_17_18 2_5_6 ;
set Ts[616]:=
5_3_4 4_3_4 3_15_16 3_9_10 ;
set Ts[617]:=
4_1_2 1_11_12 ;
set Ts[618]:=
5_15_16 1_3_4 3_7_8 2_17_18 5_5_6 ;
set Ts[619]:=
5_3_4 2_5_6 2_7_8 5_11_12 4_7_8 1_3_4 1_9_10 ;
set Ts[620]:=
2_5_6 4_7_8 4_17_18 4_3_4 2_3_4 ;
set Ts[621]:=
1_1_2 3_11_12 2_13_14 3_5_6 4_7_8 4_15_16 3_13_14 5_9_10 ;
set Ts[622]:=
4_3_4 4_7_8 3_1_2 ;
set Ts[623]:=
2_11_12 1_13_14 4_5_6 5_5_6 ;
set Ts[624]:=
1_7_8 1_17_18 3_5_6 2_19_20 2_1_2 4_17_18 5_9_10 5_5_6 2_15_16 4_3_4 ;
set Ts[625]:=
5_13_14 4_3_4 5_7_8 2_19_20 3_15_16 3_13_14 5_1_2 4_15_16 1_3_4 4_19_20 3_11_12 ;
set Ts[626]:=
4_9_10 2_11_12 1_1_2 5_11_12 4_1_2 2_5_6 4_7_8 ;
set Ts[627]:=
3_19_20 3_11_12 ;
set Ts[628]:=
2_19_20 2_5_6 4_17_18 3_15_16 1_15_16 5_11_12 ;
set Ts[629]:=
4_15_16 4_7_8 2_13_14 2_17_18 2_3_4 5_13_14 1_13_14 ;
set Ts[630]:=
4_3_4 1_13_14 4_17_18 2_5_6 ;
set Ts[631]:=
4_5_6 1_11_12 5_7_8 3_11_12 ;
set Ts[632]:=
1_11_12 4_7_8 5_1_2 3_17_18 1_19_20 4_5_6 1_15_16 3_9_10 2_11_12 1_9_10 ;
set Ts[633]:=
5_1_2 3_9_10 1_3_4 4_7_8 5_5_6 2_7_8 4_11_12 1_9_10 4_3_4 4_19_20 1_17_18 ;
set Ts[634]:=
1_13_14 5_15_16 1_9_10 ;
set Ts[635]:=
2_5_6 1_3_4 1_5_6 4_19_20 ;
set Ts[636]:=
2_3_4 3_3_4 3_17_18 5_11_12 3_19_20 ;
set Ts[637]:=
4_9_10 2_15_16 4_5_6 3_9_10 5_1_2 1_5_6 2_13_14 2_5_6 ;
set Ts[638]:=
3_5_6 4_1_2 ;
set Ts[639]:=
2_7_8 5_15_16 4_17_18 5_7_8 2_19_20 4_3_4 3_13_14 1_17_18 1_5_6 ;
set Ts[640]:=
1_17_18 1_5_6 4_17_18 ;
set Ts[641]:=
4_13_14 4_3_4 4_11_12 3_17_18 ;
set Ts[642]:=
1_19_20 1_7_8 4_9_10 3_13_14 ;
set Ts[643]:=
4_5_6 5_15_16 3_9_10 2_3_4 ;
set Ts[644]:=
5_19_20 3_17_18 1_5_6 5_9_10 1_15_16 5_1_2 5_11_12 5_15_16 ;
set Ts[645]:=
3_19_20 3_17_18 1_7_8 ;
set Ts[646]:=
3_19_20 1_9_10 2_1_2 2_7_8 1_17_18 3_5_6 ;
set Ts[647]:=
1_9_10 5_7_8 ;
set Ts[648]:=
4_17_18 4_15_16 4_1_2 ;
set Ts[649]:=
1_11_12 5_17_18 4_9_10 3_1_2 5_1_2 ;
set Ts[650]:=
5_13_14 4_9_10 1_11_12 3_15_16 3_1_2 4_3_4 1_5_6 ;
set Ts[651]:=
5_19_20 4_1_2 1_9_10 5_9_10 1_15_16 3_1_2 4_13_14 4_11_12 1_3_4 2_13_14 5_13_14 ;
set Ts[652]:=
2_7_8 1_15_16 1_7_8 1_11_12 ;
set Ts[653]:=
4_11_12 5_19_20 4_1_2 4_17_18 2_7_8 2_11_12 1_7_8 5_9_10 2_1_2 ;
set Ts[654]:=
5_15_16 4_1_2 3_17_18 3_19_20 2_3_4 4_19_20 5_5_6 ;
set Ts[655]:=
2_3_4 3_3_4 1_7_8 4_13_14 4_9_10 1_1_2 2_1_2 1_9_10 2_15_16 4_3_4 2_19_20 ;
set Ts[656]:=
2_9_10 1_15_16 4_9_10 4_19_20 1_9_10 3_3_4 2_19_20 2_15_16 ;
set Ts[657]:=
5_3_4 2_3_4 2_11_12 2_15_16 4_9_10 1_5_6 2_17_18 2_5_6 4_5_6 5_11_12 3_13_14 5_13_14 5_17_18 ;
set Ts[658]:=
3_7_8 2_15_16 2_3_4 5_3_4 5_17_18 3_9_10 3_17_18 4_13_14 ;
set Ts[659]:=
3_3_4 4_11_12 5_5_6 ;
set Ts[660]:=
4_9_10 5_17_18 1_17_18 5_5_6 4_17_18 4_15_16 5_11_12 ;
set Ts[661]:=
5_7_8 2_13_14 1_5_6 3_3_4 2_11_12 1_9_10 5_17_18 1_7_8 4_11_12 1_17_18 3_13_14 1_3_4 ;
set Ts[662]:=
2_11_12 1_1_2 1_3_4 1_7_8 5_19_20 5_3_4 5_11_12 5_7_8 ;
set Ts[663]:=
5_19_20 3_19_20 1_5_6 ;
set Ts[664]:=
1_7_8 1_1_2 5_3_4 2_7_8 2_17_18 ;
set Ts[665]:=
5_1_2 1_1_2 3_9_10 3_7_8 4_9_10 1_11_12 ;
set Ts[666]:=
2_5_6 1_19_20 1_3_4 4_11_12 3_5_6 4_19_20 4_3_4 2_13_14 5_11_12 5_1_2 1_11_12 3_17_18 ;
set Ts[667]:=
1_19_20 3_9_10 3_1_2 2_17_18 ;
set Ts[668]:=
5_17_18 4_5_6 1_9_10 5_11_12 1_13_14 4_11_12 4_7_8 1_19_20 ;
set Ts[669]:=
4_7_8 5_1_2 3_17_18 3_13_14 4_17_18 5_7_8 2_9_10 5_19_20 ;
set Ts[670]:=
2_3_4 1_11_12 ;
set Ts[671]:=
3_13_14 1_19_20 1_3_4 4_13_14 2_19_20 3_17_18 4_5_6 1_13_14 4_1_2 4_11_12 4_7_8 ;
set Ts[672]:=
5_11_12 5_17_18 1_7_8 2_3_4 5_19_20 2_9_10 1_11_12 2_15_16 3_1_2 ;
set Ts[673]:=
2_15_16 1_19_20 3_11_12 1_5_6 1_17_18 3_19_20 5_17_18 2_13_14 ;
set Ts[674]:=
1_3_4 4_13_14 1_7_8 2_9_10 ;
set Ts[675]:=
3_11_12 1_19_20 ;
set Ts[676]:=
2_3_4 3_1_2 1_13_14 5_11_12 5_1_2 2_19_20 1_9_10 5_15_16 ;
set Ts[677]:=
5_15_16 5_3_4 1_15_16 3_7_8 2_17_18 5_5_6 4_9_10 4_15_16 5_13_14 1_17_18 4_19_20 2_13_14 ;
set Ts[678]:=
3_1_2 2_13_14 4_15_16 ;
set Ts[679]:=
5_19_20 3_11_12 ;
set Ts[680]:=
1_17_18 3_5_6 1_5_6 5_19_20 2_1_2 5_13_14 5_1_2 3_11_12 ;
set Ts[681]:=
2_17_18 4_9_10 5_1_2 4_7_8 4_11_12 5_13_14 4_1_2 ;
set Ts[682]:=
2_11_12 3_17_18 3_1_2 5_19_20 2_13_14 5_3_4 4_19_20 4_7_8 3_19_20 ;
set Ts[683]:=
3_13_14 3_17_18 5_19_20 ;
set Ts[684]:=
5_3_4 3_9_10 1_1_2 3_13_14 ;
set Ts[685]:=
3_13_14 2_5_6 4_5_6 5_9_10 3_5_6 ;
set Ts[686]:=
3_3_4 5_1_2 2_17_18 4_11_12 2_3_4 2_9_10 4_15_16 ;
set Ts[687]:=
1_1_2 3_19_20 4_7_8 2_19_20 3_17_18 ;
set Ts[688]:=
2_1_2 4_15_16 1_13_14 1_19_20 ;
set Ts[689]:=
2_1_2 2_13_14 2_17_18 3_11_12 3_13_14 ;
set Ts[690]:=
5_1_2 4_3_4 3_13_14 1_15_16 2_17_18 ;
set Ts[691]:=
5_1_2 1_3_4 5_11_12 1_19_20 ;
set Ts[692]:=
1_13_14 4_5_6 2_1_2 4_11_12 4_3_4 2_5_6 ;
set Ts[693]:=
3_17_18 5_17_18 ;
set Ts[694]:=
3_15_16 2_7_8 4_15_16 3_13_14 5_7_8 2_17_18 1_11_12 5_3_4 4_1_2 1_5_6 ;
set Ts[695]:=
4_19_20 1_3_4 ;
set Ts[696]:=
4_15_16 1_7_8 5_1_2 3_15_16 3_13_14 4_19_20 2_5_6 ;
set Ts[697]:=
4_19_20 1_9_10 3_3_4 ;
set Ts[698]:=
1_5_6 3_5_6 3_9_10 ;
set Ts[699]:=
5_7_8 3_11_12 2_17_18 3_19_20 1_1_2 5_5_6 3_5_6 2_15_16 2_3_4 1_19_20 ;
set Ts[700]:=
5_5_6 3_15_16 4_19_20 2_19_20 1_11_12 4_7_8 3_5_6 2_11_12 3_19_20 1_5_6 4_9_10 3_1_2 4_15_16 ;
set Ts[701]:=
3_9_10 4_5_6 ;
set Ts[702]:=
5_1_2 1_3_4 4_19_20 5_13_14 1_17_18 2_7_8 3_9_10 2_13_14 3_19_20 4_9_10 ;
set Ts[703]:=
3_1_2 2_9_10 5_5_6 3_7_8 4_13_14 4_15_16 2_3_4 4_9_10 3_15_16 4_1_2 ;
set Ts[704]:=
4_17_18 3_7_8 2_19_20 1_9_10 4_3_4 3_11_12 2_15_16 5_5_6 3_1_2 1_1_2 ;
set Ts[705]:=
1_17_18 3_9_10 4_3_4 3_17_18 1_11_12 ;
set Ts[706]:=
2_19_20 2_1_2 2_15_16 5_19_20 3_9_10 ;
set Ts[707]:=
2_3_4 1_9_10 5_19_20 4_17_18 ;
set Ts[708]:=
5_9_10 3_13_14 2_9_10 4_19_20 5_15_16 3_11_12 5_1_2 5_13_14 ;
set Ts[709]:=
2_15_16 4_19_20 5_19_20 3_19_20 3_13_14 ;
set Ts[710]:=
4_17_18 3_5_6 2_17_18 1_3_4 5_3_4 1_15_16 4_13_14 3_7_8 3_19_20 4_3_4 ;
set Ts[711]:=
1_15_16 1_9_10 ;
set Ts[712]:=
3_3_4 5_1_2 2_17_18 3_9_10 1_9_10 5_13_14 4_19_20 4_3_4 3_15_16 ;
set Ts[713]:=
3_15_16 5_1_2 2_3_4 3_19_20 4_9_10 2_9_10 ;
set Ts[714]:=
2_9_10 4_3_4 5_3_4 1_5_6 1_3_4 5_5_6 ;
set Ts[715]:=
5_17_18 5_3_4 5_5_6 1_11_12 3_15_16 3_3_4 1_17_18 1_1_2 4_17_18 3_13_14 ;
set Ts[716]:=
1_13_14 2_19_20 1_7_8 5_3_4 1_9_10 ;
set Ts[717]:=
2_3_4 4_11_12 1_11_12 3_19_20 5_7_8 1_9_10 2_19_20 2_9_10 5_17_18 3_9_10 4_17_18 ;
set Ts[718]:=
2_19_20 1_9_10 3_11_12 4_13_14 ;
set Ts[719]:=
4_5_6 2_15_16 1_1_2 2_11_12 2_7_8 5_15_16 3_7_8 ;
set Ts[720]:=
1_7_8 3_3_4 1_3_4 5_7_8 3_5_6 5_9_10 5_5_6 3_7_8 ;
set Ts[721]:=
3_13_14 2_13_14 4_17_18 4_15_16 4_1_2 ;
set Ts[722]:=
1_7_8 5_9_10 4_17_18 3_11_12 4_13_14 1_9_10 4_15_16 4_7_8 4_5_6 ;
set Ts[723]:=
1_17_18 1_15_16 5_11_12 3_17_18 3_13_14 1_3_4 4_15_16 5_19_20 ;
set Ts[724]:=
3_1_2 3_3_4 ;
set Ts[725]:=
2_5_6 5_1_2 5_15_16 5_17_18 1_15_16 2_17_18 4_3_4 3_7_8 1_7_8 ;
set Ts[726]:=
5_3_4 1_15_16 2_11_12 1_7_8 1_1_2 4_11_12 2_9_10 5_1_2 1_5_6 ;
set Ts[727]:=
1_17_18 1_19_20 4_13_14 5_1_2 1_7_8 2_7_8 ;
set Ts[728]:=
5_5_6 5_3_4 5_15_16 5_11_12 1_19_20 4_5_6 3_17_18 5_13_14 ;
set Ts[729]:=
2_17_18 1_15_16 5_11_12 3_9_10 4_19_20 4_3_4 4_7_8 5_3_4 4_17_18 4_11_12 ;
set Ts[730]:=
1_9_10 5_11_12 4_15_16 5_17_18 ;
set Ts[731]:=
2_17_18 4_1_2 1_5_6 1_3_4 3_7_8 4_13_14 2_7_8 1_17_18 2_1_2 ;
set Ts[732]:=
4_9_10 4_5_6 4_3_4 2_15_16 1_15_16 3_3_4 ;
set Ts[733]:=
4_9_10 1_11_12 3_19_20 4_7_8 1_15_16 4_19_20 4_13_14 2_9_10 3_3_4 5_19_20 ;
set Ts[734]:=
2_19_20 4_15_16 5_17_18 5_13_14 4_17_18 4_3_4 3_7_8 ;
set Ts[735]:=
3_1_2 3_19_20 1_3_4 5_7_8 5_9_10 3_13_14 ;
set Ts[736]:=
1_11_12 5_7_8 5_1_2 4_7_8 3_13_14 ;
set Ts[737]:=
2_1_2 5_17_18 4_7_8 4_1_2 1_11_12 3_7_8 ;
set Ts[738]:=
4_7_8 4_13_14 2_17_18 5_1_2 4_17_18 3_11_12 2_3_4 3_19_20 4_3_4 5_13_14 5_11_12 1_1_2 2_1_2 ;
set Ts[739]:=
3_5_6 4_17_18 ;
set Ts[740]:=
5_7_8 5_1_2 5_19_20 ;
set Ts[741]:=
3_19_20 4_5_6 3_17_18 3_5_6 2_13_14 5_15_16 ;
set Ts[742]:=
2_7_8 5_7_8 1_3_4 2_3_4 2_19_20 2_15_16 2_17_18 3_19_20 ;
set Ts[743]:=
4_9_10 3_11_12 1_15_16 2_3_4 1_19_20 1_11_12 3_17_18 3_7_8 5_7_8 ;
set Ts[744]:=
3_5_6 5_5_6 1_13_14 2_7_8 3_13_14 1_5_6 3_19_20 ;
set Ts[745]:=
5_19_20 1_5_6 4_1_2 4_11_12 5_3_4 3_11_12 3_19_20 2_11_12 4_5_6 ;
set Ts[746]:=
1_3_4 1_9_10 2_11_12 ;
set Ts[747]:=
1_17_18 4_15_16 4_3_4 ;
set Ts[748]:=
3_13_14 1_5_6 1_11_12 1_9_10 1_3_4 2_5_6 ;
set Ts[749]:=
1_17_18 4_5_6 5_11_12 3_3_4 2_17_18 1_3_4 2_15_16 2_7_8 1_9_10 1_19_20 ;
set Ts[750]:=
2_3_4 5_11_12 5_17_18 4_9_10 3_11_12 4_15_16 3_9_10 1_13_14 1_19_20 4_19_20 5_15_16 3_13_14 ;
set Ts[751]:=
2_5_6 3_9_10 4_15_16 5_17_18 ;
set Ts[752]:=
4_3_4 5_19_20 2_7_8 5_15_16 2_13_14 ;
set Ts[753]:=
2_9_10 1_1_2 5_15_16 1_5_6 5_7_8 ;
set Ts[754]:=
4_13_14 4_5_6 ;
set Ts[755]:=
2_19_20 4_9_10 ;
set Ts[756]:=
1_3_4 1_13_14 5_5_6 3_17_18 4_7_8 1_7_8 4_9_10 4_3_4 ;
set Ts[757]:=
4_5_6 1_3_4 1_15_16 3_9_10 3_3_4 ;
set Ts[758]:=
4_17_18 3_1_2 1_11_12 1_19_20 2_9_10 ;
set Ts[759]:=
4_7_8 3_17_18 4_5_6 2_11_12 2_13_14 3_7_8 5_1_2 5_11_12 2_9_10 ;
set Ts[760]:=
5_19_20 5_15_16 1_17_18 3_17_18 3_11_12 2_13_14 5_17_18 2_19_20 2_7_8 4_1_2 ;
set Ts[761]:=
3_11_12 2_9_10 3_5_6 3_1_2 1_15_16 5_3_4 4_1_2 4_5_6 5_1_2 ;
set Ts[762]:=
4_15_16 4_11_12 ;
set Ts[763]:=
5_15_16 2_13_14 1_11_12 1_5_6 1_19_20 3_15_16 2_11_12 4_7_8 ;
set Ts[764]:=
3_3_4 4_13_14 2_17_18 4_15_16 3_9_10 2_1_2 5_11_12 ;
set Ts[765]:=
2_3_4 2_5_6 3_5_6 1_19_20 5_11_12 ;
set Ts[766]:=
5_17_18 3_13_14 4_3_4 3_5_6 4_11_12 2_1_2 1_13_14 ;
set Ts[767]:=
5_1_2 3_19_20 4_17_18 2_15_16 4_7_8 5_17_18 1_1_2 ;
set Ts[768]:=
5_1_2 1_15_16 4_13_14 3_5_6 ;
set Ts[769]:=
1_9_10 3_11_12 5_19_20 ;
set Ts[770]:=
2_1_2 2_7_8 3_19_20 2_13_14 1_7_8 3_3_4 ;
set Ts[771]:=
3_15_16 2_13_14 2_15_16 5_13_14 3_19_20 4_1_2 1_1_2 4_3_4 ;
set Ts[772]:=
3_13_14 4_19_20 1_17_18 ;
set Ts[773]:=
5_7_8 3_15_16 2_9_10 ;
set Ts[774]:=
1_9_10 3_11_12 3_19_20 1_15_16 3_15_16 5_1_2 ;
set Ts[775]:=
3_17_18 2_15_16 3_15_16 2_7_8 3_19_20 1_9_10 4_3_4 3_5_6 ;
set Ts[776]:=
4_11_12 4_3_4 5_13_14 5_5_6 ;
set Ts[777]:=
3_19_20 2_9_10 4_17_18 2_3_4 1_3_4 ;
set Ts[778]:=
2_11_12 2_19_20 2_1_2 3_13_14 1_7_8 2_9_10 3_11_12 1_1_2 5_9_10 ;
set Ts[779]:=
3_1_2 5_7_8 1_1_2 4_19_20 1_13_14 1_9_10 3_19_20 1_15_16 2_11_12 5_3_4 ;
set Ts[780]:=
5_1_2 3_5_6 3_3_4 ;
set Ts[781]:=
5_19_20 2_19_20 2_3_4 4_7_8 1_19_20 1_13_14 ;
set Ts[782]:=
2_13_14 5_3_4 2_11_12 2_3_4 5_15_16 3_15_16 3_9_10 3_13_14 1_1_2 ;
set Ts[783]:=
3_5_6 5_7_8 1_19_20 3_15_16 ;
set Ts[784]:=
1_15_16 3_3_4 4_1_2 2_11_12 2_19_20 3_9_10 1_17_18 5_9_10 1_11_12 4_11_12 ;
set Ts[785]:=
4_19_20 4_13_14 5_7_8 5_19_20 1_1_2 3_13_14 5_15_16 5_11_12 4_1_2 3_11_12 3_15_16 2_17_18 4_11_12 ;
set Ts[786]:=
2_5_6 5_13_14 2_19_20 2_1_2 1_1_2 1_3_4 1_15_16 ;
set Ts[787]:=
3_15_16 5_7_8 5_17_18 ;
set Ts[788]:=
3_1_2 3_7_8 1_15_16 1_13_14 1_11_12 4_7_8 2_9_10 3_13_14 5_1_2 ;
set Ts[789]:=
5_15_16 1_11_12 ;
set Ts[790]:=
2_3_4 4_9_10 1_11_12 5_5_6 3_11_12 4_15_16 3_7_8 ;
set Ts[791]:=
1_17_18 1_11_12 4_19_20 1_9_10 3_19_20 5_5_6 4_11_12 5_7_8 2_7_8 3_13_14 3_9_10 5_3_4 ;
set Ts[792]:=
4_7_8 5_9_10 1_13_14 5_5_6 5_15_16 4_19_20 1_11_12 ;
set Ts[793]:=
4_5_6 4_11_12 4_15_16 4_7_8 1_15_16 5_13_14 2_5_6 3_7_8 4_13_14 2_11_12 2_17_18 ;
set Ts[794]:=
5_11_12 2_15_16 5_3_4 1_17_18 4_5_6 2_9_10 1_13_14 1_9_10 1_5_6 2_17_18 ;
set Ts[795]:=
2_5_6 4_15_16 4_11_12 2_19_20 4_7_8 1_5_6 ;
set Ts[796]:=
1_1_2 3_9_10 1_7_8 2_19_20 3_13_14 3_11_12 1_19_20 2_9_10 3_1_2 2_11_12 4_13_14 2_17_18 ;
set Ts[797]:=
1_7_8 3_9_10 2_15_16 1_9_10 5_13_14 5_11_12 ;
set Ts[798]:=
2_19_20 3_17_18 4_17_18 3_3_4 2_5_6 5_7_8 ;
set Ts[799]:=
5_3_4 5_11_12 3_3_4 3_7_8 1_13_14 1_5_6 3_13_14 5_19_20 4_7_8 ;
set Ts[800]:=
2_1_2 2_9_10 5_11_12 5_9_10 ;
set Ts[801]:=
4_3_4 5_9_10 2_17_18 ;
set Ts[802]:=
5_3_4 5_13_14 ;
set Ts[803]:=
3_17_18 2_3_4 1_17_18 3_11_12 1_1_2 2_17_18 ;
set Ts[804]:=
3_15_16 4_5_6 5_19_20 ;
set Ts[805]:=
3_5_6 3_11_12 2_15_16 4_1_2 ;
set Ts[806]:=
1_7_8 2_11_12 1_17_18 2_5_6 5_1_2 5_5_6 2_15_16 ;
set Ts[807]:=
3_1_2 1_11_12 5_3_4 4_17_18 2_19_20 ;
set Ts[808]:=
5_15_16 2_5_6 ;
set Ts[809]:=
3_9_10 3_5_6 2_11_12 4_1_2 3_1_2 1_9_10 5_9_10 4_9_10 ;
set Ts[810]:=
3_7_8 1_17_18 4_13_14 5_15_16 1_15_16 4_1_2 3_19_20 2_19_20 5_9_10 5_19_20 1_13_14 4_15_16 2_13_14 ;
set Ts[811]:=
3_9_10 5_13_14 5_9_10 3_11_12 1_3_4 ;
set Ts[812]:=
2_15_16 1_11_12 3_7_8 1_1_2 5_9_10 3_11_12 1_3_4 1_15_16 5_19_20 ;
set Ts[813]:=
4_9_10 3_5_6 5_1_2 1_3_4 5_3_4 2_19_20 1_5_6 2_9_10 5_9_10 ;
set Ts[814]:=
2_17_18 1_3_4 4_1_2 2_15_16 4_13_14 ;
set Ts[815]:=
5_15_16 1_13_14 1_9_10 3_13_14 2_11_12 ;
set Ts[816]:=
2_15_16 2_7_8 5_11_12 1_5_6 ;
set Ts[817]:=
5_13_14 2_1_2 4_11_12 4_5_6 5_19_20 5_5_6 1_13_14 4_3_4 3_5_6 2_11_12 ;
set Ts[818]:=
3_13_14 2_11_12 1_1_2 4_17_18 1_7_8 3_1_2 5_5_6 1_11_12 2_9_10 ;
set Ts[819]:=
5_9_10 5_5_6 2_19_20 1_5_6 2_13_14 2_9_10 1_17_18 1_1_2 3_17_18 4_3_4 ;
set Ts[820]:=
4_5_6 5_3_4 ;
set Ts[821]:=
1_7_8 3_9_10 ;
set Ts[822]:=
5_3_4 3_1_2 3_7_8 2_15_16 5_15_16 2_11_12 3_17_18 4_19_20 2_13_14 1_1_2 4_13_14 ;
set Ts[823]:=
4_11_12 2_7_8 ;
set Ts[824]:=
2_3_4 4_19_20 1_13_14 4_13_14 5_9_10 5_11_12 ;
set Ts[825]:=
3_5_6 4_7_8 2_3_4 3_1_2 ;
set Ts[826]:=
5_11_12 4_11_12 3_15_16 3_19_20 ;
set Ts[827]:=
1_11_12 4_19_20 2_9_10 5_13_14 ;
set Ts[828]:=
4_7_8 2_17_18 4_1_2 1_5_6 2_5_6 4_11_12 2_15_16 3_5_6 1_19_20 ;
set Ts[829]:=
1_15_16 3_19_20 ;
set Ts[830]:=
1_5_6 2_7_8 1_15_16 4_11_12 3_7_8 1_13_14 4_5_6 2_3_4 5_7_8 4_1_2 ;
set Ts[831]:=
1_7_8 1_17_18 3_11_12 4_11_12 3_9_10 5_13_14 2_11_12 5_15_16 5_1_2 5_7_8 1_5_6 5_19_20 5_11_12 ;
set Ts[832]:=
1_1_2 3_17_18 4_13_14 1_17_18 3_7_8 1_13_14 2_9_10 2_1_2 4_17_18 ;
set Ts[833]:=
4_11_12 4_13_14 1_13_14 ;
set Ts[834]:=
4_1_2 2_1_2 4_19_20 5_11_12 4_9_10 ;
set Ts[835]:=
3_13_14 5_5_6 5_17_18 ;
set Ts[836]:=
5_3_4 3_9_10 3_1_2 1_19_20 ;
set Ts[837]:=
5_11_12 3_1_2 ;
set Ts[838]:=
5_17_18 5_7_8 5_3_4 1_19_20 1_1_2 2_13_14 1_13_14 4_11_12 3_19_20 4_19_20 ;
set Ts[839]:=
1_9_10 2_15_16 1_13_14 5_15_16 5_7_8 4_3_4 4_5_6 ;
set Ts[840]:=
1_9_10 5_13_14 4_17_18 2_15_16 1_17_18 5_1_2 3_13_14 2_7_8 4_13_14 3_15_16 1_3_4 5_15_16 2_3_4 ;
set Ts[841]:=
2_5_6 1_5_6 4_19_20 2_7_8 ;
set Ts[842]:=
2_3_4 2_19_20 4_5_6 5_13_14 1_5_6 3_9_10 ;
set Ts[843]:=
5_15_16 5_1_2 3_3_4 1_17_18 ;
set Ts[844]:=
3_17_18 5_13_14 3_7_8 5_11_12 2_1_2 1_13_14 4_11_12 5_5_6 1_15_16 2_5_6 5_19_20 ;
set Ts[845]:=
4_7_8 5_7_8 1_9_10 4_19_20 ;
set Ts[846]:=
3_7_8 3_17_18 2_13_14 5_15_16 ;
set Ts[847]:=
4_11_12 4_19_20 3_3_4 ;
set Ts[848]:=
1_7_8 3_7_8 1_9_10 1_15_16 4_1_2 4_9_10 2_3_4 1_3_4 ;
set Ts[849]:=
3_15_16 2_3_4 5_15_16 1_15_16 4_17_18 3_17_18 ;
set Ts[850]:=
4_3_4 1_17_18 3_19_20 1_7_8 3_15_16 2_1_2 3_1_2 3_17_18 3_13_14 ;
set Ts[851]:=
4_11_12 3_11_12 5_9_10 5_17_18 3_9_10 4_3_4 2_17_18 ;
set Ts[852]:=
1_11_12 1_5_6 5_19_20 ;
set Ts[853]:=
4_9_10 4_5_6 2_15_16 3_9_10 ;
set Ts[854]:=
3_1_2 1_13_14 2_19_20 1_1_2 4_5_6 5_19_20 2_9_10 5_3_4 3_17_18 1_19_20 1_11_12 ;
set Ts[855]:=
2_3_4 2_5_6 3_9_10 4_9_10 ;
set Ts[856]:=
5_3_4 3_5_6 2_15_16 2_9_10 4_19_20 2_17_18 4_3_4 3_3_4 ;
set Ts[857]:=
3_5_6 3_13_14 ;
set Ts[858]:=
5_9_10 1_5_6 1_15_16 2_17_18 3_15_16 2_7_8 4_19_20 5_5_6 3_11_12 3_17_18 5_7_8 ;
set Ts[859]:=
3_9_10 5_17_18 1_9_10 3_19_20 4_1_2 4_3_4 ;
set Ts[860]:=
1_17_18 3_19_20 ;
set Ts[861]:=
3_19_20 4_17_18 1_1_2 4_5_6 1_19_20 2_7_8 ;
set Ts[862]:=
1_3_4 5_7_8 4_13_14 2_3_4 4_3_4 2_11_12 5_9_10 1_19_20 2_13_14 ;
set Ts[863]:=
1_5_6 5_19_20 4_19_20 5_9_10 3_9_10 3_3_4 5_3_4 ;
set Ts[864]:=
2_13_14 1_13_14 5_9_10 5_13_14 4_7_8 1_7_8 4_17_18 ;
set Ts[865]:=
3_15_16 3_17_18 1_17_18 ;
set Ts[866]:=
2_13_14 4_1_2 5_5_6 1_1_2 5_13_14 5_11_12 1_3_4 ;
set Ts[867]:=
4_1_2 2_13_14 3_15_16 3_7_8 5_11_12 3_19_20 5_17_18 5_3_4 2_7_8 4_3_4 5_15_16 2_9_10 5_13_14 ;
set Ts[868]:=
2_13_14 3_7_8 3_3_4 2_9_10 3_17_18 4_15_16 5_11_12 4_5_6 ;
set Ts[869]:=
5_7_8 3_1_2 1_7_8 3_11_12 5_13_14 5_1_2 2_17_18 ;
set Ts[870]:=
5_3_4 4_7_8 2_1_2 3_3_4 2_15_16 2_5_6 1_7_8 3_7_8 4_19_20 1_3_4 ;
set Ts[871]:=
4_17_18 1_9_10 1_13_14 3_15_16 1_7_8 5_17_18 2_9_10 5_11_12 4_9_10 ;
set Ts[872]:=
1_11_12 2_3_4 4_9_10 ;
set Ts[873]:=
4_9_10 4_15_16 5_19_20 ;
set Ts[874]:=
2_13_14 4_11_12 2_19_20 4_19_20 5_5_6 3_19_20 3_17_18 1_13_14 ;
set Ts[875]:=
4_7_8 2_7_8 5_7_8 3_5_6 4_3_4 3_7_8 ;
set Ts[876]:=
2_3_4 5_7_8 5_13_14 4_17_18 3_17_18 2_7_8 1_7_8 4_15_16 1_9_10 5_15_16 ;
set Ts[877]:=
3_3_4 3_19_20 ;
set Ts[878]:=
3_13_14 1_9_10 2_13_14 5_13_14 1_5_6 3_15_16 3_5_6 ;
set Ts[879]:=
1_9_10 4_15_16 5_19_20 4_3_4 ;
set Ts[880]:=
5_11_12 5_17_18 5_19_20 2_19_20 4_1_2 3_7_8 5_15_16 4_13_14 1_13_14 ;
set Ts[881]:=
1_1_2 2_3_4 1_19_20 3_17_18 1_17_18 5_15_16 4_5_6 2_7_8 2_11_12 5_11_12 ;
set Ts[882]:=
3_17_18 5_1_2 5_15_16 2_5_6 1_15_16 3_15_16 4_5_6 3_9_10 1_7_8 1_19_20 4_11_12 ;
set Ts[883]:=
5_9_10 1_3_4 3_9_10 3_19_20 4_1_2 2_11_12 1_11_12 ;
set Ts[884]:=
2_19_20 1_9_10 1_5_6 2_5_6 1_1_2 4_19_20 1_7_8 4_9_10 1_3_4 5_9_10 ;
set Ts[885]:=
1_17_18 4_5_6 3_9_10 2_13_14 5_19_20 4_13_14 5_9_10 5_11_12 ;
set Ts[886]:=
3_7_8 2_11_12 4_9_10 4_15_16 4_5_6 ;
set Ts[887]:=
3_1_2 5_9_10 2_5_6 1_15_16 ;
set Ts[888]:=
3_3_4 3_9_10 4_1_2 3_15_16 5_15_16 5_13_14 4_17_18 1_1_2 5_17_18 3_1_2 ;
set Ts[889]:=
3_7_8 5_13_14 2_17_18 5_1_2 5_17_18 4_3_4 3_13_14 2_13_14 2_3_4 5_9_10 5_5_6 ;
set Ts[890]:=
1_19_20 3_7_8 2_19_20 3_15_16 ;
set Ts[891]:=
2_7_8 1_11_12 ;
set Ts[892]:=
4_5_6 1_15_16 5_11_12 1_19_20 ;
set Ts[893]:=
2_19_20 5_13_14 4_7_8 5_7_8 1_7_8 1_17_18 1_15_16 5_9_10 ;
set Ts[894]:=
2_13_14 5_17_18 4_5_6 2_17_18 4_17_18 3_17_18 5_11_12 ;
set Ts[895]:=
2_3_4 3_5_6 4_13_14 1_13_14 2_5_6 ;
set Ts[896]:=
5_15_16 4_1_2 3_13_14 3_1_2 3_3_4 5_11_12 2_1_2 4_11_12 ;
set Ts[897]:=
3_11_12 2_17_18 ;
set Ts[898]:=
2_17_18 5_9_10 4_5_6 2_15_16 2_3_4 5_13_14 4_13_14 3_9_10 3_1_2 3_11_12 5_5_6 4_19_20 ;
set Ts[899]:=
5_11_12 4_7_8 3_19_20 2_19_20 2_9_10 5_17_18 ;
set Ts[900]:=
3_9_10 2_9_10 ;
set Ts[901]:=
3_15_16 2_7_8 4_15_16 3_9_10 4_9_10 ;
set Ts[902]:=
1_13_14 5_17_18 1_7_8 4_3_4 2_5_6 2_15_16 2_13_14 ;
set Ts[903]:=
5_19_20 1_13_14 5_1_2 2_9_10 1_19_20 1_5_6 1_3_4 2_3_4 ;
set Ts[904]:=
2_11_12 2_15_16 5_3_4 1_15_16 5_9_10 4_13_14 3_15_16 1_9_10 3_19_20 ;
set Ts[905]:=
1_5_6 5_19_20 2_9_10 2_11_12 ;
set Ts[906]:=
1_5_6 3_7_8 ;
set Ts[907]:=
2_15_16 1_1_2 2_3_4 5_15_16 ;
set Ts[908]:=
4_1_2 1_11_12 2_19_20 1_17_18 ;
set Ts[909]:=
5_9_10 1_1_2 3_9_10 2_19_20 2_11_12 1_19_20 4_19_20 ;
set Ts[910]:=
1_5_6 1_13_14 1_9_10 ;
set Ts[911]:=
2_11_12 2_13_14 1_3_4 3_1_2 5_5_6 2_7_8 4_9_10 ;
set Ts[912]:=
3_7_8 1_11_12 4_11_12 4_9_10 5_13_14 4_15_16 ;
set Ts[913]:=
2_1_2 1_3_4 1_19_20 3_17_18 3_3_4 4_7_8 5_19_20 2_7_8 5_9_10 3_19_20 ;
set Ts[914]:=
3_9_10 5_3_4 ;
set Ts[915]:=
5_13_14 2_1_2 ;
set Ts[916]:=
2_17_18 2_15_16 1_1_2 4_19_20 5_13_14 ;
set Ts[917]:=
2_11_12 5_19_20 4_7_8 4_9_10 1_9_10 1_17_18 2_1_2 4_19_20 3_5_6 2_15_16 1_11_12 ;
set Ts[918]:=
2_9_10 4_5_6 ;
set Ts[919]:=
1_5_6 5_5_6 ;
set Ts[920]:=
2_9_10 4_15_16 ;
set Ts[921]:=
4_7_8 4_19_20 2_11_12 3_5_6 1_7_8 5_5_6 3_11_12 ;
set Ts[922]:=
3_5_6 5_1_2 4_17_18 4_7_8 5_5_6 4_15_16 1_3_4 ;
set Ts[923]:=
1_3_4 2_11_12 5_15_16 4_3_4 5_11_12 2_7_8 3_11_12 3_13_14 3_7_8 4_9_10 1_15_16 1_17_18 ;
set Ts[924]:=
3_9_10 4_9_10 ;
set Ts[925]:=
5_7_8 2_3_4 5_1_2 4_3_4 2_15_16 2_11_12 2_7_8 4_5_6 5_17_18 4_9_10 3_15_16 5_5_6 3_7_8 ;
set Ts[926]:=
4_13_14 2_3_4 4_5_6 ;
set Ts[927]:=
4_17_18 3_17_18 5_3_4 2_5_6 ;
set Ts[928]:=
1_1_2 1_17_18 2_5_6 4_1_2 2_13_14 3_15_16 ;
set Ts[929]:=
1_17_18 5_3_4 5_7_8 ;
set Ts[930]:=
1_7_8 5_5_6 2_3_4 1_17_18 4_11_12 5_7_8 1_15_16 3_5_6 1_13_14 2_19_20 5_9_10 3_9_10 ;
set Ts[931]:=
5_7_8 4_13_14 5_1_2 ;
set Ts[932]:=
5_1_2 4_17_18 3_15_16 1_19_20 4_7_8 ;
set Ts[933]:=
5_5_6 5_15_16 5_3_4 2_11_12 3_13_14 3_1_2 ;
set Ts[934]:=
1_15_16 1_7_8 1_3_4 3_17_18 ;
set Ts[935]:=
3_13_14 5_1_2 5_15_16 4_5_6 4_3_4 3_19_20 2_17_18 5_13_14 4_13_14 4_15_16 4_7_8 5_5_6 ;
set Ts[936]:=
2_13_14 4_15_16 3_19_20 5_19_20 4_5_6 1_1_2 3_1_2 4_7_8 ;
set Ts[937]:=
1_13_14 2_17_18 5_9_10 2_19_20 ;
set Ts[938]:=
2_19_20 1_13_14 ;
set Ts[939]:=
2_3_4 4_1_2 5_7_8 4_17_18 3_11_12 2_15_16 ;
set Ts[940]:=
5_5_6 2_3_4 2_19_20 ;
set Ts[941]:=
3_9_10 4_1_2 5_11_12 5_19_20 ;
set Ts[942]:=
5_15_16 3_17_18 5_7_8 4_11_12 5_5_6 3_13_14 3_19_20 ;
set Ts[943]:=
1_3_4 1_7_8 ;
set Ts[944]:=
1_3_4 1_11_12 3_13_14 1_15_16 2_15_16 2_3_4 1_17_18 ;
set Ts[945]:=
4_11_12 4_7_8 4_1_2 3_13_14 5_13_14 2_11_12 ;
set Ts[946]:=
1_9_10 3_13_14 2_7_8 1_11_12 2_9_10 3_19_20 ;
set Ts[947]:=
3_11_12 3_5_6 4_1_2 5_7_8 3_13_14 1_17_18 2_5_6 5_15_16 2_7_8 ;
set Ts[948]:=
2_17_18 3_19_20 3_7_8 2_1_2 5_9_10 2_13_14 3_17_18 4_11_12 1_3_4 ;
set Ts[949]:=
5_3_4 3_15_16 5_9_10 3_5_6 4_13_14 ;
set Ts[950]:=
4_9_10 1_9_10 2_7_8 2_1_2 1_13_14 3_9_10 2_13_14 1_3_4 ;
set Ts[951]:=
2_15_16 3_9_10 1_1_2 2_9_10 4_19_20 3_1_2 ;
set Ts[952]:=
1_7_8 3_19_20 1_1_2 4_5_6 3_9_10 2_17_18 2_11_12 4_15_16 5_9_10 2_9_10 1_19_20 4_3_4 ;
set Ts[953]:=
2_17_18 2_11_12 1_15_16 4_13_14 2_3_4 5_15_16 2_1_2 5_5_6 3_19_20 5_19_20 4_9_10 5_1_2 ;
set Ts[954]:=
1_1_2 5_7_8 5_13_14 3_7_8 1_9_10 2_17_18 2_5_6 4_3_4 3_19_20 1_19_20 4_1_2 ;
set Ts[955]:=
2_9_10 1_7_8 5_13_14 3_17_18 ;
set Ts[956]:=
1_5_6 1_15_16 3_17_18 3_13_14 ;
set Ts[957]:=
5_15_16 4_5_6 1_17_18 5_13_14 5_11_12 ;
set Ts[958]:=
5_15_16 3_13_14 4_17_18 2_19_20 ;
set Ts[959]:=
5_9_10 2_3_4 4_19_20 3_13_14 5_13_14 ;
set Ts[960]:=
3_19_20 5_11_12 3_11_12 1_15_16 5_5_6 1_17_18 3_17_18 3_9_10 3_7_8 1_3_4 5_19_20 4_7_8 ;
set Ts[961]:=
2_13_14 5_17_18 3_3_4 ;
set Ts[962]:=
2_11_12 5_5_6 4_5_6 2_15_16 1_13_14 4_19_20 3_9_10 1_7_8 ;
set Ts[963]:=
4_5_6 1_15_16 4_19_20 ;
set Ts[964]:=
2_9_10 4_3_4 4_1_2 3_5_6 ;
set Ts[965]:=
1_1_2 1_13_14 ;
set Ts[966]:=
4_17_18 2_11_12 4_5_6 4_19_20 3_17_18 4_11_12 ;
set Ts[967]:=
5_11_12 5_15_16 2_3_4 2_1_2 1_11_12 4_17_18 3_1_2 3_3_4 1_9_10 2_5_6 2_11_12 2_9_10 ;
set Ts[968]:=
5_9_10 4_11_12 2_15_16 3_5_6 5_5_6 1_13_14 5_7_8 ;
set Ts[969]:=
1_5_6 3_3_4 4_1_2 2_17_18 4_19_20 1_13_14 3_1_2 4_5_6 ;
set Ts[970]:=
5_7_8 5_15_16 4_15_16 4_9_10 2_1_2 3_11_12 2_13_14 3_19_20 4_5_6 ;
set Ts[971]:=
4_5_6 2_1_2 5_9_10 5_17_18 5_13_14 ;
set Ts[972]:=
3_13_14 3_9_10 1_11_12 5_15_16 3_15_16 2_1_2 ;
set Ts[973]:=
4_3_4 3_3_4 2_13_14 5_7_8 3_19_20 1_13_14 1_3_4 1_17_18 ;
set Ts[974]:=
2_7_8 1_9_10 4_15_16 4_7_8 1_1_2 1_19_20 ;
set Ts[975]:=
4_15_16 3_5_6 ;
set Ts[976]:=
5_3_4 2_19_20 3_3_4 5_7_8 ;
set Ts[977]:=
1_13_14 4_1_2 2_7_8 2_13_14 5_7_8 4_7_8 4_13_14 4_11_12 5_19_20 ;
set Ts[978]:=
5_3_4 5_1_2 5_7_8 5_17_18 2_15_16 4_9_10 3_9_10 2_9_10 ;
set Ts[979]:=
5_3_4 2_3_4 2_5_6 5_13_14 1_7_8 2_19_20 3_5_6 ;
set Ts[980]:=
2_19_20 4_1_2 3_7_8 4_17_18 1_11_12 3_9_10 ;
set Ts[981]:=
1_9_10 4_11_12 ;
set Ts[982]:=
5_1_2 2_3_4 1_5_6 1_7_8 2_7_8 4_13_14 2_5_6 4_17_18 ;
set Ts[983]:=
1_17_18 5_1_2 3_5_6 3_11_12 1_19_20 4_9_10 4_15_16 4_3_4 ;
set Ts[984]:=
1_3_4 2_7_8 2_9_10 5_7_8 1_15_16 5_5_6 ;
set Ts[985]:=
4_9_10 1_9_10 ;
set Ts[986]:=
3_3_4 2_11_12 4_5_6 2_3_4 4_7_8 2_1_2 4_19_20 ;
set Ts[987]:=
1_9_10 5_9_10 2_15_16 3_1_2 3_15_16 3_13_14 5_1_2 4_1_2 2_13_14 5_3_4 5_17_18 ;
set Ts[988]:=
2_13_14 1_7_8 ;
set Ts[989]:=
2_1_2 1_19_20 2_9_10 3_3_4 5_7_8 2_11_12 3_11_12 5_19_20 5_11_12 5_15_16 4_17_18 ;
set Ts[990]:=
4_15_16 1_17_18 3_17_18 5_15_16 ;
set Ts[991]:=
5_5_6 1_5_6 3_9_10 1_13_14 3_11_12 5_1_2 2_1_2 1_1_2 1_15_16 ;
set Ts[992]:=
5_15_16 4_3_4 2_19_20 4_11_12 3_1_2 1_1_2 3_3_4 ;
set Ts[993]:=
5_1_2 4_3_4 1_7_8 1_19_20 2_5_6 ;
set Ts[994]:=
2_17_18 4_19_20 2_9_10 1_5_6 4_9_10 ;
set Ts[995]:=
5_11_12 4_1_2 4_5_6 5_7_8 5_1_2 3_17_18 4_3_4 4_13_14 ;
set Ts[996]:=
1_3_4 5_7_8 2_3_4 ;
set Ts[997]:=
2_3_4 3_9_10 4_5_6 4_13_14 5_7_8 2_13_14 2_7_8 2_1_2 ;
set Ts[998]:=
5_1_2 1_1_2 5_11_12 1_17_18 2_1_2 1_9_10 ;
set Ts[999]:=
1_1_2 4_17_18 1_15_16 2_1_2 5_1_2 5_19_20 ;
set Ts[1000]:=
2_1_2 5_17_18 1_9_10 5_11_12 3_13_14 3_11_12 5_1_2 1_15_16 2_9_10 4_9_10 ;
set Ts[1001]:=
1_11_12 2_3_4 3_1_2 ;
set Ts[1002]:=
1_17_18 2_19_20 2_9_10 2_3_4 3_13_14 2_5_6 1_7_8 4_11_12 ;
set Ts[1003]:=
5_5_6 2_1_2 ;
set Ts[1004]:=
1_5_6 1_1_2 5_19_20 2_9_10 2_7_8 4_1_2 1_11_12 2_19_20 1_15_16 3_7_8 4_19_20 4_5_6 ;
set Ts[1005]:=
2_17_18 1_19_20 1_9_10 3_7_8 4_19_20 2_19_20 ;
set Ts[1006]:=
2_3_4 2_5_6 5_5_6 3_5_6 3_19_20 ;
set Ts[1007]:=
5_13_14 2_5_6 3_11_12 3_7_8 2_9_10 5_7_8 4_7_8 ;
set Ts[1008]:=
5_19_20 3_7_8 2_19_20 3_17_18 3_9_10 1_5_6 4_9_10 5_13_14 5_7_8 ;
set Ts[1009]:=
5_3_4 5_7_8 3_11_12 2_15_16 3_7_8 1_11_12 3_13_14 1_3_4 5_11_12 ;
set Ts[1010]:=
3_15_16 4_7_8 2_9_10 4_1_2 5_13_14 3_19_20 2_15_16 4_5_6 ;
set Ts[1011]:=
3_3_4 1_15_16 3_7_8 4_1_2 5_1_2 2_13_14 ;
set Ts[1012]:=
2_7_8 3_13_14 5_7_8 3_15_16 5_13_14 1_5_6 5_3_4 2_15_16 ;
set Ts[1013]:=
1_3_4 5_11_12 4_9_10 5_3_4 4_5_6 2_3_4 3_5_6 4_1_2 5_5_6 1_15_16 ;
set Ts[1014]:=
5_7_8 5_17_18 3_11_12 3_13_14 4_7_8 5_15_16 4_9_10 5_19_20 3_9_10 ;
set Ts[1015]:=
5_5_6 3_1_2 ;
set Ts[1016]:=
1_5_6 2_15_16 3_11_12 5_17_18 4_11_12 4_7_8 ;
set Ts[1017]:=
1_1_2 4_17_18 3_1_2 2_3_4 ;
set Ts[1018]:=
1_1_2 1_15_16 4_7_8 4_19_20 3_3_4 5_7_8 3_7_8 ;
set Ts[1019]:=
2_1_2 2_9_10 1_7_8 4_17_18 3_13_14 2_17_18 1_19_20 ;
set Ts[1020]:=
2_3_4 4_7_8 3_7_8 5_7_8 4_9_10 2_13_14 4_17_18 2_9_10 3_3_4 ;
set Ts[1021]:=
2_17_18 2_9_10 1_11_12 5_3_4 1_19_20 3_9_10 3_5_6 5_7_8 1_13_14 1_3_4 5_17_18 ;
set Ts[1022]:=
4_5_6 5_9_10 4_15_16 1_11_12 3_3_4 4_17_18 3_11_12 2_15_16 2_1_2 ;
set Ts[1023]:=
1_5_6 2_13_14 2_1_2 2_3_4 3_5_6 2_19_20 3_1_2 4_7_8 5_1_2 ;
set Ts[1024]:=
1_9_10 5_9_10 1_3_4 ;
set Ts[1025]:=
2_11_12 3_17_18 2_19_20 5_17_18 3_11_12 2_13_14 3_13_14 2_3_4 3_5_6 5_9_10 3_15_16 ;
set Ts[1026]:=
2_17_18 3_11_12 4_1_2 5_3_4 ;
set Ts[1027]:=
3_15_16 4_9_10 ;
set Ts[1028]:=
3_9_10 4_11_12 4_5_6 3_1_2 5_1_2 3_19_20 5_15_16 3_11_12 3_3_4 5_19_20 3_13_14 5_13_14 ;
set Ts[1029]:=
4_3_4 5_3_4 1_15_16 2_13_14 1_9_10 4_1_2 2_9_10 1_1_2 5_19_20 ;
set Ts[1030]:=
1_5_6 5_7_8 1_1_2 1_9_10 3_19_20 2_9_10 2_3_4 4_5_6 2_13_14 3_1_2 2_7_8 4_9_10 ;
set Ts[1031]:=
4_13_14 3_11_12 4_5_6 2_13_14 5_5_6 1_3_4 1_15_16 ;
set Ts[1032]:=
3_9_10 5_5_6 2_11_12 2_5_6 5_11_12 1_1_2 3_17_18 5_7_8 1_15_16 ;
set Ts[1033]:=
4_19_20 3_15_16 3_1_2 5_3_4 ;
set Ts[1034]:=
5_9_10 3_3_4 1_19_20 3_7_8 3_11_12 5_1_2 ;
set Ts[1035]:=
5_19_20 4_15_16 4_1_2 5_3_4 2_1_2 5_17_18 ;
set Ts[1036]:=
4_19_20 5_11_12 4_17_18 5_17_18 5_3_4 ;
set Ts[1037]:=
5_3_4 2_15_16 5_9_10 3_3_4 3_11_12 5_17_18 2_11_12 2_5_6 4_7_8 ;
set Ts[1038]:=
3_1_2 1_19_20 3_9_10 2_9_10 2_13_14 3_17_18 3_5_6 3_19_20 4_5_6 ;
set Ts[1039]:=
1_15_16 3_5_6 5_19_20 5_3_4 4_11_12 5_9_10 2_11_12 ;
set Ts[1040]:=
1_11_12 3_17_18 ;
set Ts[1041]:=
5_11_12 5_7_8 4_17_18 1_3_4 4_1_2 3_11_12 3_3_4 4_3_4 1_7_8 3_7_8 2_9_10 3_15_16 2_7_8 ;
set Ts[1042]:=
1_5_6 4_5_6 5_9_10 1_13_14 5_15_16 1_19_20 ;
set Ts[1043]:=
5_15_16 4_17_18 ;
set Ts[1044]:=
5_15_16 2_5_6 5_5_6 ;
set Ts[1045]:=
2_9_10 3_9_10 1_5_6 2_7_8 3_11_12 5_1_2 1_3_4 5_7_8 3_17_18 4_7_8 1_9_10 ;
set Ts[1046]:=
5_15_16 1_7_8 1_17_18 5_5_6 3_13_14 4_7_8 3_7_8 ;
set Ts[1047]:=
2_3_4 3_5_6 5_19_20 1_15_16 2_9_10 2_13_14 3_17_18 2_1_2 ;
set Ts[1048]:=
4_7_8 4_11_12 4_1_2 2_13_14 2_3_4 ;
set Ts[1049]:=
4_19_20 1_3_4 4_11_12 2_19_20 3_3_4 4_17_18 5_1_2 ;
set Ts[1050]:=
3_19_20 1_17_18 4_13_14 3_13_14 2_19_20 3_7_8 4_5_6 3_5_6 ;
set Ts[1051]:=
3_3_4 2_7_8 5_1_2 2_17_18 1_19_20 4_15_16 5_5_6 4_9_10 5_7_8 ;
set Ts[1052]:=
5_3_4 5_17_18 2_1_2 2_11_12 3_7_8 2_15_16 5_5_6 ;
set Ts[1053]:=
2_3_4 2_17_18 5_3_4 4_5_6 2_15_16 ;
set Ts[1054]:=
3_17_18 2_9_10 2_1_2 3_1_2 1_11_12 2_7_8 3_11_12 5_11_12 ;
set Ts[1055]:=
4_9_10 4_17_18 4_3_4 3_5_6 4_19_20 2_17_18 3_17_18 ;
set Ts[1056]:=
2_17_18 5_11_12 2_3_4 4_15_16 3_3_4 ;
set Ts[1057]:=
5_19_20 1_7_8 1_9_10 5_7_8 3_5_6 2_5_6 5_13_14 1_17_18 3_7_8 ;
set Ts[1058]:=
4_1_2 3_9_10 1_15_16 4_15_16 ;
set Ts[1059]:=
3_3_4 1_7_8 5_17_18 1_15_16 2_15_16 4_19_20 2_3_4 3_7_8 1_5_6 3_19_20 3_1_2 1_17_18 ;
set Ts[1060]:=
5_15_16 2_17_18 2_11_12 ;
set Ts[1061]:=
2_17_18 1_17_18 5_1_2 2_3_4 3_3_4 2_15_16 2_19_20 1_3_4 4_11_12 1_9_10 ;
set Ts[1062]:=
3_3_4 4_9_10 5_3_4 4_15_16 3_9_10 2_13_14 5_17_18 ;
set Ts[1063]:=
4_1_2 3_5_6 3_11_12 3_17_18 1_1_2 ;
set Ts[1064]:=
3_17_18 1_17_18 3_7_8 3_11_12 ;
set Ts[1065]:=
4_9_10 4_15_16 2_19_20 2_7_8 5_15_16 1_5_6 ;
set Ts[1066]:=
4_11_12 2_15_16 ;
set Ts[1067]:=
2_1_2 2_17_18 4_3_4 ;
set Ts[1068]:=
2_15_16 5_15_16 ;
set Ts[1069]:=
3_15_16 4_7_8 4_15_16 4_3_4 1_7_8 ;
set Ts[1070]:=
2_3_4 5_9_10 3_13_14 4_1_2 3_1_2 3_3_4 2_13_14 ;
set Ts[1071]:=
4_19_20 5_13_14 5_7_8 3_3_4 1_9_10 5_19_20 5_15_16 2_9_10 1_19_20 4_11_12 1_5_6 ;
set Ts[1072]:=
5_11_12 1_11_12 2_11_12 1_19_20 4_15_16 3_15_16 4_3_4 ;
set Ts[1073]:=
5_7_8 2_9_10 3_3_4 5_11_12 2_13_14 1_3_4 2_1_2 1_13_14 4_15_16 5_9_10 ;
set Ts[1074]:=
1_13_14 2_5_6 2_9_10 4_9_10 5_15_16 3_17_18 1_15_16 2_1_2 2_15_16 2_13_14 1_5_6 ;
set Ts[1075]:=
5_7_8 1_11_12 3_19_20 5_3_4 2_13_14 1_1_2 5_19_20 3_5_6 ;
set Ts[1076]:=
2_15_16 2_11_12 3_3_4 3_5_6 5_5_6 5_11_12 ;
set Ts[1077]:=
1_17_18 4_7_8 2_17_18 3_9_10 2_11_12 4_5_6 ;
set Ts[1078]:=
5_7_8 2_13_14 1_17_18 1_1_2 1_9_10 ;
set Ts[1079]:=
1_1_2 5_13_14 4_5_6 2_1_2 4_9_10 ;
set Ts[1080]:=
3_7_8 5_5_6 4_17_18 3_3_4 ;
set Ts[1081]:=
5_17_18 4_9_10 5_13_14 5_11_12 4_17_18 5_1_2 1_19_20 5_15_16 5_19_20 3_9_10 4_15_16 ;
set Ts[1082]:=
3_7_8 4_7_8 2_15_16 5_3_4 ;
set Ts[1083]:=
5_3_4 2_17_18 3_11_12 2_1_2 5_13_14 4_17_18 2_9_10 4_5_6 5_5_6 4_11_12 2_15_16 ;
set Ts[1084]:=
4_15_16 2_3_4 1_17_18 5_9_10 5_5_6 ;
set Ts[1085]:=
2_1_2 3_13_14 2_15_16 5_5_6 1_9_10 1_15_16 ;
set Ts[1086]:=
3_5_6 1_19_20 3_11_12 1_11_12 5_3_4 4_11_12 ;
set Ts[1087]:=
5_1_2 3_3_4 5_17_18 4_11_12 2_13_14 ;
set Ts[1088]:=
2_3_4 2_1_2 5_15_16 1_5_6 ;
set Ts[1089]:=
3_3_4 3_7_8 5_19_20 ;
set Ts[1090]:=
4_13_14 5_15_16 3_9_10 3_3_4 ;
set Ts[1091]:=
2_5_6 4_9_10 1_17_18 ;
set Ts[1092]:=
4_11_12 2_13_14 3_13_14 4_1_2 3_9_10 ;
set Ts[1093]:=
3_17_18 5_11_12 2_1_2 5_7_8 4_5_6 4_15_16 5_3_4 1_17_18 5_1_2 ;
set Ts[1094]:=
1_19_20 2_1_2 2_3_4 2_5_6 2_13_14 4_13_14 5_11_12 3_11_12 4_1_2 4_11_12 1_11_12 ;
set Ts[1095]:=
3_7_8 4_3_4 5_19_20 3_5_6 1_11_12 2_9_10 2_15_16 ;
set Ts[1096]:=
1_3_4 3_15_16 5_11_12 4_7_8 ;
set Ts[1097]:=
1_9_10 2_1_2 1_5_6 2_7_8 4_9_10 1_17_18 4_11_12 4_7_8 2_5_6 2_3_4 ;
set Ts[1098]:=
3_1_2 4_1_2 1_13_14 1_3_4 5_5_6 2_5_6 ;
set Ts[1099]:=
1_5_6 1_11_12 3_15_16 3_19_20 4_7_8 ;
set Ts[1100]:=
2_1_2 2_17_18 3_9_10 5_7_8 5_13_14 ;
set Ts[1101]:=
2_9_10 1_13_14 1_5_6 1_15_16 4_5_6 4_11_12 ;
set Ts[1102]:=
1_15_16 3_1_2 4_9_10 4_7_8 1_7_8 5_11_12 2_15_16 2_5_6 ;
set Ts[1103]:=
4_11_12 5_17_18 2_1_2 3_17_18 5_7_8 3_13_14 1_13_14 4_7_8 3_7_8 2_9_10 1_1_2 ;
set Ts[1104]:=
4_7_8 2_13_14 4_19_20 4_9_10 4_17_18 1_9_10 ;
set Ts[1105]:=
1_5_6 1_19_20 4_3_4 3_5_6 2_15_16 4_1_2 4_5_6 2_11_12 ;
set Ts[1106]:=
3_15_16 1_19_20 3_11_12 1_5_6 2_1_2 4_9_10 3_5_6 5_15_16 4_19_20 ;
set Ts[1107]:=
5_7_8 4_7_8 4_5_6 4_15_16 2_9_10 ;
set Ts[1108]:=
2_11_12 4_7_8 5_15_16 5_7_8 4_1_2 1_19_20 ;
set Ts[1109]:=
2_3_4 1_17_18 ;
set Ts[1110]:=
2_19_20 1_3_4 1_19_20 1_11_12 2_7_8 1_15_16 2_9_10 5_19_20 5_11_12 3_13_14 4_11_12 4_15_16 3_11_12 ;
set Ts[1111]:=
2_9_10 3_5_6 3_1_2 5_13_14 1_9_10 ;
set Ts[1112]:=
4_17_18 2_13_14 3_9_10 4_9_10 5_11_12 5_7_8 2_9_10 1_13_14 2_15_16 2_3_4 ;
set Ts[1113]:=
4_11_12 2_13_14 3_3_4 2_7_8 1_15_16 1_13_14 3_7_8 4_1_2 3_5_6 4_13_14 1_17_18 ;
set Ts[1114]:=
1_19_20 5_7_8 ;
set Ts[1115]:=
4_1_2 1_19_20 ;
set Ts[1116]:=
1_15_16 4_7_8 4_15_16 3_15_16 5_3_4 1_3_4 5_11_12 2_17_18 3_13_14 4_13_14 3_11_12 3_9_10 2_13_14 ;
set Ts[1117]:=
1_9_10 5_11_12 3_17_18 1_3_4 2_5_6 4_3_4 5_15_16 1_19_20 4_9_10 2_7_8 2_11_12 ;
set Ts[1118]:=
4_5_6 4_3_4 1_5_6 2_7_8 4_17_18 2_19_20 1_19_20 5_13_14 ;
set Ts[1119]:=
2_9_10 2_11_12 5_13_14 4_3_4 3_3_4 5_15_16 3_17_18 3_1_2 2_17_18 4_13_14 ;
set Ts[1120]:=
3_9_10 3_13_14 4_1_2 5_13_14 ;
set Ts[1121]:=
4_7_8 2_9_10 5_19_20 4_17_18 5_15_16 2_13_14 2_19_20 4_1_2 4_3_4 1_19_20 ;
set Ts[1122]:=
1_11_12 4_15_16 1_13_14 ;
set Ts[1123]:=
1_3_4 1_9_10 5_13_14 2_19_20 2_9_10 5_11_12 1_19_20 3_17_18 ;
set Ts[1124]:=
3_13_14 1_1_2 4_3_4 ;
set Ts[1125]:=
5_7_8 3_17_18 1_3_4 3_15_16 5_19_20 4_9_10 4_19_20 4_3_4 5_3_4 1_9_10 5_15_16 3_3_4 2_3_4 ;
set Ts[1126]:=
5_7_8 2_19_20 5_17_18 4_19_20 2_5_6 1_5_6 1_1_2 3_17_18 ;
set Ts[1127]:=
1_11_12 3_5_6 2_15_16 3_3_4 1_15_16 5_3_4 3_9_10 1_1_2 ;
set Ts[1128]:=
2_9_10 3_3_4 ;
set Ts[1129]:=
3_15_16 4_5_6 5_19_20 2_7_8 3_7_8 4_1_2 2_13_14 5_9_10 ;
set Ts[1130]:=
5_3_4 2_1_2 2_3_4 2_7_8 5_9_10 5_5_6 ;
set Ts[1131]:=
5_11_12 4_9_10 2_17_18 ;
set Ts[1132]:=
4_17_18 4_13_14 2_3_4 1_7_8 3_3_4 1_15_16 ;
set Ts[1133]:=
3_1_2 1_7_8 1_11_12 2_3_4 4_1_2 ;
set Ts[1134]:=
1_11_12 4_19_20 1_3_4 5_13_14 3_5_6 3_7_8 ;
set Ts[1135]:=
2_3_4 4_3_4 3_7_8 1_3_4 ;
set Ts[1136]:=
1_9_10 3_7_8 1_15_16 1_19_20 1_3_4 ;
set Ts[1137]:=
1_11_12 5_5_6 1_1_2 5_15_16 5_11_12 4_5_6 ;
set Ts[1138]:=
1_17_18 5_1_2 5_15_16 1_19_20 ;
set Ts[1139]:=
1_7_8 4_11_12 1_3_4 ;
set Ts[1140]:=
5_15_16 2_19_20 3_11_12 5_9_10 2_11_12 5_17_18 2_9_10 1_15_16 5_13_14 ;
set Ts[1141]:=
3_5_6 3_15_16 1_13_14 4_9_10 ;
set Ts[1142]:=
3_7_8 4_1_2 3_13_14 3_17_18 4_5_6 1_13_14 1_3_4 1_7_8 1_5_6 1_17_18 ;
set Ts[1143]:=
3_1_2 2_15_16 4_9_10 4_7_8 ;
set Ts[1144]:=
4_7_8 5_11_12 2_17_18 1_9_10 1_15_16 ;
set Ts[1145]:=
4_15_16 3_5_6 5_19_20 4_9_10 5_3_4 ;
set Ts[1146]:=
3_11_12 1_1_2 2_15_16 3_9_10 4_1_2 ;
set Ts[1147]:=
2_7_8 4_11_12 ;
set Ts[1148]:=
2_5_6 4_11_12 4_15_16 4_17_18 5_13_14 1_5_6 5_9_10 1_17_18 1_15_16 ;
set Ts[1149]:=
3_11_12 5_13_14 1_9_10 3_17_18 2_1_2 5_17_18 5_15_16 1_11_12 4_1_2 4_5_6 ;
set Ts[1150]:=
5_17_18 4_15_16 ;
set Ts[1151]:=
3_13_14 2_9_10 3_3_4 1_15_16 3_1_2 ;
set Ts[1152]:=
3_9_10 4_1_2 4_5_6 3_17_18 4_11_12 3_3_4 5_17_18 1_11_12 ;
set Ts[1153]:=
3_15_16 4_11_12 4_1_2 4_13_14 ;
set Ts[1154]:=
4_15_16 4_13_14 4_17_18 4_19_20 5_13_14 ;
set Ts[1155]:=
3_19_20 3_3_4 2_9_10 4_19_20 5_15_16 5_1_2 4_17_18 5_7_8 ;
set Ts[1156]:=
2_1_2 1_5_6 4_7_8 2_5_6 ;
set Ts[1157]:=
2_13_14 5_11_12 4_19_20 1_15_16 ;
set Ts[1158]:=
4_17_18 2_17_18 5_19_20 4_9_10 5_5_6 ;
set Ts[1159]:=
1_15_16 2_15_16 3_3_4 2_17_18 ;
set Ts[1160]:=
3_17_18 2_3_4 3_3_4 5_1_2 ;
set Ts[1161]:=
4_19_20 1_15_16 3_7_8 1_1_2 5_5_6 ;
set Ts[1162]:=
3_5_6 2_19_20 2_15_16 5_17_18 ;
set Ts[1163]:=
1_17_18 1_13_14 3_7_8 1_11_12 4_15_16 ;
set Ts[1164]:=
1_19_20 4_11_12 3_1_2 4_17_18 4_15_16 4_7_8 1_3_4 ;
set Ts[1165]:=
1_17_18 5_7_8 5_19_20 5_15_16 ;
set Ts[1166]:=
2_3_4 3_11_12 2_11_12 ;
set Ts[1167]:=
2_7_8 4_17_18 3_9_10 2_11_12 ;
set Ts[1168]:=
3_15_16 4_13_14 1_3_4 1_5_6 4_3_4 3_3_4 4_9_10 1_1_2 ;
set Ts[1169]:=
5_13_14 1_1_2 3_13_14 3_9_10 4_9_10 2_15_16 4_15_16 2_5_6 1_17_18 5_15_16 ;
set Ts[1170]:=
4_19_20 2_1_2 4_17_18 2_3_4 2_17_18 2_9_10 5_5_6 1_1_2 3_19_20 ;
set Ts[1171]:=
2_17_18 1_15_16 3_19_20 2_5_6 4_9_10 4_5_6 4_17_18 5_1_2 ;
set Ts[1172]:=
2_1_2 1_7_8 5_13_14 2_15_16 3_3_4 ;
set Ts[1173]:=
5_13_14 4_3_4 4_11_12 3_19_20 2_17_18 ;
set Ts[1174]:=
1_19_20 3_1_2 2_17_18 1_15_16 ;
set Ts[1175]:=
2_15_16 3_7_8 5_15_16 ;
set Ts[1176]:=
2_7_8 4_17_18 4_19_20 2_13_14 ;
set Ts[1177]:=
2_13_14 4_1_2 1_17_18 5_5_6 3_7_8 5_7_8 4_11_12 4_15_16 1_9_10 ;
set Ts[1178]:=
5_11_12 1_13_14 3_3_4 1_1_2 2_5_6 ;
set Ts[1179]:=
1_17_18 1_9_10 1_11_12 2_13_14 3_5_6 ;
set Ts[1180]:=
4_7_8 5_5_6 2_15_16 4_17_18 5_15_16 2_5_6 3_7_8 3_9_10 4_11_12 ;
set Ts[1181]:=
3_1_2 5_19_20 2_9_10 4_1_2 1_3_4 3_3_4 ;
set Ts[1182]:=
4_3_4 3_3_4 1_9_10 3_17_18 ;
set Ts[1183]:=
5_11_12 5_3_4 4_3_4 2_19_20 1_3_4 2_1_2 ;
set Ts[1184]:=
2_9_10 1_17_18 5_11_12 4_15_16 2_17_18 5_5_6 1_1_2 5_13_14 3_17_18 1_5_6 3_3_4 ;
set Ts[1185]:=
3_19_20 2_11_12 5_9_10 1_3_4 3_13_14 2_7_8 1_5_6 5_7_8 4_5_6 1_11_12 3_11_12 ;
set Ts[1186]:=
2_17_18 4_1_2 ;
set Ts[1187]:=
5_9_10 5_7_8 4_17_18 1_15_16 3_19_20 2_19_20 1_13_14 3_15_16 3_17_18 ;
set Ts[1188]:=
4_15_16 5_5_6 4_9_10 2_11_12 3_15_16 ;
set Ts[1189]:=
3_3_4 1_5_6 1_11_12 5_9_10 4_19_20 2_15_16 ;
set Ts[1190]:=
5_11_12 1_15_16 ;
set Ts[1191]:=
5_19_20 4_11_12 2_9_10 2_19_20 2_15_16 3_1_2 4_15_16 4_19_20 5_3_4 2_13_14 5_7_8 ;
set Ts[1192]:=
3_9_10 2_7_8 3_5_6 3_7_8 ;
set Ts[1193]:=
1_7_8 5_9_10 4_7_8 3_1_2 3_3_4 4_13_14 4_9_10 3_9_10 1_5_6 1_13_14 ;
set Ts[1194]:=
4_1_2 5_11_12 5_9_10 2_19_20 3_15_16 1_19_20 2_17_18 2_13_14 3_1_2 ;
set Ts[1195]:=
4_7_8 2_11_12 3_15_16 5_19_20 5_15_16 4_15_16 3_7_8 ;
set Ts[1196]:=
3_17_18 4_15_16 3_9_10 4_11_12 5_17_18 ;
set Ts[1197]:=
3_9_10 2_9_10 3_1_2 1_7_8 2_17_18 2_5_6 5_15_16 3_3_4 ;
set Ts[1198]:=
1_5_6 4_17_18 4_11_12 1_7_8 2_9_10 1_17_18 1_3_4 4_13_14 5_17_18 2_5_6 ;
set Ts[1199]:=
4_5_6 2_5_6 3_13_14 5_7_8 5_17_18 4_1_2 3_19_20 4_11_12 1_15_16 3_11_12 5_5_6 5_13_14 ;
set Ts[1200]:=
5_3_4 4_17_18 1_11_12 4_11_12 ;
set Ts[1201]:=
4_15_16 3_5_6 3_1_2 4_5_6 1_9_10 2_3_4 1_5_6 3_3_4 2_13_14 1_17_18 ;
set Ts[1202]:=
2_1_2 3_5_6 3_3_4 1_5_6 ;
set Ts[1203]:=
4_17_18 5_7_8 5_11_12 4_5_6 ;
set Ts[1204]:=
1_19_20 1_1_2 4_13_14 2_3_4 2_1_2 ;
set Ts[1205]:=
4_11_12 4_17_18 2_11_12 2_1_2 1_3_4 2_3_4 3_19_20 5_9_10 5_13_14 ;
set Ts[1206]:=
2_5_6 2_13_14 2_7_8 4_9_10 1_7_8 4_5_6 3_3_4 4_3_4 1_13_14 4_7_8 ;
set Ts[1207]:=
4_11_12 2_17_18 4_3_4 ;
set Ts[1208]:=
2_13_14 1_11_12 5_9_10 3_19_20 4_1_2 5_5_6 ;
set Ts[1209]:=
5_19_20 1_9_10 2_3_4 2_13_14 5_5_6 2_17_18 1_3_4 5_9_10 5_11_12 2_1_2 5_13_14 5_15_16 ;
set Ts[1210]:=
1_13_14 2_17_18 4_11_12 1_1_2 ;
set Ts[1211]:=
3_17_18 4_5_6 2_7_8 5_19_20 5_15_16 ;
set Ts[1212]:=
4_15_16 3_15_16 4_11_12 1_17_18 ;
set Ts[1213]:=
4_17_18 2_9_10 4_9_10 3_7_8 3_3_4 1_11_12 5_9_10 ;
set Ts[1214]:=
1_19_20 2_17_18 1_3_4 5_19_20 2_9_10 1_7_8 5_7_8 1_13_14 ;
set Ts[1215]:=
5_5_6 4_5_6 ;
set Ts[1216]:=
5_5_6 1_17_18 1_1_2 2_9_10 3_7_8 3_19_20 2_7_8 4_15_16 5_19_20 ;
set Ts[1217]:=
5_17_18 4_5_6 5_13_14 5_5_6 ;
set Ts[1218]:=
4_17_18 1_5_6 5_5_6 1_7_8 1_15_16 4_11_12 2_3_4 3_15_16 ;
set Ts[1219]:=
2_5_6 1_3_4 1_1_2 4_9_10 1_9_10 5_5_6 2_11_12 ;
set Ts[1220]:=
2_9_10 5_17_18 4_9_10 ;
set Ts[1221]:=
2_5_6 5_9_10 3_3_4 3_15_16 ;
set Ts[1222]:=
5_5_6 1_11_12 5_19_20 1_9_10 5_9_10 2_3_4 4_13_14 3_7_8 3_11_12 3_1_2 4_7_8 ;
set Ts[1223]:=
3_9_10 2_13_14 3_3_4 ;
set Ts[1224]:=
1_7_8 5_1_2 1_19_20 1_9_10 2_9_10 2_3_4 4_5_6 ;
set Ts[1225]:=
5_13_14 2_1_2 5_15_16 2_13_14 4_11_12 5_5_6 3_7_8 1_15_16 1_7_8 5_3_4 ;
set Ts[1226]:=
1_15_16 1_5_6 2_17_18 1_19_20 5_1_2 1_17_18 3_17_18 ;
set Ts[1227]:=
5_5_6 3_15_16 3_9_10 5_11_12 3_19_20 2_19_20 1_3_4 4_5_6 1_15_16 ;
set Ts[1228]:=
2_11_12 4_15_16 3_19_20 2_5_6 ;
set Ts[1229]:=
2_19_20 3_15_16 4_13_14 5_7_8 5_5_6 1_19_20 2_11_12 1_11_12 2_5_6 3_1_2 3_9_10 ;
set Ts[1230]:=
2_9_10 5_17_18 ;
set Ts[1231]:=
2_7_8 2_19_20 1_7_8 3_15_16 3_17_18 1_5_6 3_11_12 2_11_12 5_7_8 ;
set Ts[1232]:=
3_9_10 4_17_18 3_11_12 1_3_4 4_15_16 4_9_10 3_19_20 2_5_6 ;
set Ts[1233]:=
5_11_12 2_3_4 4_19_20 2_15_16 4_9_10 5_19_20 ;
set Ts[1234]:=
5_1_2 4_5_6 1_5_6 5_9_10 3_15_16 4_9_10 4_13_14 2_17_18 4_17_18 1_15_16 ;
set Ts[1235]:=
3_7_8 2_13_14 2_19_20 4_7_8 ;
set Ts[1236]:=
5_7_8 4_19_20 4_3_4 ;
set Ts[1237]:=
1_9_10 3_15_16 ;
set Ts[1238]:=
4_5_6 1_13_14 2_9_10 2_15_16 ;
set Ts[1239]:=
3_5_6 1_1_2 4_11_12 4_9_10 3_11_12 5_5_6 1_15_16 2_15_16 4_1_2 ;
set Ts[1240]:=
5_19_20 1_17_18 3_1_2 ;
set Ts[1241]:=
3_19_20 5_15_16 4_11_12 3_3_4 1_15_16 3_1_2 5_11_12 5_19_20 2_3_4 ;
set Ts[1242]:=
2_1_2 3_15_16 5_3_4 4_5_6 2_15_16 4_19_20 1_3_4 2_7_8 2_9_10 ;
set Ts[1243]:=
1_19_20 3_17_18 4_15_16 1_11_12 4_3_4 5_13_14 3_13_14 2_3_4 2_1_2 ;
set Ts[1244]:=
4_17_18 5_19_20 2_11_12 4_11_12 3_5_6 2_17_18 1_7_8 ;
set Ts[1245]:=
4_3_4 5_11_12 ;
set Ts[1246]:=
5_19_20 4_15_16 1_9_10 ;
set Ts[1247]:=
4_13_14 2_13_14 2_5_6 3_15_16 3_13_14 5_7_8 4_1_2 1_1_2 5_13_14 3_3_4 ;
set Ts[1248]:=
1_19_20 2_9_10 1_3_4 1_11_12 4_7_8 4_9_10 2_5_6 4_11_12 5_11_12 3_15_16 1_5_6 ;
set Ts[1249]:=
2_19_20 3_17_18 2_3_4 1_1_2 5_7_8 5_19_20 ;
set Ts[1250]:=
4_5_6 4_3_4 2_19_20 2_15_16 5_9_10 5_5_6 3_7_8 1_9_10 5_11_12 2_13_14 3_11_12 ;
set Ts[1251]:=
3_13_14 3_7_8 ;
set Ts[1252]:=
1_1_2 3_5_6 4_3_4 ;
set Ts[1253]:=
5_3_4 3_15_16 4_7_8 5_5_6 1_15_16 4_9_10 1_7_8 1_11_12 ;
set Ts[1254]:=
1_3_4 2_19_20 4_11_12 3_15_16 4_9_10 2_7_8 5_5_6 4_19_20 2_11_12 ;
set Ts[1255]:=
2_17_18 5_7_8 4_7_8 4_9_10 2_5_6 3_1_2 4_1_2 4_19_20 5_15_16 ;
set Ts[1256]:=
2_13_14 3_19_20 5_17_18 5_7_8 1_19_20 2_7_8 4_13_14 5_19_20 1_13_14 2_1_2 2_3_4 4_7_8 ;
set Ts[1257]:=
1_11_12 3_5_6 1_19_20 2_15_16 2_17_18 1_5_6 4_17_18 ;
set Ts[1258]:=
5_15_16 5_13_14 4_19_20 5_17_18 4_9_10 5_3_4 1_13_14 ;
set Ts[1259]:=
1_5_6 1_11_12 4_17_18 3_5_6 3_17_18 4_3_4 ;
set Ts[1260]:=
2_15_16 4_19_20 5_7_8 3_7_8 5_17_18 5_11_12 2_3_4 1_11_12 ;
set Ts[1261]:=
4_1_2 2_3_4 ;
set Ts[1262]:=
2_13_14 3_15_16 3_9_10 2_19_20 4_15_16 4_19_20 4_1_2 3_19_20 4_7_8 4_11_12 3_7_8 3_11_12 5_3_4 ;
set Ts[1263]:=
3_7_8 5_13_14 3_9_10 5_5_6 4_3_4 3_17_18 2_1_2 5_7_8 3_1_2 1_19_20 4_7_8 3_15_16 ;
set Ts[1264]:=
2_7_8 3_11_12 5_7_8 ;
set Ts[1265]:=
4_17_18 2_17_18 4_11_12 1_3_4 5_19_20 2_13_14 ;
set Ts[1266]:=
5_7_8 2_13_14 1_9_10 3_3_4 2_11_12 5_17_18 4_11_12 5_11_12 ;
set Ts[1267]:=
4_13_14 1_3_4 ;
set Ts[1268]:=
4_9_10 3_1_2 2_17_18 1_15_16 5_13_14 2_5_6 1_3_4 5_7_8 5_17_18 ;
set Ts[1269]:=
4_5_6 4_13_14 1_1_2 1_3_4 1_15_16 5_1_2 5_9_10 4_11_12 1_9_10 1_19_20 2_9_10 ;
set Ts[1270]:=
2_1_2 4_1_2 3_3_4 3_7_8 1_19_20 4_5_6 3_1_2 4_15_16 ;
set Ts[1271]:=
3_5_6 5_7_8 1_15_16 5_3_4 ;
set Ts[1272]:=
4_11_12 3_3_4 1_3_4 4_7_8 3_1_2 5_3_4 5_11_12 2_15_16 ;
set Ts[1273]:=
4_15_16 1_11_12 5_5_6 5_3_4 5_1_2 3_1_2 5_15_16 1_9_10 5_17_18 2_3_4 ;
set Ts[1274]:=
2_13_14 2_3_4 2_1_2 3_1_2 3_7_8 1_3_4 4_7_8 5_9_10 1_9_10 ;
set Ts[1275]:=
4_15_16 2_1_2 ;
set Ts[1276]:=
4_1_2 2_13_14 4_17_18 5_15_16 4_19_20 1_9_10 5_19_20 1_1_2 2_7_8 4_7_8 ;
set Ts[1277]:=
1_9_10 2_15_16 1_1_2 5_1_2 2_17_18 5_19_20 ;
set Ts[1278]:=
2_3_4 2_7_8 ;
set Ts[1279]:=
1_3_4 5_1_2 2_5_6 2_17_18 ;
set Ts[1280]:=
5_13_14 1_3_4 1_13_14 4_7_8 ;
set Ts[1281]:=
3_17_18 1_19_20 1_17_18 5_5_6 2_17_18 ;
set Ts[1282]:=
3_15_16 1_11_12 3_17_18 ;
set Ts[1283]:=
5_15_16 3_9_10 4_9_10 4_7_8 1_15_16 ;
set Ts[1284]:=
1_3_4 2_15_16 5_7_8 1_11_12 4_19_20 2_19_20 2_1_2 2_7_8 ;
set Ts[1285]:=
4_3_4 4_13_14 ;
set Ts[1286]:=
5_15_16 2_15_16 ;
set Ts[1287]:=
1_7_8 2_13_14 4_9_10 5_9_10 3_15_16 2_11_12 3_3_4 4_1_2 ;
set Ts[1288]:=
4_5_6 5_3_4 3_15_16 5_5_6 5_7_8 4_9_10 3_11_12 1_5_6 1_1_2 4_7_8 3_13_14 ;
set Ts[1289]:=
1_13_14 5_9_10 3_5_6 3_13_14 4_1_2 5_15_16 ;
set Ts[1290]:=
5_11_12 2_9_10 3_15_16 3_19_20 1_3_4 3_13_14 3_9_10 ;
set Ts[1291]:=
3_7_8 3_17_18 2_13_14 2_19_20 4_1_2 2_3_4 4_5_6 5_1_2 ;
set Ts[1292]:=
5_7_8 1_9_10 1_17_18 3_15_16 5_17_18 4_3_4 1_13_14 ;
set Ts[1293]:=
1_3_4 4_3_4 1_7_8 3_3_4 1_17_18 5_19_20 5_11_12 3_17_18 ;
set Ts[1294]:=
1_15_16 1_17_18 ;
set Ts[1295]:=
2_9_10 3_11_12 2_7_8 3_7_8 1_7_8 ;
set Ts[1296]:=
2_19_20 5_1_2 2_13_14 2_9_10 1_1_2 3_7_8 3_3_4 3_13_14 4_5_6 5_11_12 3_1_2 ;
set Ts[1297]:=
4_17_18 1_7_8 5_15_16 1_13_14 ;
set Ts[1298]:=
3_1_2 2_11_12 1_17_18 3_15_16 1_7_8 5_19_20 ;
set Ts[1299]:=
5_13_14 5_5_6 2_3_4 4_7_8 2_19_20 ;
set Ts[1300]:=
1_17_18 4_9_10 ;
set Ts[1301]:=
4_3_4 5_5_6 3_13_14 ;
set Ts[1302]:=
5_9_10 3_1_2 5_5_6 3_9_10 3_7_8 3_5_6 2_3_4 1_15_16 1_7_8 5_17_18 ;
set Ts[1303]:=
4_11_12 1_15_16 3_3_4 5_17_18 4_17_18 5_13_14 ;
set Ts[1304]:=
4_19_20 3_13_14 4_9_10 1_19_20 4_3_4 2_15_16 5_19_20 2_5_6 2_7_8 3_7_8 ;
set Ts[1305]:=
3_15_16 2_5_6 3_7_8 5_9_10 4_3_4 2_19_20 4_5_6 4_7_8 5_7_8 2_9_10 5_3_4 2_15_16 5_11_12 ;
set Ts[1306]:=
5_1_2 5_15_16 4_1_2 1_15_16 2_7_8 4_19_20 ;
set Ts[1307]:=
4_17_18 3_19_20 5_1_2 1_13_14 3_7_8 1_19_20 ;
set Ts[1308]:=
2_3_4 5_15_16 4_9_10 ;
set Ts[1309]:=
5_3_4 1_3_4 1_11_12 4_3_4 1_7_8 2_1_2 3_15_16 ;
set Ts[1310]:=
4_5_6 2_5_6 1_13_14 3_9_10 ;
set Ts[1311]:=
5_15_16 2_3_4 2_19_20 ;
set Ts[1312]:=
5_13_14 5_1_2 3_3_4 5_11_12 3_13_14 4_7_8 1_11_12 ;
set Ts[1313]:=
3_15_16 1_1_2 5_11_12 5_5_6 5_13_14 4_9_10 ;
set Ts[1314]:=
1_13_14 4_9_10 1_5_6 5_9_10 3_17_18 4_7_8 5_3_4 5_1_2 ;
set Ts[1315]:=
4_1_2 5_3_4 1_5_6 ;
set Ts[1316]:=
4_13_14 3_15_16 2_13_14 1_5_6 1_13_14 2_9_10 5_17_18 ;
set Ts[1317]:=
2_19_20 2_9_10 3_15_16 4_1_2 3_1_2 4_19_20 2_3_4 4_9_10 3_13_14 5_9_10 3_9_10 ;
set Ts[1318]:=
5_5_6 2_11_12 4_15_16 1_5_6 ;
set Ts[1319]:=
5_7_8 4_1_2 1_1_2 2_5_6 2_3_4 ;
set Ts[1320]:=
5_3_4 1_1_2 2_17_18 4_13_14 2_9_10 4_15_16 5_1_2 5_19_20 ;
set Ts[1321]:=
3_3_4 2_1_2 5_11_12 4_13_14 3_19_20 5_9_10 4_11_12 2_9_10 ;
set Ts[1322]:=
2_1_2 5_7_8 5_3_4 4_15_16 5_13_14 5_19_20 5_15_16 4_13_14 4_5_6 2_19_20 4_7_8 ;
set Ts[1323]:=
1_7_8 1_17_18 3_5_6 3_9_10 3_1_2 5_15_16 2_13_14 ;
set Ts[1324]:=
2_3_4 3_9_10 4_19_20 1_15_16 3_5_6 1_5_6 5_5_6 3_11_12 3_7_8 2_5_6 1_1_2 3_19_20 3_15_16 ;
set Ts[1325]:=
1_19_20 2_1_2 4_15_16 4_11_12 3_1_2 2_7_8 ;
set Ts[1326]:=
3_1_2 3_19_20 1_7_8 5_9_10 4_9_10 3_3_4 2_17_18 3_13_14 3_9_10 ;
set Ts[1327]:=
1_3_4 5_9_10 2_17_18 4_1_2 4_9_10 3_17_18 1_1_2 ;
set Ts[1328]:=
2_7_8 2_15_16 4_7_8 ;
set Ts[1329]:=
2_7_8 1_9_10 2_5_6 1_11_12 1_15_16 5_5_6 1_7_8 3_11_12 5_7_8 ;
set Ts[1330]:=
3_7_8 3_15_16 1_13_14 2_19_20 3_19_20 2_17_18 1_5_6 2_1_2 4_19_20 5_17_18 5_9_10 ;
set Ts[1331]:=
4_15_16 4_19_20 3_17_18 5_7_8 1_1_2 1_19_20 4_9_10 5_13_14 5_1_2 2_5_6 ;
set Ts[1332]:=
2_1_2 2_3_4 2_7_8 1_15_16 5_3_4 5_13_14 2_19_20 2_17_18 4_5_6 4_15_16 ;
set Ts[1333]:=
4_19_20 5_9_10 1_1_2 ;
set Ts[1334]:=
5_3_4 5_13_14 4_13_14 1_3_4 4_19_20 1_9_10 1_11_12 1_13_14 4_3_4 5_9_10 ;
set Ts[1335]:=
4_15_16 2_9_10 4_1_2 1_13_14 3_7_8 3_3_4 3_17_18 ;
set Ts[1336]:=
2_7_8 2_13_14 4_11_12 ;
set Ts[1337]:=
5_9_10 1_15_16 5_3_4 3_19_20 1_11_12 4_17_18 2_5_6 5_19_20 1_19_20 ;
set Ts[1338]:=
5_19_20 2_15_16 3_11_12 ;
set Ts[1339]:=
3_1_2 5_5_6 3_19_20 1_11_12 ;
set Ts[1340]:=
3_9_10 5_11_12 1_7_8 ;
set Ts[1341]:=
2_7_8 4_3_4 1_3_4 3_3_4 2_9_10 1_17_18 ;
set Ts[1342]:=
3_1_2 3_15_16 1_3_4 1_1_2 3_19_20 2_15_16 4_17_18 2_9_10 5_19_20 ;
set Ts[1343]:=
5_19_20 2_17_18 4_9_10 ;
set Ts[1344]:=
1_9_10 2_15_16 1_19_20 5_15_16 2_9_10 ;
set Ts[1345]:=
3_5_6 4_11_12 2_15_16 5_1_2 2_11_12 1_5_6 1_9_10 1_13_14 4_9_10 4_1_2 2_3_4 ;
set Ts[1346]:=
3_17_18 5_5_6 4_19_20 4_3_4 4_1_2 2_19_20 ;
set Ts[1347]:=
5_9_10 2_13_14 ;
set Ts[1348]:=
2_7_8 1_13_14 1_7_8 1_17_18 ;
set Ts[1349]:=
4_7_8 4_17_18 5_11_12 1_5_6 3_1_2 3_15_16 3_7_8 3_3_4 2_15_16 ;
set Ts[1350]:=
2_19_20 1_19_20 1_17_18 5_17_18 5_19_20 2_13_14 4_19_20 4_9_10 2_11_12 ;
set Ts[1351]:=
5_19_20 4_1_2 4_11_12 2_11_12 4_19_20 2_9_10 5_1_2 5_9_10 3_5_6 1_7_8 1_9_10 ;
set Ts[1352]:=
1_17_18 3_19_20 5_11_12 3_15_16 2_13_14 1_9_10 5_5_6 1_1_2 4_1_2 1_15_16 5_3_4 4_13_14 5_13_14 ;
set Ts[1353]:=
1_19_20 2_1_2 ;
set Ts[1354]:=
2_1_2 1_5_6 5_11_12 5_13_14 2_15_16 ;
set Ts[1355]:=
1_9_10 4_15_16 ;
set Ts[1356]:=
5_19_20 1_15_16 1_3_4 4_15_16 2_19_20 ;
set Ts[1357]:=
3_15_16 3_9_10 1_9_10 4_9_10 4_15_16 5_11_12 ;
set Ts[1358]:=
5_17_18 5_11_12 5_13_14 ;
set Ts[1359]:=
5_17_18 1_5_6 2_1_2 5_9_10 4_3_4 4_11_12 ;
set Ts[1360]:=
4_15_16 1_15_16 5_13_14 5_17_18 2_5_6 4_5_6 4_3_4 3_5_6 3_17_18 ;
set Ts[1361]:=
3_11_12 1_19_20 1_9_10 3_19_20 1_13_14 4_15_16 5_3_4 ;
set Ts[1362]:=
2_9_10 2_19_20 2_17_18 ;
set Ts[1363]:=
1_13_14 2_13_14 4_15_16 4_7_8 ;
set Ts[1364]:=
3_19_20 1_19_20 3_1_2 ;
set Ts[1365]:=
2_9_10 4_9_10 3_11_12 4_3_4 3_17_18 5_15_16 2_5_6 4_5_6 5_5_6 2_3_4 5_3_4 ;
set Ts[1366]:=
2_17_18 2_9_10 3_7_8 2_15_16 2_1_2 2_5_6 1_5_6 1_9_10 4_9_10 4_5_6 5_13_14 4_7_8 4_17_18 ;
set Ts[1367]:=
2_11_12 2_19_20 3_3_4 3_5_6 4_15_16 1_19_20 2_17_18 5_17_18 5_3_4 4_5_6 4_9_10 ;
set Ts[1368]:=
3_7_8 4_17_18 1_17_18 4_5_6 5_13_14 2_13_14 1_13_14 ;
set Ts[1369]:=
5_19_20 5_5_6 4_5_6 3_5_6 1_1_2 2_11_12 1_5_6 4_11_12 ;
set Ts[1370]:=
5_11_12 4_11_12 ;
set Ts[1371]:=
5_17_18 2_3_4 5_5_6 2_9_10 4_9_10 3_13_14 4_7_8 4_1_2 ;
set Ts[1372]:=
4_17_18 2_5_6 3_5_6 5_15_16 2_9_10 4_3_4 1_7_8 ;
set Ts[1373]:=
5_9_10 2_5_6 1_19_20 1_13_14 4_13_14 5_1_2 3_13_14 ;
set Ts[1374]:=
1_5_6 5_13_14 3_19_20 4_19_20 5_17_18 ;
set Ts[1375]:=
2_17_18 4_11_12 1_17_18 5_9_10 ;
set Ts[1376]:=
1_7_8 1_11_12 4_3_4 5_15_16 3_7_8 1_5_6 5_1_2 1_19_20 ;
set Ts[1377]:=
3_7_8 5_13_14 5_11_12 2_1_2 2_9_10 5_1_2 4_7_8 1_9_10 4_11_12 ;
set Ts[1378]:=
4_19_20 3_11_12 ;
set Ts[1379]:=
1_15_16 3_1_2 4_7_8 ;
set Ts[1380]:=
3_1_2 5_13_14 4_17_18 2_1_2 4_3_4 5_7_8 ;
set Ts[1381]:=
4_17_18 5_15_16 1_5_6 3_15_16 ;
set Ts[1382]:=
1_11_12 2_9_10 3_5_6 ;
set Ts[1383]:=
2_15_16 4_15_16 1_1_2 1_3_4 3_7_8 2_5_6 2_11_12 ;
set Ts[1384]:=
1_7_8 3_5_6 4_3_4 4_5_6 3_19_20 2_3_4 ;
set Ts[1385]:=
3_1_2 4_13_14 5_3_4 5_1_2 2_15_16 5_19_20 2_11_12 5_15_16 2_17_18 2_5_6 2_19_20 5_5_6 ;
set Ts[1386]:=
3_19_20 5_15_16 2_15_16 2_7_8 3_17_18 ;
set Ts[1387]:=
4_1_2 4_9_10 2_9_10 ;
set Ts[1388]:=
4_11_12 5_3_4 4_7_8 2_17_18 2_15_16 5_19_20 2_19_20 ;
set Ts[1389]:=
2_5_6 1_17_18 1_9_10 4_15_16 3_9_10 5_1_2 2_7_8 1_1_2 ;
set Ts[1390]:=
3_7_8 1_15_16 2_1_2 1_13_14 ;
set Ts[1391]:=
2_9_10 5_19_20 4_19_20 5_1_2 2_15_16 4_17_18 3_5_6 ;
set Ts[1392]:=
1_13_14 1_19_20 4_9_10 ;
set Ts[1393]:=
2_9_10 3_7_8 3_1_2 5_17_18 ;
set Ts[1394]:=
4_9_10 3_19_20 5_15_16 1_17_18 3_3_4 5_7_8 5_9_10 1_7_8 3_7_8 4_7_8 1_19_20 ;
set Ts[1395]:=
2_15_16 3_19_20 5_3_4 4_1_2 4_3_4 1_3_4 5_19_20 5_7_8 2_19_20 2_5_6 1_11_12 2_3_4 ;
set Ts[1396]:=
2_7_8 3_9_10 ;
set Ts[1397]:=
3_17_18 3_13_14 5_9_10 5_17_18 ;
set Ts[1398]:=
2_1_2 1_5_6 2_17_18 4_11_12 5_19_20 2_5_6 ;
set Ts[1399]:=
2_11_12 3_13_14 ;
set Ts[1400]:=
3_3_4 1_9_10 ;
set Ts[1401]:=
2_5_6 1_7_8 2_7_8 ;
set Ts[1402]:=
5_7_8 1_7_8 5_13_14 ;
set Ts[1403]:=
3_19_20 2_5_6 1_7_8 5_5_6 2_3_4 1_5_6 5_15_16 4_1_2 ;
set Ts[1404]:=
4_1_2 2_11_12 2_13_14 5_9_10 5_3_4 4_17_18 4_19_20 ;
set Ts[1405]:=
2_11_12 4_9_10 ;
set Ts[1406]:=
5_5_6 2_17_18 2_3_4 3_5_6 1_19_20 3_1_2 ;
set Ts[1407]:=
1_3_4 2_5_6 4_7_8 ;
set Ts[1408]:=
2_11_12 1_13_14 3_19_20 3_3_4 2_9_10 2_7_8 4_17_18 5_3_4 4_15_16 1_17_18 4_9_10 2_19_20 ;
set Ts[1409]:=
1_11_12 2_17_18 5_17_18 4_15_16 1_3_4 3_19_20 2_19_20 1_13_14 4_11_12 1_1_2 5_5_6 ;
set Ts[1410]:=
3_15_16 4_7_8 3_13_14 3_19_20 4_11_12 3_1_2 4_1_2 3_7_8 3_5_6 2_13_14 2_11_12 3_11_12 ;
set Ts[1411]:=
5_3_4 2_15_16 5_1_2 ;
set Ts[1412]:=
2_17_18 4_9_10 1_19_20 4_19_20 ;
set Ts[1413]:=
3_11_12 4_19_20 1_11_12 2_19_20 3_7_8 3_19_20 4_7_8 ;
set Ts[1414]:=
2_9_10 1_1_2 2_11_12 4_11_12 1_3_4 5_11_12 3_7_8 5_17_18 ;
set Ts[1415]:=
2_1_2 2_5_6 ;
set Ts[1416]:=
1_5_6 4_9_10 1_3_4 1_1_2 1_15_16 1_7_8 1_17_18 2_17_18 1_9_10 2_9_10 ;
set Ts[1417]:=
3_19_20 5_1_2 2_9_10 5_9_10 4_11_12 4_19_20 ;
set Ts[1418]:=
3_11_12 2_13_14 2_9_10 5_3_4 1_7_8 3_7_8 5_5_6 4_19_20 3_13_14 4_15_16 1_11_12 ;
set Ts[1419]:=
5_13_14 3_5_6 ;
set Ts[1420]:=
3_13_14 2_1_2 5_7_8 1_13_14 5_11_12 3_15_16 2_13_14 5_19_20 ;
set Ts[1421]:=
2_11_12 4_11_12 1_5_6 1_17_18 4_19_20 4_1_2 5_13_14 1_9_10 5_11_12 ;
set Ts[1422]:=
4_3_4 5_3_4 2_9_10 5_5_6 2_1_2 ;
set Ts[1423]:=
5_7_8 2_1_2 5_3_4 4_3_4 ;
set Ts[1424]:=
2_19_20 4_7_8 4_1_2 4_5_6 4_17_18 ;
set Ts[1425]:=
1_13_14 2_17_18 2_13_14 4_3_4 2_3_4 ;
set Ts[1426]:=
5_3_4 2_19_20 1_19_20 5_1_2 ;
set Ts[1427]:=
4_1_2 5_15_16 5_11_12 4_9_10 5_1_2 ;
set Ts[1428]:=
3_1_2 3_13_14 3_11_12 1_15_16 5_11_12 2_13_14 2_1_2 5_7_8 5_17_18 4_3_4 ;
set Ts[1429]:=
2_1_2 3_9_10 2_15_16 1_9_10 5_3_4 2_13_14 ;
set Ts[1430]:=
4_13_14 1_5_6 5_5_6 1_9_10 5_11_12 2_5_6 1_15_16 5_7_8 1_13_14 1_11_12 3_5_6 ;
set Ts[1431]:=
1_19_20 2_5_6 2_11_12 5_11_12 1_3_4 5_15_16 1_9_10 1_17_18 4_9_10 1_7_8 ;
set Ts[1432]:=
3_13_14 1_15_16 5_19_20 ;
set Ts[1433]:=
3_1_2 1_9_10 2_1_2 2_15_16 1_3_4 ;
set Ts[1434]:=
1_9_10 5_5_6 1_3_4 5_17_18 4_17_18 2_15_16 ;
set Ts[1435]:=
2_19_20 2_11_12 ;
set Ts[1436]:=
4_15_16 3_13_14 1_15_16 3_5_6 ;
set Ts[1437]:=
1_5_6 1_15_16 5_7_8 ;
set Ts[1438]:=
1_13_14 3_7_8 1_3_4 ;
set Ts[1439]:=
1_5_6 4_7_8 5_15_16 2_13_14 3_7_8 3_19_20 3_15_16 ;
set Ts[1440]:=
3_9_10 3_17_18 1_15_16 3_7_8 5_15_16 2_5_6 1_5_6 4_13_14 3_13_14 5_5_6 1_3_4 ;
set Ts[1441]:=
5_15_16 5_11_12 2_9_10 3_9_10 4_11_12 ;
set Ts[1442]:=
1_11_12 4_11_12 3_3_4 4_19_20 4_13_14 2_11_12 ;
set Ts[1443]:=
3_1_2 3_13_14 3_7_8 3_9_10 4_5_6 4_3_4 5_7_8 2_11_12 ;
set Ts[1444]:=
2_15_16 5_15_16 3_3_4 4_15_16 1_1_2 ;
set Ts[1445]:=
1_13_14 1_11_12 2_3_4 4_9_10 5_11_12 2_15_16 2_17_18 4_1_2 2_19_20 ;
set Ts[1446]:=
5_7_8 4_13_14 4_5_6 1_19_20 1_9_10 1_5_6 2_19_20 2_13_14 ;
set Ts[1447]:=
3_11_12 4_1_2 2_17_18 5_15_16 1_11_12 2_15_16 5_13_14 5_5_6 ;
set Ts[1448]:=
3_9_10 3_5_6 4_5_6 1_3_4 5_7_8 2_7_8 5_3_4 1_5_6 1_1_2 4_11_12 1_17_18 ;
set Ts[1449]:=
1_11_12 3_3_4 1_1_2 5_3_4 2_13_14 2_15_16 5_17_18 3_19_20 1_5_6 ;
set Ts[1450]:=
1_5_6 3_19_20 3_3_4 1_1_2 1_15_16 1_7_8 2_7_8 ;
set Ts[1451]:=
4_5_6 3_3_4 ;
set Ts[1452]:=
2_5_6 2_17_18 5_1_2 2_3_4 5_5_6 3_17_18 ;
set Ts[1453]:=
4_9_10 2_7_8 2_1_2 ;
set Ts[1454]:=
3_19_20 4_15_16 3_9_10 5_19_20 5_15_16 ;
set Ts[1455]:=
1_15_16 4_1_2 2_13_14 5_15_16 1_19_20 2_19_20 5_17_18 4_7_8 1_3_4 ;
set Ts[1456]:=
1_9_10 2_5_6 5_3_4 4_13_14 5_15_16 4_17_18 5_19_20 1_19_20 4_11_12 ;
set Ts[1457]:=
5_11_12 1_5_6 1_1_2 3_19_20 1_9_10 5_7_8 5_15_16 3_7_8 ;
set Ts[1458]:=
3_1_2 3_5_6 2_15_16 2_1_2 ;
set Ts[1459]:=
3_1_2 2_7_8 5_17_18 3_7_8 2_3_4 5_5_6 3_5_6 ;
set Ts[1460]:=
4_1_2 4_11_12 3_5_6 ;
set Ts[1461]:=
5_13_14 4_17_18 2_19_20 3_1_2 3_11_12 5_7_8 3_9_10 ;
set Ts[1462]:=
5_7_8 2_1_2 3_11_12 3_3_4 1_13_14 5_19_20 1_1_2 ;
set Ts[1463]:=
5_3_4 3_1_2 3_17_18 4_9_10 5_11_12 1_19_20 2_17_18 1_3_4 ;
set Ts[1464]:=
3_3_4 2_3_4 3_19_20 3_13_14 2_5_6 5_5_6 2_11_12 3_7_8 3_5_6 ;
set Ts[1465]:=
3_7_8 1_1_2 1_11_12 1_17_18 2_5_6 2_11_12 3_17_18 ;
set Ts[1466]:=
5_17_18 5_3_4 2_9_10 1_9_10 1_13_14 4_3_4 2_3_4 ;
set Ts[1467]:=
5_3_4 5_1_2 3_15_16 4_7_8 5_5_6 4_19_20 ;
set Ts[1468]:=
1_11_12 5_11_12 ;
set Ts[1469]:=
2_19_20 4_19_20 ;
set Ts[1470]:=
2_17_18 5_19_20 5_15_16 2_19_20 2_1_2 2_9_10 5_7_8 ;
set Ts[1471]:=
1_3_4 1_19_20 ;
set Ts[1472]:=
1_3_4 4_1_2 3_5_6 5_19_20 3_15_16 2_19_20 4_13_14 2_13_14 3_11_12 ;
set Ts[1473]:=
3_9_10 2_9_10 5_15_16 1_5_6 2_11_12 3_15_16 5_3_4 3_13_14 4_9_10 ;
set Ts[1474]:=
3_15_16 3_19_20 ;
set Ts[1475]:=
4_19_20 1_15_16 3_3_4 ;
set Ts[1476]:=
5_19_20 2_17_18 1_9_10 1_1_2 5_1_2 4_19_20 5_9_10 4_7_8 ;
set Ts[1477]:=
4_5_6 2_5_6 5_3_4 2_7_8 3_7_8 5_15_16 1_19_20 2_9_10 2_1_2 5_19_20 3_11_12 ;
set Ts[1478]:=
2_5_6 4_5_6 ;
set Ts[1479]:=
2_1_2 5_7_8 3_7_8 2_17_18 4_15_16 3_1_2 5_5_6 5_3_4 4_11_12 1_5_6 4_17_18 1_15_16 ;
set Ts[1480]:=
2_13_14 5_13_14 3_3_4 1_3_4 ;
set Ts[1481]:=
4_15_16 1_9_10 5_11_12 3_1_2 1_17_18 5_7_8 5_5_6 2_1_2 3_17_18 ;
set Ts[1482]:=
3_13_14 4_19_20 3_15_16 ;
set Ts[1483]:=
5_3_4 5_15_16 4_3_4 ;
set Ts[1484]:=
1_7_8 5_5_6 1_1_2 1_17_18 2_1_2 1_9_10 ;
set Ts[1485]:=
3_15_16 1_13_14 2_7_8 1_5_6 3_1_2 1_3_4 1_7_8 4_13_14 ;
set Ts[1486]:=
1_13_14 4_3_4 1_7_8 1_19_20 2_11_12 4_19_20 3_19_20 ;
set Ts[1487]:=
1_7_8 3_9_10 1_5_6 ;
set Ts[1488]:=
1_3_4 2_11_12 2_5_6 5_3_4 ;
set Ts[1489]:=
4_17_18 3_11_12 ;
set Ts[1490]:=
2_13_14 5_3_4 4_5_6 ;
set Ts[1491]:=
1_17_18 1_13_14 3_5_6 2_9_10 1_15_16 5_15_16 2_17_18 3_13_14 ;
set Ts[1492]:=
4_9_10 4_13_14 3_11_12 3_15_16 2_13_14 ;
set Ts[1493]:=
3_13_14 4_11_12 2_19_20 1_1_2 5_5_6 4_13_14 1_7_8 1_3_4 4_9_10 3_11_12 3_7_8 5_13_14 5_15_16 ;
set Ts[1494]:=
2_1_2 2_19_20 3_15_16 4_17_18 ;
set Ts[1495]:=
1_3_4 5_1_2 3_11_12 4_19_20 3_15_16 5_3_4 2_9_10 ;
set Ts[1496]:=
3_13_14 3_17_18 2_11_12 3_5_6 5_19_20 3_1_2 2_9_10 4_19_20 4_1_2 ;
set Ts[1497]:=
4_11_12 5_13_14 5_17_18 3_11_12 3_13_14 3_3_4 1_15_16 1_17_18 3_19_20 ;
set Ts[1498]:=
2_3_4 1_17_18 1_7_8 1_5_6 5_11_12 4_15_16 1_3_4 2_15_16 4_9_10 ;
set Ts[1499]:=
2_11_12 3_3_4 5_13_14 2_17_18 1_7_8 4_11_12 5_3_4 ;
set Ts[1500]:=
3_3_4 3_19_20 1_9_10 5_11_12 3_11_12 ;

param rho:=
1 60
2 60
3 60
4 60
5 60
6 60
7 60
8 60
9 60
10 60
11 60
12 60
13 60
14 60
15 60
16 60
17 60
18 60
19 60
20 60
21 60
22 60
23 60
24 60
25 60
26 60
27 60
28 60
29 60
30 60
31 60
32 60
33 60
34 60
35 60
36 60
37 60
38 60
39 60
40 60
41 60
42 60
43 60
44 60
45 60
46 60
47 60
48 60
49 60
50 60
;

param sigma_class:=
1 20
2 13
3 11
4 20
5 15
6 16
7 9
8 34
9 6
10 7
11 3
12 13
14 18
15 7
16 10
17 15
18 43
19 5
20 1
21 7
22 22
23 22
24 4
25 23
26 19
27 13
28 47
30 4
31 34
32 9
33 8
34 12
35 42
36 26
37 12
38 21
40 25
41 37
43 12
44 36
45 18
46 12
47 34
48 13
49 21
50 46
51 18
52 22
53 45
54 25
55 10
56 15
57 13
58 5
59 11
61 3
62 17
63 10
65 18
66 25
67 16
68 13
69 18
70 4
71 3
72 18
73 7
74 14
75 4
76 20
77 10
78 14
79 10
80 9
81 38
82 21
83 12
84 5
86 10
88 9
89 5
90 15
91 10
92 14
93 11
94 5
95 28
96 2
97 13
98 7
99 33
100 20
101 10
102 29
103 18
104 14
105 13
106 21
107 20
108 33
109 19
110 37
111 28
112 9
113 8
114 18
115 10
116 10
117 17
118 14
119 10
120 11
121 23
122 6
123 7
124 15
125 11
126 6
127 18
128 6
129 5
130 19
131 15
132 7
133 33
134 5
135 11
137 21
138 22
139 4
140 19
141 11
142 20
143 17
144 22
145 14
146 11
147 16
148 32
149 53
150 20
152 27
153 7
154 7
155 6
156 3
157 16
158 17
159 25
160 6
161 4
162 16
163 19
164 23
165 5
166 5
168 32
169 19
170 16
171 15
172 5
173 9
174 39
176 6
177 5
178 16
179 15
180 10
181 7
182 19
184 5
185 9
186 17
187 2
188 3
189 13
190 23
191 5
192 17
193 18
194 21
195 16
196 22
197 3
198 23
199 8
200 12
202 35
203 11
204 5
205 7
206 24
207 3
208 11
209 14
210 4
211 16
212 10
213 21
215 10
216 23
217 8
218 6
219 7
220 15
222 4
223 14
224 16
225 20
226 20
227 10
228 13
229 26
230 9
231 17
232 15
233 37
234 24
235 4
236 16
238 22
240 15
241 16
244 15
245 14
246 12
247 27
248 20
249 16
250 16
251 23
252 3
253 14
254 24
255 8
256 25
257 35
258 26
259 19
260 29
261 24
262 26
264 19
265 20
266 14
267 19
268 8
269 16
270 29
271 11
272 18
274 23
275 25
276 18
277 11
278 6
279 18
280 17
281 16
282 13
283 12
284 6
285 37
286 33
288 10
289 2
290 18
291 7
292 21
293 36
294 6
295 20
296 17
297 16
298 27
299 24
300 12
301 7
302 20
303 8
304 10
305 8
306 5
307 5
308 7
310 9
311 21
312 13
314 5
315 22
316 8
317 16
319 12
320 27
321 27
322 17
323 9
324 27
325 14
327 6
328 6
329 11
330 9
331 18
332 10
333 26
334 31
335 18
336 10
337 13
338 23
339 13
340 3
341 31
342 8
343 2
344 9
346 17
347 16
348 12
349 31
350 5
351 17
352 6
354 11
356 12
357 15
358 10
359 43
361 9
362 11
363 11
365 17
366 23
367 35
368 7
369 17
370 5
371 33
372 14
373 4
374 24
375 7
376 15
377 2
378 6
380 7
381 40
383 8
384 19
385 19
386 39
387 8
388 10
389 20
390 32
391 24
392 10
393 19
394 13
395 11
397 27
400 9
401 7
402 20
403 9
404 5
405 27
406 17
407 12
408 9
409 19
410 35
411 13
412 16
413 30
414 18
415 20
416 28
417 12
418 7
419 31
420 10
421 10
422 23
423 7
424 8
425 6
426 13
427 5
428 7
429 23
431 8
433 8
434 23
436 23
437 27
438 11
440 13
441 12
442 28
443 9
444 5
445 16
446 11
447 4
448 7
449 4
450 27
451 21
452 14
453 7
454 37
456 14
457 11
458 17
459 31
460 25
461 20
462 8
463 9
464 8
465 6
466 6
467 20
468 16
469 19
470 8
471 8
472 3
473 11
474 42
475 28
476 10
477 26
478 27
479 16
480 16
481 13
482 20
483 32
484 10
485 11
486 16
487 13
488 16
490 29
492 9
493 26
494 11
495 38
496 7
497 12
498 21
499 5
500 18
501 15
502 2
503 13
504 20
505 16
506 21
507 32
508 20
509 8
510 27
511 32
512 11
513 11
514 19
515 27
517 26
518 14
520 18
522 6
523 14
525 29
526 12
527 14
528 13
529 23
531 14
532 19
533 9
534 18
535 8
536 6
537 21
538 5
539 7
540 4
541 21
542 13
543 19
544 30
545 16
546 12
547 8
548 19
550 3
551 10
552 14
553 27
554 7
555 6
556 4
557 13
558 31
559 31
560 17
561 3
562 15
563 11
564 20
565 28
566 27
567 10
568 10
569 5
570 19
571 22
573 27
574 3
575 8
576 27
577 15
578 9
579 7
580 11
581 23
582 23
583 27
584 19
585 7
586 22
587 11
588 7
589 37
590 22
591 19
592 5
593 11
594 18
595 33
596 22
597 17
598 19
599 11
600 5
601 15
602 10
603 13
604 20
605 8
606 29
607 9
608 18
609 15
610 16
611 6
612 31
613 15
614 11
615 19
616 5
617 13
618 11
619 23
620 19
621 6
622 22
623 4
624 6
625 4
;

param kmin:=
1 3
2 2
3 3
4 3
5 2
6 3
7 3
8 2
9 3
10 3
11 2
12 3
13 3
14 2
15 3
16 2
17 2
18 3
19 3
20 3
21 3
22 2
23 3
24 3
25 3
26 2
27 3
28 3
29 3
30 3
31 3
32 3
33 3
34 3
35 2
36 3
37 3
38 3
39 3
40 3
41 3
42 3
43 3
44 2
45 3
46 2
47 2
48 3
49 2
50 2
51 3
52 3
53 3
54 3
55 2
56 3
57 3
58 2
59 3
60 3
61 2
62 2
63 2
64 2
65 2
66 2
67 3
68 2
69 3
70 2
71 2
72 2
73 2
74 3
75 3
76 2
77 3
78 3
79 2
80 3
81 2
82 3
83 3
84 2
85 3
86 2
87 3
88 3
89 3
90 3
91 3
92 2
93 3
94 2
95 3
96 3
97 2
98 2
99 2
100 3
101 3
102 3
103 2
104 3
105 2
106 2
107 3
108 3
109 2
110 3
111 3
112 3
113 3
114 3
115 3
116 3
117 2
118 3
119 2
120 2
121 3
122 2
123 3
124 2
125 3
126 2
127 3
128 2
129 3
130 3
131 2
132 3
133 3
134 3
135 2
136 2
137 3
138 3
139 2
140 2
141 3
142 2
143 3
144 3
145 3
146 3
147 2
148 3
149 3
150 2
151 3
152 3
153 3
154 3
155 3
156 2
157 3
158 2
159 3
160 2
161 3
162 2
163 3
164 3
165 3
166 2
167 2
168 2
169 2
170 2
171 2
172 3
173 3
174 3
175 3
176 2
177 3
178 3
179 2
180 3
181 2
182 3
183 3
184 3
185 3
186 3
187 2
188 3
189 3
190 2
191 3
192 2
193 3
194 2
195 3
196 3
197 3
198 3
199 3
200 3
201 3
202 3
203 3
204 2
205 3
206 2
207 3
208 3
209 3
210 3
211 2
212 3
213 2
214 3
215 3
216 3
217 3
218 3
219 2
220 3
221 3
222 3
223 3
224 3
225 3
226 2
227 3
228 3
229 3
230 3
231 3
232 2
233 3
234 2
235 3
236 2
237 2
238 3
239 3
240 3
241 3
242 2
243 3
244 3
245 3
246 3
247 3
248 3
249 2
250 3
251 3
252 2
253 3
254 3
255 2
256 3
257 3
258 3
259 3
260 3
261 3
262 3
263 3
264 2
265 3
266 2
267 3
268 3
269 2
270 3
271 3
272 3
273 3
274 3
275 3
276 3
277 3
278 3
279 3
280 3
281 3
282 2
283 2
284 2
285 3
286 2
287 3
288 3
289 2
290 3
291 3
292 3
293 3
294 2
295 3
296 2
297 2
298 3
299 3
300 2
301 3
302 3
303 3
304 2
305 3
306 3
307 3
308 3
309 3
310 2
311 3
312 3
313 3
314 3
315 3
316 3
317 3
318 3
319 2
320 3
321 3
322 3
323 3
324 2
325 2
326 2
327 3
328 3
329 3
330 3
331 3
332 3
333 2
334 3
335 3
336 3
337 3
338 3
339 2
340 3
341 2
342 3
343 3
344 3
345 2
346 2
347 3
348 3
349 2
350 3
351 3
352 3
353 3
354 3
355 3
356 3
357 2
358 3
359 2
360 3
361 3
362 3
363 3
364 2
365 3
366 3
367 3
368 3
369 3
370 3
371 3
372 2
373 3
374 3
375 3
376 3
377 2
378 3
379 2
380 3
381 3
382 3
383 3
384 2
385 2
386 3
387 2
388 3
389 3
390 2
391 3
392 3
393 3
394 2
395 2
396 2
397 2
398 2
399 3
400 3
401 3
402 3
403 2
404 3
405 2
406 2
407 3
408 3
409 3
410 3
411 3
412 3
413 3
414 3
415 2
416 2
417 3
418 2
419 3
420 2
421 3
422 3
423 3
424 3
425 2
426 3
427 2
428 2
429 3
430 3
431 3
432 3
433 3
434 3
435 3
436 3
437 2
438 3
439 2
440 3
441 3
442 3
443 3
444 3
445 2
446 3
447 3
448 2
449 2
450 3
451 2
452 3
453 3
454 3
455 2
456 3
457 3
458 3
459 3
460 3
461 2
462 3
463 2
464 3
465 3
466 3
467 3
468 2
469 3
470 3
471 3
472 3
473 3
474 3
475 3
476 3
477 3
478 2
479 2
480 3
481 3
482 3
483 3
484 3
485 3
486 3
487 2
488 2
489 3
490 3
491 3
492 2
493 2
494 2
495 3
496 3
497 2
498 3
499 3
500 2
501 3
502 2
503 2
504 3
505 3
506 3
507 3
508 3
509 3
510 2
511 3
512 3
513 3
514 3
515 3
516 2
517 2
518 2
519 3
520 3
521 3
522 3
523 2
524 2
525 3
526 3
527 2
528 3
529 3
530 3
531 3
532 3
533 2
534 2
535 3
536 3
537 3
538 3
539 3
540 3
541 3
542 3
543 3
544 2
545 3
546 2
547 3
548 3
549 3
550 2
551 3
552 2
553 3
554 2
555 3
556 3
557 2
558 2
559 2
560 2
561 3
562 3
563 3
564 3
565 3
566 3
567 3
568 3
569 2
570 2
571 3
572 3
573 2
574 3
575 2
576 3
577 3
578 2
579 3
580 3
581 3
582 3
583 2
584 3
585 2
586 2
587 2
588 3
589 3
590 3
591 3
592 2
593 3
594 3
595 3
596 3
597 2
598 3
599 2
600 2
601 3
602 3
603 2
604 3
605 3
606 2
607 3
608 3
609 3
610 2
611 3
612 3
613 3
614 3
615 2
616 2
617 2
618 3
619 2
620 2
621 3
622 3
623 3
624 3
625 3
626 2
627 3
628 3
629 2
630 2
631 3
632 3
633 3
634 3
635 2
636 3
637 3
638 2
639 3
640 2
641 3
642 3
643 2
644 3
645 3
646 3
647 2
648 3
649 3
650 2
651 3
652 3
653 2
654 3
655 3
656 3
657 3
658 3
659 2
660 3
661 3
662 3
663 3
664 3
665 2
666 3
667 3
668 3
669 2
670 2
671 3
672 3
673 3
674 3
675 3
676 3
677 3
678 2
679 2
680 2
681 3
682 3
683 3
684 3
685 2
686 3
687 3
688 3
689 2
690 3
691 3
692 3
693 3
694 3
695 2
696 3
697 3
698 3
699 3
700 3
701 3
702 3
703 3
704 3
705 3
706 2
707 3
708 3
709 2
710 3
711 3
712 3
713 2
714 3
715 3
716 3
717 3
718 2
719 3
720 3
721 3
722 3
723 3
724 3
725 3
726 2
727 3
728 3
729 3
730 3
731 2
732 3
733 3
734 3
735 3
736 3
737 2
738 3
739 2
740 3
741 2
742 3
743 3
744 3
745 2
746 2
747 3
748 3
749 3
750 3
751 2
752 2
753 2
754 2
755 2
756 3
757 3
758 3
759 3
760 3
761 3
762 3
763 3
764 3
765 3
766 2
767 2
768 3
769 3
770 2
771 3
772 3
773 3
774 3
775 3
776 2
777 2
778 3
779 3
780 2
781 3
782 2
783 2
784 3
785 3
786 2
787 3
788 2
789 2
790 3
791 3
792 3
793 3
794 3
795 3
796 3
797 2
798 3
799 3
800 3
801 2
802 2
803 3
804 3
805 2
806 2
807 3
808 3
809 3
810 3
811 2
812 3
813 3
814 3
815 3
816 3
817 3
818 2
819 3
820 3
821 2
822 3
823 2
824 3
825 3
826 3
827 2
828 3
829 2
830 3
831 3
832 3
833 3
834 3
835 3
836 3
837 3
838 3
839 2
840 3
841 3
842 3
843 3
844 3
845 3
846 3
847 3
848 3
849 3
850 2
851 3
852 3
853 2
854 3
855 2
856 2
857 3
858 3
859 2
860 3
861 2
862 2
863 3
864 2
865 3
866 2
867 3
868 3
869 3
870 3
871 3
872 3
873 2
874 3
875 3
876 3
877 2
878 3
879 3
880 3
881 3
882 3
883 3
884 3
885 3
886 3
887 3
888 3
889 3
890 2
891 3
892 2
893 2
894 2
895 2
896 3
897 2
898 3
899 2
900 3
901 2
902 3
903 2
904 3
905 3
906 3
907 3
908 2
909 3
910 3
911 2
912 3
913 3
914 3
915 2
916 3
917 3
918 3
919 2
920 3
921 3
922 3
923 3
924 3
925 3
926 2
927 3
928 3
929 3
930 3
931 3
932 3
933 3
934 3
935 3
936 3
937 3
938 3
939 3
940 3
941 3
942 3
943 3
944 2
945 3
946 2
947 3
948 3
949 2
950 2
951 3
952 3
953 3
954 3
955 2
956 3
957 2
958 3
959 2
960 3
961 2
962 2
963 2
964 2
965 2
966 2
967 3
968 3
969 3
970 3
971 3
972 2
973 3
974 3
975 2
976 2
977 2
978 3
979 2
980 3
981 2
982 2
983 3
984 3
985 3
986 3
987 3
988 3
989 3
990 3
991 2
992 3
993 2
994 2
995 3
996 2
997 3
998 3
999 3
1000 3
1001 3
1002 2
1003 3
1004 3
1005 2
1006 2
1007 3
1008 3
1009 2
1010 3
1011 2
1012 3
1013 3
1014 3
1015 3
1016 2
1017 3
1018 3
1019 3
1020 3
1021 3
1022 2
1023 3
1024 3
1025 3
1026 3
1027 3
1028 3
1029 2
1030 3
1031 3
1032 2
1033 2
1034 3
1035 3
1036 2
1037 3
1038 2
1039 3
1040 2
1041 3
1042 3
1043 3
1044 3
1045 3
1046 2
1047 3
1048 3
1049 3
1050 3
1051 3
1052 3
1053 3
1054 3
1055 2
1056 3
1057 2
1058 2
1059 3
1060 3
1061 3
1062 3
1063 2
1064 3
1065 3
1066 3
1067 3
1068 3
1069 3
1070 3
1071 3
1072 3
1073 3
1074 3
1075 2
1076 3
1077 3
1078 3
1079 3
1080 2
1081 3
1082 3
1083 3
1084 2
1085 3
1086 2
1087 3
1088 3
1089 2
1090 3
1091 3
1092 3
1093 3
1094 3
1095 3
1096 2
1097 3
1098 3
1099 2
1100 3
1101 2
1102 2
1103 3
1104 3
1105 3
1106 3
1107 2
1108 3
1109 2
1110 3
1111 3
1112 3
1113 3
1114 2
1115 3
1116 3
1117 3
1118 2
1119 3
1120 2
1121 3
1122 2
1123 3
1124 2
1125 3
1126 3
1127 2
1128 3
1129 3
1130 3
1131 2
1132 2
1133 3
1134 3
1135 2
1136 2
1137 2
1138 2
1139 2
1140 3
1141 2
1142 3
1143 2
1144 3
1145 3
1146 3
1147 2
1148 2
1149 3
1150 3
1151 3
1152 3
1153 3
1154 2
1155 3
1156 2
1157 3
1158 3
1159 2
1160 2
1161 3
1162 3
1163 3
1164 3
1165 2
1166 2
1167 3
1168 3
1169 3
1170 3
1171 2
1172 2
1173 2
1174 3
1175 2
1176 3
1177 3
1178 2
1179 3
1180 3
1181 3
1182 2
1183 2
1184 3
1185 3
1186 2
1187 2
1188 2
1189 3
1190 3
1191 3
1192 2
1193 3
1194 3
1195 2
1196 2
1197 2
1198 3
1199 3
1200 3
1201 3
1202 2
1203 3
1204 2
1205 3
1206 3
1207 3
1208 3
1209 3
1210 3
1211 3
1212 2
1213 3
1214 2
1215 3
1216 3
1217 3
1218 3
1219 3
1220 2
1221 2
1222 3
1223 3
1224 2
1225 3
1226 2
1227 3
1228 2
1229 3
1230 2
1231 2
1232 2
1233 2
1234 3
1235 3
1236 3
1237 3
1238 3
1239 3
1240 3
1241 3
1242 3
1243 2
1244 2
1245 3
1246 2
1247 3
1248 3
1249 3
1250 3
1251 3
1252 2
1253 3
1254 2
1255 3
1256 3
1257 2
1258 3
1259 2
1260 3
1261 3
1262 3
1263 3
1264 3
1265 3
1266 3
1267 3
1268 3
1269 3
1270 3
1271 3
1272 3
1273 3
1274 2
1275 3
1276 3
1277 2
1278 3
1279 2
1280 3
1281 2
1282 2
1283 3
1284 3
1285 2
1286 3
1287 2
1288 3
1289 2
1290 2
1291 3
1292 2
1293 2
1294 3
1295 3
1296 3
1297 3
1298 3
1299 2
1300 3
1301 2
1302 3
1303 2
1304 3
1305 3
1306 2
1307 3
1308 3
1309 2
1310 3
1311 2
1312 3
1313 3
1314 2
1315 2
1316 2
1317 3
1318 3
1319 2
1320 3
1321 2
1322 3
1323 3
1324 3
1325 2
1326 3
1327 3
1328 3
1329 2
1330 3
1331 3
1332 3
1333 2
1334 3
1335 3
1336 2
1337 2
1338 2
1339 3
1340 3
1341 2
1342 2
1343 3
1344 2
1345 3
1346 3
1347 3
1348 2
1349 2
1350 3
1351 3
1352 3
1353 3
1354 2
1355 3
1356 3
1357 2
1358 3
1359 2
1360 3
1361 2
1362 3
1363 3
1364 3
1365 3
1366 3
1367 3
1368 2
1369 2
1370 2
1371 2
1372 3
1373 3
1374 3
1375 3
1376 3
1377 2
1378 3
1379 3
1380 3
1381 3
1382 2
1383 2
1384 3
1385 3
1386 2
1387 3
1388 3
1389 2
1390 3
1391 3
1392 2
1393 3
1394 3
1395 3
1396 2
1397 2
1398 3
1399 3
1400 3
1401 3
1402 3
1403 3
1404 2
1405 3
1406 2
1407 3
1408 3
1409 3
1410 3
1411 3
1412 2
1413 2
1414 2
1415 3
1416 3
1417 3
1418 3
1419 2
1420 3
1421 2
1422 3
1423 2
1424 3
1425 3
1426 2
1427 2
1428 3
1429 3
1430 3
1431 3
1432 2
1433 3
1434 2
1435 2
1436 2
1437 2
1438 2
1439 3
1440 3
1441 3
1442 3
1443 3
1444 3
1445 2
1446 3
1447 2
1448 3
1449 3
1450 3
1451 2
1452 2
1453 3
1454 2
1455 2
1456 3
1457 2
1458 2
1459 3
1460 2
1461 3
1462 3
1463 3
1464 3
1465 3
1466 2
1467 3
1468 2
1469 3
1470 2
1471 2
1472 3
1473 3
1474 3
1475 3
1476 2
1477 3
1478 2
1479 3
1480 3
1481 3
1482 3
1483 3
1484 2
1485 2
1486 2
1487 2
1488 2
1489 3
1490 3
1491 2
1492 2
1493 3
1494 2
1495 3
1496 2
1497 2
1498 3
1499 2
1500 2
;

param kmax:=
1 7
2 5
3 6
4 6
5 5
6 7
7 6
8 5
9 6
10 7
11 5
12 6
13 6
14 5
15 7
16 5
17 5
18 6
19 6
20 6
21 7
22 5
23 6
24 6
25 7
26 5
27 7
28 7
29 7
30 7
31 6
32 6
33 6
34 6
35 5
36 7
37 7
38 7
39 7
40 6
41 7
42 6
43 7
44 5
45 6
46 5
47 5
48 6
49 5
50 5
51 7
52 6
53 7
54 6
55 5
56 7
57 6
58 5
59 7
60 6
61 5
62 5
63 5
64 5
65 5
66 5
67 7
68 5
69 6
70 5
71 5
72 5
73 5
74 6
75 6
76 5
77 7
78 7
79 5
80 6
81 5
82 7
83 6
84 5
85 6
86 5
87 6
88 6
89 7
90 7
91 7
92 5
93 7
94 5
95 6
96 7
97 5
98 5
99 5
100 7
101 7
102 6
103 5
104 7
105 5
106 5
107 6
108 6
109 5
110 7
111 7
112 7
113 7
114 7
115 6
116 7
117 5
118 7
119 5
120 5
121 6
122 5
123 7
124 5
125 6
126 5
127 7
128 5
129 6
130 6
131 5
132 6
133 6
134 7
135 5
136 5
137 7
138 6
139 5
140 5
141 7
142 5
143 6
144 7
145 6
146 7
147 5
148 6
149 7
150 5
151 6
152 6
153 7
154 7
155 7
156 5
157 7
158 5
159 7
160 5
161 7
162 5
163 6
164 7
165 7
166 5
167 5
168 5
169 5
170 5
171 5
172 7
173 7
174 7
175 7
176 5
177 6
178 7
179 5
180 6
181 5
182 7
183 7
184 6
185 6
186 6
187 5
188 7
189 6
190 5
191 7
192 5
193 6
194 5
195 7
196 7
197 7
198 6
199 7
200 7
201 7
202 7
203 6
204 5
205 7
206 5
207 7
208 7
209 7
210 7
211 5
212 6
213 5
214 7
215 6
216 6
217 7
218 7
219 5
220 6
221 7
222 6
223 6
224 7
225 6
226 5
227 7
228 7
229 6
230 6
231 6
232 5
233 6
234 5
235 6
236 5
237 5
238 7
239 7
240 6
241 7
242 5
243 7
244 6
245 6
246 6
247 7
248 6
249 5
250 6
251 6
252 5
253 7
254 6
255 5
256 7
257 6
258 6
259 7
260 7
261 6
262 7
263 7
264 5
265 6
266 5
267 6
268 7
269 5
270 6
271 6
272 7
273 7
274 7
275 6
276 7
277 6
278 7
279 6
280 6
281 7
282 5
283 5
284 5
285 7
286 5
287 6
288 7
289 5
290 7
291 7
292 6
293 6
294 5
295 7
296 5
297 5
298 7
299 6
300 5
301 7
302 7
303 7
304 5
305 6
306 6
307 6
308 6
309 7
310 5
311 6
312 7
313 6
314 6
315 6
316 6
317 6
318 6
319 5
320 6
321 6
322 7
323 6
324 5
325 5
326 5
327 6
328 6
329 6
330 7
331 7
332 7
333 5
334 7
335 7
336 7
337 7
338 6
339 5
340 6
341 5
342 7
343 6
344 7
345 5
346 5
347 7
348 7
349 5
350 6
351 7
352 7
353 6
354 7
355 6
356 7
357 5
358 6
359 5
360 6
361 7
362 7
363 6
364 5
365 7
366 6
367 7
368 7
369 6
370 6
371 7
372 5
373 6
374 6
375 7
376 6
377 5
378 7
379 5
380 7
381 6
382 6
383 6
384 5
385 5
386 6
387 5
388 6
389 6
390 5
391 6
392 7
393 7
394 5
395 5
396 5
397 5
398 5
399 6
400 6
401 7
402 7
403 5
404 7
405 5
406 5
407 6
408 6
409 7
410 6
411 7
412 6
413 6
414 6
415 5
416 5
417 7
418 5
419 7
420 5
421 6
422 6
423 6
424 6
425 5
426 7
427 5
428 5
429 7
430 6
431 6
432 7
433 7
434 7
435 7
436 6
437 5
438 6
439 5
440 6
441 7
442 6
443 6
444 7
445 5
446 7
447 7
448 5
449 5
450 6
451 5
452 6
453 7
454 7
455 5
456 7
457 6
458 7
459 7
460 7
461 5
462 6
463 5
464 7
465 6
466 6
467 7
468 5
469 7
470 6
471 7
472 6
473 6
474 6
475 7
476 7
477 7
478 5
479 5
480 7
481 6
482 7
483 6
484 7
485 7
486 7
487 5
488 5
489 7
490 6
491 7
492 5
493 5
494 5
495 7
496 7
497 5
498 6
499 7
500 5
501 7
502 5
503 5
504 6
505 7
506 6
507 6
508 7
509 6
510 5
511 7
512 6
513 7
514 7
515 6
516 5
517 5
518 5
519 6
520 7
521 6
522 7
523 5
524 5
525 7
526 7
527 5
528 7
529 7
530 6
531 6
532 7
533 5
534 5
535 6
536 7
537 7
538 7
539 7
540 6
541 6
542 6
543 7
544 5
545 7
546 5
547 6
548 7
549 6
550 5
551 7
552 5
553 6
554 5
555 6
556 6
557 5
558 5
559 5
560 5
561 7
562 7
563 7
564 6
565 7
566 7
567 7
568 7
569 5
570 5
571 6
572 7
573 5
574 6
575 5
576 7
577 7
578 5
579 6
580 6
581 7
582 7
583 5
584 7
585 5
586 5
587 5
588 6
589 6
590 6
591 6
592 5
593 7
594 6
595 7
596 6
597 5
598 6
599 5
600 5
601 6
602 7
603 5
604 6
605 6
606 5
607 7
608 7
609 7
610 5
611 6
612 6
613 6
614 7
615 5
616 5
617 5
618 6
619 5
620 5
621 6
622 7
623 6
624 7
625 6
626 5
627 6
628 6
629 5
630 5
631 7
632 6
633 6
634 7
635 5
636 6
637 6
638 5
639 7
640 5
641 7
642 6
643 5
644 6
645 6
646 7
647 5
648 7
649 6
650 5
651 6
652 6
653 5
654 6
655 6
656 6
657 7
658 6
659 5
660 7
661 7
662 7
663 7
664 7
665 5
666 7
667 7
668 7
669 5
670 5
671 6
672 7
673 6
674 6
675 6
676 7
677 7
678 5
679 5
680 5
681 7
682 7
683 6
684 6
685 5
686 7
687 7
688 6
689 5
690 6
691 7
692 7
693 7
694 6
695 5
696 7
697 6
698 7
699 6
700 7
701 7
702 7
703 6
704 6
705 6
706 5
707 7
708 6
709 5
710 7
711 6
712 6
713 5
714 7
715 7
716 7
717 6
718 5
719 7
720 7
721 6
722 6
723 7
724 6
725 7
726 5
727 7
728 6
729 7
730 7
731 5
732 6
733 6
734 6
735 6
736 6
737 5
738 7
739 5
740 6
741 5
742 7
743 6
744 7
745 5
746 5
747 7
748 7
749 6
750 7
751 5
752 5
753 5
754 5
755 5
756 7
757 6
758 6
759 6
760 6
761 7
762 6
763 6
764 6
765 7
766 5
767 5
768 6
769 6
770 5
771 6
772 7
773 7
774 6
775 7
776 5
777 5
778 6
779 6
780 5
781 7
782 5
783 5
784 6
785 7
786 5
787 6
788 5
789 5
790 6
791 7
792 7
793 7
794 7
795 7
796 7
797 5
798 7
799 7
800 6
801 5
802 5
803 6
804 7
805 5
806 5
807 6
808 7
809 7
810 7
811 5
812 7
813 6
814 7
815 6
816 7
817 6
818 5
819 6
820 6
821 5
822 7
823 5
824 7
825 7
826 6
827 5
828 7
829 5
830 6
831 7
832 7
833 7
834 6
835 7
836 7
837 6
838 6
839 5
840 7
841 6
842 6
843 6
844 6
845 6
846 7
847 6
848 7
849 7
850 5
851 7
852 7
853 5
854 6
855 5
856 5
857 6
858 6
859 5
860 6
861 5
862 5
863 7
864 5
865 7
866 5
867 7
868 7
869 6
870 6
871 6
872 6
873 5
874 7
875 7
876 7
877 5
878 6
879 6
880 6
881 6
882 6
883 7
884 6
885 7
886 7
887 7
888 7
889 7
890 5
891 6
892 5
893 5
894 5
895 5
896 6
897 5
898 7
899 5
900 6
901 5
902 6
903 5
904 6
905 7
906 6
907 6
908 5
909 7
910 6
911 5
912 6
913 6
914 6
915 5
916 6
917 7
918 7
919 5
920 6
921 7
922 7
923 7
924 6
925 7
926 5
927 7
928 7
929 6
930 7
931 7
932 6
933 6
934 6
935 7
936 6
937 7
938 6
939 6
940 7
941 7
942 7
943 6
944 5
945 6
946 5
947 7
948 7
949 5
950 5
951 7
952 7
953 7
954 7
955 5
956 6
957 5
958 6
959 5
960 7
961 5
962 5
963 5
964 5
965 5
966 5
967 7
968 6
969 7
970 7
971 6
972 5
973 6
974 6
975 5
976 5
977 5
978 6
979 5
980 6
981 5
982 5
983 7
984 7
985 6
986 7
987 6
988 7
989 7
990 7
991 5
992 6
993 5
994 5
995 7
996 5
997 7
998 7
999 7
1000 6
1001 7
1002 5
1003 6
1004 7
1005 5
1006 5
1007 7
1008 6
1009 5
1010 6
1011 5
1012 7
1013 6
1014 7
1015 6
1016 5
1017 6
1018 6
1019 7
1020 7
1021 6
1022 5
1023 7
1024 6
1025 6
1026 7
1027 6
1028 7
1029 5
1030 7
1031 6
1032 5
1033 5
1034 7
1035 7
1036 5
1037 6
1038 5
1039 7
1040 5
1041 7
1042 6
1043 6
1044 7
1045 7
1046 5
1047 7
1048 7
1049 7
1050 7
1051 7
1052 6
1053 6
1054 6
1055 5
1056 7
1057 5
1058 5
1059 7
1060 7
1061 6
1062 7
1063 5
1064 6
1065 6
1066 6
1067 7
1068 6
1069 6
1070 7
1071 7
1072 7
1073 7
1074 7
1075 5
1076 6
1077 6
1078 6
1079 6
1080 5
1081 6
1082 7
1083 6
1084 5
1085 6
1086 5
1087 7
1088 7
1089 5
1090 6
1091 7
1092 6
1093 6
1094 6
1095 6
1096 5
1097 7
1098 6
1099 5
1100 6
1101 5
1102 5
1103 6
1104 7
1105 7
1106 7
1107 5
1108 7
1109 5
1110 7
1111 7
1112 6
1113 6
1114 5
1115 6
1116 7
1117 6
1118 5
1119 7
1120 5
1121 6
1122 5
1123 6
1124 5
1125 7
1126 6
1127 5
1128 7
1129 6
1130 7
1131 5
1132 5
1133 7
1134 6
1135 5
1136 5
1137 5
1138 5
1139 5
1140 7
1141 5
1142 7
1143 5
1144 7
1145 6
1146 6
1147 5
1148 5
1149 7
1150 6
1151 7
1152 6
1153 6
1154 5
1155 7
1156 5
1157 6
1158 7
1159 5
1160 5
1161 7
1162 7
1163 6
1164 7
1165 5
1166 5
1167 7
1168 6
1169 7
1170 7
1171 5
1172 5
1173 5
1174 7
1175 5
1176 7
1177 7
1178 5
1179 7
1180 7
1181 6
1182 5
1183 5
1184 6
1185 7
1186 5
1187 5
1188 5
1189 7
1190 6
1191 6
1192 5
1193 6
1194 6
1195 5
1196 5
1197 5
1198 7
1199 7
1200 7
1201 6
1202 5
1203 7
1204 5
1205 7
1206 7
1207 6
1208 6
1209 7
1210 7
1211 7
1212 5
1213 6
1214 5
1215 6
1216 6
1217 6
1218 7
1219 6
1220 5
1221 5
1222 6
1223 6
1224 5
1225 7
1226 5
1227 7
1228 5
1229 6
1230 5
1231 5
1232 5
1233 5
1234 7
1235 6
1236 6
1237 7
1238 7
1239 7
1240 6
1241 7
1242 6
1243 5
1244 5
1245 7
1246 5
1247 6
1248 7
1249 7
1250 6
1251 6
1252 5
1253 7
1254 5
1255 6
1256 7
1257 5
1258 6
1259 5
1260 7
1261 7
1262 7
1263 7
1264 6
1265 7
1266 6
1267 6
1268 6
1269 6
1270 7
1271 7
1272 7
1273 6
1274 5
1275 6
1276 6
1277 5
1278 6
1279 5
1280 7
1281 5
1282 5
1283 7
1284 7
1285 5
1286 7
1287 5
1288 7
1289 5
1290 5
1291 6
1292 5
1293 5
1294 6
1295 6
1296 6
1297 7
1298 6
1299 5
1300 7
1301 5
1302 7
1303 5
1304 6
1305 7
1306 5
1307 7
1308 7
1309 5
1310 6
1311 5
1312 7
1313 7
1314 5
1315 5
1316 5
1317 6
1318 7
1319 5
1320 6
1321 5
1322 7
1323 7
1324 7
1325 5
1326 7
1327 6
1328 6
1329 5
1330 7
1331 6
1332 6
1333 5
1334 6
1335 7
1336 5
1337 5
1338 5
1339 7
1340 6
1341 5
1342 5
1343 7
1344 5
1345 7
1346 7
1347 6
1348 5
1349 5
1350 7
1351 7
1352 7
1353 6
1354 5
1355 7
1356 6
1357 5
1358 6
1359 5
1360 7
1361 5
1362 7
1363 7
1364 7
1365 6
1366 7
1367 7
1368 5
1369 5
1370 5
1371 5
1372 6
1373 6
1374 7
1375 7
1376 6
1377 5
1378 7
1379 7
1380 7
1381 6
1382 5
1383 5
1384 6
1385 7
1386 5
1387 6
1388 6
1389 5
1390 7
1391 6
1392 5
1393 7
1394 7
1395 7
1396 5
1397 5
1398 6
1399 6
1400 7
1401 6
1402 7
1403 6
1404 5
1405 7
1406 5
1407 6
1408 7
1409 6
1410 7
1411 7
1412 5
1413 5
1414 5
1415 6
1416 7
1417 6
1418 7
1419 5
1420 7
1421 5
1422 6
1423 5
1424 7
1425 7
1426 5
1427 5
1428 6
1429 7
1430 6
1431 7
1432 5
1433 7
1434 5
1435 5
1436 5
1437 5
1438 5
1439 6
1440 7
1441 6
1442 6
1443 6
1444 6
1445 5
1446 6
1447 5
1448 7
1449 6
1450 7
1451 5
1452 5
1453 6
1454 5
1455 5
1456 7
1457 5
1458 5
1459 6
1460 5
1461 7
1462 7
1463 7
1464 7
1465 7
1466 5
1467 6
1468 5
1469 6
1470 5
1471 5
1472 6
1473 6
1474 6
1475 6
1476 5
1477 7
1478 5
1479 7
1480 6
1481 7
1482 7
1483 6
1484 5
1485 5
1486 5
1487 5
1488 5
1489 6
1490 7
1491 5
1492 5
1493 7
1494 5
1495 6
1496 5
1497 5
1498 7
1499 5
1500 5
;

