
 Input data successfully entered, now performing initialization 

 Allocating memory for population...
 Initializing population...
 Initialization done, now performing first generation
Evaluating pop
Evaluated pop

 gen = 2
 gen = 3
 gen = 4
 gen = 5
 gen = 6
 gen = 7
 gen = 8
 gen = 9
 gen = 10
 gen = 11
 gen = 12
 gen = 13
 gen = 14
 gen = 15
 gen = 16
 gen = 17
 gen = 18
 gen = 19
 gen = 20
 gen = 21
 gen = 22
 gen = 23
 gen = 24
 gen = 25
 gen = 26
 gen = 27
 gen = 28
 gen = 29
 gen = 30
 gen = 31
 gen = 32
 gen = 33
 gen = 34
 gen = 35
 gen = 36
 gen = 37
 gen = 38
 gen = 39
 gen = 40
 gen = 41
 gen = 42
 gen = 43
 gen = 44
 gen = 45
 gen = 46
 gen = 47
 gen = 48
 gen = 49
 gen = 50
 gen = 51
 gen = 52
 gen = 53
 gen = 54
 gen = 55
 gen = 56
 gen = 57
 gen = 58
 gen = 59
 gen = 60
 gen = 61
 gen = 62
 gen = 63
 gen = 64
 gen = 65
 gen = 66
 gen = 67
 gen = 68
 gen = 69
 gen = 70
 gen = 71
 gen = 72
 gen = 73
 gen = 74
 gen = 75
 gen = 76
 gen = 77
 gen = 78
 gen = 79
 gen = 80
 gen = 81
 gen = 82
 gen = 83
 gen = 84
 gen = 85
 gen = 86
 gen = 87
 gen = 88
 gen = 89
 gen = 90
 gen = 91
 gen = 92
 gen = 93
 gen = 94
 gen = 95
 gen = 96
 gen = 97
 gen = 98
 gen = 99
 gen = 100
 gen = 101
 gen = 102
 gen = 103
 gen = 104
 gen = 105
 gen = 106
 gen = 107
 gen = 108
 gen = 109
 gen = 110
 gen = 111
 gen = 112
 gen = 113
 gen = 114
 gen = 115
 gen = 116
 gen = 117
 gen = 118
 gen = 119
 gen = 120
 gen = 121
 gen = 122
 gen = 123
 gen = 124
 gen = 125
 gen = 126
 gen = 127
 gen = 128
 gen = 129
 gen = 130
 gen = 131
 gen = 132
 gen = 133
 gen = 134
 gen = 135
 gen = 136
 gen = 137
 gen = 138
 gen = 139
 gen = 140
 gen = 141
 gen = 142
 gen = 143
 gen = 144
 gen = 145
 gen = 146
 gen = 147
 gen = 148
 gen = 149
 gen = 150
 gen = 151
 gen = 152
 gen = 153
 gen = 154
 gen = 155
 gen = 156
 gen = 157
 gen = 158
 gen = 159
 gen = 160
 gen = 161
 gen = 162
 gen = 163
 gen = 164
 gen = 165
 gen = 166
 gen = 167
 gen = 168
 gen = 169
 gen = 170
 gen = 171
 gen = 172
 gen = 173
 gen = 174
 gen = 175
 gen = 176
 gen = 177
 gen = 178
 gen = 179
 gen = 180
 gen = 181
 gen = 182
 gen = 183
 gen = 184
 gen = 185
 gen = 186
 gen = 187
 gen = 188
 gen = 189
 gen = 190
 gen = 191
 gen = 192
 gen = 193
 gen = 194
 gen = 195
 gen = 196
 gen = 197
 gen = 198
 gen = 199
 gen = 200
 gen = 201
 gen = 202
 gen = 203
 gen = 204
 gen = 205
 gen = 206
 gen = 207
 gen = 208
 gen = 209
 gen = 210
 gen = 211
 gen = 212
 gen = 213
 gen = 214
 gen = 215
 gen = 216
 gen = 217
 gen = 218
 gen = 219
 gen = 220
 gen = 221
 gen = 222
 gen = 223
 gen = 224
 gen = 225
 gen = 226
 gen = 227
 gen = 228
 gen = 229
 gen = 230
 gen = 231
 gen = 232
 gen = 233
 gen = 234
 gen = 235
 gen = 236
 gen = 237
 gen = 238
 gen = 239
 gen = 240
 gen = 241
 gen = 242
 gen = 243
 gen = 244
 gen = 245
 gen = 246
 gen = 247
 gen = 248
 gen = 249
 gen = 250
 gen = 251
 gen = 252
 gen = 253
 gen = 254
 gen = 255
 gen = 256
 gen = 257
 gen = 258
 gen = 259
 gen = 260
 gen = 261
 gen = 262
 gen = 263
 gen = 264
 gen = 265
 gen = 266
 gen = 267
 gen = 268
 gen = 269
 gen = 270
 gen = 271
 gen = 272
 gen = 273
 gen = 274
 gen = 275
 gen = 276
 gen = 277
 gen = 278
 gen = 279
 gen = 280
 gen = 281
 gen = 282
 gen = 283
 gen = 284
 gen = 285
 gen = 286
 gen = 287
 gen = 288
 gen = 289
 gen = 290
 gen = 291
 gen = 292
 gen = 293
 gen = 294
 gen = 295
 gen = 296
 gen = 297
 gen = 298
 gen = 299
 gen = 300
 gen = 301
 gen = 302
 gen = 303
 gen = 304
 gen = 305
 gen = 306
 gen = 307
 gen = 308
 gen = 309
 gen = 310
 gen = 311
 gen = 312
 gen = 313
 gen = 314
 gen = 315
 gen = 316
 gen = 317
 gen = 318
 gen = 319
 gen = 320
 gen = 321
 gen = 322
 gen = 323
 gen = 324
 gen = 325
 gen = 326
 gen = 327
 gen = 328
 gen = 329
 gen = 330
 gen = 331
 gen = 332
 gen = 333
 gen = 334
 gen = 335
 gen = 336
 gen = 337
 gen = 338
 gen = 339
 gen = 340
 gen = 341
 gen = 342
 gen = 343
 gen = 344
 gen = 345
 gen = 346
 gen = 347
 gen = 348
 gen = 349
 gen = 350
 gen = 351
 gen = 352
 gen = 353
 gen = 354
 gen = 355
 gen = 356
 gen = 357
 gen = 358
 gen = 359
 gen = 360
 gen = 361
 gen = 362
 gen = 363
 gen = 364
 gen = 365
 gen = 366
 gen = 367
 gen = 368
 gen = 369
 gen = 370
 gen = 371
 gen = 372
 gen = 373
 gen = 374
 gen = 375
 gen = 376
 gen = 377
 gen = 378
 gen = 379
 gen = 380
 gen = 381
 gen = 382
 gen = 383
 gen = 384
 gen = 385
 gen = 386
 gen = 387
 gen = 388
 gen = 389
 gen = 390
 gen = 391
 gen = 392
 gen = 393
 gen = 394
 gen = 395
 gen = 396
 gen = 397
 gen = 398
 gen = 399
 gen = 400
 gen = 401
 gen = 402
 gen = 403
 gen = 404
 gen = 405
 gen = 406
 gen = 407
 gen = 408
 gen = 409
 gen = 410
 gen = 411
 gen = 412
 gen = 413
 gen = 414
 gen = 415
 gen = 416
 gen = 417
 gen = 418
 gen = 419
 gen = 420
 gen = 421
 gen = 422
 gen = 423
 gen = 424
 gen = 425
 gen = 426
 gen = 427
 gen = 428
 gen = 429
 gen = 430
 gen = 431
 gen = 432
 gen = 433
 gen = 434
 gen = 435
 gen = 436
 gen = 437
 gen = 438
 gen = 439
 gen = 440
 gen = 441
 gen = 442
 gen = 443
 gen = 444
 gen = 445
 gen = 446
 gen = 447
 gen = 448
 gen = 449
 gen = 450
 gen = 451
 gen = 452
 gen = 453
 gen = 454
 gen = 455
 gen = 456
 gen = 457
 gen = 458
 gen = 459
 gen = 460
 gen = 461
 gen = 462
 gen = 463
 gen = 464
 gen = 465
 gen = 466
 gen = 467
 gen = 468
 gen = 469
 gen = 470
 gen = 471
 gen = 472
 gen = 473
 gen = 474
 gen = 475
 gen = 476
 gen = 477
 gen = 478
 gen = 479
 gen = 480
 gen = 481
 gen = 482
 gen = 483
 gen = 484
 gen = 485
 gen = 486
 gen = 487
 gen = 488
 gen = 489
 gen = 490
 gen = 491
 gen = 492
 gen = 493
 gen = 494
 gen = 495
 gen = 496
 gen = 497
 gen = 498
 gen = 499
 gen = 500
 gen = 501
 gen = 502
 gen = 503
 gen = 504
 gen = 505
 gen = 506
 gen = 507
 gen = 508
 gen = 509
 gen = 510
 gen = 511
 gen = 512
 gen = 513
 gen = 514
 gen = 515
 gen = 516
 gen = 517
 gen = 518
 gen = 519
 gen = 520
 gen = 521
 gen = 522
 gen = 523
 gen = 524
 gen = 525
 gen = 526
 gen = 527
 gen = 528
 gen = 529
 gen = 530
 gen = 531
 gen = 532
 gen = 533
 gen = 534
 gen = 535
 gen = 536
 gen = 537
 gen = 538
 gen = 539
 gen = 540
 gen = 541
 gen = 542
 gen = 543
 gen = 544
 gen = 545
 gen = 546
 gen = 547
 gen = 548
 gen = 549
 gen = 550
 gen = 551
 gen = 552
 gen = 553
 gen = 554
 gen = 555
 gen = 556
 gen = 557
 gen = 558
 gen = 559
 gen = 560
 gen = 561
 gen = 562
 gen = 563
 gen = 564
 gen = 565
 gen = 566
 gen = 567
 gen = 568
 gen = 569
 gen = 570
 gen = 571
 gen = 572
 gen = 573
 gen = 574
 gen = 575
 gen = 576
 gen = 577
 gen = 578
 gen = 579
 gen = 580
 gen = 581
 gen = 582
 gen = 583
 gen = 584
 gen = 585
 gen = 586
 gen = 587
 gen = 588
 gen = 589
 gen = 590
 gen = 591
 gen = 592
 gen = 593
 gen = 594
 gen = 595
 gen = 596
 gen = 597
 gen = 598
 gen = 599
 gen = 600
 gen = 601
 gen = 602
 gen = 603
 gen = 604
 gen = 605
 gen = 606
 gen = 607
 gen = 608
 gen = 609
 gen = 610
 gen = 611
 gen = 612
 gen = 613
 gen = 614
 gen = 615
 gen = 616
 gen = 617
 gen = 618
 gen = 619
 gen = 620
 gen = 621
 gen = 622
 gen = 623
 gen = 624
 gen = 625
 gen = 626
 gen = 627
 gen = 628
 gen = 629
 gen = 630
 gen = 631
 gen = 632
 gen = 633
 gen = 634
 gen = 635
 gen = 636
 gen = 637
 gen = 638
 gen = 639
 gen = 640
 gen = 641
 gen = 642
 gen = 643
 gen = 644
 gen = 645
 gen = 646
 gen = 647
 gen = 648
 gen = 649
 gen = 650
 gen = 651
 gen = 652
 gen = 653
 gen = 654
 gen = 655
 gen = 656
 gen = 657
 gen = 658
 gen = 659
 gen = 660
 gen = 661
 gen = 662
 gen = 663
 gen = 664
 gen = 665
 gen = 666
 gen = 667
 gen = 668
 gen = 669
 gen = 670
 gen = 671
 gen = 672
 gen = 673
 gen = 674
 gen = 675
 gen = 676
 gen = 677
 gen = 678
 gen = 679
 gen = 680
 gen = 681
 gen = 682
 gen = 683
 gen = 684
 gen = 685
 gen = 686
 gen = 687
 gen = 688
 gen = 689
 gen = 690
 gen = 691
 gen = 692
 gen = 693
 gen = 694
 gen = 695
 gen = 696
 gen = 697
 gen = 698
 gen = 699
 gen = 700
 gen = 701
 gen = 702
 gen = 703
 gen = 704
 gen = 705
 gen = 706
 gen = 707
 gen = 708
 gen = 709
 gen = 710
 gen = 711
 gen = 712
 gen = 713
 gen = 714
 gen = 715
 gen = 716
 gen = 717
 gen = 718
 gen = 719
 gen = 720
 gen = 721
 gen = 722
 gen = 723
 gen = 724
 gen = 725
 gen = 726
 gen = 727
 gen = 728
 gen = 729
 gen = 730
 gen = 731
 gen = 732
 gen = 733
 gen = 734
 gen = 735
 gen = 736
 gen = 737
 gen = 738
 gen = 739
 gen = 740
 gen = 741
 gen = 742
 gen = 743
 gen = 744
 gen = 745
 gen = 746
 gen = 747
 gen = 748
 gen = 749
 gen = 750
 gen = 751
 gen = 752
 gen = 753
 gen = 754
 gen = 755
 gen = 756
 gen = 757
 gen = 758
 gen = 759
 gen = 760
 gen = 761
 gen = 762
 gen = 763
 gen = 764
 gen = 765
 gen = 766
 gen = 767
 gen = 768
 gen = 769
 gen = 770
 gen = 771
 gen = 772
 gen = 773
 gen = 774
 gen = 775
 gen = 776
 gen = 777
 gen = 778
 gen = 779
 gen = 780
 gen = 781
 gen = 782
 gen = 783
 gen = 784
 gen = 785
 gen = 786
 gen = 787
 gen = 788
 gen = 789
 gen = 790
 gen = 791
 gen = 792
 gen = 793
 gen = 794
 gen = 795
 gen = 796
 gen = 797
 gen = 798
 gen = 799
 gen = 800
 gen = 801
 gen = 802
 gen = 803
 gen = 804
 gen = 805
 gen = 806
 gen = 807
 gen = 808
 gen = 809
 gen = 810
 gen = 811
 gen = 812
 gen = 813
 gen = 814
 gen = 815
 gen = 816
 gen = 817
 gen = 818
 gen = 819
 gen = 820
 gen = 821
 gen = 822
 gen = 823
 gen = 824
 gen = 825
 gen = 826
 gen = 827
 gen = 828
 gen = 829
 gen = 830
 gen = 831
 gen = 832
 gen = 833
 gen = 834
 gen = 835
 gen = 836
 gen = 837
 gen = 838
 gen = 839
 gen = 840
 gen = 841
 gen = 842
 gen = 843
 gen = 844
 gen = 845
 gen = 846
 gen = 847
 gen = 848
 gen = 849
 gen = 850
 gen = 851
 gen = 852
 gen = 853
 gen = 854
 gen = 855
 gen = 856
 gen = 857
 gen = 858
 gen = 859
 gen = 860
 gen = 861
 gen = 862
 gen = 863
 gen = 864
 gen = 865
 gen = 866
 gen = 867
 gen = 868
 gen = 869
 gen = 870
 gen = 871
 gen = 872
 gen = 873
 gen = 874
 gen = 875
 gen = 876
 gen = 877
 gen = 878
 gen = 879
 gen = 880
 gen = 881
 gen = 882
 gen = 883
 gen = 884
 gen = 885
 gen = 886
 gen = 887
 gen = 888
 gen = 889
 gen = 890
 gen = 891
 gen = 892
 gen = 893
 gen = 894
 gen = 895
 gen = 896
 gen = 897
 gen = 898
 gen = 899
 gen = 900
 gen = 901
 gen = 902
 gen = 903
 gen = 904
 gen = 905
 gen = 906
 gen = 907
 gen = 908
 gen = 909
 gen = 910
 gen = 911
 gen = 912
 gen = 913
 gen = 914
 gen = 915
 gen = 916
 gen = 917
 gen = 918
 gen = 919
 gen = 920
 gen = 921
 gen = 922
 gen = 923
 gen = 924
 gen = 925
 gen = 926
 gen = 927
 gen = 928
 gen = 929
 gen = 930
 gen = 931
 gen = 932
 gen = 933
 gen = 934
 gen = 935
 gen = 936
 gen = 937
 gen = 938
 gen = 939
 gen = 940
 gen = 941
 gen = 942
 gen = 943
 gen = 944
 gen = 945
 gen = 946
 gen = 947
 gen = 948
 gen = 949
 gen = 950
 gen = 951
 gen = 952
 gen = 953
 gen = 954
 gen = 955
 gen = 956
 gen = 957
 gen = 958
 gen = 959
 gen = 960
 gen = 961
 gen = 962
 gen = 963
 gen = 964
 gen = 965
 gen = 966
 gen = 967
 gen = 968
 gen = 969
 gen = 970
 gen = 971
 gen = 972
 gen = 973
 gen = 974
 gen = 975
 gen = 976
 gen = 977
 gen = 978
 gen = 979
 gen = 980
 gen = 981
 gen = 982
 gen = 983
 gen = 984
 gen = 985
 gen = 986
 gen = 987
 gen = 988
 gen = 989
 gen = 990
 gen = 991
 gen = 992
 gen = 993
 gen = 994
 gen = 995
 gen = 996
 gen = 997
 gen = 998
 gen = 999
 gen = 1000
 gen = 1001
 gen = 1002
 gen = 1003
 gen = 1004
 gen = 1005
 gen = 1006
 gen = 1007
 gen = 1008
 gen = 1009
 gen = 1010
 gen = 1011
 gen = 1012
 gen = 1013
 gen = 1014
 gen = 1015
 gen = 1016
 gen = 1017
 gen = 1018
 gen = 1019
 gen = 1020
 gen = 1021
 gen = 1022
 gen = 1023
 gen = 1024
 gen = 1025
 gen = 1026
 gen = 1027
 gen = 1028
 gen = 1029
 gen = 1030
 gen = 1031
 gen = 1032
 gen = 1033
 gen = 1034
 gen = 1035
 gen = 1036
 gen = 1037
 gen = 1038
 gen = 1039
 gen = 1040
 gen = 1041
 gen = 1042
 gen = 1043
 gen = 1044
 gen = 1045
 gen = 1046
 gen = 1047
 gen = 1048
 gen = 1049
 gen = 1050
 gen = 1051
 gen = 1052
 gen = 1053
 gen = 1054
 gen = 1055
 gen = 1056
 gen = 1057
 gen = 1058
 gen = 1059
 gen = 1060
 gen = 1061
 gen = 1062
 gen = 1063
 gen = 1064
 gen = 1065
 gen = 1066
 gen = 1067
 gen = 1068
 gen = 1069
 gen = 1070
 gen = 1071
 gen = 1072
 gen = 1073
 gen = 1074
 gen = 1075
 gen = 1076
 gen = 1077
 gen = 1078
 gen = 1079
 gen = 1080
 gen = 1081
 gen = 1082
 gen = 1083
 gen = 1084
 gen = 1085
 gen = 1086
 gen = 1087
 gen = 1088
 gen = 1089
 gen = 1090
 gen = 1091
 gen = 1092
 gen = 1093
 gen = 1094
 gen = 1095
 gen = 1096
 gen = 1097
 gen = 1098
 gen = 1099
 gen = 1100
 gen = 1101
 gen = 1102
 gen = 1103
 gen = 1104
 gen = 1105
 gen = 1106
 gen = 1107
 gen = 1108
 gen = 1109
 gen = 1110
 gen = 1111
 gen = 1112
 gen = 1113
 gen = 1114
 gen = 1115
 gen = 1116
 gen = 1117
 gen = 1118
 gen = 1119
 gen = 1120
 gen = 1121
 gen = 1122
 gen = 1123
 gen = 1124
 gen = 1125
 gen = 1126
 gen = 1127
 gen = 1128
 gen = 1129
 gen = 1130
 gen = 1131
 gen = 1132
 gen = 1133
 gen = 1134
 gen = 1135
 gen = 1136
 gen = 1137
 gen = 1138
 gen = 1139
 gen = 1140
 gen = 1141
 gen = 1142
 gen = 1143
 gen = 1144
 gen = 1145
 gen = 1146
 gen = 1147
 gen = 1148
 gen = 1149
 gen = 1150
 gen = 1151
 gen = 1152
 gen = 1153
 gen = 1154
 gen = 1155
 gen = 1156
 gen = 1157
 gen = 1158
 gen = 1159
 gen = 1160
 gen = 1161
 gen = 1162
 gen = 1163
 gen = 1164
 gen = 1165
 gen = 1166
 gen = 1167
 gen = 1168
 gen = 1169
 gen = 1170
 gen = 1171
 gen = 1172
 gen = 1173
 gen = 1174
 gen = 1175
 gen = 1176
 gen = 1177
 gen = 1178
 gen = 1179
 gen = 1180
 gen = 1181
 gen = 1182
 gen = 1183
 gen = 1184
 gen = 1185
 gen = 1186
 gen = 1187
 gen = 1188
 gen = 1189
 gen = 1190
 gen = 1191
 gen = 1192
 gen = 1193
 gen = 1194
 gen = 1195
 gen = 1196
 gen = 1197
 gen = 1198
 gen = 1199
 gen = 1200
 gen = 1201
 gen = 1202
 gen = 1203
 gen = 1204
 gen = 1205
 gen = 1206
 gen = 1207
 gen = 1208
 gen = 1209
 gen = 1210
 gen = 1211
 gen = 1212
 gen = 1213
 gen = 1214
 gen = 1215
 gen = 1216
 gen = 1217
 gen = 1218
 gen = 1219
 gen = 1220
 gen = 1221
 gen = 1222
 gen = 1223
 gen = 1224
 gen = 1225
 gen = 1226
 gen = 1227
 gen = 1228
 gen = 1229
 gen = 1230
 gen = 1231
 gen = 1232
 gen = 1233
 gen = 1234
 gen = 1235
 gen = 1236
 gen = 1237
 gen = 1238
 gen = 1239
 gen = 1240
 gen = 1241
 gen = 1242
 gen = 1243
 gen = 1244
 gen = 1245
 gen = 1246
 gen = 1247
 gen = 1248
 gen = 1249
 gen = 1250
 gen = 1251
 gen = 1252
 gen = 1253
 gen = 1254
 gen = 1255
 gen = 1256
 gen = 1257
 gen = 1258
 gen = 1259
 gen = 1260
 gen = 1261
 gen = 1262
 gen = 1263
 gen = 1264
 gen = 1265
 gen = 1266
 gen = 1267
 gen = 1268
 gen = 1269
 gen = 1270
 gen = 1271
 gen = 1272
 gen = 1273
 gen = 1274
 gen = 1275
 gen = 1276
 gen = 1277
 gen = 1278
 gen = 1279
 gen = 1280
 gen = 1281
 gen = 1282
 gen = 1283
 gen = 1284
 gen = 1285
 gen = 1286
 gen = 1287
 gen = 1288
 gen = 1289
 gen = 1290
 gen = 1291
 gen = 1292
 gen = 1293
 gen = 1294
 gen = 1295
 gen = 1296
 gen = 1297
 gen = 1298
 gen = 1299
 gen = 1300
 gen = 1301
 gen = 1302
 gen = 1303
 gen = 1304
 gen = 1305
 gen = 1306
 gen = 1307
 gen = 1308
 gen = 1309
 gen = 1310
 gen = 1311
 gen = 1312
 gen = 1313
 gen = 1314
 gen = 1315
 gen = 1316
 gen = 1317
 gen = 1318
 gen = 1319
 gen = 1320
 gen = 1321
 gen = 1322
 gen = 1323
 gen = 1324
 gen = 1325
 gen = 1326
 gen = 1327
 gen = 1328
 gen = 1329
 gen = 1330
 gen = 1331
 gen = 1332
 gen = 1333
 gen = 1334
 gen = 1335
 gen = 1336
 gen = 1337
 gen = 1338
 gen = 1339
 gen = 1340
 gen = 1341
 gen = 1342
 gen = 1343
 gen = 1344
 gen = 1345
 gen = 1346
 gen = 1347
 gen = 1348
 gen = 1349
 gen = 1350
 gen = 1351
 gen = 1352
 gen = 1353
 gen = 1354
 gen = 1355
 gen = 1356
 gen = 1357
 gen = 1358
 gen = 1359
 gen = 1360
 gen = 1361
 gen = 1362
 gen = 1363
 gen = 1364
 gen = 1365
 gen = 1366
 gen = 1367
 gen = 1368
 gen = 1369
 gen = 1370
 gen = 1371
 gen = 1372
 gen = 1373
 gen = 1374
 gen = 1375
 gen = 1376
 gen = 1377
 gen = 1378
 gen = 1379
 gen = 1380
 gen = 1381
 gen = 1382
 gen = 1383
 gen = 1384
 gen = 1385
 gen = 1386
 gen = 1387
 gen = 1388
 gen = 1389
 gen = 1390
 gen = 1391
 gen = 1392
 gen = 1393
 gen = 1394
 gen = 1395
 gen = 1396
 gen = 1397
 gen = 1398
 gen = 1399
 gen = 1400
 gen = 1401
 gen = 1402
 gen = 1403
 gen = 1404
 gen = 1405
 gen = 1406
 gen = 1407
 gen = 1408
 gen = 1409
 gen = 1410
 gen = 1411
 gen = 1412
 gen = 1413
 gen = 1414
 gen = 1415
 gen = 1416
 gen = 1417
 gen = 1418
 gen = 1419
 gen = 1420
 gen = 1421
 gen = 1422
 gen = 1423
 gen = 1424
 gen = 1425
 gen = 1426
 gen = 1427
 gen = 1428
 gen = 1429
 gen = 1430
 gen = 1431
 gen = 1432
 gen = 1433
 gen = 1434
 gen = 1435
 gen = 1436
 gen = 1437
 gen = 1438
 gen = 1439
 gen = 1440
 gen = 1441
 gen = 1442
 gen = 1443
 gen = 1444
 gen = 1445
 gen = 1446
 gen = 1447
 gen = 1448
 gen = 1449
 gen = 1450
 gen = 1451
 gen = 1452
 gen = 1453
 gen = 1454
 gen = 1455
 gen = 1456
 gen = 1457
 gen = 1458
 gen = 1459
 gen = 1460
 gen = 1461
 gen = 1462
 gen = 1463
 gen = 1464
 gen = 1465
 gen = 1466
 gen = 1467
 gen = 1468
 gen = 1469
 gen = 1470
 gen = 1471
 gen = 1472
 gen = 1473
 gen = 1474
 gen = 1475
 gen = 1476
 gen = 1477
 gen = 1478
 gen = 1479
 gen = 1480
 gen = 1481
 gen = 1482
 gen = 1483
 gen = 1484
 gen = 1485
 gen = 1486
 gen = 1487
 gen = 1488
 gen = 1489
 gen = 1490
 gen = 1491
 gen = 1492
 gen = 1493
 gen = 1494
 gen = 1495
 gen = 1496
 gen = 1497
 gen = 1498
 gen = 1499
 gen = 1500
 gen = 1501
 gen = 1502
 gen = 1503
 gen = 1504
 gen = 1505
 gen = 1506
 gen = 1507
 gen = 1508
 gen = 1509
 gen = 1510
 gen = 1511
 gen = 1512
 gen = 1513
 gen = 1514
 gen = 1515
 gen = 1516
 gen = 1517
 gen = 1518
 gen = 1519
 gen = 1520
 gen = 1521
 gen = 1522
 gen = 1523
 gen = 1524
 gen = 1525
 gen = 1526
 gen = 1527
 gen = 1528
 gen = 1529
 gen = 1530
 gen = 1531
 gen = 1532
 gen = 1533
 gen = 1534
 gen = 1535
 gen = 1536
 gen = 1537
 gen = 1538
 gen = 1539
 gen = 1540
 gen = 1541
 gen = 1542
 gen = 1543
 gen = 1544
 gen = 1545
 gen = 1546
 gen = 1547
 gen = 1548
 gen = 1549
 gen = 1550
 gen = 1551
 gen = 1552
 gen = 1553
 gen = 1554
 gen = 1555
 gen = 1556
 gen = 1557
 gen = 1558
 gen = 1559
 gen = 1560
 gen = 1561
 gen = 1562
 gen = 1563
 gen = 1564
 gen = 1565
 gen = 1566
 gen = 1567
 gen = 1568
 gen = 1569
 gen = 1570
 gen = 1571
 gen = 1572
 gen = 1573
 gen = 1574
 gen = 1575
 gen = 1576
 gen = 1577
 gen = 1578
 gen = 1579
 gen = 1580
 gen = 1581
 gen = 1582
 gen = 1583
 gen = 1584
 gen = 1585
 gen = 1586
 gen = 1587
 gen = 1588
 gen = 1589
 gen = 1590
 gen = 1591
 gen = 1592
 gen = 1593
 gen = 1594
 gen = 1595
 gen = 1596
 gen = 1597
 gen = 1598
 gen = 1599
 gen = 1600
 gen = 1601
 gen = 1602
 gen = 1603
 gen = 1604
 gen = 1605
 gen = 1606
 gen = 1607
 gen = 1608
 gen = 1609
 gen = 1610
 gen = 1611
 gen = 1612
 gen = 1613
 gen = 1614
 gen = 1615
 gen = 1616
 gen = 1617
 gen = 1618
 gen = 1619
 gen = 1620
 gen = 1621
 gen = 1622
 gen = 1623
 gen = 1624
 gen = 1625
 gen = 1626
 gen = 1627
 gen = 1628
 gen = 1629
 gen = 1630
 gen = 1631
 gen = 1632
 gen = 1633
 gen = 1634
 gen = 1635
 gen = 1636
 gen = 1637
 gen = 1638
 gen = 1639
 gen = 1640
 gen = 1641
 gen = 1642
 gen = 1643
 gen = 1644
 gen = 1645
 gen = 1646
 gen = 1647
 gen = 1648
 gen = 1649
 gen = 1650
 gen = 1651
 gen = 1652
 gen = 1653
 gen = 1654
 gen = 1655
 gen = 1656
 gen = 1657
 gen = 1658
 gen = 1659
 gen = 1660
 gen = 1661
 gen = 1662
 gen = 1663
 gen = 1664
 gen = 1665
 gen = 1666
 gen = 1667
 gen = 1668
 gen = 1669
 gen = 1670
 gen = 1671
 gen = 1672
 gen = 1673
 gen = 1674
 gen = 1675
 gen = 1676
 gen = 1677
 gen = 1678
 gen = 1679
 gen = 1680
 gen = 1681
 gen = 1682
 gen = 1683
 gen = 1684
 gen = 1685
 gen = 1686
 gen = 1687
 gen = 1688
 gen = 1689
 gen = 1690
 gen = 1691
 gen = 1692
 gen = 1693
 gen = 1694
 gen = 1695
 gen = 1696
 gen = 1697
 gen = 1698
 gen = 1699
 gen = 1700
 gen = 1701
 gen = 1702
 gen = 1703
 gen = 1704
 gen = 1705
 gen = 1706
 gen = 1707
 gen = 1708
 gen = 1709
 gen = 1710
 gen = 1711
 gen = 1712
 gen = 1713
 gen = 1714
 gen = 1715
 gen = 1716
 gen = 1717
 gen = 1718
 gen = 1719
 gen = 1720
 gen = 1721
 gen = 1722
 gen = 1723
 gen = 1724
 gen = 1725
 gen = 1726
 gen = 1727
 gen = 1728
 gen = 1729
 gen = 1730
 gen = 1731
 gen = 1732
 gen = 1733
 gen = 1734
 gen = 1735
 gen = 1736
 gen = 1737
 gen = 1738
 gen = 1739
 gen = 1740
 gen = 1741
 gen = 1742
 gen = 1743
 gen = 1744
 gen = 1745
 gen = 1746
 gen = 1747
 gen = 1748
 gen = 1749
 gen = 1750
 gen = 1751
 gen = 1752
 gen = 1753
 gen = 1754
 gen = 1755
 gen = 1756
 gen = 1757
 gen = 1758
 gen = 1759
 gen = 1760
 gen = 1761
 gen = 1762
 gen = 1763
 gen = 1764
 gen = 1765
 gen = 1766
 gen = 1767
 gen = 1768
 gen = 1769
 gen = 1770
 gen = 1771
 gen = 1772
 gen = 1773
 gen = 1774
 gen = 1775
 gen = 1776
 gen = 1777
 gen = 1778
 gen = 1779
 gen = 1780
 gen = 1781
 gen = 1782
 gen = 1783
 gen = 1784
 gen = 1785
 gen = 1786
 gen = 1787
 gen = 1788
 gen = 1789
 gen = 1790
 gen = 1791
 gen = 1792
 gen = 1793
 gen = 1794
 gen = 1795
 gen = 1796
 gen = 1797
 gen = 1798
 gen = 1799
 gen = 1800
 gen = 1801
 gen = 1802
 gen = 1803
 gen = 1804
 gen = 1805
 gen = 1806
 gen = 1807
 gen = 1808
 gen = 1809
 gen = 1810
 gen = 1811
 gen = 1812
 gen = 1813
 gen = 1814
 gen = 1815
 gen = 1816
 gen = 1817
 gen = 1818
 gen = 1819
 gen = 1820
 gen = 1821
 gen = 1822
 gen = 1823
 gen = 1824
 gen = 1825
 gen = 1826
 gen = 1827
 gen = 1828
 gen = 1829
 gen = 1830
 gen = 1831
 gen = 1832
 gen = 1833
 gen = 1834
 gen = 1835
 gen = 1836
 gen = 1837
 gen = 1838
 gen = 1839
 gen = 1840
 gen = 1841
 gen = 1842
 gen = 1843
 gen = 1844
 gen = 1845
 gen = 1846
 gen = 1847
 gen = 1848
 gen = 1849
 gen = 1850
 gen = 1851
 gen = 1852
 gen = 1853
 gen = 1854
 gen = 1855
 gen = 1856
 gen = 1857
 gen = 1858
 gen = 1859
 gen = 1860
 gen = 1861
 gen = 1862
 gen = 1863
 gen = 1864
 gen = 1865
 gen = 1866
 gen = 1867
 gen = 1868
 gen = 1869
 gen = 1870
 gen = 1871
 gen = 1872
 gen = 1873
 gen = 1874
 gen = 1875
 gen = 1876
 gen = 1877
 gen = 1878
 gen = 1879
 gen = 1880
 gen = 1881
 gen = 1882
 gen = 1883
 gen = 1884
 gen = 1885
 gen = 1886
 gen = 1887
 gen = 1888
 gen = 1889
 gen = 1890
 gen = 1891
 gen = 1892
 gen = 1893
 gen = 1894
 gen = 1895
 gen = 1896
 gen = 1897
 gen = 1898
 gen = 1899
 gen = 1900
 gen = 1901
 gen = 1902
 gen = 1903
 gen = 1904
 gen = 1905
 gen = 1906
 gen = 1907
 gen = 1908
 gen = 1909
 gen = 1910
 gen = 1911
 gen = 1912
 gen = 1913
 gen = 1914
 gen = 1915
 gen = 1916
 gen = 1917
 gen = 1918
 gen = 1919
 gen = 1920
 gen = 1921
 gen = 1922
 gen = 1923
 gen = 1924
 gen = 1925
 gen = 1926
 gen = 1927
 gen = 1928
 gen = 1929
 gen = 1930
 gen = 1931
 gen = 1932
 gen = 1933
 gen = 1934
 gen = 1935
 gen = 1936
 gen = 1937
 gen = 1938
 gen = 1939
 gen = 1940
 gen = 1941
 gen = 1942
 gen = 1943
 gen = 1944
 gen = 1945
 gen = 1946
 gen = 1947
 gen = 1948
 gen = 1949
 gen = 1950
 gen = 1951
 gen = 1952
 gen = 1953
 gen = 1954
 gen = 1955
 gen = 1956
 gen = 1957
 gen = 1958
 gen = 1959
 gen = 1960
 gen = 1961
 gen = 1962
 gen = 1963
 gen = 1964
 gen = 1965
 gen = 1966
 gen = 1967
 gen = 1968
 gen = 1969
 gen = 1970
 gen = 1971
 gen = 1972
 gen = 1973
 gen = 1974
 gen = 1975
 gen = 1976
 gen = 1977
 gen = 1978
 gen = 1979
 gen = 1980
 gen = 1981
 gen = 1982
 gen = 1983
 gen = 1984
 gen = 1985
 gen = 1986
 gen = 1987
 gen = 1988
 gen = 1989
 gen = 1990
 gen = 1991
 gen = 1992
 gen = 1993
 gen = 1994
 gen = 1995
 gen = 1996
 gen = 1997
 gen = 1998
 gen = 1999
 gen = 2000
 gen = 2001
 gen = 2002
 gen = 2003
 gen = 2004
 gen = 2005
 gen = 2006
 gen = 2007
 gen = 2008
 gen = 2009
 gen = 2010
 gen = 2011
 gen = 2012
 gen = 2013
 gen = 2014
 gen = 2015
 gen = 2016
 gen = 2017
 gen = 2018
 gen = 2019
 gen = 2020
 gen = 2021
 gen = 2022
 gen = 2023
 gen = 2024
 gen = 2025
 gen = 2026
 gen = 2027
 gen = 2028
 gen = 2029
 gen = 2030
 gen = 2031
 gen = 2032
 gen = 2033
 gen = 2034
 gen = 2035
 gen = 2036
 gen = 2037
 gen = 2038
 gen = 2039
 gen = 2040
 gen = 2041
 gen = 2042
 gen = 2043
 gen = 2044
 gen = 2045
 gen = 2046
 gen = 2047
 gen = 2048
 gen = 2049
 gen = 2050
 gen = 2051
 gen = 2052
 gen = 2053
 gen = 2054
 gen = 2055
 gen = 2056
 gen = 2057
 gen = 2058
 gen = 2059
 gen = 2060
 gen = 2061
 gen = 2062
 gen = 2063
 gen = 2064
 gen = 2065
 gen = 2066
 gen = 2067
 gen = 2068
 gen = 2069
 gen = 2070
 gen = 2071
 gen = 2072
 gen = 2073
 gen = 2074
 gen = 2075
 gen = 2076
 gen = 2077
 gen = 2078
 gen = 2079
 gen = 2080
 gen = 2081
 gen = 2082
 gen = 2083
 gen = 2084
 gen = 2085
 gen = 2086
 gen = 2087
 gen = 2088
 gen = 2089
 gen = 2090
 gen = 2091
 gen = 2092
 gen = 2093
 gen = 2094
 gen = 2095
 gen = 2096
 gen = 2097
 gen = 2098
 gen = 2099
 gen = 2100
 gen = 2101
 gen = 2102
 gen = 2103
 gen = 2104
 gen = 2105
 gen = 2106
 gen = 2107
 gen = 2108
 gen = 2109
 gen = 2110
 gen = 2111
 gen = 2112
 gen = 2113
 gen = 2114
 gen = 2115
 gen = 2116
 gen = 2117
 gen = 2118
 gen = 2119
 gen = 2120
 gen = 2121
 gen = 2122
 gen = 2123
 gen = 2124
 gen = 2125
 gen = 2126
 gen = 2127
 gen = 2128
 gen = 2129
 gen = 2130
 gen = 2131
 gen = 2132
 gen = 2133
 gen = 2134
 gen = 2135
 gen = 2136
 gen = 2137
 gen = 2138
 gen = 2139
 gen = 2140
 gen = 2141
 gen = 2142
 gen = 2143
 gen = 2144
 gen = 2145
 gen = 2146
 gen = 2147
 gen = 2148
 gen = 2149
 gen = 2150
 gen = 2151
 gen = 2152
 gen = 2153
 gen = 2154
 gen = 2155
 gen = 2156
 gen = 2157
 gen = 2158
 gen = 2159
 gen = 2160
 gen = 2161
 gen = 2162
 gen = 2163
 gen = 2164
 gen = 2165
 gen = 2166
 gen = 2167
 gen = 2168
 gen = 2169
 gen = 2170
 gen = 2171
 gen = 2172
 gen = 2173
 gen = 2174
 gen = 2175
 gen = 2176
 gen = 2177
 gen = 2178
 gen = 2179
 gen = 2180
 gen = 2181
 gen = 2182
 gen = 2183
 gen = 2184
 gen = 2185
 gen = 2186
 gen = 2187
 gen = 2188
 gen = 2189
 gen = 2190
 gen = 2191
 gen = 2192
 gen = 2193
 gen = 2194
 gen = 2195
 gen = 2196
 gen = 2197
 gen = 2198
 gen = 2199
 gen = 2200
 gen = 2201
 gen = 2202
 gen = 2203
 gen = 2204
 gen = 2205
 gen = 2206
 gen = 2207
 gen = 2208
 gen = 2209
 gen = 2210
 gen = 2211
 gen = 2212
 gen = 2213
 gen = 2214
 gen = 2215
 gen = 2216
 gen = 2217
 gen = 2218
 gen = 2219
 gen = 2220
 gen = 2221
 gen = 2222
 gen = 2223
 gen = 2224
 gen = 2225
 gen = 2226
 gen = 2227
 gen = 2228
 gen = 2229
 gen = 2230
 gen = 2231
 gen = 2232
 gen = 2233
 gen = 2234
 gen = 2235
 gen = 2236
 gen = 2237
 gen = 2238
 gen = 2239
 gen = 2240
 gen = 2241
 gen = 2242
 gen = 2243
 gen = 2244
 gen = 2245
 gen = 2246
 gen = 2247
 gen = 2248
 gen = 2249
 gen = 2250
 gen = 2251
 gen = 2252
 gen = 2253
 gen = 2254
 gen = 2255
 gen = 2256
 gen = 2257
 gen = 2258
 gen = 2259
 gen = 2260
 gen = 2261
 gen = 2262
 gen = 2263
 gen = 2264
 gen = 2265
 gen = 2266
 gen = 2267
 gen = 2268
 gen = 2269
 gen = 2270
 gen = 2271
 gen = 2272
 gen = 2273
 gen = 2274
 gen = 2275
 gen = 2276
 gen = 2277
 gen = 2278
 gen = 2279
 gen = 2280
 gen = 2281
 gen = 2282
 gen = 2283
 gen = 2284
 gen = 2285
 gen = 2286
 gen = 2287
 gen = 2288
 gen = 2289
 gen = 2290
 gen = 2291
 gen = 2292
 gen = 2293
 gen = 2294
 gen = 2295
 gen = 2296
 gen = 2297
 gen = 2298
 gen = 2299
 gen = 2300
 gen = 2301
 gen = 2302
 gen = 2303
 gen = 2304
 gen = 2305
 gen = 2306
 gen = 2307
 gen = 2308
 gen = 2309
 gen = 2310
 gen = 2311
 gen = 2312
 gen = 2313
 gen = 2314
 gen = 2315
 gen = 2316
 gen = 2317
 gen = 2318
 gen = 2319
 gen = 2320
 gen = 2321
 gen = 2322
 gen = 2323
 gen = 2324
 gen = 2325
 gen = 2326
 gen = 2327
 gen = 2328
 gen = 2329
 gen = 2330
 gen = 2331
 gen = 2332
 gen = 2333
 gen = 2334
 gen = 2335
 gen = 2336
 gen = 2337
 gen = 2338
 gen = 2339
 gen = 2340
 gen = 2341
 gen = 2342
 gen = 2343
 gen = 2344
 gen = 2345
 gen = 2346
 gen = 2347
 gen = 2348
 gen = 2349
 gen = 2350
 gen = 2351
 gen = 2352
 gen = 2353
 gen = 2354
 gen = 2355
 gen = 2356
 gen = 2357
 gen = 2358
 gen = 2359
 gen = 2360
 gen = 2361
 gen = 2362
 gen = 2363
 gen = 2364
 gen = 2365
 gen = 2366
 gen = 2367
 gen = 2368
 gen = 2369
 gen = 2370
 gen = 2371
 gen = 2372
 gen = 2373
 gen = 2374
 gen = 2375
 gen = 2376
 gen = 2377
 gen = 2378
 gen = 2379
 gen = 2380
 gen = 2381
 gen = 2382
 gen = 2383
 gen = 2384
 gen = 2385
 gen = 2386
 gen = 2387
 gen = 2388
 gen = 2389
 gen = 2390
 gen = 2391
 gen = 2392
 gen = 2393
 gen = 2394
 gen = 2395
 gen = 2396
 gen = 2397
 gen = 2398
 gen = 2399
 gen = 2400
 gen = 2401
 gen = 2402
 gen = 2403
 gen = 2404
 gen = 2405
 gen = 2406
 gen = 2407
 gen = 2408
 gen = 2409
 gen = 2410
 gen = 2411
 gen = 2412
 gen = 2413
 gen = 2414
 gen = 2415
 gen = 2416
 gen = 2417
 gen = 2418
 gen = 2419
 gen = 2420
 gen = 2421
 gen = 2422
 gen = 2423
 gen = 2424
 gen = 2425
 gen = 2426
 gen = 2427
 gen = 2428
 gen = 2429
 gen = 2430
 gen = 2431
 gen = 2432
 gen = 2433
 gen = 2434
 gen = 2435
 gen = 2436
 gen = 2437
 gen = 2438
 gen = 2439
 gen = 2440
 gen = 2441
 gen = 2442
 gen = 2443
 gen = 2444
 gen = 2445
 gen = 2446
 gen = 2447
 gen = 2448
 gen = 2449
 gen = 2450
 gen = 2451
 gen = 2452
 gen = 2453
 gen = 2454
 gen = 2455
 gen = 2456
 gen = 2457
 gen = 2458
 gen = 2459
 gen = 2460
 gen = 2461
 gen = 2462
 gen = 2463
 gen = 2464
 gen = 2465
 gen = 2466
 gen = 2467
 gen = 2468
 gen = 2469
 gen = 2470
 gen = 2471
 gen = 2472
 gen = 2473
 gen = 2474
 gen = 2475
 gen = 2476
 gen = 2477
 gen = 2478
 gen = 2479
 gen = 2480
 gen = 2481
 gen = 2482
 gen = 2483
 gen = 2484
 gen = 2485
 gen = 2486
 gen = 2487
 gen = 2488
 gen = 2489
 gen = 2490
 gen = 2491
 gen = 2492
 gen = 2493
 gen = 2494
 gen = 2495
 gen = 2496
 gen = 2497
 gen = 2498
 gen = 2499
 gen = 2500
 gen = 2501
 gen = 2502
 gen = 2503
 gen = 2504
 gen = 2505
 gen = 2506
 gen = 2507
 gen = 2508
 gen = 2509
 gen = 2510
 gen = 2511
 gen = 2512
 gen = 2513
 gen = 2514
 gen = 2515
 gen = 2516
 gen = 2517
 gen = 2518
 gen = 2519
 gen = 2520
 gen = 2521
 gen = 2522
 gen = 2523
 gen = 2524
 gen = 2525
 gen = 2526
 gen = 2527
 gen = 2528
 gen = 2529
 gen = 2530
 gen = 2531
 gen = 2532
 gen = 2533
 gen = 2534
 gen = 2535
 gen = 2536
 gen = 2537
 gen = 2538
 gen = 2539
 gen = 2540
 gen = 2541
 gen = 2542
 gen = 2543
 gen = 2544
 gen = 2545
 gen = 2546
 gen = 2547
 gen = 2548
 gen = 2549
 gen = 2550
 gen = 2551
 gen = 2552
 gen = 2553
 gen = 2554
 gen = 2555
 gen = 2556
 gen = 2557
 gen = 2558
 gen = 2559
 gen = 2560
 gen = 2561
 gen = 2562
 gen = 2563
 gen = 2564
 gen = 2565
 gen = 2566
 gen = 2567
 gen = 2568
 gen = 2569
 gen = 2570
 gen = 2571
 gen = 2572
 gen = 2573
 gen = 2574
 gen = 2575
 gen = 2576
 gen = 2577
 gen = 2578
 gen = 2579
 gen = 2580
 gen = 2581
 gen = 2582
 gen = 2583
 gen = 2584
 gen = 2585
 gen = 2586
 gen = 2587
 gen = 2588
 gen = 2589
 gen = 2590
 gen = 2591
 gen = 2592
 gen = 2593
 gen = 2594
 gen = 2595
 gen = 2596
 gen = 2597
 gen = 2598
 gen = 2599
 gen = 2600
 gen = 2601
 gen = 2602
 gen = 2603
 gen = 2604
 gen = 2605
 gen = 2606
 gen = 2607
 gen = 2608
 gen = 2609
 gen = 2610
 gen = 2611
 gen = 2612
 gen = 2613
 gen = 2614
 gen = 2615
 gen = 2616
 gen = 2617
 gen = 2618
 gen = 2619
 gen = 2620
 gen = 2621
 gen = 2622
 gen = 2623
 gen = 2624
 gen = 2625
 gen = 2626
 gen = 2627
 gen = 2628
 gen = 2629
 gen = 2630
 gen = 2631
 gen = 2632
 gen = 2633
 gen = 2634
 gen = 2635
 gen = 2636
 gen = 2637
 gen = 2638
 gen = 2639
 gen = 2640
 gen = 2641
 gen = 2642
 gen = 2643
 gen = 2644
 gen = 2645
 gen = 2646
 gen = 2647
 gen = 2648
 gen = 2649
 gen = 2650
 gen = 2651
 gen = 2652
 gen = 2653
 gen = 2654
 gen = 2655
 gen = 2656
 gen = 2657
 gen = 2658
 gen = 2659
 gen = 2660
 gen = 2661
 gen = 2662
 gen = 2663
 gen = 2664
 gen = 2665
 gen = 2666
 gen = 2667
 gen = 2668
 gen = 2669
 gen = 2670
 gen = 2671
 gen = 2672
 gen = 2673
 gen = 2674
 gen = 2675
 gen = 2676
 gen = 2677
 gen = 2678
 gen = 2679
 gen = 2680
 gen = 2681
 gen = 2682
 gen = 2683
 gen = 2684
 gen = 2685
 gen = 2686
 gen = 2687
 gen = 2688
 gen = 2689
 gen = 2690
 gen = 2691
 gen = 2692
 gen = 2693
 gen = 2694
 gen = 2695
 gen = 2696
 gen = 2697
 gen = 2698
 gen = 2699
 gen = 2700
 gen = 2701
 gen = 2702
 gen = 2703
 gen = 2704
 gen = 2705
 gen = 2706
 gen = 2707
 gen = 2708
 gen = 2709
 gen = 2710
 gen = 2711
 gen = 2712
 gen = 2713
 gen = 2714
 gen = 2715
 gen = 2716
 gen = 2717
 gen = 2718
 gen = 2719
 gen = 2720
 gen = 2721
 gen = 2722
 gen = 2723
 gen = 2724
 gen = 2725
 gen = 2726
 gen = 2727
 gen = 2728
 gen = 2729
 gen = 2730
 gen = 2731
 gen = 2732
 gen = 2733
 gen = 2734
 gen = 2735
 gen = 2736
 gen = 2737
 gen = 2738
 gen = 2739
 gen = 2740
 gen = 2741
 gen = 2742
 gen = 2743
 gen = 2744
 gen = 2745
 gen = 2746
 gen = 2747
 gen = 2748
 gen = 2749
 gen = 2750
 gen = 2751
 gen = 2752
 gen = 2753
 gen = 2754
 gen = 2755
 gen = 2756
 gen = 2757
 gen = 2758
 gen = 2759
 gen = 2760
 gen = 2761
 gen = 2762
 gen = 2763
 gen = 2764
 gen = 2765
 gen = 2766
 gen = 2767
 gen = 2768
 gen = 2769
 gen = 2770
 gen = 2771
 gen = 2772
 gen = 2773
 gen = 2774
 gen = 2775
 gen = 2776
 gen = 2777
 gen = 2778
 gen = 2779
 gen = 2780
 gen = 2781
 gen = 2782
 gen = 2783
 gen = 2784
 gen = 2785
 gen = 2786
 gen = 2787
 gen = 2788
 gen = 2789
 gen = 2790
 gen = 2791
 gen = 2792
 gen = 2793
 gen = 2794
 gen = 2795
 gen = 2796
 gen = 2797
 gen = 2798
 gen = 2799
 gen = 2800
 gen = 2801
 gen = 2802
 gen = 2803
 gen = 2804
 gen = 2805
 gen = 2806
 gen = 2807
 gen = 2808
 gen = 2809
 gen = 2810
 gen = 2811
 gen = 2812
 gen = 2813
 gen = 2814
 gen = 2815
 gen = 2816
 gen = 2817
 gen = 2818
 gen = 2819
 gen = 2820
 gen = 2821
 gen = 2822
 gen = 2823
 gen = 2824
 gen = 2825
 gen = 2826
 gen = 2827
 gen = 2828
 gen = 2829
 gen = 2830
 gen = 2831
 gen = 2832
 gen = 2833
 gen = 2834
 gen = 2835
 gen = 2836
 gen = 2837
 gen = 2838
 gen = 2839
 gen = 2840
 gen = 2841
 gen = 2842
 gen = 2843
 gen = 2844
 gen = 2845
 gen = 2846
 gen = 2847
 gen = 2848
 gen = 2849
 gen = 2850
 gen = 2851
 gen = 2852
 gen = 2853
 gen = 2854
 gen = 2855
 gen = 2856
 gen = 2857
 gen = 2858
 gen = 2859
 gen = 2860
 gen = 2861
 gen = 2862
 gen = 2863
 gen = 2864
 gen = 2865
 gen = 2866
 gen = 2867
 gen = 2868
 gen = 2869
 gen = 2870
 gen = 2871
 gen = 2872
 gen = 2873
 gen = 2874
 gen = 2875
 gen = 2876
 gen = 2877
 gen = 2878
 gen = 2879
 gen = 2880
 gen = 2881
 gen = 2882
 gen = 2883
 gen = 2884
 gen = 2885
 gen = 2886
 gen = 2887
 gen = 2888
 gen = 2889
 gen = 2890
 gen = 2891
 gen = 2892
 gen = 2893
 gen = 2894
 gen = 2895
 gen = 2896
 gen = 2897
 gen = 2898
 gen = 2899
 gen = 2900
 gen = 2901
 gen = 2902
 gen = 2903
 gen = 2904
 gen = 2905
 gen = 2906
 gen = 2907
 gen = 2908
 gen = 2909
 gen = 2910
 gen = 2911
 gen = 2912
 gen = 2913
 gen = 2914
 gen = 2915
 gen = 2916
 gen = 2917
 gen = 2918
 gen = 2919
 gen = 2920
 gen = 2921
 gen = 2922
 gen = 2923
 gen = 2924
 gen = 2925
 gen = 2926
 gen = 2927
 gen = 2928
 gen = 2929
 gen = 2930
 gen = 2931
 gen = 2932
 gen = 2933
 gen = 2934
 gen = 2935
 gen = 2936
 gen = 2937
 gen = 2938
 gen = 2939
 gen = 2940
 gen = 2941
 gen = 2942
 gen = 2943
 gen = 2944
 gen = 2945
 gen = 2946
 gen = 2947
 gen = 2948
 gen = 2949
 gen = 2950
 gen = 2951
 gen = 2952
 gen = 2953
 gen = 2954
 gen = 2955
 gen = 2956
 gen = 2957
 gen = 2958
 gen = 2959
 gen = 2960
 gen = 2961
 gen = 2962
 gen = 2963
 gen = 2964
 gen = 2965
 gen = 2966
 gen = 2967
 gen = 2968
 gen = 2969
 gen = 2970
 gen = 2971
 gen = 2972
 gen = 2973
 gen = 2974
 gen = 2975
 gen = 2976
 gen = 2977
 gen = 2978
 gen = 2979
 gen = 2980
 gen = 2981
 gen = 2982
 gen = 2983
 gen = 2984
 gen = 2985
 gen = 2986
 gen = 2987
 gen = 2988
 gen = 2989
 gen = 2990
 gen = 2991
 gen = 2992
 gen = 2993
 gen = 2994
 gen = 2995
 gen = 2996
 gen = 2997
 gen = 2998
 gen = 2999
 gen = 3000
 gen = 3001
 gen = 3002
 gen = 3003
 gen = 3004
 gen = 3005
 gen = 3006
 gen = 3007
 gen = 3008
 gen = 3009
 gen = 3010
 gen = 3011
 gen = 3012
 gen = 3013
 gen = 3014
 gen = 3015
 gen = 3016
 gen = 3017
 gen = 3018
 gen = 3019
 gen = 3020
 gen = 3021
 gen = 3022
 gen = 3023
 gen = 3024
 gen = 3025
 gen = 3026
 gen = 3027
 gen = 3028
 gen = 3029
 gen = 3030
 gen = 3031
 gen = 3032
 gen = 3033
 gen = 3034
 gen = 3035
 gen = 3036
 gen = 3037
 gen = 3038
 gen = 3039
 gen = 3040
 gen = 3041
 gen = 3042
 gen = 3043
 gen = 3044
 gen = 3045
 gen = 3046
 gen = 3047
 gen = 3048
 gen = 3049
 gen = 3050
 gen = 3051
 gen = 3052
 gen = 3053
 gen = 3054
 gen = 3055
 gen = 3056
 gen = 3057
 gen = 3058
 gen = 3059
 gen = 3060
 gen = 3061
 gen = 3062
 gen = 3063
 gen = 3064
 gen = 3065
 gen = 3066
 gen = 3067
 gen = 3068
 gen = 3069
 gen = 3070
 gen = 3071
 gen = 3072
 gen = 3073
 gen = 3074
 gen = 3075
 gen = 3076
 gen = 3077
 gen = 3078
 gen = 3079
 gen = 3080
 gen = 3081
 gen = 3082
 gen = 3083
 gen = 3084
 gen = 3085
 gen = 3086
 gen = 3087
 gen = 3088
 gen = 3089
 gen = 3090
 gen = 3091
 gen = 3092
 gen = 3093
 gen = 3094
 gen = 3095
 gen = 3096
 gen = 3097
 gen = 3098
 gen = 3099
 gen = 3100
 gen = 3101
 gen = 3102
 gen = 3103
 gen = 3104
 gen = 3105
 gen = 3106
 gen = 3107
 gen = 3108
 gen = 3109
 gen = 3110
 gen = 3111
 gen = 3112
 gen = 3113
 gen = 3114
 gen = 3115
 gen = 3116
 gen = 3117
 gen = 3118
 gen = 3119
 gen = 3120
 gen = 3121
 gen = 3122
 gen = 3123
 gen = 3124
 gen = 3125
 gen = 3126
 gen = 3127
 gen = 3128
 gen = 3129
 gen = 3130
 gen = 3131
 gen = 3132
 gen = 3133
 gen = 3134
 gen = 3135
 gen = 3136
 gen = 3137
 gen = 3138
 gen = 3139
 gen = 3140
 gen = 3141
 gen = 3142
 gen = 3143
 gen = 3144
 gen = 3145
 gen = 3146
 gen = 3147
 gen = 3148
 gen = 3149
 gen = 3150
 gen = 3151
 gen = 3152
 gen = 3153
 gen = 3154
 gen = 3155
 gen = 3156
 gen = 3157
 gen = 3158
 gen = 3159
 gen = 3160
 gen = 3161
 gen = 3162
 gen = 3163
 gen = 3164
 gen = 3165
 gen = 3166
 gen = 3167
 gen = 3168
 gen = 3169
 gen = 3170
 gen = 3171
 gen = 3172
 gen = 3173
 gen = 3174
 gen = 3175
 gen = 3176
 gen = 3177
 gen = 3178
 gen = 3179
 gen = 3180
 gen = 3181
 gen = 3182
 gen = 3183
 gen = 3184
 gen = 3185
 gen = 3186
 gen = 3187
 gen = 3188
 gen = 3189
 gen = 3190
 gen = 3191
 gen = 3192
 gen = 3193
 gen = 3194
 gen = 3195
 gen = 3196
 gen = 3197
 gen = 3198
 gen = 3199
 gen = 3200
 gen = 3201
 gen = 3202
 gen = 3203
 gen = 3204
 gen = 3205
 gen = 3206
 gen = 3207
 gen = 3208
 gen = 3209
 gen = 3210
 gen = 3211
 gen = 3212
 gen = 3213
 gen = 3214
 gen = 3215
 gen = 3216
 gen = 3217
 gen = 3218
 gen = 3219
 gen = 3220
 gen = 3221
 gen = 3222
 gen = 3223
 gen = 3224
 gen = 3225
 gen = 3226
 gen = 3227
 gen = 3228
 gen = 3229
 gen = 3230
 gen = 3231
 gen = 3232
 gen = 3233
 gen = 3234
 gen = 3235
 gen = 3236
 gen = 3237
 gen = 3238
 gen = 3239
 gen = 3240
 gen = 3241
 gen = 3242
 gen = 3243
 gen = 3244
 gen = 3245
 gen = 3246
 gen = 3247
 gen = 3248
 gen = 3249
 gen = 3250
 gen = 3251
 gen = 3252
 gen = 3253
 gen = 3254
 gen = 3255
 gen = 3256
 gen = 3257
 gen = 3258
 gen = 3259
 gen = 3260
 gen = 3261
 gen = 3262
 gen = 3263
 gen = 3264
 gen = 3265
 gen = 3266
 gen = 3267
 gen = 3268
 gen = 3269
 gen = 3270
 gen = 3271
 gen = 3272
 gen = 3273
 gen = 3274
 gen = 3275
 gen = 3276
 gen = 3277
 gen = 3278
 gen = 3279
 gen = 3280
 gen = 3281
 gen = 3282
 gen = 3283
 gen = 3284
 gen = 3285
 gen = 3286
 gen = 3287
 gen = 3288
 gen = 3289
 gen = 3290
 gen = 3291
 gen = 3292
 gen = 3293
 gen = 3294
 gen = 3295
 gen = 3296
 gen = 3297
 gen = 3298
 gen = 3299
 gen = 3300
 gen = 3301
 gen = 3302
 gen = 3303
 gen = 3304
 gen = 3305
 gen = 3306
 gen = 3307
 gen = 3308
 gen = 3309
 gen = 3310
 gen = 3311
 gen = 3312
 gen = 3313
 gen = 3314
 gen = 3315
 gen = 3316
 gen = 3317
 gen = 3318
 gen = 3319
 gen = 3320
 gen = 3321
 gen = 3322
 gen = 3323
 gen = 3324
 gen = 3325
 gen = 3326
 gen = 3327
 gen = 3328
 gen = 3329
 gen = 3330
 gen = 3331
 gen = 3332
 gen = 3333
 gen = 3334
 gen = 3335
 gen = 3336
 gen = 3337
 gen = 3338
 gen = 3339
 gen = 3340
 gen = 3341
 gen = 3342
 gen = 3343
 gen = 3344
 gen = 3345
 gen = 3346
 gen = 3347
 gen = 3348
 gen = 3349
 gen = 3350
 gen = 3351
 gen = 3352
 gen = 3353
 gen = 3354
 gen = 3355
 gen = 3356
 gen = 3357
 gen = 3358
 gen = 3359
 gen = 3360
 gen = 3361
 gen = 3362
 gen = 3363
 gen = 3364
 gen = 3365
 gen = 3366
 gen = 3367
 gen = 3368
 gen = 3369
 gen = 3370
 gen = 3371
 gen = 3372
 gen = 3373
 gen = 3374
 gen = 3375
 gen = 3376
 gen = 3377
 gen = 3378
 gen = 3379
 gen = 3380
 gen = 3381
 gen = 3382
 gen = 3383
 gen = 3384
 gen = 3385
 gen = 3386
 gen = 3387
 gen = 3388
 gen = 3389
 gen = 3390
 gen = 3391
 gen = 3392
 gen = 3393
 gen = 3394
 gen = 3395
 gen = 3396
 gen = 3397
 gen = 3398
 gen = 3399
 gen = 3400
 gen = 3401
 gen = 3402
 gen = 3403
 gen = 3404
 gen = 3405
 gen = 3406
 gen = 3407
 gen = 3408
 gen = 3409
 gen = 3410
 gen = 3411
 gen = 3412
 gen = 3413
 gen = 3414
 gen = 3415
 gen = 3416
 gen = 3417
 gen = 3418
 gen = 3419
 gen = 3420
 gen = 3421
 gen = 3422
 gen = 3423
 gen = 3424
 gen = 3425
 gen = 3426
 gen = 3427
 gen = 3428
 gen = 3429
 gen = 3430
 gen = 3431
 gen = 3432
 gen = 3433
 gen = 3434
 gen = 3435
 gen = 3436
 gen = 3437
 gen = 3438
 gen = 3439
 gen = 3440
 gen = 3441
 gen = 3442
 gen = 3443
 gen = 3444
 gen = 3445
 gen = 3446
 gen = 3447
 gen = 3448
 gen = 3449
 gen = 3450
 gen = 3451
 gen = 3452
 gen = 3453
 gen = 3454
 gen = 3455
 gen = 3456
 gen = 3457
 gen = 3458
 gen = 3459
 gen = 3460
 gen = 3461
 gen = 3462
 gen = 3463
 gen = 3464
 gen = 3465
 gen = 3466
 gen = 3467
 gen = 3468
 gen = 3469
 gen = 3470
 gen = 3471
 gen = 3472
 gen = 3473
 gen = 3474
 gen = 3475
 gen = 3476
 gen = 3477
 gen = 3478
 gen = 3479
 gen = 3480
 gen = 3481
 gen = 3482
 gen = 3483
 gen = 3484
 gen = 3485
 gen = 3486
 gen = 3487
 gen = 3488
 gen = 3489
 gen = 3490
 gen = 3491
 gen = 3492
 gen = 3493
 gen = 3494
 gen = 3495
 gen = 3496
 gen = 3497
 gen = 3498
 gen = 3499
 gen = 3500
 gen = 3501
 gen = 3502
 gen = 3503
 gen = 3504
 gen = 3505
 gen = 3506
 gen = 3507
 gen = 3508
 gen = 3509
 gen = 3510
 gen = 3511
 gen = 3512
 gen = 3513
 gen = 3514
 gen = 3515
 gen = 3516
 gen = 3517
 gen = 3518
 gen = 3519
 gen = 3520
 gen = 3521
 gen = 3522
 gen = 3523
 gen = 3524
 gen = 3525
 gen = 3526
 gen = 3527
 gen = 3528
 gen = 3529
 gen = 3530
 gen = 3531
 gen = 3532
 gen = 3533
 gen = 3534
 gen = 3535
 gen = 3536
 gen = 3537
 gen = 3538
 gen = 3539
 gen = 3540
 gen = 3541
 gen = 3542
 gen = 3543
 gen = 3544
 gen = 3545
 gen = 3546
 gen = 3547
 gen = 3548
 gen = 3549
 gen = 3550
 gen = 3551
 gen = 3552
 gen = 3553
 gen = 3554
 gen = 3555
 gen = 3556
 gen = 3557
 gen = 3558
 gen = 3559
 gen = 3560
 gen = 3561
 gen = 3562
 gen = 3563
 gen = 3564
 gen = 3565
 gen = 3566
 gen = 3567
 gen = 3568
 gen = 3569
 gen = 3570
 gen = 3571
 gen = 3572
 gen = 3573
 gen = 3574
 gen = 3575
 gen = 3576
 gen = 3577
 gen = 3578
 gen = 3579
 gen = 3580
 gen = 3581
 gen = 3582
 gen = 3583
 gen = 3584
 gen = 3585
 gen = 3586
 gen = 3587
 gen = 3588
 gen = 3589
 gen = 3590
 gen = 3591
 gen = 3592
 gen = 3593
 gen = 3594
 gen = 3595
 gen = 3596
 gen = 3597
 gen = 3598
 gen = 3599
 gen = 3600
 gen = 3601
 gen = 3602
 gen = 3603
 gen = 3604
 gen = 3605
 gen = 3606
 gen = 3607
 gen = 3608
 gen = 3609
 gen = 3610
 gen = 3611
 gen = 3612
 gen = 3613
 gen = 3614
 gen = 3615
 gen = 3616
 gen = 3617
 gen = 3618
 gen = 3619
 gen = 3620
 gen = 3621
 gen = 3622
 gen = 3623
 gen = 3624
 gen = 3625
 gen = 3626
 gen = 3627
 gen = 3628
 gen = 3629
 gen = 3630
 gen = 3631
 gen = 3632
 gen = 3633
 gen = 3634
 gen = 3635
 gen = 3636
 gen = 3637
 gen = 3638
 gen = 3639
 gen = 3640
 gen = 3641
 gen = 3642
 gen = 3643
 gen = 3644
 gen = 3645
 gen = 3646
 gen = 3647
 gen = 3648
 gen = 3649
 gen = 3650
 gen = 3651
 gen = 3652
 gen = 3653
 gen = 3654
 gen = 3655
 gen = 3656
 gen = 3657
 gen = 3658
 gen = 3659
 gen = 3660
 gen = 3661
 gen = 3662
 gen = 3663
 gen = 3664
 gen = 3665
 gen = 3666
 gen = 3667
 gen = 3668
 gen = 3669
 gen = 3670
 gen = 3671
 gen = 3672
 gen = 3673
 gen = 3674
 gen = 3675
 gen = 3676
 gen = 3677
 gen = 3678
 gen = 3679
 gen = 3680
 gen = 3681
 gen = 3682
 gen = 3683
 gen = 3684
 gen = 3685
 gen = 3686
 gen = 3687
 gen = 3688
 gen = 3689
 gen = 3690
 gen = 3691
 gen = 3692
 gen = 3693
 gen = 3694
 gen = 3695
 gen = 3696
 gen = 3697
 gen = 3698
 gen = 3699
 gen = 3700
 gen = 3701
 gen = 3702
 gen = 3703
 gen = 3704
 gen = 3705
 gen = 3706
 gen = 3707
 gen = 3708
 gen = 3709
 gen = 3710
 gen = 3711
 gen = 3712
 gen = 3713
 gen = 3714
 gen = 3715
 gen = 3716
 gen = 3717
 gen = 3718
 gen = 3719
 gen = 3720
 gen = 3721
 gen = 3722
 gen = 3723
 gen = 3724
 gen = 3725
 gen = 3726
 gen = 3727
 gen = 3728
 gen = 3729
 gen = 3730
 gen = 3731
 gen = 3732
 gen = 3733
 gen = 3734
 gen = 3735
 gen = 3736
 gen = 3737
 gen = 3738
 gen = 3739
 gen = 3740
 gen = 3741
 gen = 3742
 gen = 3743
 gen = 3744
 gen = 3745
 gen = 3746
 gen = 3747
 gen = 3748
 gen = 3749
 gen = 3750
 gen = 3751
 gen = 3752
 gen = 3753
 gen = 3754
 gen = 3755
 gen = 3756
 gen = 3757
 gen = 3758
 gen = 3759
 gen = 3760
 gen = 3761
 gen = 3762
 gen = 3763
 gen = 3764
 gen = 3765
 gen = 3766
 gen = 3767
 gen = 3768
 gen = 3769
 gen = 3770
 gen = 3771
 gen = 3772
 gen = 3773
 gen = 3774
 gen = 3775
 gen = 3776
 gen = 3777
 gen = 3778
 gen = 3779
 gen = 3780
 gen = 3781
 gen = 3782
 gen = 3783
 gen = 3784
 gen = 3785
 gen = 3786
 gen = 3787
 gen = 3788
 gen = 3789
 gen = 3790
 gen = 3791
 gen = 3792
 gen = 3793
 gen = 3794
 gen = 3795
 gen = 3796
 gen = 3797
 gen = 3798
 gen = 3799
 gen = 3800
 gen = 3801
 gen = 3802
 gen = 3803
 gen = 3804
 gen = 3805
 gen = 3806
 gen = 3807
 gen = 3808
 gen = 3809
 gen = 3810
 gen = 3811
 gen = 3812
 gen = 3813
 gen = 3814
 gen = 3815
 gen = 3816
 gen = 3817
 gen = 3818
 gen = 3819
 gen = 3820
 gen = 3821
 gen = 3822
 gen = 3823
 gen = 3824
 gen = 3825
 gen = 3826
 gen = 3827
 gen = 3828
 gen = 3829
 gen = 3830
 gen = 3831
 gen = 3832
 gen = 3833
 gen = 3834
 gen = 3835
 gen = 3836
 gen = 3837
 gen = 3838
 gen = 3839
 gen = 3840
 gen = 3841
 gen = 3842
 gen = 3843
 gen = 3844
 gen = 3845
 gen = 3846
 gen = 3847
 gen = 3848
 gen = 3849
 gen = 3850
 gen = 3851
 gen = 3852
 gen = 3853
 gen = 3854
 gen = 3855
 gen = 3856
 gen = 3857
 gen = 3858
 gen = 3859
 gen = 3860
 gen = 3861
 gen = 3862
 gen = 3863
 gen = 3864
 gen = 3865
 gen = 3866
 gen = 3867
 gen = 3868
 gen = 3869
 gen = 3870
 gen = 3871
 gen = 3872
 gen = 3873
 gen = 3874
 gen = 3875
 gen = 3876
 gen = 3877
 gen = 3878
 gen = 3879
 gen = 3880
 gen = 3881
 gen = 3882
 gen = 3883
 gen = 3884
 gen = 3885
 gen = 3886
 gen = 3887
 gen = 3888
 gen = 3889
 gen = 3890
 gen = 3891
 gen = 3892
 gen = 3893
 gen = 3894
 gen = 3895
 gen = 3896
 gen = 3897
 gen = 3898
 gen = 3899
 gen = 3900
 gen = 3901
 gen = 3902
 gen = 3903
 gen = 3904
 gen = 3905
 gen = 3906
 gen = 3907
 gen = 3908
 gen = 3909
 gen = 3910
 gen = 3911
 gen = 3912
 gen = 3913
 gen = 3914
 gen = 3915
 gen = 3916
 gen = 3917
 gen = 3918
 gen = 3919
 gen = 3920
 gen = 3921
 gen = 3922
 gen = 3923
 gen = 3924
 gen = 3925
 gen = 3926
 gen = 3927
 gen = 3928
 gen = 3929
 gen = 3930
 gen = 3931
 gen = 3932
 gen = 3933
 gen = 3934
 gen = 3935
 gen = 3936
 gen = 3937
 gen = 3938
 gen = 3939
 gen = 3940
 gen = 3941
 gen = 3942
 gen = 3943
 gen = 3944
 gen = 3945
 gen = 3946
 gen = 3947
 gen = 3948
 gen = 3949
 gen = 3950
 gen = 3951
 gen = 3952
 gen = 3953
 gen = 3954
 gen = 3955
 gen = 3956
 gen = 3957
 gen = 3958
 gen = 3959
 gen = 3960
 gen = 3961
 gen = 3962
 gen = 3963
 gen = 3964
 gen = 3965
 gen = 3966
 gen = 3967
 gen = 3968
 gen = 3969
 gen = 3970
 gen = 3971
 gen = 3972
 gen = 3973
 gen = 3974
 gen = 3975
 gen = 3976
 gen = 3977
 gen = 3978
 gen = 3979
 gen = 3980
 gen = 3981
 gen = 3982
 gen = 3983
 gen = 3984
 gen = 3985
 gen = 3986
 gen = 3987
 gen = 3988
 gen = 3989
 gen = 3990
 gen = 3991
 gen = 3992
 gen = 3993
 gen = 3994
 gen = 3995
 gen = 3996
 gen = 3997
 gen = 3998
 gen = 3999
 gen = 4000
 gen = 4001
 gen = 4002
 gen = 4003
 gen = 4004
 gen = 4005
 gen = 4006
 gen = 4007
 gen = 4008
 gen = 4009
 gen = 4010
 gen = 4011
 gen = 4012
 gen = 4013
 gen = 4014
 gen = 4015
 gen = 4016
 gen = 4017
 gen = 4018
 gen = 4019
 gen = 4020
 gen = 4021
 gen = 4022
 gen = 4023
 gen = 4024
 gen = 4025
 gen = 4026
 gen = 4027
 gen = 4028
 gen = 4029
 gen = 4030
 gen = 4031
 gen = 4032
 gen = 4033
 gen = 4034
 gen = 4035
 gen = 4036
 gen = 4037
 gen = 4038
 gen = 4039
 gen = 4040
 gen = 4041
 gen = 4042
 gen = 4043
 gen = 4044
 gen = 4045
 gen = 4046
 gen = 4047
 gen = 4048
 gen = 4049
 gen = 4050
 gen = 4051
 gen = 4052
 gen = 4053
 gen = 4054
 gen = 4055
 gen = 4056
 gen = 4057
 gen = 4058
 gen = 4059
 gen = 4060
 gen = 4061
 gen = 4062
 gen = 4063
 gen = 4064
 gen = 4065
 gen = 4066
 gen = 4067
 gen = 4068
 gen = 4069
 gen = 4070
 gen = 4071
 gen = 4072
 gen = 4073
 gen = 4074
 gen = 4075
 gen = 4076
 gen = 4077
 gen = 4078
 gen = 4079
 gen = 4080
 gen = 4081
 gen = 4082
 gen = 4083
 gen = 4084
 gen = 4085
 gen = 4086
 gen = 4087
 gen = 4088
 gen = 4089
 gen = 4090
 gen = 4091
 gen = 4092
 gen = 4093
 gen = 4094
 gen = 4095
 gen = 4096
 gen = 4097
 gen = 4098
 gen = 4099
 gen = 4100
 gen = 4101
 gen = 4102
 gen = 4103
 gen = 4104
 gen = 4105
 gen = 4106
 gen = 4107
 gen = 4108
 gen = 4109
 gen = 4110
 gen = 4111
 gen = 4112
 gen = 4113
 gen = 4114
 gen = 4115
 gen = 4116
 gen = 4117
 gen = 4118
 gen = 4119
 gen = 4120
 gen = 4121
 gen = 4122
 gen = 4123
 gen = 4124
 gen = 4125
 gen = 4126
 gen = 4127
 gen = 4128
 gen = 4129
 gen = 4130
 gen = 4131
 gen = 4132
 gen = 4133
 gen = 4134
 gen = 4135
 gen = 4136
 gen = 4137
 gen = 4138
 gen = 4139
 gen = 4140
 gen = 4141
 gen = 4142
 gen = 4143
 gen = 4144
 gen = 4145
 gen = 4146
 gen = 4147
 gen = 4148
 gen = 4149
 gen = 4150
 gen = 4151
 gen = 4152
 gen = 4153
 gen = 4154
 gen = 4155
 gen = 4156
 gen = 4157
 gen = 4158
 gen = 4159
 gen = 4160
 gen = 4161
 gen = 4162
 gen = 4163
 gen = 4164
 gen = 4165
 gen = 4166
 gen = 4167
 gen = 4168
 gen = 4169
 gen = 4170
 gen = 4171
 gen = 4172
 gen = 4173
 gen = 4174
 gen = 4175
 gen = 4176
 gen = 4177
 gen = 4178
 gen = 4179
 gen = 4180
 gen = 4181
 gen = 4182
 gen = 4183
 gen = 4184
 gen = 4185
 gen = 4186
 gen = 4187
 gen = 4188
 gen = 4189
 gen = 4190
 gen = 4191
 gen = 4192
 gen = 4193
 gen = 4194
 gen = 4195
 gen = 4196
 gen = 4197
 gen = 4198
 gen = 4199
 gen = 4200
 gen = 4201
 gen = 4202
 gen = 4203
 gen = 4204
 gen = 4205
 gen = 4206
 gen = 4207
 gen = 4208
 gen = 4209
 gen = 4210
 gen = 4211
 gen = 4212
 gen = 4213
 gen = 4214
 gen = 4215
 gen = 4216
 gen = 4217
 gen = 4218
 gen = 4219
 gen = 4220
 gen = 4221
 gen = 4222
 gen = 4223
 gen = 4224
 gen = 4225
 gen = 4226
 gen = 4227
 gen = 4228
 gen = 4229
 gen = 4230
 gen = 4231
 gen = 4232
 gen = 4233
 gen = 4234
 gen = 4235
 gen = 4236
 gen = 4237
 gen = 4238
 gen = 4239
 gen = 4240
 gen = 4241
 gen = 4242
 gen = 4243
 gen = 4244
 gen = 4245
 gen = 4246
 gen = 4247
 gen = 4248
 gen = 4249
 gen = 4250
 gen = 4251
 gen = 4252
 gen = 4253
 gen = 4254
 gen = 4255
 gen = 4256
 gen = 4257
 gen = 4258
 gen = 4259
 gen = 4260
 gen = 4261
 gen = 4262
 gen = 4263
 gen = 4264
 gen = 4265
 gen = 4266
 gen = 4267
 gen = 4268
 gen = 4269
 gen = 4270
 gen = 4271
 gen = 4272
 gen = 4273
 gen = 4274
 gen = 4275
 gen = 4276
 gen = 4277
 gen = 4278
 gen = 4279
 gen = 4280
 gen = 4281
 gen = 4282
 gen = 4283
 gen = 4284
 gen = 4285
 gen = 4286
 gen = 4287
 gen = 4288
 gen = 4289
 gen = 4290
 gen = 4291
 gen = 4292
 gen = 4293
 gen = 4294
 gen = 4295
 gen = 4296
 gen = 4297
 gen = 4298
 gen = 4299
 gen = 4300
 gen = 4301
 gen = 4302
 gen = 4303
 gen = 4304
 gen = 4305
 gen = 4306
 gen = 4307
 gen = 4308
 gen = 4309
 gen = 4310
 gen = 4311
 gen = 4312
 gen = 4313
 gen = 4314
 gen = 4315
 gen = 4316
 gen = 4317
 gen = 4318
 gen = 4319
 gen = 4320
 gen = 4321
 gen = 4322
 gen = 4323
 gen = 4324
 gen = 4325
 gen = 4326
 gen = 4327
 gen = 4328
 gen = 4329
 gen = 4330
 gen = 4331
 gen = 4332
 gen = 4333
 gen = 4334
 gen = 4335
 gen = 4336
 gen = 4337
 gen = 4338
 gen = 4339
 gen = 4340
 gen = 4341
 gen = 4342
 gen = 4343
 gen = 4344
 gen = 4345
 gen = 4346
 gen = 4347
 gen = 4348
 gen = 4349
 gen = 4350
 gen = 4351
 gen = 4352
 gen = 4353
 gen = 4354
 gen = 4355
 gen = 4356
 gen = 4357
 gen = 4358
 gen = 4359
 gen = 4360
 gen = 4361
 gen = 4362
 gen = 4363
 gen = 4364
 gen = 4365
 gen = 4366
 gen = 4367
 gen = 4368
 gen = 4369
 gen = 4370
 gen = 4371
 gen = 4372
 gen = 4373
 gen = 4374
 gen = 4375
 gen = 4376
 gen = 4377
 gen = 4378
 gen = 4379
 gen = 4380
 gen = 4381
 gen = 4382
 gen = 4383
 gen = 4384
 gen = 4385
 gen = 4386
 gen = 4387
 gen = 4388
 gen = 4389
 gen = 4390
 gen = 4391
 gen = 4392
 gen = 4393
 gen = 4394
 gen = 4395
 gen = 4396
 gen = 4397
 gen = 4398
 gen = 4399
 gen = 4400
 gen = 4401
 gen = 4402
 gen = 4403
 gen = 4404
 gen = 4405
 gen = 4406
 gen = 4407
 gen = 4408
 gen = 4409
 gen = 4410
 gen = 4411
 gen = 4412
 gen = 4413
 gen = 4414
 gen = 4415
 gen = 4416
 gen = 4417
 gen = 4418
 gen = 4419
 gen = 4420
 gen = 4421
 gen = 4422
 gen = 4423
 gen = 4424
 gen = 4425
 gen = 4426
 gen = 4427
 gen = 4428
 gen = 4429
 gen = 4430
 gen = 4431
 gen = 4432
 gen = 4433
 gen = 4434
 gen = 4435
 gen = 4436
 gen = 4437
 gen = 4438
 gen = 4439
 gen = 4440
 gen = 4441
 gen = 4442
 gen = 4443
 gen = 4444
 gen = 4445
 gen = 4446
 gen = 4447
 gen = 4448
 gen = 4449
 gen = 4450
 gen = 4451
 gen = 4452
 gen = 4453
 gen = 4454
 gen = 4455
 gen = 4456
 gen = 4457
 gen = 4458
 gen = 4459
 gen = 4460
 gen = 4461
 gen = 4462
 gen = 4463
 gen = 4464
 gen = 4465
 gen = 4466
 gen = 4467
 gen = 4468
 gen = 4469
 gen = 4470
 gen = 4471
 gen = 4472
 gen = 4473
 gen = 4474
 gen = 4475
 gen = 4476
 gen = 4477
 gen = 4478
 gen = 4479
 gen = 4480
 gen = 4481
 gen = 4482
 gen = 4483
 gen = 4484
 gen = 4485
 gen = 4486
 gen = 4487
 gen = 4488
 gen = 4489
 gen = 4490
 gen = 4491
 gen = 4492
 gen = 4493
 gen = 4494
 gen = 4495
 gen = 4496
 gen = 4497
 gen = 4498
 gen = 4499
 gen = 4500
 gen = 4501
 gen = 4502
 gen = 4503
 gen = 4504
 gen = 4505
 gen = 4506
 gen = 4507
 gen = 4508
 gen = 4509
 gen = 4510
 gen = 4511
 gen = 4512
 gen = 4513
 gen = 4514
 gen = 4515
 gen = 4516
 gen = 4517
 gen = 4518
 gen = 4519
 gen = 4520
 gen = 4521
 gen = 4522
 gen = 4523
 gen = 4524
 gen = 4525
 gen = 4526
 gen = 4527
 gen = 4528
 gen = 4529
 gen = 4530
 gen = 4531
 gen = 4532
 gen = 4533
 gen = 4534
 gen = 4535
 gen = 4536
 gen = 4537
 gen = 4538
 gen = 4539
 gen = 4540
 gen = 4541
 gen = 4542
 gen = 4543
 gen = 4544
 gen = 4545
 gen = 4546
 gen = 4547
 gen = 4548
 gen = 4549
 gen = 4550
 gen = 4551
 gen = 4552
 gen = 4553
 gen = 4554
 gen = 4555
 gen = 4556
 gen = 4557
 gen = 4558
 gen = 4559
 gen = 4560
 gen = 4561
 gen = 4562
 gen = 4563
 gen = 4564
 gen = 4565
 gen = 4566
 gen = 4567
 gen = 4568
 gen = 4569
 gen = 4570
 gen = 4571
 gen = 4572
 gen = 4573
 gen = 4574
 gen = 4575
 gen = 4576
 gen = 4577
 gen = 4578
 gen = 4579
 gen = 4580
 gen = 4581
 gen = 4582
 gen = 4583
 gen = 4584
 gen = 4585
 gen = 4586
 gen = 4587
 gen = 4588
 gen = 4589
 gen = 4590
 gen = 4591
 gen = 4592
 gen = 4593
 gen = 4594
 gen = 4595
 gen = 4596
 gen = 4597
 gen = 4598
 gen = 4599
 gen = 4600
 gen = 4601
 gen = 4602
 gen = 4603
 gen = 4604
 gen = 4605
 gen = 4606
 gen = 4607
 gen = 4608
 gen = 4609
 gen = 4610
 gen = 4611
 gen = 4612
 gen = 4613
 gen = 4614
 gen = 4615
 gen = 4616
 gen = 4617
 gen = 4618
 gen = 4619
 gen = 4620
 gen = 4621
 gen = 4622
 gen = 4623
 gen = 4624
 gen = 4625
 gen = 4626
 gen = 4627
 gen = 4628
 gen = 4629
 gen = 4630
 gen = 4631
 gen = 4632
 gen = 4633
 gen = 4634
 gen = 4635
 gen = 4636
 gen = 4637
 gen = 4638
 gen = 4639
 gen = 4640
 gen = 4641
 gen = 4642
 gen = 4643
 gen = 4644
 gen = 4645
 gen = 4646
 gen = 4647
 gen = 4648
 gen = 4649
 gen = 4650
 gen = 4651
 gen = 4652
 gen = 4653
 gen = 4654
 gen = 4655
 gen = 4656
 gen = 4657
 gen = 4658
 gen = 4659
 gen = 4660
 gen = 4661
 gen = 4662
 gen = 4663
 gen = 4664
 gen = 4665
 gen = 4666
 gen = 4667
 gen = 4668
 gen = 4669
 gen = 4670
 gen = 4671
 gen = 4672
 gen = 4673
 gen = 4674
 gen = 4675
 gen = 4676
 gen = 4677
 gen = 4678
 gen = 4679
 gen = 4680
 gen = 4681
 gen = 4682
 gen = 4683
 gen = 4684
 gen = 4685
 gen = 4686
 gen = 4687
 gen = 4688
 gen = 4689
 gen = 4690
 gen = 4691
 gen = 4692
 gen = 4693
 gen = 4694
 gen = 4695
 gen = 4696
 gen = 4697
 gen = 4698
 gen = 4699
 gen = 4700
 gen = 4701
 gen = 4702
 gen = 4703
 gen = 4704
 gen = 4705
 gen = 4706
 gen = 4707
 gen = 4708
 gen = 4709
 gen = 4710
 gen = 4711
 gen = 4712
 gen = 4713
 gen = 4714
 gen = 4715
 gen = 4716
 gen = 4717
 gen = 4718
 gen = 4719
 gen = 4720
 gen = 4721
 gen = 4722
 gen = 4723
 gen = 4724
 gen = 4725
 gen = 4726
 gen = 4727
 gen = 4728
 gen = 4729
 gen = 4730
 gen = 4731
 gen = 4732
 gen = 4733
 gen = 4734
 gen = 4735
 gen = 4736
 gen = 4737
 gen = 4738
 gen = 4739
 gen = 4740
 gen = 4741
 gen = 4742
 gen = 4743
 gen = 4744
 gen = 4745
 gen = 4746
 gen = 4747
 gen = 4748
 gen = 4749
 gen = 4750
 gen = 4751
 gen = 4752
 gen = 4753
 gen = 4754
 gen = 4755
 gen = 4756
 gen = 4757
 gen = 4758
 gen = 4759
 gen = 4760
 gen = 4761
 gen = 4762
 gen = 4763
 gen = 4764
 gen = 4765
 gen = 4766
 gen = 4767
 gen = 4768
 gen = 4769
 gen = 4770
 gen = 4771
 gen = 4772
 gen = 4773
 gen = 4774
 gen = 4775
 gen = 4776
 gen = 4777
 gen = 4778
 gen = 4779
 gen = 4780
 gen = 4781
 gen = 4782
 gen = 4783
 gen = 4784
 gen = 4785
 gen = 4786
 gen = 4787
 gen = 4788
 gen = 4789
 gen = 4790
 gen = 4791
 gen = 4792
 gen = 4793
 gen = 4794
 gen = 4795
 gen = 4796
 gen = 4797
 gen = 4798
 gen = 4799
 gen = 4800
 gen = 4801
 gen = 4802
 gen = 4803
 gen = 4804
 gen = 4805
 gen = 4806
 gen = 4807
 gen = 4808
 gen = 4809
 gen = 4810
 gen = 4811
 gen = 4812
 gen = 4813
 gen = 4814
 gen = 4815
 gen = 4816
 gen = 4817
 gen = 4818
 gen = 4819
 gen = 4820
 gen = 4821
 gen = 4822
 gen = 4823
 gen = 4824
 gen = 4825
 gen = 4826
 gen = 4827
 gen = 4828
 gen = 4829
 gen = 4830
 gen = 4831
 gen = 4832
 gen = 4833
 gen = 4834
 gen = 4835
 gen = 4836
 gen = 4837
 gen = 4838
 gen = 4839
 gen = 4840
 gen = 4841
 gen = 4842
 gen = 4843
 gen = 4844
 gen = 4845
 gen = 4846
 gen = 4847
 gen = 4848
 gen = 4849
 gen = 4850
 gen = 4851
 gen = 4852
 gen = 4853
 gen = 4854
 gen = 4855
 gen = 4856
 gen = 4857
 gen = 4858
 gen = 4859
 gen = 4860
 gen = 4861
 gen = 4862
 gen = 4863
 gen = 4864
 gen = 4865
 gen = 4866
 gen = 4867
 gen = 4868
 gen = 4869
 gen = 4870
 gen = 4871
 gen = 4872
 gen = 4873
 gen = 4874
 gen = 4875
 gen = 4876
 gen = 4877
 gen = 4878
 gen = 4879
 gen = 4880
 gen = 4881
 gen = 4882
 gen = 4883
 gen = 4884
 gen = 4885
 gen = 4886
 gen = 4887
 gen = 4888
 gen = 4889
 gen = 4890
 gen = 4891
 gen = 4892
 gen = 4893
 gen = 4894
 gen = 4895
 gen = 4896
 gen = 4897
 gen = 4898
 gen = 4899
 gen = 4900
 gen = 4901
 gen = 4902
 gen = 4903
 gen = 4904
 gen = 4905
 gen = 4906
 gen = 4907
 gen = 4908
 gen = 4909
 gen = 4910
 gen = 4911
 gen = 4912
 gen = 4913
 gen = 4914
 gen = 4915
 gen = 4916
 gen = 4917
 gen = 4918
 gen = 4919
 gen = 4920
 gen = 4921
 gen = 4922
 gen = 4923
 gen = 4924
 gen = 4925
 gen = 4926
 gen = 4927
 gen = 4928
 gen = 4929
 gen = 4930
 gen = 4931
 gen = 4932
 gen = 4933
 gen = 4934
 gen = 4935
 gen = 4936
 gen = 4937
 gen = 4938
 gen = 4939
 gen = 4940
 gen = 4941
 gen = 4942
 gen = 4943
 gen = 4944
 gen = 4945
 gen = 4946
 gen = 4947
 gen = 4948
 gen = 4949
 gen = 4950
 gen = 4951
 gen = 4952
 gen = 4953
 gen = 4954
 gen = 4955
 gen = 4956
 gen = 4957
 gen = 4958
 gen = 4959
 gen = 4960
 gen = 4961
 gen = 4962
 gen = 4963
 gen = 4964
 gen = 4965
 gen = 4966
 gen = 4967
 gen = 4968
 gen = 4969
 gen = 4970
 gen = 4971
 gen = 4972
 gen = 4973
 gen = 4974
 gen = 4975
 gen = 4976
 gen = 4977
 gen = 4978
 gen = 4979
 gen = 4980
 gen = 4981
 gen = 4982
 gen = 4983
 gen = 4984
 gen = 4985
 gen = 4986
 gen = 4987
 gen = 4988
 gen = 4989
 gen = 4990
 gen = 4991
 gen = 4992
 gen = 4993
 gen = 4994
 gen = 4995
 gen = 4996
 gen = 4997
 gen = 4998
 gen = 4999
 gen = 5000
 gen = 5001
 gen = 5002
 gen = 5003
 gen = 5004
 gen = 5005
 gen = 5006
 gen = 5007
 gen = 5008
 gen = 5009
 gen = 5010
 gen = 5011
 gen = 5012
 gen = 5013
 gen = 5014
 gen = 5015
 gen = 5016
 gen = 5017
 gen = 5018
 gen = 5019
 gen = 5020
 gen = 5021
 gen = 5022
 gen = 5023
 gen = 5024
 gen = 5025
 gen = 5026
 gen = 5027
 gen = 5028
 gen = 5029
 gen = 5030
 gen = 5031
 gen = 5032
 gen = 5033
 gen = 5034
 gen = 5035
 gen = 5036
 gen = 5037
 gen = 5038
 gen = 5039
 gen = 5040
 gen = 5041
 gen = 5042
 gen = 5043
 gen = 5044
 gen = 5045
 gen = 5046
 gen = 5047
 gen = 5048
 gen = 5049
 gen = 5050
 gen = 5051
 gen = 5052
 gen = 5053
 gen = 5054
 gen = 5055
 gen = 5056
 gen = 5057
 gen = 5058
 gen = 5059
 gen = 5060
 gen = 5061
 gen = 5062
 gen = 5063
 gen = 5064
 gen = 5065
 gen = 5066
 gen = 5067
 gen = 5068
 gen = 5069
 gen = 5070
 gen = 5071
 gen = 5072
 gen = 5073
 gen = 5074
 gen = 5075
 gen = 5076
 gen = 5077
 gen = 5078
 gen = 5079
 gen = 5080
 gen = 5081
 gen = 5082
 gen = 5083
 gen = 5084
 gen = 5085
 gen = 5086
 gen = 5087
 gen = 5088
 gen = 5089
 gen = 5090
 gen = 5091
 gen = 5092
 gen = 5093
 gen = 5094
 gen = 5095
 gen = 5096
 gen = 5097
 gen = 5098
 gen = 5099
 gen = 5100
 gen = 5101
 gen = 5102
 gen = 5103
 gen = 5104
 gen = 5105
 gen = 5106
 gen = 5107
 gen = 5108
 gen = 5109
 gen = 5110
 gen = 5111
 gen = 5112
 gen = 5113
 gen = 5114
 gen = 5115
 gen = 5116
 gen = 5117
 gen = 5118
 gen = 5119
 gen = 5120
 gen = 5121
 gen = 5122
 gen = 5123
 gen = 5124
 gen = 5125
 gen = 5126
 gen = 5127
 gen = 5128
 gen = 5129
 gen = 5130
 gen = 5131
 gen = 5132
 gen = 5133
 gen = 5134
 gen = 5135
 gen = 5136
 gen = 5137
 gen = 5138
 gen = 5139
 gen = 5140
 gen = 5141
 gen = 5142
 gen = 5143
 gen = 5144
 gen = 5145
 gen = 5146
 gen = 5147
 gen = 5148
 gen = 5149
 gen = 5150
 gen = 5151
 gen = 5152
 gen = 5153
 gen = 5154
 gen = 5155
 gen = 5156
 gen = 5157
 gen = 5158
 gen = 5159
 gen = 5160
 gen = 5161
 gen = 5162
 gen = 5163
 gen = 5164
 gen = 5165
 gen = 5166
 gen = 5167
 gen = 5168
 gen = 5169
 gen = 5170
 gen = 5171
 gen = 5172
 gen = 5173
 gen = 5174
 gen = 5175
 gen = 5176
 gen = 5177
 gen = 5178
 gen = 5179
 gen = 5180
 gen = 5181
 gen = 5182
 gen = 5183
 gen = 5184
 gen = 5185
 gen = 5186
 gen = 5187
 gen = 5188
 gen = 5189
 gen = 5190
 gen = 5191
 gen = 5192
 gen = 5193
 gen = 5194
 gen = 5195
 gen = 5196
 gen = 5197
 gen = 5198
 gen = 5199
 gen = 5200
 gen = 5201
 gen = 5202
 gen = 5203
 gen = 5204
 gen = 5205
 gen = 5206
 gen = 5207
 gen = 5208
 gen = 5209
 gen = 5210
 gen = 5211
 gen = 5212
 gen = 5213
 gen = 5214
 gen = 5215
 gen = 5216
 gen = 5217
 gen = 5218
 gen = 5219
 gen = 5220
 gen = 5221
 gen = 5222
 gen = 5223
 gen = 5224
 gen = 5225
 gen = 5226
 gen = 5227
 gen = 5228
 gen = 5229
 gen = 5230
 gen = 5231
 gen = 5232
 gen = 5233
 gen = 5234
 gen = 5235
 gen = 5236
 gen = 5237
 gen = 5238
 gen = 5239
 gen = 5240
 gen = 5241
 gen = 5242
 gen = 5243
 gen = 5244
 gen = 5245
 gen = 5246
 gen = 5247
 gen = 5248
 gen = 5249
 gen = 5250
 gen = 5251
 gen = 5252
 gen = 5253
 gen = 5254
 gen = 5255
 gen = 5256
 gen = 5257
 gen = 5258
 gen = 5259
 gen = 5260
 gen = 5261
 gen = 5262
 gen = 5263
 gen = 5264
 gen = 5265
 gen = 5266
 gen = 5267
 gen = 5268
 gen = 5269
 gen = 5270
 gen = 5271
 gen = 5272
 gen = 5273
 gen = 5274
 gen = 5275
 gen = 5276
 gen = 5277
 gen = 5278
 gen = 5279
 gen = 5280
 gen = 5281
 gen = 5282
 gen = 5283
 gen = 5284
 gen = 5285
 gen = 5286
 gen = 5287
 gen = 5288
 gen = 5289
 gen = 5290
 gen = 5291
 gen = 5292
 gen = 5293
 gen = 5294
 gen = 5295
 gen = 5296
 gen = 5297
 gen = 5298
 gen = 5299
 gen = 5300
 gen = 5301
 gen = 5302
 gen = 5303
 gen = 5304
 gen = 5305
 gen = 5306
 gen = 5307
 gen = 5308
 gen = 5309
 gen = 5310
 gen = 5311
 gen = 5312
 gen = 5313
 gen = 5314
 gen = 5315
 gen = 5316
 gen = 5317
 gen = 5318
 gen = 5319
 gen = 5320
 gen = 5321
 gen = 5322
 gen = 5323
 gen = 5324
 gen = 5325
 gen = 5326
 gen = 5327
 gen = 5328
 gen = 5329
 gen = 5330
 gen = 5331
 gen = 5332
 gen = 5333
 gen = 5334
 gen = 5335
 gen = 5336
 gen = 5337
 gen = 5338
 gen = 5339
 gen = 5340
 gen = 5341
 gen = 5342
 gen = 5343
 gen = 5344
 gen = 5345
 gen = 5346
 gen = 5347
 gen = 5348
 gen = 5349
 gen = 5350
 gen = 5351
 gen = 5352
 gen = 5353
 gen = 5354
 gen = 5355
 gen = 5356
 gen = 5357
 gen = 5358
 gen = 5359
 gen = 5360
 gen = 5361
 gen = 5362
 gen = 5363
 gen = 5364
 gen = 5365
 gen = 5366
 gen = 5367
 gen = 5368
 gen = 5369
 gen = 5370
 gen = 5371
 gen = 5372
 gen = 5373
 gen = 5374
 gen = 5375
 gen = 5376
 gen = 5377
 gen = 5378
 gen = 5379
 gen = 5380
 gen = 5381
 gen = 5382
 gen = 5383
 gen = 5384
 gen = 5385
 gen = 5386
 gen = 5387
 gen = 5388
 gen = 5389
 gen = 5390
 gen = 5391
 gen = 5392
 gen = 5393
 gen = 5394
 gen = 5395
 gen = 5396
 gen = 5397
 gen = 5398
 gen = 5399
 gen = 5400
 gen = 5401
 gen = 5402
 gen = 5403
 gen = 5404
 gen = 5405
 gen = 5406
 gen = 5407
 gen = 5408
 gen = 5409
 gen = 5410
 gen = 5411
 gen = 5412
 gen = 5413
 gen = 5414
 gen = 5415
 gen = 5416
 gen = 5417
 gen = 5418
 gen = 5419
 gen = 5420
 gen = 5421
 gen = 5422
 gen = 5423
 gen = 5424
 gen = 5425
 gen = 5426
 gen = 5427
 gen = 5428
 gen = 5429
 gen = 5430
 gen = 5431
 gen = 5432
 gen = 5433
 gen = 5434
 gen = 5435
 gen = 5436
 gen = 5437
 gen = 5438
 gen = 5439
 gen = 5440
 gen = 5441
 gen = 5442
 gen = 5443
 gen = 5444
 gen = 5445
 gen = 5446
 gen = 5447
 gen = 5448
 gen = 5449
 gen = 5450
 gen = 5451
 gen = 5452
 gen = 5453
 gen = 5454
 gen = 5455
 gen = 5456
 gen = 5457
 gen = 5458
 gen = 5459
 gen = 5460
 gen = 5461
 gen = 5462
 gen = 5463
 gen = 5464
 gen = 5465
 gen = 5466
 gen = 5467
 gen = 5468
 gen = 5469
 gen = 5470
 gen = 5471
 gen = 5472
 gen = 5473
 gen = 5474
 gen = 5475
 gen = 5476
 gen = 5477
 gen = 5478
 gen = 5479
 gen = 5480
 gen = 5481
 gen = 5482
 gen = 5483
 gen = 5484
 gen = 5485
 gen = 5486
 gen = 5487
 gen = 5488
 gen = 5489
 gen = 5490
 gen = 5491
 gen = 5492
 gen = 5493
 gen = 5494
 gen = 5495
 gen = 5496
 gen = 5497
 gen = 5498
 gen = 5499
 gen = 5500
 gen = 5501
 gen = 5502
 gen = 5503
 gen = 5504
 gen = 5505
 gen = 5506
 gen = 5507
 gen = 5508
 gen = 5509
 gen = 5510
 gen = 5511
 gen = 5512
 gen = 5513
 gen = 5514
 gen = 5515
 gen = 5516
 gen = 5517
 gen = 5518
 gen = 5519
 gen = 5520
 gen = 5521
 gen = 5522
 gen = 5523
 gen = 5524
 gen = 5525
 gen = 5526
 gen = 5527
 gen = 5528
 gen = 5529
 gen = 5530
 gen = 5531
 gen = 5532
 gen = 5533
 gen = 5534
 gen = 5535
 gen = 5536
 gen = 5537
 gen = 5538
 gen = 5539
 gen = 5540
 gen = 5541
 gen = 5542
 gen = 5543
 gen = 5544
 gen = 5545
 gen = 5546
 gen = 5547
 gen = 5548
 gen = 5549
 gen = 5550
 gen = 5551
 gen = 5552
 gen = 5553
 gen = 5554
 gen = 5555
 gen = 5556
 gen = 5557
 gen = 5558
 gen = 5559
 gen = 5560
 gen = 5561
 gen = 5562
 gen = 5563
 gen = 5564
 gen = 5565
 gen = 5566
 gen = 5567
 gen = 5568
 gen = 5569
 gen = 5570
 gen = 5571
 gen = 5572
 gen = 5573
 gen = 5574
 gen = 5575
 gen = 5576
 gen = 5577
 gen = 5578
 gen = 5579
 gen = 5580
 gen = 5581
 gen = 5582
 gen = 5583
 gen = 5584
 gen = 5585
 gen = 5586
 gen = 5587
 gen = 5588
 gen = 5589
 gen = 5590
 gen = 5591
 gen = 5592
 gen = 5593
 gen = 5594
 gen = 5595
 gen = 5596
 gen = 5597
 gen = 5598
 gen = 5599
 gen = 5600
 gen = 5601
 gen = 5602
 gen = 5603
 gen = 5604
 gen = 5605
 gen = 5606
 gen = 5607
 gen = 5608
 gen = 5609
 gen = 5610
 gen = 5611
 gen = 5612
 gen = 5613
 gen = 5614
 gen = 5615
 gen = 5616
 gen = 5617
 gen = 5618
 gen = 5619
 gen = 5620
 gen = 5621
 gen = 5622
 gen = 5623
 gen = 5624
 gen = 5625
 gen = 5626
 gen = 5627
 gen = 5628
 gen = 5629
 gen = 5630
 gen = 5631
 gen = 5632
 gen = 5633
 gen = 5634
 gen = 5635
 gen = 5636
 gen = 5637
 gen = 5638
 gen = 5639
 gen = 5640
 gen = 5641
 gen = 5642
 gen = 5643
 gen = 5644
 gen = 5645
 gen = 5646
 gen = 5647
 gen = 5648
 gen = 5649
 gen = 5650
 gen = 5651
 gen = 5652
 gen = 5653
 gen = 5654
 gen = 5655
 gen = 5656
 gen = 5657
 gen = 5658
 gen = 5659
 gen = 5660
 gen = 5661
 gen = 5662
 gen = 5663
 gen = 5664
 gen = 5665
 gen = 5666
 gen = 5667
 gen = 5668
 gen = 5669
 gen = 5670
 gen = 5671
 gen = 5672
 gen = 5673
 gen = 5674
 gen = 5675
 gen = 5676
 gen = 5677
 gen = 5678
 gen = 5679
 gen = 5680
 gen = 5681
 gen = 5682
 gen = 5683
 gen = 5684
 gen = 5685
 gen = 5686
 gen = 5687
 gen = 5688
 gen = 5689
 gen = 5690
 gen = 5691
 gen = 5692
 gen = 5693
 gen = 5694
 gen = 5695
 gen = 5696
 gen = 5697
 gen = 5698
 gen = 5699
 gen = 5700
 gen = 5701
 gen = 5702
 gen = 5703
 gen = 5704
 gen = 5705
 gen = 5706
 gen = 5707
 gen = 5708
 gen = 5709
 gen = 5710
 gen = 5711
 gen = 5712
 gen = 5713
 gen = 5714
 gen = 5715
 gen = 5716
 gen = 5717
 gen = 5718
 gen = 5719
 gen = 5720
 gen = 5721
 gen = 5722
 gen = 5723
 gen = 5724
 gen = 5725
 gen = 5726
 gen = 5727
 gen = 5728
 gen = 5729
 gen = 5730
 gen = 5731
 gen = 5732
 gen = 5733
 gen = 5734
 gen = 5735
 gen = 5736
 gen = 5737
 gen = 5738
 gen = 5739
 gen = 5740
 gen = 5741
 gen = 5742
 gen = 5743
 gen = 5744
 gen = 5745
 gen = 5746
 gen = 5747
 gen = 5748
 gen = 5749
 gen = 5750
 gen = 5751
 gen = 5752
 gen = 5753
 gen = 5754
 gen = 5755
 gen = 5756
 gen = 5757
 gen = 5758
 gen = 5759
 gen = 5760
 gen = 5761
 gen = 5762
 gen = 5763
 gen = 5764
 gen = 5765
 gen = 5766
 gen = 5767
 gen = 5768
 gen = 5769
 gen = 5770
 gen = 5771
 gen = 5772
 gen = 5773
 gen = 5774
 gen = 5775
 gen = 5776
 gen = 5777
 gen = 5778
 gen = 5779
 gen = 5780
 gen = 5781
 gen = 5782
 gen = 5783
 gen = 5784
 gen = 5785
 gen = 5786
 gen = 5787
 gen = 5788
 gen = 5789
 gen = 5790
 gen = 5791
 gen = 5792
 gen = 5793
 gen = 5794
 gen = 5795
 gen = 5796
 gen = 5797
 gen = 5798
 gen = 5799
 gen = 5800
 gen = 5801
 gen = 5802
 gen = 5803
 gen = 5804
 gen = 5805
 gen = 5806
 gen = 5807
 gen = 5808
 gen = 5809
 gen = 5810
 gen = 5811
 gen = 5812
 gen = 5813
 gen = 5814
 gen = 5815
 gen = 5816
 gen = 5817
 gen = 5818
 gen = 5819
 gen = 5820
 gen = 5821
 gen = 5822
 gen = 5823
 gen = 5824
 gen = 5825
 gen = 5826
 gen = 5827
 gen = 5828
 gen = 5829
 gen = 5830
 gen = 5831
 gen = 5832
 gen = 5833
 gen = 5834
 gen = 5835
 gen = 5836
 gen = 5837
 gen = 5838
 gen = 5839
 gen = 5840
 gen = 5841
 gen = 5842
 gen = 5843
 gen = 5844
 gen = 5845
 gen = 5846
 gen = 5847
 gen = 5848
 gen = 5849
 gen = 5850
 gen = 5851
 gen = 5852
 gen = 5853
 gen = 5854
 gen = 5855
 gen = 5856
 gen = 5857
 gen = 5858
 gen = 5859
 gen = 5860
 gen = 5861
 gen = 5862
 gen = 5863
 gen = 5864
 gen = 5865
 gen = 5866
 gen = 5867
 gen = 5868
 gen = 5869
 gen = 5870
 gen = 5871
 gen = 5872
 gen = 5873
 gen = 5874
 gen = 5875
 gen = 5876
 gen = 5877
 gen = 5878
 gen = 5879
 gen = 5880
 gen = 5881
 gen = 5882
 gen = 5883
 gen = 5884
 gen = 5885
 gen = 5886
 gen = 5887
 gen = 5888
 gen = 5889
 gen = 5890
 gen = 5891
 gen = 5892
 gen = 5893
 gen = 5894
 gen = 5895
 gen = 5896
 gen = 5897
 gen = 5898
 gen = 5899
 gen = 5900
 gen = 5901
 gen = 5902
 gen = 5903
 gen = 5904
 gen = 5905
 gen = 5906
 gen = 5907
 gen = 5908
 gen = 5909
 gen = 5910
 gen = 5911
 gen = 5912
 gen = 5913
 gen = 5914
 gen = 5915
 gen = 5916
 gen = 5917
 gen = 5918
 gen = 5919
 gen = 5920
 gen = 5921
 gen = 5922
 gen = 5923
 gen = 5924
 gen = 5925
 gen = 5926
 gen = 5927
 gen = 5928
 gen = 5929
 gen = 5930
 gen = 5931
 gen = 5932
 gen = 5933
 gen = 5934
 gen = 5935
 gen = 5936
 gen = 5937
 gen = 5938
 gen = 5939
 gen = 5940
 gen = 5941
 gen = 5942
 gen = 5943
 gen = 5944
 gen = 5945
 gen = 5946
 gen = 5947
 gen = 5948
 gen = 5949
 gen = 5950
 gen = 5951
 gen = 5952
 gen = 5953
 gen = 5954
 gen = 5955
 gen = 5956
 gen = 5957
 gen = 5958
 gen = 5959
 gen = 5960
 gen = 5961
 gen = 5962
 gen = 5963
 gen = 5964
 gen = 5965
 gen = 5966
 gen = 5967
 gen = 5968
 gen = 5969
 gen = 5970
 gen = 5971
 gen = 5972
 gen = 5973
 gen = 5974
 gen = 5975
 gen = 5976
 gen = 5977
 gen = 5978
 gen = 5979
 gen = 5980
 gen = 5981
 gen = 5982
 gen = 5983
 gen = 5984
 gen = 5985
 gen = 5986
 gen = 5987
 gen = 5988
 gen = 5989
 gen = 5990
 gen = 5991
 gen = 5992
 gen = 5993
 gen = 5994
 gen = 5995
 gen = 5996
 gen = 5997
 gen = 5998
 gen = 5999
 gen = 6000
 gen = 6001
 gen = 6002
 gen = 6003
 gen = 6004
 gen = 6005
 gen = 6006
 gen = 6007
 gen = 6008
 gen = 6009
 gen = 6010
 gen = 6011
 gen = 6012
 gen = 6013
 gen = 6014
 gen = 6015
 gen = 6016
 gen = 6017
 gen = 6018
 gen = 6019
 gen = 6020
 gen = 6021
 gen = 6022
 gen = 6023
 gen = 6024
 gen = 6025
 gen = 6026
 gen = 6027
 gen = 6028
 gen = 6029
 gen = 6030
 gen = 6031
 gen = 6032
 gen = 6033
 gen = 6034
 gen = 6035
 gen = 6036
 gen = 6037
 gen = 6038
 gen = 6039
 gen = 6040
 gen = 6041
 gen = 6042
 gen = 6043
 gen = 6044
 gen = 6045
 gen = 6046
 gen = 6047
 gen = 6048
 gen = 6049
 gen = 6050
 gen = 6051
 gen = 6052
 gen = 6053
 gen = 6054
 gen = 6055
 gen = 6056
 gen = 6057
 gen = 6058
 gen = 6059
 gen = 6060
 gen = 6061
 gen = 6062
 gen = 6063
 gen = 6064
 gen = 6065
 gen = 6066
 gen = 6067
 gen = 6068
 gen = 6069
 gen = 6070
 gen = 6071
 gen = 6072
 gen = 6073
 gen = 6074
 gen = 6075
 gen = 6076
 gen = 6077
 gen = 6078
 gen = 6079
 gen = 6080
 gen = 6081
 gen = 6082
 gen = 6083
 gen = 6084
 gen = 6085
 gen = 6086
 gen = 6087
 gen = 6088
 gen = 6089
 gen = 6090
 gen = 6091
 gen = 6092
 gen = 6093
 gen = 6094
 gen = 6095
 gen = 6096
 gen = 6097
 gen = 6098
 gen = 6099
 gen = 6100
 gen = 6101
 gen = 6102
 gen = 6103
 gen = 6104
 gen = 6105
 gen = 6106
 gen = 6107
 gen = 6108
 gen = 6109
 gen = 6110
 gen = 6111
 gen = 6112
 gen = 6113
 gen = 6114
 gen = 6115
 gen = 6116
 gen = 6117
 gen = 6118
 gen = 6119
 gen = 6120
 gen = 6121
 gen = 6122
 gen = 6123
 gen = 6124
 gen = 6125
 gen = 6126
 gen = 6127
 gen = 6128
 gen = 6129
 gen = 6130
 gen = 6131
 gen = 6132
 gen = 6133
 gen = 6134
 gen = 6135
 gen = 6136
 gen = 6137
 gen = 6138
 gen = 6139
 gen = 6140
 gen = 6141
 gen = 6142
 gen = 6143
 gen = 6144
 gen = 6145
 gen = 6146
 gen = 6147
 gen = 6148
 gen = 6149
 gen = 6150
 gen = 6151
 gen = 6152
 gen = 6153
 gen = 6154
 gen = 6155
 gen = 6156
 gen = 6157
 gen = 6158
 gen = 6159
 gen = 6160
 gen = 6161
 gen = 6162
 gen = 6163
 gen = 6164
 gen = 6165
 gen = 6166
 gen = 6167
 gen = 6168
 gen = 6169
 gen = 6170
 gen = 6171
 gen = 6172
 gen = 6173
 gen = 6174
 gen = 6175
 gen = 6176
 gen = 6177
 gen = 6178
 gen = 6179
 gen = 6180
 gen = 6181
 gen = 6182
 gen = 6183
 gen = 6184
 gen = 6185
 gen = 6186
 gen = 6187
 gen = 6188
 gen = 6189
 gen = 6190
 gen = 6191
 gen = 6192
 gen = 6193
 gen = 6194
 gen = 6195
 gen = 6196
 gen = 6197
 gen = 6198
 gen = 6199
 gen = 6200
 gen = 6201
 gen = 6202
 gen = 6203
 gen = 6204
 gen = 6205
 gen = 6206
 gen = 6207
 gen = 6208
 gen = 6209
 gen = 6210
 gen = 6211
 gen = 6212
 gen = 6213
 gen = 6214
 gen = 6215
 gen = 6216
 gen = 6217
 gen = 6218
 gen = 6219
 gen = 6220
 gen = 6221
 gen = 6222
 gen = 6223
 gen = 6224
 gen = 6225
 gen = 6226
 gen = 6227
 gen = 6228
 gen = 6229
 gen = 6230
 gen = 6231
 gen = 6232
 gen = 6233
 gen = 6234
 gen = 6235
 gen = 6236
 gen = 6237
 gen = 6238
 gen = 6239
 gen = 6240
 gen = 6241
 gen = 6242
 gen = 6243
 gen = 6244
 gen = 6245
 gen = 6246
 gen = 6247
 gen = 6248
 gen = 6249
 gen = 6250
 gen = 6251
 gen = 6252
 gen = 6253
 gen = 6254
 gen = 6255
 gen = 6256
 gen = 6257
 gen = 6258
 gen = 6259
 gen = 6260
 gen = 6261
 gen = 6262
 gen = 6263
 gen = 6264
 gen = 6265
 gen = 6266
 gen = 6267
 gen = 6268
 gen = 6269
 gen = 6270
 gen = 6271
 gen = 6272
 gen = 6273
 gen = 6274
 gen = 6275
 gen = 6276
 gen = 6277
 gen = 6278
 gen = 6279
 gen = 6280
 gen = 6281
 gen = 6282
 gen = 6283
 gen = 6284
 gen = 6285
 gen = 6286
 gen = 6287
 gen = 6288
 gen = 6289
 gen = 6290
 gen = 6291
 gen = 6292
 gen = 6293
 gen = 6294
 gen = 6295
 gen = 6296
 gen = 6297
 gen = 6298
 gen = 6299
 gen = 6300
 gen = 6301
 gen = 6302
 gen = 6303
 gen = 6304
 gen = 6305
 gen = 6306
 gen = 6307
 gen = 6308
 gen = 6309
 gen = 6310
 gen = 6311
 gen = 6312
 gen = 6313
 gen = 6314
 gen = 6315
 gen = 6316
 gen = 6317
 gen = 6318
 gen = 6319
 gen = 6320
 gen = 6321
 gen = 6322
 gen = 6323
 gen = 6324
 gen = 6325
 gen = 6326
 gen = 6327
 gen = 6328
 gen = 6329
 gen = 6330
 gen = 6331
 gen = 6332
 gen = 6333
 gen = 6334
 gen = 6335
 gen = 6336
 gen = 6337
 gen = 6338
 gen = 6339
 gen = 6340
 gen = 6341
 gen = 6342
 gen = 6343
 gen = 6344
 gen = 6345
 gen = 6346
 gen = 6347
 gen = 6348
 gen = 6349
 gen = 6350
 gen = 6351
 gen = 6352
 gen = 6353
 gen = 6354
 gen = 6355
 gen = 6356
 gen = 6357
 gen = 6358
 gen = 6359
 gen = 6360
 gen = 6361
 gen = 6362
 gen = 6363
 gen = 6364
 gen = 6365
 gen = 6366
 gen = 6367
 gen = 6368
 gen = 6369
 gen = 6370
 gen = 6371
 gen = 6372
 gen = 6373
 gen = 6374
 gen = 6375
 gen = 6376
 gen = 6377
 gen = 6378
 gen = 6379
 gen = 6380
 gen = 6381
 gen = 6382
 gen = 6383
 gen = 6384
 gen = 6385
 gen = 6386
 gen = 6387
 gen = 6388
 gen = 6389
 gen = 6390
 gen = 6391
 gen = 6392
 gen = 6393
 gen = 6394
 gen = 6395
 gen = 6396
 gen = 6397
 gen = 6398
 gen = 6399
 gen = 6400
 gen = 6401
 gen = 6402
 gen = 6403
 gen = 6404
 gen = 6405
 gen = 6406
 gen = 6407
 gen = 6408
 gen = 6409
 gen = 6410
 gen = 6411
 gen = 6412
 gen = 6413
 gen = 6414
 gen = 6415
 gen = 6416
 gen = 6417
 gen = 6418
 gen = 6419
 gen = 6420
 gen = 6421
 gen = 6422
 gen = 6423
 gen = 6424
 gen = 6425
 gen = 6426
 gen = 6427
 gen = 6428
 gen = 6429
 gen = 6430
 gen = 6431
 gen = 6432
 gen = 6433
 gen = 6434
 gen = 6435
 gen = 6436
 gen = 6437
 gen = 6438
 gen = 6439
 gen = 6440
 gen = 6441
 gen = 6442
 gen = 6443
 gen = 6444
 gen = 6445
 gen = 6446
 gen = 6447
 gen = 6448
 gen = 6449
 gen = 6450
 gen = 6451
 gen = 6452
 gen = 6453
 gen = 6454
 gen = 6455
 gen = 6456
 gen = 6457
 gen = 6458
 gen = 6459
 gen = 6460
 gen = 6461
 gen = 6462
 gen = 6463
 gen = 6464
 gen = 6465
 gen = 6466
 gen = 6467
 gen = 6468
 gen = 6469
 gen = 6470
 gen = 6471
 gen = 6472
 gen = 6473
 gen = 6474
 gen = 6475
 gen = 6476
 gen = 6477
 gen = 6478
 gen = 6479
 gen = 6480
 gen = 6481
 gen = 6482
 gen = 6483
 gen = 6484
 gen = 6485
 gen = 6486
 gen = 6487
 gen = 6488
 gen = 6489
 gen = 6490
 gen = 6491
 gen = 6492
 gen = 6493
 gen = 6494
 gen = 6495
 gen = 6496
 gen = 6497
 gen = 6498
 gen = 6499
 gen = 6500
 gen = 6501
 gen = 6502
 gen = 6503
 gen = 6504
 gen = 6505
 gen = 6506
 gen = 6507
 gen = 6508
 gen = 6509
 gen = 6510
 gen = 6511
 gen = 6512
 gen = 6513
 gen = 6514
 gen = 6515
 gen = 6516
 gen = 6517
 gen = 6518
 gen = 6519
 gen = 6520
 gen = 6521
 gen = 6522
 gen = 6523
 gen = 6524
 gen = 6525
 gen = 6526
 gen = 6527
 gen = 6528
 gen = 6529
 gen = 6530
 gen = 6531
 gen = 6532
 gen = 6533
 gen = 6534
 gen = 6535
 gen = 6536
 gen = 6537
 gen = 6538
 gen = 6539
 gen = 6540
 gen = 6541
 gen = 6542
 gen = 6543
 gen = 6544
 gen = 6545
 gen = 6546
 gen = 6547
 gen = 6548
 gen = 6549
 gen = 6550
 gen = 6551
 gen = 6552
 gen = 6553
 gen = 6554
 gen = 6555
 gen = 6556
 gen = 6557
 gen = 6558
 gen = 6559
 gen = 6560
 gen = 6561
 gen = 6562
 gen = 6563
 gen = 6564
 gen = 6565
 gen = 6566
 gen = 6567
 gen = 6568
 gen = 6569
 gen = 6570
 gen = 6571
 gen = 6572
 gen = 6573
 gen = 6574
 gen = 6575
 gen = 6576
 gen = 6577
 gen = 6578
 gen = 6579
 gen = 6580
 gen = 6581
 gen = 6582
 gen = 6583
 gen = 6584
 gen = 6585
 gen = 6586
 gen = 6587
 gen = 6588
 gen = 6589
 gen = 6590
 gen = 6591
 gen = 6592
 gen = 6593
 gen = 6594
 gen = 6595
 gen = 6596
 gen = 6597
 gen = 6598
 gen = 6599
 gen = 6600
 gen = 6601
 gen = 6602
 gen = 6603
 gen = 6604
 gen = 6605
 gen = 6606
 gen = 6607
 gen = 6608
 gen = 6609
 gen = 6610
 gen = 6611
 gen = 6612
 gen = 6613
 gen = 6614
 gen = 6615
 gen = 6616
 gen = 6617
 gen = 6618
 gen = 6619
 gen = 6620
 gen = 6621
 gen = 6622
 gen = 6623
 gen = 6624
 gen = 6625
 gen = 6626
 gen = 6627
 gen = 6628
 gen = 6629
 gen = 6630
 gen = 6631
 gen = 6632
 gen = 6633
 gen = 6634
 gen = 6635
 gen = 6636
 gen = 6637
 gen = 6638
 gen = 6639
 gen = 6640
 gen = 6641
 gen = 6642
 gen = 6643
 gen = 6644
 gen = 6645
 gen = 6646
 gen = 6647
 gen = 6648
 gen = 6649
 gen = 6650
 gen = 6651
 gen = 6652
 gen = 6653
 gen = 6654
 gen = 6655
 gen = 6656
 gen = 6657
 gen = 6658
 gen = 6659
 gen = 6660
 gen = 6661
 gen = 6662
 gen = 6663
 gen = 6664
 gen = 6665
 gen = 6666
 gen = 6667
 gen = 6668
 gen = 6669
 gen = 6670
 gen = 6671
 gen = 6672
 gen = 6673
 gen = 6674
 gen = 6675
 gen = 6676
 gen = 6677
 gen = 6678
 gen = 6679
 gen = 6680
 gen = 6681
 gen = 6682
 gen = 6683
 gen = 6684
 gen = 6685
 gen = 6686
 gen = 6687
 gen = 6688
 gen = 6689
 gen = 6690
 gen = 6691
 gen = 6692
 gen = 6693
 gen = 6694
 gen = 6695
 gen = 6696
 gen = 6697
 gen = 6698
 gen = 6699
 gen = 6700
 gen = 6701
 gen = 6702
 gen = 6703
 gen = 6704
 gen = 6705
 gen = 6706
 gen = 6707
 gen = 6708
 gen = 6709
 gen = 6710
 gen = 6711
 gen = 6712
 gen = 6713
 gen = 6714
 gen = 6715
 gen = 6716
 gen = 6717
 gen = 6718
 gen = 6719
 gen = 6720
 gen = 6721
 gen = 6722
 gen = 6723
 gen = 6724
 gen = 6725
 gen = 6726
 gen = 6727
 gen = 6728
 gen = 6729
 gen = 6730
 gen = 6731
 gen = 6732
 gen = 6733
 gen = 6734
 gen = 6735
 gen = 6736
 gen = 6737
 gen = 6738
 gen = 6739
 gen = 6740
 gen = 6741
 gen = 6742
 gen = 6743
 gen = 6744
 gen = 6745
 gen = 6746
 gen = 6747
 gen = 6748
 gen = 6749
 gen = 6750
 gen = 6751
 gen = 6752
 gen = 6753
 gen = 6754
 gen = 6755
 gen = 6756
 gen = 6757
 gen = 6758
 gen = 6759
 gen = 6760
 gen = 6761
 gen = 6762
 gen = 6763
 gen = 6764
 gen = 6765
 gen = 6766
 gen = 6767
 gen = 6768
 gen = 6769
 gen = 6770
 gen = 6771
 gen = 6772
 gen = 6773
 gen = 6774
 gen = 6775
 gen = 6776
 gen = 6777
 gen = 6778
 gen = 6779
 gen = 6780
 gen = 6781
 gen = 6782
 gen = 6783
 gen = 6784
 gen = 6785
 gen = 6786
 gen = 6787
 gen = 6788
 gen = 6789
 gen = 6790
 gen = 6791
 gen = 6792
 gen = 6793
 gen = 6794
 gen = 6795
 gen = 6796
 gen = 6797
 gen = 6798
 gen = 6799
 gen = 6800
 gen = 6801
 gen = 6802
 gen = 6803
 gen = 6804
 gen = 6805
 gen = 6806
 gen = 6807
 gen = 6808
 gen = 6809
 gen = 6810
 gen = 6811
 gen = 6812
 gen = 6813
 gen = 6814
 gen = 6815
 gen = 6816
 gen = 6817
 gen = 6818
 gen = 6819
 gen = 6820
 gen = 6821
 gen = 6822
 gen = 6823
 gen = 6824
 gen = 6825
 gen = 6826
 gen = 6827
 gen = 6828
 gen = 6829
 gen = 6830
 gen = 6831
 gen = 6832
 gen = 6833
 gen = 6834
 gen = 6835
 gen = 6836
 gen = 6837
 gen = 6838
 gen = 6839
 gen = 6840
 gen = 6841
 gen = 6842
 gen = 6843
 gen = 6844
 gen = 6845
 gen = 6846
 gen = 6847
 gen = 6848
 gen = 6849
 gen = 6850
 gen = 6851
 gen = 6852
 gen = 6853
 gen = 6854
 gen = 6855
 gen = 6856
 gen = 6857
 gen = 6858
 gen = 6859
 gen = 6860
 gen = 6861
 gen = 6862
 gen = 6863
 gen = 6864
 gen = 6865
 gen = 6866
 gen = 6867
 gen = 6868
 gen = 6869
 gen = 6870
 gen = 6871
 gen = 6872
 gen = 6873
 gen = 6874
 gen = 6875
 gen = 6876
 gen = 6877
 gen = 6878
 gen = 6879
 gen = 6880
 gen = 6881
 gen = 6882
 gen = 6883
 gen = 6884
 gen = 6885
 gen = 6886
 gen = 6887
 gen = 6888
 gen = 6889
 gen = 6890
 gen = 6891
 gen = 6892
 gen = 6893
 gen = 6894
 gen = 6895
 gen = 6896
 gen = 6897
 gen = 6898
 gen = 6899
 gen = 6900
 gen = 6901
 gen = 6902
 gen = 6903
 gen = 6904
 gen = 6905
 gen = 6906
 gen = 6907
 gen = 6908
 gen = 6909
 gen = 6910
 gen = 6911
 gen = 6912
 gen = 6913
 gen = 6914
 gen = 6915
 gen = 6916
 gen = 6917
 gen = 6918
 gen = 6919
 gen = 6920
 gen = 6921
 gen = 6922
 gen = 6923
 gen = 6924
 gen = 6925
 gen = 6926
 gen = 6927
 gen = 6928
 gen = 6929
 gen = 6930
 gen = 6931
 gen = 6932
 gen = 6933
 gen = 6934
 gen = 6935
 gen = 6936
 gen = 6937
 gen = 6938
 gen = 6939
 gen = 6940
 gen = 6941
 gen = 6942
 gen = 6943
 gen = 6944
 gen = 6945
 gen = 6946
 gen = 6947
 gen = 6948
 gen = 6949
 gen = 6950
 gen = 6951
 gen = 6952
 gen = 6953
 gen = 6954
 gen = 6955
 gen = 6956
 gen = 6957
 gen = 6958
 gen = 6959
 gen = 6960
 gen = 6961
 gen = 6962
 gen = 6963
 gen = 6964
 gen = 6965
 gen = 6966
 gen = 6967
 gen = 6968
 gen = 6969
 gen = 6970
 gen = 6971
 gen = 6972
 gen = 6973
 gen = 6974
 gen = 6975
 gen = 6976
 gen = 6977
 gen = 6978
 gen = 6979
 gen = 6980
 gen = 6981
 gen = 6982
 gen = 6983
 gen = 6984
 gen = 6985
 gen = 6986
 gen = 6987
 gen = 6988
 gen = 6989
 gen = 6990
 gen = 6991
 gen = 6992
 gen = 6993
 gen = 6994
 gen = 6995
 gen = 6996
 gen = 6997
 gen = 6998
 gen = 6999
 gen = 7000
 gen = 7001
 gen = 7002
 gen = 7003
 gen = 7004
 gen = 7005
 gen = 7006
 gen = 7007
 gen = 7008
 gen = 7009
 gen = 7010
 gen = 7011
 gen = 7012
 gen = 7013
 gen = 7014
 gen = 7015
 gen = 7016
 gen = 7017
 gen = 7018
 gen = 7019
 gen = 7020
 gen = 7021
 gen = 7022
 gen = 7023
 gen = 7024
 gen = 7025
 gen = 7026
 gen = 7027
 gen = 7028
 gen = 7029
 gen = 7030
 gen = 7031
 gen = 7032
 gen = 7033
 gen = 7034
 gen = 7035
 gen = 7036
 gen = 7037
 gen = 7038
 gen = 7039
 gen = 7040
 gen = 7041
 gen = 7042
 gen = 7043
 gen = 7044
 gen = 7045
 gen = 7046
 gen = 7047
 gen = 7048
 gen = 7049
 gen = 7050
 gen = 7051
 gen = 7052
 gen = 7053
 gen = 7054
 gen = 7055
 gen = 7056
 gen = 7057
 gen = 7058
 gen = 7059
 gen = 7060
 gen = 7061
 gen = 7062
 gen = 7063
 gen = 7064
 gen = 7065
 gen = 7066
 gen = 7067
 gen = 7068
 gen = 7069
 gen = 7070
 gen = 7071
 gen = 7072
 gen = 7073
 gen = 7074
 gen = 7075
 gen = 7076
 gen = 7077
 gen = 7078
 gen = 7079
 gen = 7080
 gen = 7081
 gen = 7082
 gen = 7083
 gen = 7084
 gen = 7085
 gen = 7086
 gen = 7087
 gen = 7088
 gen = 7089
 gen = 7090
 gen = 7091
 gen = 7092
 gen = 7093
 gen = 7094
 gen = 7095
 gen = 7096
 gen = 7097
 gen = 7098
 gen = 7099
 gen = 7100
 gen = 7101
 gen = 7102
 gen = 7103
 gen = 7104
 gen = 7105
 gen = 7106
 gen = 7107
 gen = 7108
 gen = 7109
 gen = 7110
 gen = 7111
 gen = 7112
 gen = 7113
 gen = 7114
 gen = 7115
 gen = 7116
 gen = 7117
 gen = 7118
 gen = 7119
 gen = 7120
 gen = 7121
 gen = 7122
 gen = 7123
 gen = 7124
 gen = 7125
 gen = 7126
 gen = 7127
 gen = 7128
 gen = 7129
 gen = 7130
 gen = 7131
 gen = 7132
 gen = 7133
 gen = 7134
 gen = 7135
 gen = 7136
 gen = 7137
 gen = 7138
 gen = 7139
 gen = 7140
 gen = 7141
 gen = 7142
 gen = 7143
 gen = 7144
 gen = 7145
 gen = 7146
 gen = 7147
 gen = 7148
 gen = 7149
 gen = 7150
 gen = 7151
 gen = 7152
 gen = 7153
 gen = 7154
 gen = 7155
 gen = 7156
 gen = 7157
 gen = 7158
 gen = 7159
 gen = 7160
 gen = 7161
 gen = 7162
 gen = 7163
 gen = 7164
 gen = 7165
 gen = 7166
 gen = 7167
 gen = 7168
 gen = 7169
 gen = 7170
 gen = 7171
 gen = 7172
 gen = 7173
 gen = 7174
 gen = 7175
 gen = 7176
 gen = 7177
 gen = 7178
 gen = 7179
 gen = 7180
 gen = 7181
 gen = 7182
 gen = 7183
 gen = 7184
 gen = 7185
 gen = 7186
 gen = 7187
 gen = 7188
 gen = 7189
 gen = 7190
 gen = 7191
 gen = 7192
 gen = 7193
 gen = 7194
 gen = 7195
 gen = 7196
 gen = 7197
 gen = 7198
 gen = 7199
 gen = 7200
 gen = 7201
 gen = 7202
 gen = 7203
 gen = 7204
 gen = 7205
 gen = 7206
 gen = 7207
 gen = 7208
 gen = 7209
 gen = 7210
 gen = 7211
 gen = 7212
 gen = 7213
 gen = 7214
 gen = 7215
 gen = 7216
 gen = 7217
 gen = 7218
 gen = 7219
 gen = 7220
 gen = 7221
 gen = 7222
 gen = 7223
 gen = 7224
 gen = 7225
 gen = 7226
 gen = 7227
 gen = 7228
 gen = 7229
 gen = 7230
 gen = 7231
 gen = 7232
 gen = 7233
 gen = 7234
 gen = 7235
 gen = 7236
 gen = 7237
 gen = 7238
 gen = 7239
 gen = 7240
 gen = 7241
 gen = 7242
 gen = 7243
 gen = 7244
 gen = 7245
 gen = 7246
 gen = 7247
 gen = 7248
 gen = 7249
 gen = 7250
 gen = 7251
 gen = 7252
 gen = 7253
 gen = 7254
 gen = 7255
 gen = 7256
 gen = 7257
 gen = 7258
 gen = 7259
 gen = 7260
 gen = 7261
 gen = 7262
 gen = 7263
 gen = 7264
 gen = 7265
 gen = 7266
 gen = 7267
 gen = 7268
 gen = 7269
 gen = 7270
 gen = 7271
 gen = 7272
 gen = 7273
 gen = 7274
 gen = 7275
 gen = 7276
 gen = 7277
 gen = 7278
 gen = 7279
 gen = 7280
 gen = 7281
 gen = 7282
 gen = 7283
 gen = 7284
 gen = 7285
 gen = 7286
 gen = 7287
 gen = 7288
 gen = 7289
 gen = 7290
 gen = 7291
 gen = 7292
 gen = 7293
 gen = 7294
 gen = 7295
 gen = 7296
 gen = 7297
 gen = 7298
 gen = 7299
 gen = 7300
 gen = 7301
 gen = 7302
 gen = 7303
 gen = 7304
 gen = 7305
 gen = 7306
 gen = 7307
 gen = 7308
 gen = 7309
 gen = 7310
 gen = 7311
 gen = 7312
 gen = 7313
 gen = 7314
 gen = 7315
 gen = 7316
 gen = 7317
 gen = 7318
 gen = 7319
 gen = 7320
 gen = 7321
 gen = 7322
 gen = 7323
 gen = 7324
 gen = 7325
 gen = 7326
 gen = 7327
 gen = 7328
 gen = 7329
 gen = 7330
 gen = 7331
 gen = 7332
 gen = 7333
 gen = 7334
 gen = 7335
 gen = 7336
 gen = 7337
 gen = 7338
 gen = 7339
 gen = 7340
 gen = 7341
 gen = 7342
 gen = 7343
 gen = 7344
 gen = 7345
 gen = 7346
 gen = 7347
 gen = 7348
 gen = 7349
 gen = 7350
 gen = 7351
 gen = 7352
 gen = 7353
 gen = 7354
 gen = 7355
 gen = 7356
 gen = 7357
 gen = 7358
 gen = 7359
 gen = 7360
 gen = 7361
 gen = 7362
 gen = 7363
 gen = 7364
 gen = 7365
 gen = 7366
 gen = 7367
 gen = 7368
 gen = 7369
 gen = 7370
 gen = 7371
 gen = 7372
 gen = 7373
 gen = 7374
 gen = 7375
 gen = 7376
 gen = 7377
 gen = 7378
 gen = 7379
 gen = 7380
 gen = 7381
 gen = 7382
 gen = 7383
 gen = 7384
 gen = 7385
 gen = 7386
 gen = 7387
 gen = 7388
 gen = 7389
 gen = 7390
 gen = 7391
 gen = 7392
 gen = 7393
 gen = 7394
 gen = 7395
 gen = 7396
 gen = 7397
 gen = 7398
 gen = 7399
 gen = 7400
 gen = 7401
 gen = 7402
 gen = 7403
 gen = 7404
 gen = 7405
 gen = 7406
 gen = 7407
 gen = 7408
 gen = 7409
 gen = 7410
 gen = 7411
 gen = 7412
 gen = 7413
 gen = 7414
 gen = 7415
 gen = 7416
 gen = 7417
 gen = 7418
 gen = 7419
 gen = 7420
 gen = 7421
 gen = 7422
 gen = 7423
 gen = 7424
 gen = 7425
 gen = 7426
 gen = 7427
 gen = 7428
 gen = 7429
 gen = 7430
 gen = 7431
 gen = 7432
 gen = 7433
 gen = 7434
 gen = 7435
 gen = 7436
 gen = 7437
 gen = 7438
 gen = 7439
 gen = 7440
 gen = 7441
 gen = 7442
 gen = 7443
 gen = 7444
 gen = 7445
 gen = 7446
 gen = 7447
 gen = 7448
 gen = 7449
 gen = 7450
 gen = 7451
 gen = 7452
 gen = 7453
 gen = 7454
 gen = 7455
 gen = 7456
 gen = 7457
 gen = 7458
 gen = 7459
 gen = 7460
 gen = 7461
 gen = 7462
 gen = 7463
 gen = 7464
 gen = 7465
 gen = 7466
 gen = 7467
 gen = 7468
 gen = 7469
 gen = 7470
 gen = 7471
 gen = 7472
 gen = 7473
 gen = 7474
 gen = 7475
 gen = 7476
 gen = 7477
 gen = 7478
 gen = 7479
 gen = 7480
 gen = 7481
 gen = 7482
 gen = 7483
 gen = 7484
 gen = 7485
 gen = 7486
 gen = 7487
 gen = 7488
 gen = 7489
 gen = 7490
 gen = 7491
 gen = 7492
 gen = 7493
 gen = 7494
 gen = 7495
 gen = 7496
 gen = 7497
 gen = 7498
 gen = 7499
 gen = 7500
 gen = 7501
 gen = 7502
 gen = 7503
 gen = 7504
 gen = 7505
 gen = 7506
 gen = 7507
 gen = 7508
 gen = 7509
 gen = 7510
 gen = 7511
 gen = 7512
 gen = 7513
 gen = 7514
 gen = 7515
 gen = 7516
 gen = 7517
 gen = 7518
 gen = 7519
 gen = 7520
 gen = 7521
 gen = 7522
 gen = 7523
 gen = 7524
 gen = 7525
 gen = 7526
 gen = 7527
 gen = 7528
 gen = 7529
 gen = 7530
 gen = 7531
 gen = 7532
 gen = 7533
 gen = 7534
 gen = 7535
 gen = 7536
 gen = 7537
 gen = 7538
 gen = 7539
 gen = 7540
 gen = 7541
 gen = 7542
 gen = 7543
 gen = 7544
 gen = 7545
 gen = 7546
 gen = 7547
 gen = 7548
 gen = 7549
 gen = 7550
 gen = 7551
 gen = 7552
 gen = 7553
 gen = 7554
 gen = 7555
 gen = 7556
 gen = 7557
 gen = 7558
 gen = 7559
 gen = 7560
 gen = 7561
 gen = 7562
 gen = 7563
 gen = 7564
 gen = 7565
 gen = 7566
 gen = 7567
 gen = 7568
 gen = 7569
 gen = 7570
 gen = 7571
 gen = 7572
 gen = 7573
 gen = 7574
 gen = 7575
 gen = 7576
 gen = 7577
 gen = 7578
 gen = 7579
 gen = 7580
 gen = 7581
 gen = 7582
 gen = 7583
 gen = 7584
 gen = 7585
 gen = 7586
 gen = 7587
 gen = 7588
 gen = 7589
 gen = 7590
 gen = 7591
 gen = 7592
 gen = 7593
 gen = 7594
 gen = 7595
 gen = 7596
 gen = 7597
 gen = 7598
 gen = 7599
 gen = 7600
 gen = 7601
 gen = 7602
 gen = 7603
 gen = 7604
 gen = 7605
 gen = 7606
 gen = 7607
 gen = 7608
 gen = 7609
 gen = 7610
 gen = 7611
 gen = 7612
 gen = 7613
 gen = 7614
 gen = 7615
 gen = 7616
 gen = 7617
 gen = 7618
 gen = 7619
 gen = 7620
 gen = 7621
 gen = 7622
 gen = 7623
 gen = 7624
 gen = 7625
 gen = 7626
 gen = 7627
 gen = 7628
 gen = 7629
 gen = 7630
 gen = 7631
 gen = 7632
 gen = 7633
 gen = 7634
 gen = 7635
 gen = 7636
 gen = 7637
 gen = 7638
 gen = 7639
 gen = 7640
 gen = 7641
 gen = 7642
 gen = 7643
 gen = 7644
 gen = 7645
 gen = 7646
 gen = 7647
 gen = 7648
 gen = 7649
 gen = 7650
 gen = 7651
 gen = 7652
 gen = 7653
 gen = 7654
 gen = 7655
 gen = 7656
 gen = 7657
 gen = 7658
 gen = 7659
 gen = 7660
 gen = 7661
 gen = 7662
 gen = 7663
 gen = 7664
 gen = 7665
 gen = 7666
 gen = 7667
 gen = 7668
 gen = 7669
 gen = 7670
 gen = 7671
 gen = 7672
 gen = 7673
 gen = 7674
 gen = 7675
 gen = 7676
 gen = 7677
 gen = 7678
 gen = 7679
 gen = 7680
 gen = 7681
 gen = 7682
 gen = 7683
 gen = 7684
 gen = 7685
 gen = 7686
 gen = 7687
 gen = 7688
 gen = 7689
 gen = 7690
 gen = 7691
 gen = 7692
 gen = 7693
 gen = 7694
 gen = 7695
 gen = 7696
 gen = 7697
 gen = 7698
 gen = 7699
 gen = 7700
 gen = 7701
 gen = 7702
 gen = 7703
 gen = 7704
 gen = 7705
 gen = 7706
 gen = 7707
 gen = 7708
 gen = 7709
 gen = 7710
 gen = 7711
 gen = 7712
 gen = 7713
 gen = 7714
 gen = 7715
 gen = 7716
 gen = 7717
 gen = 7718
 gen = 7719
 gen = 7720
 gen = 7721
 gen = 7722
 gen = 7723
 gen = 7724
 gen = 7725
 gen = 7726
 gen = 7727
 gen = 7728
 gen = 7729
 gen = 7730
 gen = 7731
 gen = 7732
 gen = 7733
 gen = 7734
 gen = 7735
 gen = 7736
 gen = 7737
 gen = 7738
 gen = 7739
 gen = 7740
 gen = 7741
 gen = 7742
 gen = 7743
 gen = 7744
 gen = 7745
 gen = 7746
 gen = 7747
 gen = 7748
 gen = 7749
 gen = 7750
 gen = 7751
 gen = 7752
 gen = 7753
 gen = 7754
 gen = 7755
 gen = 7756
 gen = 7757
 gen = 7758
 gen = 7759
 gen = 7760
 gen = 7761
 gen = 7762
 gen = 7763
 gen = 7764
 gen = 7765
 gen = 7766
 gen = 7767
 gen = 7768
 gen = 7769
 gen = 7770
 gen = 7771
 gen = 7772
 gen = 7773
 gen = 7774
 gen = 7775
 gen = 7776
 gen = 7777
 gen = 7778
 gen = 7779
 gen = 7780
 gen = 7781
 gen = 7782
 gen = 7783
 gen = 7784
 gen = 7785
 gen = 7786
 gen = 7787
 gen = 7788
 gen = 7789
 gen = 7790
 gen = 7791
 gen = 7792
 gen = 7793
 gen = 7794
 gen = 7795
 gen = 7796
 gen = 7797
 gen = 7798
 gen = 7799
 gen = 7800
 gen = 7801
 gen = 7802
 gen = 7803
 gen = 7804
 gen = 7805
 gen = 7806
 gen = 7807
 gen = 7808
 gen = 7809
 gen = 7810
 gen = 7811
 gen = 7812
 gen = 7813
 gen = 7814
 gen = 7815
 gen = 7816
 gen = 7817
 gen = 7818
 gen = 7819
 gen = 7820
 gen = 7821
 gen = 7822
 gen = 7823
 gen = 7824
 gen = 7825
 gen = 7826
 gen = 7827
 gen = 7828
 gen = 7829
 gen = 7830
 gen = 7831
 gen = 7832
 gen = 7833
 gen = 7834
 gen = 7835
 gen = 7836
 gen = 7837
 gen = 7838
 gen = 7839
 gen = 7840
 gen = 7841
 gen = 7842
 gen = 7843
 gen = 7844
 gen = 7845
 gen = 7846
 gen = 7847
 gen = 7848
 gen = 7849
 gen = 7850
 gen = 7851
 gen = 7852
 gen = 7853
 gen = 7854
 gen = 7855
 gen = 7856
 gen = 7857
 gen = 7858
 gen = 7859
 gen = 7860
 gen = 7861
 gen = 7862
 gen = 7863
 gen = 7864
 gen = 7865
 gen = 7866
 gen = 7867
 gen = 7868
 gen = 7869
 gen = 7870
 gen = 7871
 gen = 7872
 gen = 7873
 gen = 7874
 gen = 7875
 gen = 7876
 gen = 7877
 gen = 7878
 gen = 7879
 gen = 7880
 gen = 7881
 gen = 7882
 gen = 7883
 gen = 7884
 gen = 7885
 gen = 7886
 gen = 7887
 gen = 7888
 gen = 7889
 gen = 7890
 gen = 7891
 gen = 7892
 gen = 7893
 gen = 7894
 gen = 7895
 gen = 7896
 gen = 7897
 gen = 7898
 gen = 7899
 gen = 7900
 gen = 7901
 gen = 7902
 gen = 7903
 gen = 7904
 gen = 7905
 gen = 7906
 gen = 7907
 gen = 7908
 gen = 7909
 gen = 7910
 gen = 7911
 gen = 7912
 gen = 7913
 gen = 7914
 gen = 7915
 gen = 7916
 gen = 7917
 gen = 7918
 gen = 7919
 gen = 7920
 gen = 7921
 gen = 7922
 gen = 7923
 gen = 7924
 gen = 7925
 gen = 7926
 gen = 7927
 gen = 7928
 gen = 7929
 gen = 7930
 gen = 7931
 gen = 7932
 gen = 7933
 gen = 7934
 gen = 7935
 gen = 7936
 gen = 7937
 gen = 7938
 gen = 7939
 gen = 7940
 gen = 7941
 gen = 7942
 gen = 7943
 gen = 7944
 gen = 7945
 gen = 7946
 gen = 7947
 gen = 7948
 gen = 7949
 gen = 7950
 gen = 7951
 gen = 7952
 gen = 7953
 gen = 7954
 gen = 7955
 gen = 7956
 gen = 7957
 gen = 7958
 gen = 7959
 gen = 7960
 gen = 7961
 gen = 7962
 gen = 7963
 gen = 7964
 gen = 7965
 gen = 7966
 gen = 7967
 gen = 7968
 gen = 7969
 gen = 7970
 gen = 7971
 gen = 7972
 gen = 7973
 gen = 7974
 gen = 7975
 gen = 7976
 gen = 7977
 gen = 7978
 gen = 7979
 gen = 7980
 gen = 7981
 gen = 7982
 gen = 7983
 gen = 7984
 gen = 7985
 gen = 7986
 gen = 7987
 gen = 7988
 gen = 7989
 gen = 7990
 gen = 7991
 gen = 7992
 gen = 7993
 gen = 7994
 gen = 7995
 gen = 7996
 gen = 7997
 gen = 7998
 gen = 7999
 gen = 8000
 gen = 8001
 gen = 8002
 gen = 8003
 gen = 8004
 gen = 8005
 gen = 8006
 gen = 8007
 gen = 8008
 gen = 8009
 gen = 8010
 gen = 8011
 gen = 8012
 gen = 8013
 gen = 8014
 gen = 8015
 gen = 8016
 gen = 8017
 gen = 8018
 gen = 8019
 gen = 8020
 gen = 8021
 gen = 8022
 gen = 8023
 gen = 8024
 gen = 8025
 gen = 8026
 gen = 8027
 gen = 8028
 gen = 8029
 gen = 8030
 gen = 8031
 gen = 8032
 gen = 8033
 gen = 8034
 gen = 8035
 gen = 8036
 gen = 8037
 gen = 8038
 gen = 8039
 gen = 8040
 gen = 8041
 gen = 8042
 gen = 8043
 gen = 8044
 gen = 8045
 gen = 8046
 gen = 8047
 gen = 8048
 gen = 8049
 gen = 8050
 gen = 8051
 gen = 8052
 gen = 8053
 gen = 8054
 gen = 8055
 gen = 8056
 gen = 8057
 gen = 8058
 gen = 8059
 gen = 8060
 gen = 8061
 gen = 8062
 gen = 8063
 gen = 8064
 gen = 8065
 gen = 8066
 gen = 8067
 gen = 8068
 gen = 8069
 gen = 8070
 gen = 8071
 gen = 8072
 gen = 8073
 gen = 8074
 gen = 8075
 gen = 8076
 gen = 8077
 gen = 8078
 gen = 8079
 gen = 8080
 gen = 8081
 gen = 8082
 gen = 8083
 gen = 8084
 gen = 8085
 gen = 8086
 gen = 8087
 gen = 8088
 gen = 8089
 gen = 8090
 gen = 8091
 gen = 8092
 gen = 8093
 gen = 8094
 gen = 8095
 gen = 8096
 gen = 8097
 gen = 8098
 gen = 8099
 gen = 8100
 gen = 8101
 gen = 8102
 gen = 8103
 gen = 8104
 gen = 8105
 gen = 8106
 gen = 8107
 gen = 8108
 gen = 8109
 gen = 8110
 gen = 8111
 gen = 8112
 gen = 8113
 gen = 8114
 gen = 8115
 gen = 8116
 gen = 8117
 gen = 8118
 gen = 8119
 gen = 8120
 gen = 8121
 gen = 8122
 gen = 8123
 gen = 8124
 gen = 8125
 gen = 8126
 gen = 8127
 gen = 8128
 gen = 8129
 gen = 8130
 gen = 8131
 gen = 8132
 gen = 8133
 gen = 8134
 gen = 8135
 gen = 8136
 gen = 8137
 gen = 8138
 gen = 8139
 gen = 8140
 gen = 8141
 gen = 8142
 gen = 8143
 gen = 8144
 gen = 8145
 gen = 8146
 gen = 8147
 gen = 8148
 gen = 8149
 gen = 8150
 gen = 8151
 gen = 8152
 gen = 8153
 gen = 8154
 gen = 8155
 gen = 8156
 gen = 8157
 gen = 8158
 gen = 8159
 gen = 8160
 gen = 8161
 gen = 8162
 gen = 8163
 gen = 8164
 gen = 8165
 gen = 8166
 gen = 8167
 gen = 8168
 gen = 8169
 gen = 8170
 gen = 8171
 gen = 8172
 gen = 8173
 gen = 8174
 gen = 8175
 gen = 8176
 gen = 8177
 gen = 8178
 gen = 8179
 gen = 8180
 gen = 8181
 gen = 8182
 gen = 8183
 gen = 8184
 gen = 8185
 gen = 8186
 gen = 8187
 gen = 8188
 gen = 8189
 gen = 8190
 gen = 8191
 gen = 8192
 gen = 8193
 gen = 8194
 gen = 8195
 gen = 8196
 gen = 8197
 gen = 8198
 gen = 8199
 gen = 8200
 gen = 8201
 gen = 8202
 gen = 8203
 gen = 8204
 gen = 8205
 gen = 8206
 gen = 8207
 gen = 8208
 gen = 8209
 gen = 8210
 gen = 8211
 gen = 8212
 gen = 8213
 gen = 8214
 gen = 8215
 gen = 8216
 gen = 8217
 gen = 8218
 gen = 8219
 gen = 8220
 gen = 8221
 gen = 8222
 gen = 8223
 gen = 8224
 gen = 8225
 gen = 8226
 gen = 8227
 gen = 8228
 gen = 8229
 gen = 8230
 gen = 8231
 gen = 8232
 gen = 8233
 gen = 8234
 gen = 8235
 gen = 8236
 gen = 8237
 gen = 8238
 gen = 8239
 gen = 8240
 gen = 8241
 gen = 8242
 gen = 8243
 gen = 8244
 gen = 8245
 gen = 8246
 gen = 8247
 gen = 8248
 gen = 8249
 gen = 8250
 gen = 8251
 gen = 8252
 gen = 8253
 gen = 8254
 gen = 8255
 gen = 8256
 gen = 8257
 gen = 8258
 gen = 8259
 gen = 8260
 gen = 8261
 gen = 8262
 gen = 8263
 gen = 8264
 gen = 8265
 gen = 8266
 gen = 8267
 gen = 8268
 gen = 8269
 gen = 8270
 gen = 8271
 gen = 8272
 gen = 8273
 gen = 8274
 gen = 8275
 gen = 8276
 gen = 8277
 gen = 8278
 gen = 8279
 gen = 8280
 gen = 8281
 gen = 8282
 gen = 8283
 gen = 8284
 gen = 8285
 gen = 8286
 gen = 8287
 gen = 8288
 gen = 8289
 gen = 8290
 gen = 8291
 gen = 8292
 gen = 8293
 gen = 8294
 gen = 8295
 gen = 8296
 gen = 8297
 gen = 8298
 gen = 8299
 gen = 8300
 gen = 8301
 gen = 8302
 gen = 8303
 gen = 8304
 gen = 8305
 gen = 8306
 gen = 8307
 gen = 8308
 gen = 8309
 gen = 8310
 gen = 8311
 gen = 8312
 gen = 8313
 gen = 8314
 gen = 8315
 gen = 8316
 gen = 8317
 gen = 8318
 gen = 8319
 gen = 8320
 gen = 8321
 gen = 8322
 gen = 8323
 gen = 8324
 gen = 8325
 gen = 8326
 gen = 8327
 gen = 8328
 gen = 8329
 gen = 8330
 gen = 8331
 gen = 8332
 gen = 8333
 gen = 8334
 gen = 8335
 gen = 8336
 gen = 8337
 gen = 8338
 gen = 8339
 gen = 8340
 gen = 8341
 gen = 8342
 gen = 8343
 gen = 8344
 gen = 8345
 gen = 8346
 gen = 8347
 gen = 8348
 gen = 8349
 gen = 8350
 gen = 8351
 gen = 8352
 gen = 8353
 gen = 8354
 gen = 8355
 gen = 8356
 gen = 8357
 gen = 8358
 gen = 8359
 gen = 8360
 gen = 8361
 gen = 8362
 gen = 8363
 gen = 8364
 gen = 8365
 gen = 8366
 gen = 8367
 gen = 8368
 gen = 8369
 gen = 8370
 gen = 8371
 gen = 8372
 gen = 8373
 gen = 8374
 gen = 8375
 gen = 8376
 gen = 8377
 gen = 8378
 gen = 8379
 gen = 8380
 gen = 8381
 gen = 8382
 gen = 8383
 gen = 8384
 gen = 8385
 gen = 8386
 gen = 8387
 gen = 8388
 gen = 8389
 gen = 8390
 gen = 8391
 gen = 8392
 gen = 8393
 gen = 8394
 gen = 8395
 gen = 8396
 gen = 8397
 gen = 8398
 gen = 8399
 gen = 8400
 gen = 8401
 gen = 8402
 gen = 8403
 gen = 8404
 gen = 8405
 gen = 8406
 gen = 8407
 gen = 8408
 gen = 8409
 gen = 8410
 gen = 8411
 gen = 8412
 gen = 8413
 gen = 8414
 gen = 8415
 gen = 8416
 gen = 8417
 gen = 8418
 gen = 8419
 gen = 8420
 gen = 8421
 gen = 8422
 gen = 8423
 gen = 8424
 gen = 8425
 gen = 8426
 gen = 8427
 gen = 8428
 gen = 8429
 gen = 8430
 gen = 8431
 gen = 8432
 gen = 8433
 gen = 8434
 gen = 8435
 gen = 8436
 gen = 8437
 gen = 8438
 gen = 8439
 gen = 8440
 gen = 8441
 gen = 8442
 gen = 8443
 gen = 8444
 gen = 8445
 gen = 8446
 gen = 8447
 gen = 8448
 gen = 8449
 gen = 8450
 gen = 8451
 gen = 8452
 gen = 8453
 gen = 8454
 gen = 8455
 gen = 8456
 gen = 8457
 gen = 8458
 gen = 8459
 gen = 8460
 gen = 8461
 gen = 8462
 gen = 8463
 gen = 8464
 gen = 8465
 gen = 8466
 gen = 8467
 gen = 8468
 gen = 8469
 gen = 8470
 gen = 8471
 gen = 8472
 gen = 8473
 gen = 8474
 gen = 8475
 gen = 8476
 gen = 8477
 gen = 8478
 gen = 8479
 gen = 8480
 gen = 8481
 gen = 8482
 gen = 8483
 gen = 8484
 gen = 8485
 gen = 8486
 gen = 8487
 gen = 8488
 gen = 8489
 gen = 8490
 gen = 8491
 gen = 8492
 gen = 8493
 gen = 8494
 gen = 8495
 gen = 8496
 gen = 8497
 gen = 8498
 gen = 8499
 gen = 8500
 gen = 8501
 gen = 8502
 gen = 8503
 gen = 8504
 gen = 8505
 gen = 8506
 gen = 8507
 gen = 8508
 gen = 8509
 gen = 8510
 gen = 8511
 gen = 8512
 gen = 8513
 gen = 8514
 gen = 8515
 gen = 8516
 gen = 8517
 gen = 8518
 gen = 8519
 gen = 8520
 gen = 8521
 gen = 8522
 gen = 8523
 gen = 8524
 gen = 8525
 gen = 8526
 gen = 8527
 gen = 8528
 gen = 8529
 gen = 8530
 gen = 8531
 gen = 8532
 gen = 8533
 gen = 8534
 gen = 8535
 gen = 8536
 gen = 8537
 gen = 8538
 gen = 8539
 gen = 8540
 gen = 8541
 gen = 8542
 gen = 8543
 gen = 8544
 gen = 8545
 gen = 8546
 gen = 8547
 gen = 8548
 gen = 8549
 gen = 8550
 gen = 8551
 gen = 8552
 gen = 8553
 gen = 8554
 gen = 8555
 gen = 8556
 gen = 8557
 gen = 8558
 gen = 8559
 gen = 8560
 gen = 8561
 gen = 8562
 gen = 8563
 gen = 8564
 gen = 8565
 gen = 8566
 gen = 8567
 gen = 8568
 gen = 8569
 gen = 8570
 gen = 8571
 gen = 8572
 gen = 8573
 gen = 8574
 gen = 8575
 gen = 8576
 gen = 8577
 gen = 8578
 gen = 8579
 gen = 8580
 gen = 8581
 gen = 8582
 gen = 8583
 gen = 8584
 gen = 8585
 gen = 8586
 gen = 8587
 gen = 8588
 gen = 8589
 gen = 8590
 gen = 8591
 gen = 8592
 gen = 8593
 gen = 8594
 gen = 8595
 gen = 8596
 gen = 8597
 gen = 8598
 gen = 8599
 gen = 8600
 gen = 8601
 gen = 8602
 gen = 8603
 gen = 8604
 gen = 8605
 gen = 8606
 gen = 8607
 gen = 8608
 gen = 8609
 gen = 8610
 gen = 8611
 gen = 8612
 gen = 8613
 gen = 8614
 gen = 8615
 gen = 8616
 gen = 8617
 gen = 8618
 gen = 8619
 gen = 8620
 gen = 8621
 gen = 8622
 gen = 8623
 gen = 8624
 gen = 8625
 gen = 8626
 gen = 8627
 gen = 8628
 gen = 8629
 gen = 8630
 gen = 8631
 gen = 8632
 gen = 8633
 gen = 8634
 gen = 8635
 gen = 8636
 gen = 8637
 gen = 8638
 gen = 8639
 gen = 8640
 gen = 8641
 gen = 8642
 gen = 8643
 gen = 8644
 gen = 8645
 gen = 8646
 gen = 8647
 gen = 8648
 gen = 8649
 gen = 8650
 gen = 8651
 gen = 8652
 gen = 8653
 gen = 8654
 gen = 8655
 gen = 8656
 gen = 8657
 gen = 8658
 gen = 8659
 gen = 8660
 gen = 8661
 gen = 8662
 gen = 8663
 gen = 8664
 gen = 8665
 gen = 8666
 gen = 8667
 gen = 8668
 gen = 8669
 gen = 8670
 gen = 8671
 gen = 8672
 gen = 8673
 gen = 8674
 gen = 8675
 gen = 8676
 gen = 8677
 gen = 8678
 gen = 8679
 gen = 8680
 gen = 8681
 gen = 8682
 gen = 8683
 gen = 8684
 gen = 8685
 gen = 8686
 gen = 8687
 gen = 8688
 gen = 8689
 gen = 8690
 gen = 8691
 gen = 8692
 gen = 8693
 gen = 8694
 gen = 8695
 gen = 8696
 gen = 8697
 gen = 8698
 gen = 8699
 gen = 8700
 gen = 8701
 gen = 8702
 gen = 8703
 gen = 8704
 gen = 8705
 gen = 8706
 gen = 8707
 gen = 8708
 gen = 8709
 gen = 8710
 gen = 8711
 gen = 8712
 gen = 8713
 gen = 8714
 gen = 8715
 gen = 8716
 gen = 8717
 gen = 8718
 gen = 8719
 gen = 8720
 gen = 8721
 gen = 8722
 gen = 8723
 gen = 8724
 gen = 8725
 gen = 8726
 gen = 8727
 gen = 8728
 gen = 8729
 gen = 8730
 gen = 8731
 gen = 8732
 gen = 8733
 gen = 8734
 gen = 8735
 gen = 8736
 gen = 8737
 gen = 8738
 gen = 8739
 gen = 8740
 gen = 8741
 gen = 8742
 gen = 8743
 gen = 8744
 gen = 8745
 gen = 8746
 gen = 8747
 gen = 8748
 gen = 8749
 gen = 8750
 gen = 8751
 gen = 8752
 gen = 8753
 gen = 8754
 gen = 8755
 gen = 8756
 gen = 8757
 gen = 8758
 gen = 8759
 gen = 8760
 gen = 8761
 gen = 8762
 gen = 8763
 gen = 8764
 gen = 8765
 gen = 8766
 gen = 8767
 gen = 8768
 gen = 8769
 gen = 8770
 gen = 8771
 gen = 8772
 gen = 8773
 gen = 8774
 gen = 8775
 gen = 8776
 gen = 8777
 gen = 8778
 gen = 8779
 gen = 8780
 gen = 8781
 gen = 8782
 gen = 8783
 gen = 8784
 gen = 8785
 gen = 8786
 gen = 8787
 gen = 8788
 gen = 8789
 gen = 8790
 gen = 8791
 gen = 8792
 gen = 8793
 gen = 8794
 gen = 8795
 gen = 8796
 gen = 8797
 gen = 8798
 gen = 8799
 gen = 8800
 gen = 8801
 gen = 8802
 gen = 8803
 gen = 8804
 gen = 8805
 gen = 8806
 gen = 8807
 gen = 8808
 gen = 8809
 gen = 8810
 gen = 8811
 gen = 8812
 gen = 8813
 gen = 8814
 gen = 8815
 gen = 8816
 gen = 8817
 gen = 8818
 gen = 8819
 gen = 8820
 gen = 8821
 gen = 8822
 gen = 8823
 gen = 8824
 gen = 8825
 gen = 8826
 gen = 8827
 gen = 8828
 gen = 8829
 gen = 8830
 gen = 8831
 gen = 8832
 gen = 8833
 gen = 8834
 gen = 8835
 gen = 8836
 gen = 8837
 gen = 8838
 gen = 8839
 gen = 8840
 gen = 8841
 gen = 8842
 gen = 8843
 gen = 8844
 gen = 8845
 gen = 8846
 gen = 8847
 gen = 8848
 gen = 8849
 gen = 8850
 gen = 8851
 gen = 8852
 gen = 8853
 gen = 8854
 gen = 8855
 gen = 8856
 gen = 8857
 gen = 8858
 gen = 8859
 gen = 8860
 gen = 8861
 gen = 8862
 gen = 8863
 gen = 8864
 gen = 8865
 gen = 8866
 gen = 8867
 gen = 8868
 gen = 8869
 gen = 8870
 gen = 8871
 gen = 8872
 gen = 8873
 gen = 8874
 gen = 8875
 gen = 8876
 gen = 8877
 gen = 8878
 gen = 8879
 gen = 8880
 gen = 8881
 gen = 8882
 gen = 8883
 gen = 8884
 gen = 8885
 gen = 8886
 gen = 8887
 gen = 8888
 gen = 8889
 gen = 8890
 gen = 8891
 gen = 8892
 gen = 8893
 gen = 8894
 gen = 8895
 gen = 8896
 gen = 8897
 gen = 8898
 gen = 8899
 gen = 8900
 gen = 8901
 gen = 8902
 gen = 8903
 gen = 8904
 gen = 8905
 gen = 8906
 gen = 8907
 gen = 8908
 gen = 8909
 gen = 8910
 gen = 8911
 gen = 8912
 gen = 8913
 gen = 8914
 gen = 8915
 gen = 8916
 gen = 8917
 gen = 8918
 gen = 8919
 gen = 8920
 gen = 8921
 gen = 8922
 gen = 8923
 gen = 8924
 gen = 8925
 gen = 8926
 gen = 8927
 gen = 8928
 gen = 8929
 gen = 8930
 gen = 8931
 gen = 8932
 gen = 8933
 gen = 8934
 gen = 8935
 gen = 8936
 gen = 8937
 gen = 8938
 gen = 8939
 gen = 8940
 gen = 8941
 gen = 8942
 gen = 8943
 gen = 8944
 gen = 8945
 gen = 8946
 gen = 8947
 gen = 8948
 gen = 8949
 gen = 8950
 gen = 8951
 gen = 8952
 gen = 8953
 gen = 8954
 gen = 8955
 gen = 8956
 gen = 8957
 gen = 8958
 gen = 8959
 gen = 8960
 gen = 8961
 gen = 8962
 gen = 8963
 gen = 8964
 gen = 8965
 gen = 8966
 gen = 8967
 gen = 8968
 gen = 8969
 gen = 8970
 gen = 8971
 gen = 8972
 gen = 8973
 gen = 8974
 gen = 8975
 gen = 8976
 gen = 8977
 gen = 8978
 gen = 8979
 gen = 8980
 gen = 8981
 gen = 8982
 gen = 8983
 gen = 8984
 gen = 8985
 gen = 8986
 gen = 8987
 gen = 8988
 gen = 8989
 gen = 8990
 gen = 8991
 gen = 8992
 gen = 8993
 gen = 8994
 gen = 8995
 gen = 8996
 gen = 8997
 gen = 8998
 gen = 8999
 gen = 9000
 gen = 9001
 gen = 9002
 gen = 9003
 gen = 9004
 gen = 9005
 gen = 9006
 gen = 9007
 gen = 9008
 gen = 9009
 gen = 9010
 gen = 9011
 gen = 9012
 gen = 9013
 gen = 9014
 gen = 9015
 gen = 9016
 gen = 9017
 gen = 9018
 gen = 9019
 gen = 9020
 gen = 9021
 gen = 9022
 gen = 9023
 gen = 9024
 gen = 9025
 gen = 9026
 gen = 9027
 gen = 9028
 gen = 9029
 gen = 9030
 gen = 9031
 gen = 9032
 gen = 9033
 gen = 9034
 gen = 9035
 gen = 9036
 gen = 9037
 gen = 9038
 gen = 9039
 gen = 9040
 gen = 9041
 gen = 9042
 gen = 9043
 gen = 9044
 gen = 9045
 gen = 9046
 gen = 9047
 gen = 9048
 gen = 9049
 gen = 9050
 gen = 9051
 gen = 9052
 gen = 9053
 gen = 9054
 gen = 9055
 gen = 9056
 gen = 9057
 gen = 9058
 gen = 9059
 gen = 9060
 gen = 9061
 gen = 9062
 gen = 9063
 gen = 9064
 gen = 9065
 gen = 9066
 gen = 9067
 gen = 9068
 gen = 9069
 gen = 9070
 gen = 9071
 gen = 9072
 gen = 9073
 gen = 9074
 gen = 9075
 gen = 9076
 gen = 9077
 gen = 9078
 gen = 9079
 gen = 9080
 gen = 9081
 gen = 9082
 gen = 9083
 gen = 9084
 gen = 9085
 gen = 9086
 gen = 9087
 gen = 9088
 gen = 9089
 gen = 9090
 gen = 9091
 gen = 9092
 gen = 9093
 gen = 9094
 gen = 9095
 gen = 9096
 gen = 9097
 gen = 9098
 gen = 9099
 gen = 9100
 gen = 9101
 gen = 9102
 gen = 9103
 gen = 9104
 gen = 9105
 gen = 9106
 gen = 9107
 gen = 9108
 gen = 9109
 gen = 9110
 gen = 9111
 gen = 9112
 gen = 9113
 gen = 9114
 gen = 9115
 gen = 9116
 gen = 9117
 gen = 9118
 gen = 9119
 gen = 9120
 gen = 9121
 gen = 9122
 gen = 9123
 gen = 9124
 gen = 9125
 gen = 9126
 gen = 9127
 gen = 9128
 gen = 9129
 gen = 9130
 gen = 9131
 gen = 9132
 gen = 9133
 gen = 9134
 gen = 9135
 gen = 9136
 gen = 9137
 gen = 9138
 gen = 9139
 gen = 9140
 gen = 9141
 gen = 9142
 gen = 9143
 gen = 9144
 gen = 9145
 gen = 9146
 gen = 9147
 gen = 9148
 gen = 9149
 gen = 9150
 gen = 9151
 gen = 9152
 gen = 9153
 gen = 9154
 gen = 9155
 gen = 9156
 gen = 9157
 gen = 9158
 gen = 9159
 gen = 9160
 gen = 9161
 gen = 9162
 gen = 9163
 gen = 9164
 gen = 9165
 gen = 9166
 gen = 9167
 gen = 9168
 gen = 9169
 gen = 9170
 gen = 9171
 gen = 9172
 gen = 9173
 gen = 9174
 gen = 9175
 gen = 9176
 gen = 9177
 gen = 9178
 gen = 9179
 gen = 9180
 gen = 9181
 gen = 9182
 gen = 9183
 gen = 9184
 gen = 9185
 gen = 9186
 gen = 9187
 gen = 9188
 gen = 9189
 gen = 9190
 gen = 9191
 gen = 9192
 gen = 9193
 gen = 9194
 gen = 9195
 gen = 9196
 gen = 9197
 gen = 9198
 gen = 9199
 gen = 9200
 gen = 9201
 gen = 9202
 gen = 9203
 gen = 9204
 gen = 9205
 gen = 9206
 gen = 9207
 gen = 9208
 gen = 9209
 gen = 9210
 gen = 9211
 gen = 9212
 gen = 9213
 gen = 9214
 gen = 9215
 gen = 9216
 gen = 9217
 gen = 9218
 gen = 9219
 gen = 9220
 gen = 9221
 gen = 9222
 gen = 9223
 gen = 9224
 gen = 9225
 gen = 9226
 gen = 9227
 gen = 9228
 gen = 9229
 gen = 9230
 gen = 9231
 gen = 9232
 gen = 9233
 gen = 9234
 gen = 9235
 gen = 9236
 gen = 9237
 gen = 9238
 gen = 9239
 gen = 9240
 gen = 9241
 gen = 9242
 gen = 9243
 gen = 9244
 gen = 9245
 gen = 9246
 gen = 9247
 gen = 9248
 gen = 9249
 gen = 9250
 gen = 9251
 gen = 9252
 gen = 9253
 gen = 9254
 gen = 9255
 gen = 9256
 gen = 9257
 gen = 9258
 gen = 9259
 gen = 9260
 gen = 9261
 gen = 9262
 gen = 9263
 gen = 9264
 gen = 9265
 gen = 9266
 gen = 9267
 gen = 9268
 gen = 9269
 gen = 9270
 gen = 9271
 gen = 9272
 gen = 9273
 gen = 9274
 gen = 9275
 gen = 9276
 gen = 9277
 gen = 9278
 gen = 9279
 gen = 9280
 gen = 9281
 gen = 9282
 gen = 9283
 gen = 9284
 gen = 9285
 gen = 9286
 gen = 9287
 gen = 9288
 gen = 9289
 gen = 9290
 gen = 9291
 gen = 9292
 gen = 9293
 gen = 9294
 gen = 9295
 gen = 9296
 gen = 9297
 gen = 9298
 gen = 9299
 gen = 9300
 gen = 9301
 gen = 9302
 gen = 9303
 gen = 9304
 gen = 9305
 gen = 9306
 gen = 9307
 gen = 9308
 gen = 9309
 gen = 9310
 gen = 9311
 gen = 9312
 gen = 9313
 gen = 9314
 gen = 9315
 gen = 9316
 gen = 9317
 gen = 9318
 gen = 9319
 gen = 9320
 gen = 9321
 gen = 9322
 gen = 9323
 gen = 9324
 gen = 9325
 gen = 9326
 gen = 9327
 gen = 9328
 gen = 9329
 gen = 9330
 gen = 9331
 gen = 9332
 gen = 9333
 gen = 9334
 gen = 9335
 gen = 9336
 gen = 9337
 gen = 9338
 gen = 9339
 gen = 9340
 gen = 9341
 gen = 9342
 gen = 9343
 gen = 9344
 gen = 9345
 gen = 9346
 gen = 9347
 gen = 9348
 gen = 9349
 gen = 9350
 gen = 9351
 gen = 9352
 gen = 9353
 gen = 9354
 gen = 9355
 gen = 9356
 gen = 9357
 gen = 9358
 gen = 9359
 gen = 9360
 gen = 9361
 gen = 9362
 gen = 9363
 gen = 9364
 gen = 9365
 gen = 9366
 gen = 9367
 gen = 9368
 gen = 9369
 gen = 9370
 gen = 9371
 gen = 9372
 gen = 9373
 gen = 9374
 gen = 9375
 gen = 9376
 gen = 9377
 gen = 9378
 gen = 9379
 gen = 9380
 gen = 9381
 gen = 9382
 gen = 9383
 gen = 9384
 gen = 9385
 gen = 9386
 gen = 9387
 gen = 9388
 gen = 9389
 gen = 9390
 gen = 9391
 gen = 9392
 gen = 9393
 gen = 9394
 gen = 9395
 gen = 9396
 gen = 9397
 gen = 9398
 gen = 9399
 gen = 9400
 gen = 9401
 gen = 9402
 gen = 9403
 gen = 9404
 gen = 9405
 gen = 9406
 gen = 9407
 gen = 9408
 gen = 9409
 gen = 9410
 gen = 9411
 gen = 9412
 gen = 9413
 gen = 9414
 gen = 9415
 gen = 9416
 gen = 9417
 gen = 9418
 gen = 9419
 gen = 9420
 gen = 9421
 gen = 9422
 gen = 9423
 gen = 9424
 gen = 9425
 gen = 9426
 gen = 9427
 gen = 9428
 gen = 9429
 gen = 9430
 gen = 9431
 gen = 9432
 gen = 9433
 gen = 9434
 gen = 9435
 gen = 9436
 gen = 9437
 gen = 9438
 gen = 9439
 gen = 9440
 gen = 9441
 gen = 9442
 gen = 9443
 gen = 9444
 gen = 9445
 gen = 9446
 gen = 9447
 gen = 9448
 gen = 9449
 gen = 9450
 gen = 9451
 gen = 9452
 gen = 9453
 gen = 9454
 gen = 9455
 gen = 9456
 gen = 9457
 gen = 9458
 gen = 9459
 gen = 9460
 gen = 9461
 gen = 9462
 gen = 9463
 gen = 9464
 gen = 9465
 gen = 9466
 gen = 9467
 gen = 9468
 gen = 9469
 gen = 9470
 gen = 9471
 gen = 9472
 gen = 9473
 gen = 9474
 gen = 9475
 gen = 9476
 gen = 9477
 gen = 9478
 gen = 9479
 gen = 9480
 gen = 9481
 gen = 9482
 gen = 9483
 gen = 9484
 gen = 9485
 gen = 9486
 gen = 9487
 gen = 9488
 gen = 9489
 gen = 9490
 gen = 9491
 gen = 9492
 gen = 9493
 gen = 9494
 gen = 9495
 gen = 9496
 gen = 9497
 gen = 9498
 gen = 9499
 gen = 9500
 gen = 9501
 gen = 9502
 gen = 9503
 gen = 9504
 gen = 9505
 gen = 9506
 gen = 9507
 gen = 9508
 gen = 9509
 gen = 9510
 gen = 9511
 gen = 9512
 gen = 9513
 gen = 9514
 gen = 9515
 gen = 9516
 gen = 9517
 gen = 9518
 gen = 9519
 gen = 9520
 gen = 9521
 gen = 9522
 gen = 9523
 gen = 9524
 gen = 9525
 gen = 9526
 gen = 9527
 gen = 9528
 gen = 9529
 gen = 9530
 gen = 9531
 gen = 9532
 gen = 9533
 gen = 9534
 gen = 9535
 gen = 9536
 gen = 9537
 gen = 9538
 gen = 9539
 gen = 9540
 gen = 9541
 gen = 9542
 gen = 9543
 gen = 9544
 gen = 9545
 gen = 9546
 gen = 9547
 gen = 9548
 gen = 9549
 gen = 9550
 gen = 9551
 gen = 9552
 gen = 9553
 gen = 9554
 gen = 9555
 gen = 9556
 gen = 9557
 gen = 9558
 gen = 9559
 gen = 9560
 gen = 9561
 gen = 9562
 gen = 9563
 gen = 9564
 gen = 9565
 gen = 9566
 gen = 9567
 gen = 9568
 gen = 9569
 gen = 9570
 gen = 9571
 gen = 9572
 gen = 9573
 gen = 9574
 gen = 9575
 gen = 9576
 gen = 9577
 gen = 9578
 gen = 9579
 gen = 9580
 gen = 9581
 gen = 9582
 gen = 9583
 gen = 9584
 gen = 9585
 gen = 9586
 gen = 9587
 gen = 9588
 gen = 9589
 gen = 9590
 gen = 9591
 gen = 9592
 gen = 9593
 gen = 9594
 gen = 9595
 gen = 9596
 gen = 9597
 gen = 9598
 gen = 9599
 gen = 9600
 gen = 9601
 gen = 9602
 gen = 9603
 gen = 9604
 gen = 9605
 gen = 9606
 gen = 9607
 gen = 9608
 gen = 9609
 gen = 9610
 gen = 9611
 gen = 9612
 gen = 9613
 gen = 9614
 gen = 9615
 gen = 9616
 gen = 9617
 gen = 9618
 gen = 9619
 gen = 9620
 gen = 9621
 gen = 9622
 gen = 9623
 gen = 9624
 gen = 9625
 gen = 9626
 gen = 9627
 gen = 9628
 gen = 9629
 gen = 9630
 gen = 9631
 gen = 9632
 gen = 9633
 gen = 9634
 gen = 9635
 gen = 9636
 gen = 9637
 gen = 9638
 gen = 9639
 gen = 9640
 gen = 9641
 gen = 9642
 gen = 9643
 gen = 9644
 gen = 9645
 gen = 9646
 gen = 9647
 gen = 9648
 gen = 9649
 gen = 9650
 gen = 9651
 gen = 9652
 gen = 9653
 gen = 9654
 gen = 9655
 gen = 9656
 gen = 9657
 gen = 9658
 gen = 9659
 gen = 9660
 gen = 9661
 gen = 9662
 gen = 9663
 gen = 9664
 gen = 9665
 gen = 9666
 gen = 9667
 gen = 9668
 gen = 9669
 gen = 9670
 gen = 9671
 gen = 9672
 gen = 9673
 gen = 9674
 gen = 9675
 gen = 9676
 gen = 9677
 gen = 9678
 gen = 9679
 gen = 9680
 gen = 9681
 gen = 9682
 gen = 9683
 gen = 9684
 gen = 9685
 gen = 9686
 gen = 9687
 gen = 9688
 gen = 9689
 gen = 9690
 gen = 9691
 gen = 9692
 gen = 9693
 gen = 9694
 gen = 9695
 gen = 9696
 gen = 9697
 gen = 9698
 gen = 9699
 gen = 9700
 gen = 9701
 gen = 9702
 gen = 9703
 gen = 9704
 gen = 9705
 gen = 9706
 gen = 9707
 gen = 9708
 gen = 9709
 gen = 9710
 gen = 9711
 gen = 9712
 gen = 9713
 gen = 9714
 gen = 9715
 gen = 9716
 gen = 9717
 gen = 9718
 gen = 9719
 gen = 9720
 gen = 9721
 gen = 9722
 gen = 9723
 gen = 9724
 gen = 9725
 gen = 9726
 gen = 9727
 gen = 9728
 gen = 9729
 gen = 9730
 gen = 9731
 gen = 9732
 gen = 9733
 gen = 9734
 gen = 9735
 gen = 9736
 gen = 9737
 gen = 9738
 gen = 9739
 gen = 9740
 gen = 9741
 gen = 9742
 gen = 9743
 gen = 9744
 gen = 9745
 gen = 9746
 gen = 9747
 gen = 9748
 gen = 9749
 gen = 9750
 gen = 9751
 gen = 9752
 gen = 9753
 gen = 9754
 gen = 9755
 gen = 9756
 gen = 9757
 gen = 9758
 gen = 9759
 gen = 9760
 gen = 9761
 gen = 9762
 gen = 9763
 gen = 9764
 gen = 9765
 gen = 9766
 gen = 9767
 gen = 9768
 gen = 9769
 gen = 9770
 gen = 9771
 gen = 9772
 gen = 9773
 gen = 9774
 gen = 9775
 gen = 9776
 gen = 9777
 gen = 9778
 gen = 9779
 gen = 9780
 gen = 9781
 gen = 9782
 gen = 9783
 gen = 9784
 gen = 9785
 gen = 9786
 gen = 9787
 gen = 9788
 gen = 9789
 gen = 9790
 gen = 9791
 gen = 9792
 gen = 9793
 gen = 9794
 gen = 9795
 gen = 9796
 gen = 9797
 gen = 9798
 gen = 9799
 gen = 9800
 gen = 9801
 gen = 9802
 gen = 9803
 gen = 9804
 gen = 9805
 gen = 9806
 gen = 9807
 gen = 9808
 gen = 9809
 gen = 9810
 gen = 9811
 gen = 9812
 gen = 9813
 gen = 9814
 gen = 9815
 gen = 9816
 gen = 9817
 gen = 9818
 gen = 9819
 gen = 9820
 gen = 9821
 gen = 9822
 gen = 9823
 gen = 9824
 gen = 9825
 gen = 9826
 gen = 9827
 gen = 9828
 gen = 9829
 gen = 9830
 gen = 9831
 gen = 9832
 gen = 9833
 gen = 9834
 gen = 9835
 gen = 9836
 gen = 9837
 gen = 9838
 gen = 9839
 gen = 9840
 gen = 9841
 gen = 9842
 gen = 9843
 gen = 9844
 gen = 9845
 gen = 9846
 gen = 9847
 gen = 9848
 gen = 9849
 gen = 9850
 gen = 9851
 gen = 9852
 gen = 9853
 gen = 9854
 gen = 9855
 gen = 9856
 gen = 9857
 gen = 9858
 gen = 9859
 gen = 9860
 gen = 9861
 gen = 9862
 gen = 9863
 gen = 9864
 gen = 9865
 gen = 9866
 gen = 9867
 gen = 9868
 gen = 9869
 gen = 9870
 gen = 9871
 gen = 9872
 gen = 9873
 gen = 9874
 gen = 9875
 gen = 9876
 gen = 9877
 gen = 9878
 gen = 9879
 gen = 9880
 gen = 9881
 gen = 9882
 gen = 9883
 gen = 9884
 gen = 9885
 gen = 9886
 gen = 9887
 gen = 9888
 gen = 9889
 gen = 9890
 gen = 9891
 gen = 9892
 gen = 9893
 gen = 9894
 gen = 9895
 gen = 9896
 gen = 9897
 gen = 9898
 gen = 9899
 gen = 9900
 gen = 9901
 gen = 9902
 gen = 9903
 gen = 9904
 gen = 9905
 gen = 9906
 gen = 9907
 gen = 9908
 gen = 9909
 gen = 9910
 gen = 9911
 gen = 9912
 gen = 9913
 gen = 9914
 gen = 9915
 gen = 9916
 gen = 9917
 gen = 9918
 gen = 9919
 gen = 9920
 gen = 9921
 gen = 9922
 gen = 9923
 gen = 9924
 gen = 9925
 gen = 9926
 gen = 9927
 gen = 9928
 gen = 9929
 gen = 9930
 gen = 9931
 gen = 9932
 gen = 9933
 gen = 9934
 gen = 9935
 gen = 9936
 gen = 9937
 gen = 9938
 gen = 9939
 gen = 9940
 gen = 9941
 gen = 9942
 gen = 9943
 gen = 9944
 gen = 9945
 gen = 9946
 gen = 9947
 gen = 9948
 gen = 9949
 gen = 9950
 gen = 9951
 gen = 9952
 gen = 9953
 gen = 9954
 gen = 9955
 gen = 9956
 gen = 9957
 gen = 9958
 gen = 9959
 gen = 9960
 gen = 9961
 gen = 9962
 gen = 9963
 gen = 9964
 gen = 9965
 gen = 9966
 gen = 9967
 gen = 9968
 gen = 9969
 gen = 9970
 gen = 9971
 gen = 9972
 gen = 9973
 gen = 9974
 gen = 9975
 gen = 9976
 gen = 9977
 gen = 9978
 gen = 9979
 gen = 9980
 gen = 9981
 gen = 9982
 gen = 9983
 gen = 9984
 gen = 9985
 gen = 9986
 gen = 9987
 gen = 9988
 gen = 9989
 gen = 9990
 gen = 9991
 gen = 9992
 gen = 9993
 gen = 9994
 gen = 9995
 gen = 9996
 gen = 9997
 gen = 9998
 gen = 9999
 gen = 10000
 Generations finished, now reporting solutions
 Routine successfully exited 
